0.64729,0.20577,0.13169,0.20272,0.63254,0.20237,0.13096,0.2024,0.63268,0.20239,0.13096,0.2024,0.63268,0.20239,0.13096,0.2024,0.63268,0.20239,0.13095,0.20237,0.63266,0.20251,0.13139,0.20335,0.63411,0.20245,0.12859,0.19633,0.62285,0.19154,0.11424,0.17228,0.58556,0.16807,0.10284,0.16479,0.57908,0.16393,0.10081,0.16395,0.57911,0.16387,0.10062,0.16358,0.57855,0.16349,0.10038,0.16328,0.57814,0.16322,0.1002,0.16307,0.57785,0.16301,0.10004,0.16286,0.57755,0.1628,0.09989,0.16265,0.57725,0.1626,0.099757,0.16249,0.57703,0.16245,0.09965,0.16235,0.57684,0.16238,0.099762,0.16294,0.57949,0.16223,0.097786,0.15694,0.55873,0.15048,0.077471,0.095796,0.32445,0.089069,0.057988,0.0791,0.28077,0.078065,0.055002,0.077774,0.27983,0.077611,0.054586,0.076789,0.27622,0.076826,0.05457,0.076622,0.27441,0.081733,0.063723,0.10708,0.36856
0.19606,0.1223,0.10667,0.11933,0.18432,0.1184,0.10529,0.11835,0.18402,0.11832,0.10524,0.11832,0.18401,0.11832,0.10524,0.11832,0.18401,0.11831,0.10523,0.11831,0.18402,0.11839,0.1054,0.1186,0.18429,0.11805,0.10419,0.11612,0.18034,0.11345,0.09831,0.1077,0.16887,0.10537,0.093185,0.10433,0.16639,0.10389,0.092311,0.10387,0.16627,0.10382,0.092233,0.10374,0.16609,0.10369,0.092141,0.10363,0.16596,0.10359,0.092073,0.10355,0.16586,0.10352,0.092015,0.10347,0.16576,0.10344,0.091958,0.1034,0.16567,0.10337,0.091908,0.10334,0.1656,0.10332,0.091873,0.1033,0.16557,0.10337,0.092036,0.10359,0.166,0.1025,0.089385,0.098985,0.15663,0.091534,0.069893,0.07006,0.091913,0.061296,0.057348,0.057572,0.078337,0.056195,0.05528,0.055984,0.077559,0.055717,0.054825,0.055528,0.076667,0.055631,0.055018,0.056038,0.078796,0.063476,0.062466,0.080071,0.15102
0.11969,0.10299,0.098984,0.10095,0.11134,0.099127,0.097307,0.099086,0.11075,0.099006,0.097188,0.099003,0.11072,0.099,0.097183,0.099,0.11072,0.099,0.097184,0.099001,0.11074,0.099039,0.097216,0.099055,0.11071,0.098671,0.096778,0.098311,0.1093,0.096775,0.094617,0.095454,0.10573,0.093865,0.093069,0.093625,0.10467,0.093291,0.092638,0.093269,0.10454,0.093234,0.092579,0.093216,0.10448,0.093175,0.092513,0.093161,0.10443,0.09313,0.092464,0.09312,0.10439,0.093093,0.092422,0.093083,0.10435,0.093057,0.09238,0.093048,0.10432,0.093025,0.092344,0.093017,0.10429,0.093003,0.092323,0.093006,0.10432,0.093131,0.09254,0.093286,0.10444,0.091601,0.088283,0.087912,0.093895,0.079199,0.06836,0.066026,0.063769,0.05863,0.056481,0.056922,0.057157,0.055872,0.054478,0.055521,0.056268,0.055264,0.053978,0.055083,0.055956,0.055217,0.054335,0.05616,0.05978,0.06251,0.062932,0.077482,0.11043
0.1846,0.11312,0.099974,0.10885,0.16845,0.10758,0.097575,0.10749,0.168,0.10744,0.097491,0.10744,0.16799,0.10744,0.097487,0.10744,0.16799,0.10744,0.097488,0.10744,0.16799,0.10745,0.09752,0.10745,0.16795,0.10727,0.09714,0.10705,0.16736,0.10627,0.095434,0.10565,0.16605,0.10491,0.093903,0.10474,0.16557,0.10459,0.093573,0.10457,0.16549,0.10455,0.093536,0.10454,0.16547,0.10452,0.093494,0.10451,0.16545,0.1045,0.093463,0.10449,0.16543,0.10448,0.093435,0.10447,0.16542,0.10446,0.093409,0.10446,0.1654,0.10445,0.093386,0.10444,0.16539,0.10444,0.093374,0.10444,0.16543,0.10458,0.09369,0.10528,0.16713,0.10344,0.089211,0.093635,0.1403,0.085495,0.068413,0.067307,0.082613,0.059134,0.05737,0.057929,0.078315,0.056915,0.055717,0.056607,0.07684,0.056296,0.05518,0.056129,0.076052,0.05625,0.055422,0.056717,0.078393,0.064154,0.063365,0.080792,0.1483
0.60189,0.17487,0.10861,0.16761,0.57448,0.16652,0.1058,0.16644,0.57433,0.16641,0.10574,0.16641,0.57433,0.16641,0.10573,0.16641,0.57433,0.16641,0.10573,0.16641,0.57433,0.16641,0.10574,0.16641,0.57431,0.16634,0.10561,0.16627,0.57419,0.16598,0.10505,0.1658,0.57394,0.16553,0.10454,0.16547,0.57384,0.16541,0.10443,0.1654,0.57382,0.16539,0.10442,0.16539,0.57381,0.16538,0.1044,0.16538,0.5738,0.16538,0.10439,0.16537,0.5738,0.16537,0.10438,0.16537,0.5738,0.16536,0.10438,0.16536,0.57379,0.16536,0.10437,0.16536,0.57379,0.16536,0.10437,0.16536,0.57382,0.16554,0.10496,0.16755,0.58247,0.16519,0.097746,0.14218,0.48848,0.13373,0.072252,0.085761,0.28257,0.079357,0.057604,0.078399,0.27957,0.07786,0.056453,0.076831,0.27503,0.076594,0.055898,0.075907,0.27193,0.07597,0.055975,0.07589,0.27062,0.081318,0.066046,0.10645,0.36568
0.18303,0.11075,0.09618,0.10613,0.166,0.10471,0.093378,0.10459,0.16548,0.10454,0.09328,0.10454,0.16546,0.10454,0.093276,0.10454,0.16546,0.10454,0.093276,0.10454,0.16546,0.10454,0.093278,0.10454,0.16545,0.10451,0.093241,0.10449,0.16539,0.10438,0.093099,0.10433,0.16527,0.10424,0.092969,0.10422,0.16521,0.1042,0.092937,0.10419,0.16519,0.10419,0.092932,0.10419,0.16519,0.10419,0.092929,0.10419,0.16519,0.10418,0.092926,0.10418,0.16519,0.10418,0.092924,0.10418,0.16519,0.10418,0.092921,0.10418,0.16518,0.10418,0.09292,0.10418,0.16518,0.10418,0.092927,0.1042,0.16524,0.10436,0.093301,0.10503,0.16671,0.10227,0.086384,0.091033,0.13711,0.082433,0.065143,0.064287,0.080812,0.057472,0.056249,0.056889,0.077864,0.056356,0.055274,0.056064,0.076533,0.055742,0.054729,0.05558,0.075746,0.055694,0.054961,0.056143,0.07793,0.063236,0.062863,0.079738,0.14733
0.11517,0.098364,0.094738,0.095308,0.10468,0.093111,0.092453,0.093032,0.10394,0.09294,0.092313,0.092935,0.10391,0.092932,0.092308,0.092932,0.10391,0.092932,0.092308,0.092932,0.10391,0.092933,0.092308,0.092931,0.10391,0.092914,0.092281,0.092908,0.10387,0.092844,0.092186,0.092836,0.10381,0.092776,0.092096,0.092771,0.10378,0.092756,0.092072,0.092754,0.10377,0.092753,0.092069,0.092752,0.10377,0.092751,0.092067,0.09275,0.10377,0.092749,0.092065,0.092749,0.10377,0.092748,0.092063,0.092748,0.10377,0.092747,0.092062,0.092746,0.10377,0.092746,0.092061,0.092746,0.10377,0.092752,0.092072,0.092765,0.10384,0.092957,0.092403,0.093167,0.10376,0.089656,0.083281,0.082173,0.083614,0.071727,0.063637,0.061934,0.059658,0.056676,0.05482,0.055754,0.056506,0.055336,0.053932,0.055012,0.05583,0.054732,0.053405,0.054563,0.05553,0.054697,0.053768,0.055652,0.059082,0.061786,0.062615,0.077033,0.10818
0.18111,0.10974,0.095639,0.10506,0.16391,0.10362,0.092818,0.1035,0.16338,0.10345,0.092717,0.10344,0.16336,0.10344,0.092713,0.10344,0.16336,0.10344,0.092713,0.10344,0.16336,0.10344,0.092713,0.10344,0.16336,0.10343,0.092696,0.10343,0.16334,0.1034,0.092636,0.10339,0.16331,0.10336,0.092579,0.10336,0.1633,0.10335,0.092564,0.10335,0.16329,0.10335,0.092562,0.10335,0.16329,0.10335,0.092561,0.10335,0.16329,0.10335,0.09256,0.10335,0.16329,0.10335,0.092559,0.10335,0.16329,0.10335,0.092558,0.10335,0.16329,0.10335,0.092557,0.10335,0.16329,0.10335,0.092567,0.10336,0.16335,0.10352,0.092948,0.10426,0.16493,0.10047,0.083206,0.0846,0.11925,0.075273,0.063398,0.062716,0.078831,0.057033,0.055769,0.056617,0.077578,0.05625,0.055115,0.055965,0.076295,0.055647,0.05458,0.055492,0.075554,0.055604,0.054813,0.056059,0.077712,0.063084,0.062591,0.079406,0.14653
0.59411,0.17187,0.10623,0.16441,0.5662,0.16324,0.10326,0.16315,0.56602,0.16312,0.10318,0.16311,0.56601,0.16311,0.10318,0.16311,0.56601,0.16311,0.10318,0.16311,0.56601,0.16311,0.10318,0.16311,0.56601,0.16311,0.10318,0.1631,0.566,0.1631,0.10316,0.16309,0.566,0.16308,0.10314,0.16308,0.56599,0.16308,0.10313,0.16308,0.56599,0.16308,0.10313,0.16308,0.56599,0.16308,0.10313,0.16308,0.56599,0.16308,0.10313,0.16308,0.56599,0.16308,0.10313,0.16308,0.56599,0.16308,0.10313,0.16308,0.56599,0.16308,0.10313,0.16308,0.56599,0.16308,0.10315,0.16309,0.56601,0.16324,0.1037,0.1655,0.57614,0.16111,0.090454,0.12191,0.41278,0.11328,0.065953,0.081136,0.27461,0.07693,0.056464,0.07759,0.27851,0.077383,0.056039,0.076376,0.27403,0.076145,0.055502,0.075506,0.27115,0.075566,0.055577,0.075467,0.26975,0.080715,0.065355,0.10559,0.36395
0.18071,0.10927,0.094952,0.10457,0.16343,0.10311,0.09209,0.10299,0.16289,0.10294,0.091988,0.10293,0.16287,0.10293,0.091984,0.10293,0.16287,0.10293,0.091984,0.10293,0.16287,0.10293,0.091984,0.10293,0.16287,0.10293,0.091982,0.10293,0.16287,0.10292,0.091978,0.10292,0.16286,0.10292,0.091973,0.10292,0.16286,0.10292,0.091971,0.10292,0.16286,0.10292,0.091971,0.10292,0.16286,0.10292,0.091971,0.10292,0.16286,0.10292,0.091971,0.10292,0.16286,0.10292,0.091971,0.10292,0.16286,0.10292,0.091971,0.10292,0.16286,0.10292,0.091973,0.10292,0.16287,0.10293,0.091999,0.10294,0.16289,0.10294,0.092012,0.10341,0.16372,0.098502,0.07927,0.081734,0.11608,0.072387,0.061309,0.060755,0.077988,0.056544,0.055454,0.056356,0.077437,0.056109,0.055001,0.055848,0.076215,0.055543,0.054489,0.055393,0.075482,0.055503,0.05472,0.055949,0.077606,0.0629,0.062449,0.079225,0.14626
0.1139,0.097286,0.093607,0.094201,0.10328,0.091962,0.091218,0.091878,0.10252,0.091785,0.091075,0.09178,0.10249,0.091777,0.09107,0.091777,0.10249,0.091777,0.091069,0.091777,0.10249,0.091778,0.091069,0.091777,0.10249,0.091777,0.091068,0.091776,0.10249,0.091775,0.091066,0.091774,0.10249,0.091773,0.091063,0.091772,0.10249,0.091772,0.091062,0.091771,0.10249,0.091772,0.091062,0.091771,0.10249,0.091772,0.091061,0.091771,0.10249,0.091771,0.091061,0.091771,0.10249,0.091771,0.091061,0.091771,0.10249,0.091771,0.091061,0.091771,0.10249,0.091772,0.091063,0.091774,0.1025,0.0918,0.091107,0.091826,0.10255,0.091659,0.090811,0.091328,0.10054,0.085582,0.076253,0.074266,0.073501,0.064251,0.060138,0.059176,0.057988,0.055871,0.054244,0.055339,0.056211,0.055095,0.053711,0.054817,0.055657,0.054557,0.053226,0.054398,0.055375,0.054529,0.053586,0.055478,0.058851,0.061499,0.06232,0.076623,0.1074
0.17886,0.10843,0.094558,0.1037,0.16152,0.10224,0.091683,0.10212,0.16098,0.10207,0.09158,0.10206,0.16096,0.10206,0.091576,0.10206,0.16096,0.10206,0.091575,0.10206,0.16096,0.10206,0.091576,0.10206,0.16096,0.10206,0.091575,0.10206,0.16095,0.10206,0.091574,0.10206,0.16095,0.10206,0.091573,0.10206,0.16095,0.10206,0.091572,0.10206,0.16095,0.10206,0.091572,0.10206,0.16095,0.10206,0.091571,0.10206,0.16095,0.10206,0.091572,0.10206,0.16095,0.10206,0.091572,0.10206,0.16095,0.10206,0.091571,0.10206,0.16095,0.10206,0.091573,0.10206,0.16097,0.10209,0.091639,0.10223,0.16132,0.10201,0.091184,0.10081,0.15745,0.094935,0.075902,0.07563,0.098383,0.066108,0.059972,0.05987,0.078378,0.056605,0.055421,0.056299,0.077134,0.05603,0.054919,0.055785,0.076036,0.055492,0.054429,0.055342,0.075315,0.055453,0.05466,0.055899,0.077436,0.062822,0.062345,0.078972,0.14549
0.58645,0.16957,0.10493,0.16206,0.55836,0.16087,0.10192,0.16078,0.55817,0.16074,0.10185,0.16074,0.55816,0.16074,0.10185,0.16074,0.55816,0.16074,0.10185,0.16074,0.55816,0.16074,0.10185,0.16074,0.55816,0.16074,0.10185,0.16074,0.55816,0.16074,0.10185,0.16074,0.55816,0.16074,0.10185,0.16074,0.55816,0.16074,0.10185,0.16074,0.55816,0.16074,0.10185,0.16074,0.55816,0.16074,0.10185,0.16074,0.55816,0.16074,0.10185,0.16074,0.55816,0.16074,0.10185,0.16074,0.55816,0.16074,0.10185,0.16074,0.55816,0.16074,0.10185,0.16074,0.55817,0.16079,0.10198,0.16117,0.55979,0.16078,0.10099,0.15837,0.55095,0.15197,0.081699,0.10137,0.33667,0.093414,0.06096,0.079422,0.27742,0.077364,0.056322,0.077195,0.27713,0.076992,0.055863,0.076118,0.27324,0.075905,0.055369,0.075278,0.2704,0.075337,0.055443,0.075236,0.26901,0.080422,0.065108,0.10502,0.36222
0.17849,0.10803,0.094,0.10329,0.16109,0.10182,0.091105,0.10169,0.16055,0.10164,0.091001,0.10163,0.16053,0.10163,0.090998,0.10163,0.16053,0.10163,0.090997,0.10163,0.16053,0.10163,0.090997,0.10163,0.16053,0.10163,0.090997,0.10163,0.16053,0.10163,0.090997,0.10163,0.16053,0.10163,0.090997,0.10163,0.16052,0.10163,0.090997,0.10163,0.16052,0.10163,0.090997,0.10163,0.16053,0.10163,0.090997,0.10163,0.16053,0.10163,0.090997,0.10163,0.16052,0.10163,0.090997,0.10163,0.16052,0.10163,0.090997,0.10163,0.16053,0.10163,0.091002,0.10164,0.16055,0.1017,0.091138,0.10184,0.16081,0.10111,0.089415,0.099101,0.15521,0.092267,0.071784,0.072241,0.095471,0.063328,0.058443,0.058491,0.077908,0.056465,0.055346,0.056227,0.077069,0.055937,0.054842,0.055704,0.075978,0.055421,0.054368,0.055273,0.075262,0.055382,0.054597,0.055825,0.07736,0.062696,0.06225,0.078821,0.14523
0.11272,0.096336,0.092665,0.093247,0.102,0.090986,0.090219,0.0909,0.10124,0.090807,0.090074,0.090801,0.10121,0.090799,0.090069,0.090798,0.10121,0.090799,0.090069,0.090798,0.10121,0.090799,0.090069,0.090798,0.10121,0.090799,0.090069,0.090798,0.10121,0.090799,0.090069,0.090798,0.10121,0.090799,0.090068,0.090798,0.10121,0.090799,0.090068,0.090798,0.10121,0.090799,0.090068,0.090798,0.10121,0.090799,0.090068,0.090798,0.10121,0.090798,0.090068,0.090798,0.10121,0.090798,0.090068,0.090798,0.10121,0.090798,0.090069,0.090799,0.10121,0.090802,0.090075,0.09081,0.10125,0.090913,0.090251,0.09102,0.10132,0.089702,0.087639,0.087399,0.093753,0.07952,0.069381,0.067156,0.065119,0.059467,0.056923,0.057138,0.057167,0.055627,0.054125,0.055216,0.05606,0.054937,0.053564,0.054681,0.055531,0.054438,0.053111,0.054282,0.055258,0.054412,0.05347,0.055361,0.058682,0.061305,0.062132,0.076273,0.10664
0.17666,0.1072,0.093616,0.10244,0.1592,0.10097,0.090709,0.10084,0.15865,0.10079,0.090605,0.10078,0.15863,0.10078,0.090601,0.10078,0.15863,0.10078,0.0906,0.10078,0.15863,0.10078,0.090601,0.10078,0.15863,0.10078,0.090601,0.10078,0.15863,0.10078,0.090601,0.10078,0.15863,0.10078,0.090601,0.10078,0.15863,0.10078,0.090601,0.10078,0.15863,0.10078,0.0906,0.10078,0.15863,0.10078,0.0906,0.10078,0.15863,0.10078,0.090601,0.10078,0.15863,0.10078,0.090601,0.10078,0.15863,0.10078,0.090601,0.10078,0.15863,0.10078,0.090607,0.10079,0.15867,0.1009,0.090857,0.10144,0.15999,0.10013,0.087807,0.093259,0.14089,0.085928,0.069109,0.068035,0.084448,0.059795,0.057532,0.057931,0.078362,0.056536,0.055358,0.056202,0.076811,0.055871,0.054774,0.055651,0.075819,0.055376,0.054315,0.055227,0.075096,0.055336,0.054543,0.055779,0.077195,0.062624,0.062156,0.078576,0.14448
0.57888,0.16732,0.10369,0.15975,0.5506,0.15855,0.10065,0.15846,0.55041,0.15843,0.10057,0.15842,0.5504,0.15842,0.10057,0.15842,0.5504,0.15842,0.10057,0.15842,0.5504,0.15842,0.10057,0.15842,0.5504,0.15842,0.10057,0.15842,0.5504,0.15842,0.10057,0.15842,0.5504,0.15842,0.10057,0.15842,0.5504,0.15842,0.10057,0.15842,0.5504,0.15842,0.10057,0.15842,0.5504,0.15842,0.10057,0.15842,0.5504,0.15842,0.10057,0.15842,0.5504,0.15842,0.10057,0.15842,0.5504,0.15842,0.10057,0.15842,0.5504,0.15843,0.10058,0.15843,0.55043,0.15857,0.10103,0.16011,0.55707,0.15838,0.095872,0.14225,0.4915,0.13461,0.07284,0.08744,0.28929,0.081006,0.057931,0.078641,0.28017,0.077891,0.056309,0.076914,0.27592,0.07666,0.055719,0.075897,0.27254,0.075697,0.055256,0.075062,0.26966,0.075119,0.055328,0.075019,0.26828,0.080153,0.064891,0.10448,0.36053
0.17631,0.10681,0.093073,0.10203,0.15878,0.10055,0.090142,0.10042,0.15823,0.10037,0.090038,0.10036,0.15821,0.10036,0.090034,0.10036,0.15821,0.10036,0.090034,0.10036,0.15821,0.10036,0.090034,0.10036,0.15821,0.10036,0.090034,0.10036,0.15821,0.10036,0.090034,0.10036,0.15821,0.10036,0.090034,0.10036,0.15821,0.10036,0.090034,0.10036,0.15821,0.10036,0.090034,0.10036,0.15821,0.10036,0.090034,0.10036,0.15821,0.10036,0.090034,0.10036,0.15821,0.10036,0.090034,0.10036,0.15821,0.10036,0.090034,0.10036,0.15821,0.10036,0.090042,0.10038,0.15826,0.10051,0.090341,0.10102,0.15937,0.098829,0.084931,0.090594,0.13762,0.082758,0.065576,0.064951,0.082486,0.058013,0.056614,0.057165,0.078089,0.056433,0.055293,0.056132,0.076751,0.055788,0.054704,0.055576,0.075766,0.055309,0.054257,0.055161,0.075046,0.055269,0.054484,0.055709,0.077124,0.062504,0.062063,0.078419,0.14421
0.11167,0.09543,0.091749,0.092312,0.10075,0.090029,0.08924,0.08994,0.099973,0.089847,0.089094,0.089841,0.099943,0.089839,0.089089,0.089838,0.099942,0.089839,0.089088,0.089838,0.099942,0.089839,0.089088,0.089838,0.099942,0.089839,0.089088,0.089838,0.099942,0.089839,0.089089,0.089838,0.099942,0.089839,0.089088,0.089837,0.099942,0.089838,0.089088,0.089837,0.099942,0.089838,0.089088,0.089838,0.099942,0.089838,0.089088,0.089838,0.099942,0.089838,0.089088,0.089838,0.099941,0.089838,0.089088,0.089838,0.099942,0.089838,0.089089,0.089839,0.099944,0.089845,0.089099,0.089855,0.1,0.090016,0.089375,0.090185,0.099917,0.087165,0.08212,0.081214,0.083244,0.071607,0.063923,0.062248,0.060179,0.057065,0.055141,0.055999,0.056678,0.055449,0.054013,0.055099,0.055922,0.054796,0.053432,0.054557,0.055414,0.054326,0.053002,0.054171,0.055145,0.054301,0.05336,0.055252,0.058523,0.061121,0.061949,0.075905,0.10579
0.17451,0.106,0.092695,0.1012,0.15693,0.099713,0.089753,0.099581,0.15637,0.09953,0.089648,0.099524,0.15635,0.099522,0.089644,0.099522,0.15635,0.099522,0.089644,0.099522,0.15635,0.099523,0.089644,0.099521,0.15635,0.099523,0.089644,0.099521,0.15635,0.099523,0.089645,0.099522,0.15635,0.099523,0.089644,0.099522,0.15635,0.099523,0.089644,0.099522,0.15635,0.099523,0.089644,0.099521,0.15635,0.099523,0.089644,0.099521,0.15635,0.099523,0.089644,0.099522,0.15635,0.099522,0.089644,0.099522,0.15635,0.099523,0.089644,0.099523,0.15635,0.099528,0.089654,0.099539,0.1564,0.099675,0.089983,0.10034,0.15784,0.097126,0.081868,0.083268,0.118,0.074982,0.063593,0.062973,0.079506,0.057398,0.056065,0.056862,0.077903,0.056377,0.055228,0.056072,0.076519,0.055728,0.054641,0.055525,0.075606,0.055263,0.054204,0.055115,0.07488,0.055223,0.054433,0.055667,0.076978,0.062436,0.061974,0.078179,0.14347
0.57143,0.1651,0.10246,0.15749,0.54297,0.15628,0.099395,0.15618,0.54278,0.15615,0.09932,0.15615,0.54277,0.15614,0.099316,0.15614,0.54277,0.15614,0.099316,0.15614,0.54277,0.15614,0.099316,0.15614,0.54277,0.15614,0.099317,0.15614,0.54277,0.15614,0.099317,0.15614,0.54277,0.15614,0.099318,0.15614,0.54277,0.15614,0.099317,0.15614,0.54277,0.15614,0.099317,0.15614,0.54277,0.15614,0.099317,0.15614,0.54277,0.15614,0.099318,0.15614,0.54277,0.15614,0.099318,0.15614,0.54277,0.15614,0.099318,0.15614,0.54277,0.15615,0.099328,0.15616,0.54278,0.15628,0.099823,0.15831,0.55183,0.15448,0.088288,0.12008,0.40849,0.11226,0.065946,0.081633,0.27695,0.077576,0.056733,0.077952,0.2796,0.077682,0.056172,0.07662,0.27487,0.076368,0.055587,0.075679,0.27183,0.075488,0.055145,0.074847,0.26892,0.074905,0.055219,0.074827,0.26764,0.079908,0.064682,0.10395,0.35887
0.17418,0.10562,0.09216,0.1008,0.15651,0.099301,0.089194,0.099168,0.15596,0.099117,0.089089,0.099111,0.15594,0.09911,0.089085,0.09911,0.15594,0.09911,0.089085,0.099109,0.15594,0.09911,0.089085,0.099109,0.15594,0.09911,0.089085,0.099109,0.15594,0.09911,0.089085,0.099109,0.15594,0.09911,0.089085,0.099109,0.15594,0.099109,0.089085,0.099109,0.15594,0.099109,0.089085,0.099109,0.15594,0.09911,0.089085,0.099109,0.15594,0.09911,0.089085,0.099109,0.15594,0.099109,0.089085,0.099109,0.15594,0.09911,0.089086,0.099111,0.15594,0.099123,0.08911,0.099131,0.15596,0.099131,0.089116,0.099544,0.15669,0.095176,0.077874,0.080344,0.11466,0.071871,0.061295,0.060827,0.078547,0.056797,0.055687,0.056564,0.077761,0.056261,0.05514,0.055982,0.076456,0.055651,0.054577,0.055454,0.075555,0.055198,0.054147,0.055049,0.074832,0.05516,0.054378,0.055602,0.076913,0.062323,0.061885,0.078026,0.14321
0.11063,0.094537,0.090846,0.091391,0.099507,0.089085,0.088274,0.088994,0.098727,0.0889,0.088127,0.088894,0.098696,0.088892,0.088122,0.088892,0.098696,0.088892,0.088121,0.088891,0.098696,0.088892,0.088122,0.088891,0.098695,0.088892,0.088122,0.088891,0.098695,0.088892,0.088122,0.088891,0.098695,0.088892,0.088122,0.088891,0.098694,0.088891,0.088121,0.088891,0.098695,0.088891,0.088121,0.088891,0.098695,0.088892,0.088121,0.088891,0.098695,0.088891,0.088122,0.088891,0.098695,0.088891,0.088122,0.088891,0.098695,0.088893,0.088123,0.088894,0.098705,0.088918,0.088163,0.088941,0.098749,0.088789,0.087892,0.08848,0.096909,0.08319,0.074991,0.073145,0.072614,0.063942,0.060053,0.059232,0.058162,0.056083,0.054451,0.055531,0.056384,0.055249,0.053851,0.054949,0.05578,0.054664,0.05331,0.054438,0.0553,0.054216,0.052893,0.054061,0.055034,0.054193,0.053257,0.05515,0.058377,0.060948,0.061776,0.075546,0.10496
0.17239,0.10482,0.091787,0.099972,0.15468,0.098473,0.088809,0.098339,0.15411,0.098287,0.088703,0.098282,0.15409,0.098279,0.088699,0.09828,0.15409,0.09828,0.088699,0.098279,0.15409,0.09828,0.088699,0.098278,0.15409,0.09828,0.088699,0.098278,0.15409,0.09828,0.088699,0.098279,0.15409,0.09828,0.088699,0.098279,0.15409,0.09828,0.088699,0.098279,0.15409,0.09828,0.088699,0.098279,0.15409,0.09828,0.088699,0.098278,0.15409,0.09828,0.088699,0.098279,0.15409,0.098279,0.0887,0.09828,0.15409,0.09828,0.088701,0.098284,0.15411,0.09831,0.08876,0.098434,0.15442,0.09824,0.088347,0.09715,0.15092,0.091824,0.074583,0.07441,0.097239,0.065686,0.059951,0.059919,0.078778,0.056818,0.055622,0.056489,0.077448,0.056182,0.055061,0.055921,0.076272,0.0556,0.05452,0.055407,0.075391,0.055152,0.054094,0.055003,0.074666,0.055116,0.05433,0.055564,0.076785,0.06226,0.061801,0.077788,0.14247
0.56406,0.16291,0.10125,0.15525,0.53543,0.15402,0.098155,0.15393,0.53523,0.15389,0.098079,0.15389,0.53522,0.15389,0.098076,0.15389,0.53522,0.15389,0.098076,0.15389,0.53522,0.15389,0.098076,0.15389,0.53522,0.15389,0.098077,0.15389,0.53522,0.15389,0.098077,0.15389,0.53522,0.15389,0.098077,0.15389,0.53522,0.15389,0.098077,0.15389,0.53522,0.15389,0.098077,0.15389,0.53522,0.15389,0.098077,0.15389,0.53522,0.15389,0.098078,0.15389,0.53522,0.15389,0.098078,0.15389,0.53522,0.15389,0.098079,0.15389,0.53523,0.15394,0.098197,0.15428,0.53669,0.15392,0.097305,0.15175,0.52873,0.14594,0.079811,0.099859,0.33349,0.092608,0.060874,0.079719,0.279,0.077797,0.056518,0.077519,0.27819,0.077292,0.056006,0.076365,0.27406,0.076133,0.055467,0.075463,0.2711,0.075276,0.055033,0.074632,0.26818,0.074694,0.055118,0.074657,0.2671,0.079687,0.064482,0.10343,0.35722
0.17206,0.10444,0.091257,0.099574,0.15427,0.098065,0.088256,0.09793,0.15371,0.097879,0.088149,0.097873,0.15368,0.097871,0.088146,0.097872,0.15368,0.097871,0.088146,0.097871,0.15368,0.097872,0.088146,0.097871,0.15368,0.097872,0.088146,0.097871,0.15368,0.097872,0.088146,0.097871,0.15368,0.097871,0.088146,0.097871,0.15368,0.097871,0.088145,0.09787,0.15368,0.097871,0.088146,0.097871,0.15368,0.097871,0.088146,0.097871,0.15368,0.097871,0.088146,0.097871,0.15368,0.097871,0.088146,0.097871,0.15368,0.097873,0.08815,0.097879,0.15371,0.097935,0.088272,0.098056,0.15393,0.097373,0.08672,0.095585,0.14887,0.089341,0.070693,0.071164,0.094463,0.062995,0.058465,0.058571,0.078307,0.056656,0.055528,0.0564,0.077377,0.056085,0.054981,0.055837,0.076215,0.05553,0.05446,0.055339,0.075342,0.055087,0.054037,0.054939,0.07462,0.055055,0.054277,0.055504,0.076724,0.062153,0.061717,0.077638,0.14221
0.10959,0.093652,0.089953,0.090479,0.098281,0.08815,0.087318,0.088058,0.097493,0.087963,0.08717,0.087958,0.097463,0.087955,0.087165,0.087955,0.097462,0.087955,0.087165,0.087955,0.097462,0.087955,0.087165,0.087955,0.097462,0.087955,0.087165,0.087955,0.097462,0.087955,0.087165,0.087954,0.097461,0.087955,0.087165,0.087954,0.097461,0.087954,0.087165,0.087954,0.097461,0.087955,0.087165,0.087954,0.097462,0.087955,0.087165,0.087954,0.097462,0.087954,0.087165,0.087954,0.097461,0.087954,0.087165,0.087955,0.097463,0.087958,0.087171,0.087964,0.097497,0.088058,0.087328,0.088146,0.097536,0.086855,0.085085,0.084897,0.09068,0.077568,0.068514,0.066493,0.064672,0.059431,0.056955,0.057233,0.057318,0.055798,0.054293,0.05538,0.056217,0.055083,0.053699,0.05481,0.055653,0.054545,0.053196,0.054326,0.055188,0.054106,0.052786,0.053952,0.054927,0.05409,0.053159,0.055056,0.058242,0.060786,0.061611,0.075192,0.10413
0.17029,0.10365,0.090887,0.098758,0.15245,0.097245,0.087874,0.097109,0.15188,0.097057,0.087768,0.097052,0.15186,0.097049,0.087764,0.09705,0.15186,0.09705,0.087763,0.097049,0.15186,0.09705,0.087764,0.097048,0.15186,0.09705,0.087764,0.097048,0.15186,0.097049,0.087764,0.097049,0.15186,0.09705,0.087764,0.097049,0.15186,0.09705,0.087764,0.097049,0.15186,0.09705,0.087764,0.097048,0.15186,0.09705,0.087764,0.097048,0.15186,0.09705,0.087764,0.097049,0.15186,0.09705,0.087765,0.09705,0.15186,0.097052,0.087769,0.097061,0.1519,0.097158,0.087994,0.097639,0.15307,0.096438,0.085259,0.090252,0.13579,0.083555,0.068266,0.067363,0.084515,0.059806,0.057618,0.058043,0.07868,0.056706,0.055523,0.056364,0.077096,0.056014,0.054909,0.055781,0.076049,0.055483,0.054406,0.055293,0.075178,0.05504,0.053984,0.054893,0.074457,0.055013,0.054232,0.055468,0.076612,0.062093,0.061637,0.077402,0.14148
0.55676,0.16075,0.10005,0.15303,0.52796,0.15179,0.096928,0.1517,0.52775,0.15166,0.096851,0.15166,0.52774,0.15166,0.096848,0.15166,0.52774,0.15166,0.096848,0.15166,0.52774,0.15166,0.096848,0.15166,0.52774,0.15166,0.096849,0.15166,0.52774,0.15166,0.096849,0.15166,0.52774,0.15166,0.096849,0.15166,0.52774,0.15166,0.096849,0.15166,0.52774,0.15166,0.096849,0.15166,0.52774,0.15166,0.096849,0.15166,0.52774,0.15166,0.09685,0.15166,0.52774,0.15166,0.09685,0.15166,0.52774,0.15166,0.096854,0.15167,0.52776,0.15179,0.097264,0.15318,0.53376,0.15161,0.092606,0.13703,0.47448,0.13008,0.071712,0.087219,0.29074,0.081356,0.058069,0.078957,0.28134,0.078224,0.056473,0.077203,0.27689,0.076938,0.055854,0.076134,0.27333,0.075918,0.055354,0.075249,0.27037,0.075063,0.054923,0.074421,0.26746,0.07449,0.055022,0.074505,0.26662,0.079483,0.064288,0.1029,0.35557
0.16996,0.10327,0.090363,0.098364,0.15205,0.096842,0.087328,0.096705,0.15148,0.096653,0.087221,0.096648,0.15146,0.096646,0.087217,0.096646,0.15145,0.096646,0.087216,0.096645,0.15145,0.096646,0.087217,0.096645,0.15145,0.096646,0.087217,0.096645,0.15145,0.096646,0.087217,0.096645,0.15145,0.096646,0.087217,0.096645,0.15145,0.096646,0.087216,0.096645,0.15145,0.096646,0.087217,0.096645,0.15145,0.096646,0.087217,0.096645,0.15145,0.096646,0.087217,0.096645,0.15145,0.096645,0.087217,0.096646,0.15146,0.096649,0.087224,0.096661,0.1515,0.096777,0.08749,0.097232,0.15248,0.095225,0.082625,0.087817,0.13281,0.080658,0.065035,0.064536,0.08272,0.058169,0.056772,0.057333,0.078423,0.056599,0.055452,0.056287,0.077033,0.055927,0.054837,0.055704,0.075996,0.055416,0.054349,0.055227,0.075129,0.054976,0.053929,0.05483,0.074412,0.054954,0.054183,0.055412,0.076553,0.061989,0.061555,0.077254,0.14122
0.10857,0.092777,0.089069,0.089577,0.09707,0.087227,0.086373,0.087132,0.096274,0.087036,0.086225,0.087031,0.096244,0.087029,0.086219,0.087028,0.096243,0.087029,0.086219,0.087028,0.096243,0.087029,0.086219,0.087028,0.096242,0.087029,0.086219,0.087028,0.096242,0.087028,0.086219,0.087028,0.096242,0.087028,0.086219,0.087028,0.096242,0.087028,0.086219,0.087028,0.096242,0.087028,0.086219,0.087028,0.096242,0.087028,0.086219,0.087028,0.096242,0.087028,0.086219,0.087028,0.096242,0.087028,0.086219,0.087029,0.096244,0.087035,0.08623,0.087044,0.096299,0.087188,0.086472,0.087322,0.096161,0.084444,0.080064,0.07925,0.081082,0.070333,0.063533,0.062009,0.060163,0.057213,0.055306,0.056171,0.056849,0.055612,0.054168,0.05525,0.056068,0.054934,0.053562,0.054682,0.055534,0.054433,0.053087,0.054215,0.055077,0.053997,0.052679,0.053845,0.054822,0.053991,0.053067,0.054966,0.058113,0.060628,0.061452,0.074843,0.10331
0.16822,0.10249,0.089998,0.09756,0.15025,0.096033,0.086951,0.095896,0.14968,0.095843,0.086844,0.095838,0.14966,0.095835,0.08684,0.095836,0.14965,0.095835,0.086839,0.095835,0.14965,0.095836,0.08684,0.095834,0.14965,0.095835,0.08684,0.095834,0.14965,0.095835,0.08684,0.095835,0.14965,0.095836,0.08684,0.095835,0.14965,0.095835,0.08684,0.095835,0.14965,0.095836,0.08684,0.095834,0.14965,0.095836,0.08684,0.095834,0.14965,0.095836,0.08684,0.095835,0.14965,0.095835,0.086841,0.095836,0.14966,0.09584,0.08685,0.095854,0.14971,0.095977,0.087142,0.096544,0.15092,0.093619,0.079826,0.081142,0.11488,0.073582,0.063237,0.062734,0.07992,0.057591,0.056253,0.057044,0.078225,0.056539,0.055383,0.056224,0.076792,0.055865,0.054772,0.055652,0.075835,0.055371,0.054296,0.055181,0.074963,0.05493,0.053877,0.054785,0.074256,0.054914,0.054139,0.055378,0.076445,0.06193,0.061476,0.077022,0.1405
0.54955,0.15861,0.098873,0.15084,0.52058,0.14959,0.095717,0.1495,0.52037,0.14946,0.095639,0.14946,0.52036,0.14945,0.095636,0.14945,0.52036,0.14945,0.095636,0.14945,0.52036,0.14945,0.095636,0.14945,0.52036,0.14945,0.095636,0.14945,0.52036,0.14945,0.095637,0.14945,0.52036,0.14945,0.095637,0.14945,0.52036,0.14945,0.095637,0.14945,0.52036,0.14945,0.095637,0.14945,0.52036,0.14946,0.095637,0.14945,0.52036,0.14946,0.095638,0.14945,0.52036,0.14946,0.095638,0.14945,0.52036,0.14946,0.095647,0.14947,0.52041,0.1496,0.096107,0.15136,0.52827,0.14793,0.085732,0.11684,0.39861,0.10972,0.065433,0.081866,0.27911,0.07813,0.05694,0.078285,0.28069,0.077996,0.056326,0.076896,0.2758,0.076634,0.055717,0.075914,0.27262,0.075708,0.055242,0.075034,0.26963,0.074849,0.054814,0.074218,0.26677,0.074294,0.05493,0.07436,0.26616,0.079284,0.064097,0.10239,0.35393
0.1679,0.10212,0.089483,0.097172,0.14985,0.095635,0.086411,0.095496,0.14928,0.095444,0.086303,0.095438,0.14925,0.095436,0.086299,0.095436,0.14925,0.095436,0.086299,0.095436,0.14925,0.095436,0.086299,0.095436,0.14925,0.095436,0.086299,0.095436,0.14925,0.095436,0.086299,0.095436,0.14925,0.095436,0.086299,0.095436,0.14925,0.095436,0.086299,0.095436,0.14925,0.095436,0.086299,0.095435,0.14925,0.095436,0.086299,0.095435,0.14925,0.095436,0.086299,0.095436,0.14925,0.095436,0.086299,0.095437,0.14926,0.095445,0.086315,0.095456,0.14929,0.095499,0.086416,0.0959,0.15,0.092015,0.076487,0.078726,0.11209,0.070948,0.061231,0.060842,0.079054,0.05701,0.055881,0.056746,0.078081,0.056419,0.055291,0.056128,0.076725,0.055783,0.054704,0.055579,0.075784,0.055305,0.054238,0.055116,0.074915,0.054867,0.053823,0.054725,0.074214,0.054859,0.054092,0.055324,0.076388,0.061827,0.061396,0.076874,0.14024
0.10756,0.091914,0.088196,0.088688,0.095872,0.086313,0.08544,0.086217,0.095069,0.086121,0.08529,0.086116,0.095038,0.086113,0.085284,0.086113,0.095037,0.086113,0.085284,0.086113,0.095037,0.086113,0.085284,0.086113,0.095037,0.086113,0.085284,0.086113,0.095036,0.086113,0.085284,0.086113,0.095036,0.086113,0.085284,0.086112,0.095036,0.086112,0.085284,0.086112,0.095036,0.086113,0.085284,0.086112,0.095036,0.086113,0.085284,0.086112,0.095036,0.086113,0.085284,0.086113,0.095037,0.086113,0.085285,0.086114,0.095042,0.086129,0.08531,0.086144,0.095081,0.086103,0.08523,0.08595,0.093797,0.081204,0.074097,0.072598,0.072158,0.064035,0.060095,0.059317,0.058309,0.056256,0.054622,0.0557,0.056549,0.055404,0.053997,0.05509,0.055917,0.054794,0.053434,0.05456,0.055418,0.054322,0.052978,0.054105,0.054967,0.05389,0.052577,0.053745,0.054724,0.053899,0.052979,0.054881,0.057987,0.060473,0.061296,0.074496,0.1025
0.16622,0.10136,0.089121,0.096375,0.14807,0.094833,0.086038,0.094694,0.14749,0.094641,0.08593,0.094636,0.14747,0.094633,0.085926,0.094634,0.14747,0.094633,0.085925,0.094633,0.14747,0.094634,0.085926,0.094633,0.14747,0.094633,0.085926,0.094632,0.14747,0.094633,0.085926,0.094633,0.14747,0.094634,0.085926,0.094633,0.14747,0.094634,0.085926,0.094633,0.14747,0.094634,0.085926,0.094632,0.14747,0.094634,0.085926,0.094633,0.14747,0.094634,0.085926,0.094633,0.14747,0.094634,0.085928,0.094636,0.14748,0.094652,0.085961,0.094717,0.14765,0.094646,0.085821,0.094225,0.14603,0.089587,0.073893,0.074001,0.098529,0.066021,0.060096,0.06006,0.079,0.056971,0.055779,0.056652,0.077757,0.056336,0.055206,0.056061,0.076517,0.055728,0.054644,0.05553,0.075622,0.055259,0.054185,0.055069,0.074749,0.054823,0.053774,0.054685,0.074079,0.054823,0.054053,0.055292,0.076281,0.061769,0.061322,0.076638,0.13948
0.54243,0.1565,0.097706,0.14867,0.51329,0.14741,0.094518,0.14732,0.51307,0.14728,0.09444,0.14728,0.51306,0.14727,0.094436,0.14727,0.51306,0.14727,0.094436,0.14727,0.51306,0.14727,0.094436,0.14727,0.51306,0.14727,0.094436,0.14727,0.51306,0.14727,0.094437,0.14727,0.51306,0.14727,0.094437,0.14727,0.51306,0.14727,0.094437,0.14727,0.51306,0.14727,0.094437,0.14727,0.51306,0.14727,0.094438,0.14727,0.51306,0.14727,0.094438,0.14727,0.51306,0.14727,0.094439,0.14728,0.51307,0.1473,0.094504,0.14747,0.51381,0.14731,0.094148,0.14679,0.51255,0.14179,0.079185,0.10102,0.34046,0.094314,0.061258,0.08003,0.27966,0.078019,0.056665,0.077823,0.27925,0.077594,0.05615,0.076612,0.27488,0.07637,0.055591,0.075697,0.2719,0.075498,0.05513,0.074818,0.26889,0.074639,0.054713,0.074039,0.26617,0.074124,0.054847,0.074219,0.26571,0.079091,0.063913,0.10187,0.35231
0.16592,0.101,0.088616,0.095994,0.14768,0.09444,0.085504,0.094299,0.1471,0.094246,0.085395,0.094241,0.14708,0.094238,0.085391,0.094239,0.14708,0.094238,0.085391,0.094239,0.14708,0.094239,0.085391,0.094238,0.14708,0.094239,0.085391,0.094238,0.14708,0.094238,0.085391,0.094238,0.14708,0.094238,0.085391,0.094238,0.14708,0.094238,0.08539,0.094238,0.14708,0.094239,0.085391,0.094238,0.14708,0.094239,0.085391,0.094238,0.14708,0.094239,0.085391,0.094238,0.14708,0.09424,0.085394,0.094243,0.14709,0.09428,0.085472,0.094344,0.1472,0.093933,0.084541,0.093022,0.14446,0.087625,0.070718,0.07145,0.096229,0.063831,0.058804,0.058879,0.078573,0.056799,0.055673,0.05655,0.07768,0.056233,0.055122,0.055972,0.076457,0.055654,0.054582,0.055461,0.075573,0.055194,0.054128,0.055005,0.074703,0.054764,0.053725,0.054632,0.074043,0.054777,0.054012,0.055243,0.076228,0.061675,0.06125,0.076508,0.13925
0.10661,0.091077,0.087337,0.087812,0.094688,0.08541,0.084516,0.085311,0.093875,0.085215,0.084365,0.08521,0.093845,0.085207,0.084359,0.085207,0.093844,0.085207,0.084359,0.085207,0.093844,0.085207,0.084359,0.085207,0.093843,0.085207,0.084359,0.085207,0.093843,0.085207,0.084359,0.085207,0.093843,0.085206,0.084359,0.085206,0.093843,0.085206,0.084359,0.085206,0.093843,0.085206,0.084359,0.085206,0.093843,0.085206,0.084359,0.085206,0.093843,0.085206,0.084359,0.085207,0.093844,0.085209,0.084363,0.085213,0.093868,0.085277,0.08447,0.085338,0.093903,0.084506,0.083023,0.083209,0.089097,0.076807,0.068712,0.06691,0.065403,0.060017,0.057375,0.057547,0.057527,0.055953,0.054436,0.055527,0.056367,0.055228,0.053836,0.054942,0.05578,0.054668,0.053315,0.054445,0.055304,0.054211,0.05287,0.053995,0.054858,0.053789,0.052484,0.053656,0.054639,0.05382,0.052904,0.054805,0.057866,0.060329,0.061156,0.074198,0.10179
0.16436,0.10026,0.088259,0.095204,0.14592,0.093646,0.085135,0.093506,0.14533,0.093452,0.085026,0.093448,0.14531,0.093445,0.085022,0.093446,0.14531,0.093445,0.085021,0.093445,0.14531,0.093445,0.085022,0.093444,0.14531,0.093445,0.085022,0.093444,0.14531,0.093445,0.085022,0.093445,0.14531,0.093445,0.085022,0.093444,0.14531,0.093445,0.085022,0.093444,0.14531,0.093446,0.085022,0.093444,0.14531,0.093446,0.085022,0.093444,0.14531,0.093445,0.085023,0.093445,0.14531,0.093447,0.085026,0.093453,0.14534,0.093521,0.085183,0.093862,0.14618,0.093067,0.083387,0.088935,0.13448,0.083081,0.068528,0.067862,0.086459,0.06064,0.057991,0.058373,0.07893,0.056845,0.055663,0.056509,0.077389,0.05616,0.055047,0.055914,0.076284,0.055606,0.054527,0.055414,0.075407,0.055147,0.054075,0.054958,0.074536,0.054723,0.053684,0.054597,0.073931,0.05475,0.053986,0.055216,0.076109,0.061622,0.061187,0.076371,0.13877
0.53556,0.15444,0.09654,0.14652,0.50606,0.14526,0.093331,0.14516,0.50584,0.14512,0.093254,0.14512,0.50584,0.14512,0.093251,0.14512,0.50584,0.14512,0.09325,0.14512,0.50584,0.14512,0.09325,0.14512,0.50584,0.14512,0.093251,0.14512,0.50584,0.14512,0.093251,0.14512,0.50584,0.14512,0.093251,0.14512,0.50584,0.14512,0.093251,0.14512,0.50584,0.14512,0.093251,0.14512,0.50584,0.14512,0.093251,0.14512,0.50584,0.14512,0.093252,0.14512,0.50584,0.14512,0.093256,0.14512,0.50585,0.14522,0.093551,0.14619,0.51006,0.14511,0.090426,0.13551,0.47127,0.12942,0.072152,0.088997,0.29839,0.083298,0.058566,0.079299,0.28191,0.07842,0.05661,0.077493,0.27791,0.077227,0.055992,0.076372,0.27412,0.076149,0.055476,0.075482,0.27117,0.075285,0.05502,0.074604,0.26815,0.074437,0.054631,0.073898,0.26567,0.074,0.054805,0.074094,0.26518,0.078893,0.063749,0.10163,0.35192
0.16394,0.09983,0.087684,0.09479,0.14552,0.093252,0.084603,0.093114,0.14494,0.093062,0.084498,0.093058,0.14492,0.093055,0.084494,0.093056,0.14492,0.093055,0.084493,0.093055,0.14492,0.093055,0.084494,0.093055,0.14492,0.093055,0.084494,0.093055,0.14492,0.093055,0.084494,0.093055,0.14492,0.093055,0.084494,0.093055,0.14492,0.093055,0.084493,0.093055,0.14492,0.093056,0.084493,0.093054,0.14492,0.093055,0.084494,0.093054,0.14492,0.093055,0.084494,0.093055,0.14492,0.093058,0.0845,0.093067,0.14496,0.093162,0.084715,0.093489,0.14564,0.092014,0.081267,0.086937,0.132,0.080604,0.065546,0.065268,0.084675,0.058893,0.057168,0.057652,0.078672,0.056743,0.055593,0.056432,0.077326,0.056069,0.054972,0.055835,0.076232,0.05554,0.05447,0.05535,0.075361,0.055085,0.054021,0.054897,0.074496,0.054682,0.05366,0.054589,0.073937,0.054773,0.054008,0.055264,0.076114,0.061532,0.061067,0.076091,0.13839
0.10532,0.090053,0.08639,0.086867,0.093489,0.084508,0.083595,0.084411,0.092695,0.084319,0.08345,0.084314,0.092666,0.084312,0.083445,0.084311,0.092665,0.084312,0.083445,0.084311,0.092665,0.084312,0.083445,0.084311,0.092665,0.084312,0.083446,0.084311,0.092664,0.084311,0.083446,0.084311,0.092664,0.084311,0.083445,0.084311,0.092664,0.084311,0.083445,0.084311,0.092664,0.084311,0.083445,0.084311,0.092665,0.084311,0.083445,0.084311,0.092665,0.084312,0.083446,0.084312,0.092666,0.084316,0.083453,0.084324,0.092712,0.084455,0.083672,0.084576,0.092658,0.082243,0.079197,0.078569,0.08117,0.070764,0.064049,0.06252,0.060824,0.057701,0.055689,0.056463,0.057056,0.055773,0.054314,0.055394,0.056212,0.055072,0.053693,0.05481,0.05566,0.054556,0.053208,0.054336,0.055195,0.054105,0.052767,0.05389,0.054757,0.053704,0.052424,0.053635,0.054653,0.053824,0.052904,0.054859,0.057951,0.060188,0.060846,0.073382,0.10061
0.16164,0.098819,0.087247,0.093946,0.14375,0.092459,0.084235,0.092328,0.1432,0.092278,0.084133,0.092273,0.14318,0.092271,0.084129,0.092271,0.14318,0.092271,0.084128,0.09227,0.14318,0.092271,0.084129,0.09227,0.14318,0.092271,0.084129,0.09227,0.14318,0.092271,0.084129,0.092271,0.14318,0.092271,0.084129,0.09227,0.14318,0.092271,0.084129,0.092271,0.14318,0.092272,0.084129,0.092271,0.14318,0.092272,0.08413,0.092271,0.14318,0.092272,0.08413,0.092271,0.14318,0.092274,0.084136,0.092283,0.14322,0.0924,0.084415,0.092977,0.14455,0.090782,0.079164,0.080899,0.11648,0.074236,0.063732,0.06325,0.08073,0.058022,0.0566,0.057329,0.078567,0.0567,0.055533,0.05637,0.077059,0.056003,0.054904,0.055781,0.076071,0.055496,0.054422,0.055305,0.075195,0.055041,0.053974,0.054847,0.074311,0.054621,0.053592,0.054575,0.074229,0.054713,0.053871,0.055344,0.077192,0.061366,0.06057,0.075241,0.13619
0.52723,0.15164,0.094978,0.14419,0.49888,0.1431,0.092145,0.14302,0.49871,0.14299,0.092082,0.14299,0.4987,0.14299,0.092079,0.14299,0.4987,0.14299,0.092079,0.14299,0.4987,0.14299,0.092079,0.14299,0.4987,0.14299,0.09208,0.14299,0.4987,0.14299,0.09208,0.14299,0.4987,0.14299,0.09208,0.14299,0.4987,0.14299,0.09208,0.14299,0.4987,0.14299,0.09208,0.14299,0.4987,0.14299,0.09208,0.14299,0.4987,0.14299,0.092081,0.14299,0.4987,0.14299,0.092086,0.14299,0.4987,0.14312,0.09254,0.14484,0.50631,0.1422,0.084622,0.11804,0.40612,0.11163,0.066055,0.082655,0.28156,0.078824,0.05724,0.078659,0.28175,0.078302,0.056479,0.077169,0.27672,0.076898,0.055851,0.076153,0.27342,0.075949,0.055379,0.075281,0.27044,0.07509,0.054934,0.074391,0.26734,0.074132,0.054398,0.073999,0.26721,0.073802,0.054114,0.0747,0.27092,0.078855,0.061859,0.098517,0.34407
0.15908,0.097181,0.085854,0.093159,0.14322,0.092023,0.083682,0.091928,0.14281,0.091891,0.08361,0.091888,0.1428,0.091886,0.083607,0.091886,0.1428,0.091886,0.083607,0.091886,0.1428,0.091886,0.083607,0.091885,0.1428,0.091886,0.083607,0.091885,0.1428,0.091885,0.083607,0.091886,0.1428,0.091886,0.083607,0.091885,0.1428,0.091886,0.083606,0.091885,0.1428,0.091886,0.083607,0.091885,0.14279,0.091886,0.083607,0.091885,0.14279,0.091886,0.083608,0.091886,0.1428,0.091893,0.08362,0.091899,0.14282,0.091955,0.083751,0.092395,0.1437,0.089277,0.075967,0.07857,0.11372,0.071713,0.061578,0.061228,0.079739,0.057299,0.056143,0.056972,0.078408,0.056581,0.055444,0.056277,0.076994,0.05592,0.054837,0.055711,0.076026,0.055448,0.054388,0.055283,0.075186,0.055033,0.053959,0.054839,0.07422,0.0543,0.053102,0.053812,0.073352,0.052976,0.051974,0.053116,0.074986,0.058211,0.057374,0.071414,0.13287
0.097705,0.086316,0.08454,0.085157,0.092054,0.083555,0.082645,0.083497,0.091521,0.083432,0.082546,0.083428,0.091501,0.083427,0.082542,0.083426,0.0915,0.083427,0.082542,0.083427,0.0915,0.083427,0.082542,0.083427,0.0915,0.083427,0.082542,0.083427,0.0915,0.083426,0.082542,0.083427,0.0915,0.083426,0.082542,0.083426,0.0915,0.083426,0.082541,0.083426,0.0915,0.083427,0.082542,0.083426,0.0915,0.083427,0.082542,0.083427,0.0915,0.083427,0.082543,0.083429,0.091505,0.083441,0.082564,0.083454,0.091543,0.083444,0.082537,0.083342,0.090535,0.079238,0.073519,0.072159,0.072216,0.064236,0.060389,0.059635,0.058611,0.056524,0.054858,0.055909,0.056733,0.055569,0.054149,0.055236,0.056057,0.05493,0.053565,0.05469,0.055549,0.05446,0.053131,0.05429,0.055171,0.054052,0.05269,0.053848,0.054627,0.053171,0.051424,0.052248,0.052768,0.050947,0.049012,0.049729,0.052279,0.052994,0.054021,0.062949,0.090192
0.14659,0.093334,0.084911,0.092073,0.14141,0.091222,0.083317,0.091148,0.14108,0.091114,0.083248,0.091111,0.14107,0.09111,0.083246,0.09111,0.14107,0.09111,0.083245,0.091109,0.14107,0.09111,0.083246,0.091109,0.14107,0.09111,0.083246,0.091109,0.14107,0.09111,0.083246,0.091109,0.14107,0.09111,0.083246,0.091109,0.14107,0.09111,0.083246,0.091109,0.14107,0.09111,0.083246,0.091109,0.14107,0.091111,0.083247,0.091109,0.14107,0.091111,0.083248,0.091112,0.14108,0.091125,0.083277,0.091183,0.14123,0.091136,0.083193,0.090832,0.13999,0.086877,0.073156,0.073423,0.098551,0.066224,0.06035,0.06034,0.079464,0.057216,0.055999,0.056856,0.078087,0.0565,0.055362,0.056209,0.076771,0.055865,0.054781,0.055656,0.075839,0.055382,0.054311,0.055257,0.075438,0.054928,0.053741,0.054854,0.075197,0.053818,0.051943,0.052794,0.06935,0.050619,0.048132,0.048893,0.059961,0.052433,0.051587,0.061324,0.10262
0.49931,0.14321,0.091864,0.14136,0.49169,0.14093,0.090954,0.1409,0.49165,0.14088,0.090922,0.14088,0.49165,0.14088,0.09092,0.14088,0.49165,0.14088,0.09092,0.14088,0.49165,0.14088,0.09092,0.14088,0.49165,0.14088,0.09092,0.14088,0.49165,0.14088,0.090921,0.14088,0.49165,0.14088,0.090921,0.14088,0.49165,0.14088,0.09092,0.14088,0.49165,0.14088,0.09092,0.14088,0.49164,0.14088,0.090921,0.14088,0.49164,0.14088,0.090923,0.14088,0.49165,0.1409,0.090979,0.14105,0.49229,0.14092,0.090703,0.14059,0.49172,0.13625,0.077722,0.10055,0.3409,0.09449,0.061464,0.080446,0.28116,0.078448,0.056872,0.078162,0.28035,0.077914,0.056315,0.076883,0.27573,0.076638,0.055746,0.075932,0.27261,0.075632,0.05512,0.07533,0.27184,0.07474,0.054007,0.074751,0.27269,0.073489,0.051437,0.068397,0.24925,0.066142,0.04628,0.0563,0.19809,0.058438,0.049142,0.064365,0.21434
0.14363,0.091526,0.083295,0.091178,0.14084,0.090776,0.082761,0.090749,0.1407,0.090731,0.082731,0.09073,0.14069,0.090728,0.082729,0.090729,0.14069,0.090729,0.082729,0.090729,0.14069,0.090729,0.082729,0.090728,0.14069,0.090728,0.082729,0.090728,0.14069,0.090728,0.082729,0.090728,0.14069,0.090728,0.082729,0.090728,0.14069,0.090728,0.082729,0.090728,0.14069,0.090729,0.082729,0.090727,0.14069,0.090729,0.08273,0.090727,0.14069,0.09073,0.082732,0.090733,0.1407,0.090765,0.082801,0.090821,0.1408,0.090464,0.081994,0.089703,0.1385,0.084935,0.06988,0.070733,0.096118,0.063868,0.058922,0.05904,0.07898,0.056997,0.055863,0.056733,0.078006,0.056409,0.055298,0.056161,0.07675,0.055848,0.05476,0.055645,0.075743,0.055044,0.053792,0.054437,0.07445,0.052929,0.051447,0.052206,0.07234,0.049495,0.046788,0.047177,0.063869,0.043846,0.041356,0.041083,0.053134,0.044506,0.044941,0.053934,0.097733
0.089573,0.082452,0.082243,0.083209,0.090554,0.082592,0.081693,0.082585,0.090358,0.082554,0.08165,0.082553,0.090349,0.082552,0.081649,0.082551,0.090348,0.082552,0.081649,0.082552,0.090348,0.082552,0.081649,0.082552,0.090348,0.082551,0.081648,0.082552,0.090348,0.082551,0.081648,0.082552,0.090348,0.082551,0.081648,0.082551,0.090347,0.082551,0.081648,0.082551,0.090347,0.082552,0.081648,0.082551,0.090347,0.082552,0.081649,0.082552,0.090348,0.082554,0.081653,0.082558,0.090369,0.082615,0.081748,0.082669,0.090403,0.081938,0.080474,0.080786,0.086124,0.074951,0.06796,0.066308,0.065094,0.060016,0.057466,0.057691,0.057704,0.056138,0.054615,0.055701,0.056538,0.055398,0.054014,0.055148,0.056008,0.054862,0.05348,0.054644,0.055413,0.053905,0.052082,0.052798,0.053046,0.050666,0.047842,0.047117,0.04731,0.043445,0.040919,0.039101,0.03806,0.036137,0.035355,0.035439,0.036274,0.03927,0.041585,0.051292,0.076759
0.1387,0.089783,0.082722,0.090274,0.13909,0.089994,0.082401,0.089979,0.13899,0.089964,0.082374,0.089963,0.13899,0.089962,0.082373,0.089962,0.13899,0.089962,0.082373,0.089961,0.13899,0.089962,0.082373,0.089961,0.13899,0.089962,0.082373,0.089961,0.13899,0.089962,0.082373,0.089962,0.13899,0.089962,0.082373,0.089962,0.13899,0.089962,0.082373,0.089962,0.13899,0.089963,0.082373,0.089962,0.13899,0.089963,0.082374,0.089962,0.13899,0.089964,0.082377,0.089969,0.13901,0.09003,0.082517,0.090333,0.13976,0.08963,0.080928,0.085951,0.12933,0.080709,0.067719,0.067203,0.086308,0.060645,0.058103,0.058513,0.079274,0.057029,0.055841,0.056676,0.077676,0.056313,0.055196,0.056122,0.077002,0.055746,0.054548,0.055669,0.076756,0.054561,0.052617,0.053383,0.070158,0.050434,0.046583,0.046779,0.053388,0.041922,0.038192,0.037886,0.039008,0.034459,0.032469,0.033515,0.036764,0.037486,0.038249,0.050101,0.088205
0.48596,0.13892,0.089846,0.1389,0.48463,0.1388,0.089785,0.13881,0.48467,0.1388,0.089775,0.1388,0.48467,0.1388,0.089774,0.1388,0.48467,0.1388,0.089774,0.1388,0.48467,0.1388,0.089774,0.1388,0.48467,0.1388,0.089775,0.1388,0.48467,0.1388,0.089775,0.1388,0.48467,0.1388,0.089774,0.1388,0.48467,0.1388,0.089774,0.1388,0.48467,0.1388,0.089774,0.1388,0.48467,0.1388,0.089775,0.1388,0.48467,0.1388,0.089779,0.1388,0.48468,0.13889,0.090041,0.13975,0.48844,0.13879,0.087267,0.13025,0.45388,0.12479,0.070938,0.088501,0.2986,0.083377,0.058682,0.079626,0.28313,0.078776,0.056793,0.077788,0.27885,0.077419,0.056001,0.076908,0.27714,0.076294,0.054834,0.076331,0.27814,0.075007,0.052131,0.069449,0.25298,0.066487,0.044983,0.05217,0.18143,0.047887,0.035027,0.03707,0.11203,0.033658,0.03053,0.031892,0.091229,0.037024,0.035217,0.050606,0.17467
0.1376,0.089035,0.081886,0.089742,0.13865,0.089595,0.081877,0.089596,0.13861,0.089586,0.081863,0.089586,0.13861,0.089584,0.081862,0.089585,0.13861,0.089584,0.081862,0.089584,0.13861,0.089585,0.081862,0.089584,0.13861,0.089584,0.081862,0.089584,0.13861,0.089584,0.081862,0.089584,0.13861,0.089584,0.081862,0.089584,0.13861,0.089584,0.081862,0.089584,0.13861,0.089585,0.081862,0.089583,0.13861,0.089585,0.081862,0.089583,0.13861,0.089587,0.081868,0.089594,0.13864,0.089678,0.082057,0.089965,0.13924,0.088631,0.079016,0.084145,0.12708,0.078426,0.064916,0.064729,0.084601,0.058959,0.057306,0.057811,0.079022,0.056936,0.055779,0.056619,0.07754,0.055927,0.054649,0.055282,0.075999,0.053754,0.052193,0.053012,0.07385,0.050201,0.047239,0.04766,0.064556,0.043421,0.039645,0.038513,0.046315,0.033596,0.031319,0.030854,0.031723,0.02898,0.027505,0.028899,0.031787,0.033598,0.034784,0.047015,0.086354
0.086648,0.080908,0.080852,0.082013,0.089304,0.081696,0.080789,0.081707,0.089214,0.081688,0.080766,0.081687,0.089209,0.081687,0.080765,0.081686,0.089208,0.081687,0.080765,0.081686,0.089209,0.081686,0.080765,0.081687,0.089208,0.081686,0.080765,0.081687,0.089208,0.081686,0.080765,0.081686,0.089208,0.081686,0.080765,0.081686,0.089208,0.081686,0.080765,0.081686,0.089208,0.081686,0.080765,0.081686,0.089208,0.081687,0.080766,0.081687,0.08921,0.081691,0.080773,0.081698,0.08925,0.081813,0.080964,0.081911,0.089164,0.079701,0.077126,0.076604,0.078938,0.069408,0.063577,0.062206,0.060716,0.057801,0.055832,0.056633,0.057239,0.055946,0.054477,0.055583,0.056301,0.054766,0.052913,0.053621,0.053824,0.05137,0.048493,0.047695,0.047894,0.04389,0.041283,0.039282,0.038018,0.035481,0.033808,0.032763,0.030987,0.029736,0.027744,0.027473,0.027536,0.026198,0.025294,0.026827,0.0298,0.031946,0.034626,0.046104,0.072479
0.13582,0.08823,0.081513,0.088964,0.13696,0.088835,0.081523,0.088838,0.13693,0.088829,0.081511,0.088828,0.13693,0.088827,0.08151,0.088828,0.13693,0.088827,0.08151,0.088827,0.13693,0.088828,0.08151,0.088827,0.13693,0.088828,0.08151,0.088827,0.13693,0.088827,0.08151,0.088828,0.13693,0.088828,0.08151,0.088827,0.13693,0.088828,0.08151,0.088828,0.13693,0.088828,0.08151,0.088828,0.13693,0.088829,0.081511,0.088828,0.13693,0.088832,0.081517,0.088839,0.13696,0.088942,0.081762,0.089448,0.13812,0.087473,0.077117,0.078738,0.11319,0.072738,0.063297,0.062937,0.08107,0.058178,0.056771,0.057505,0.078971,0.056814,0.055588,0.056612,0.078221,0.055424,0.053445,0.054189,0.071554,0.051207,0.047149,0.047355,0.054249,0.042338,0.038511,0.038089,0.039044,0.033762,0.031001,0.030817,0.031583,0.028494,0.026419,0.026934,0.028349,0.026263,0.025225,0.02719,0.030949,0.032574,0.033867,0.046466,0.085374
0.47886,0.1367,0.08858,0.13677,0.47772,0.13673,0.088646,0.13674,0.47777,0.13674,0.088642,0.13674,0.47777,0.13674,0.088642,0.13674,0.47777,0.13674,0.088641,0.13674,0.47777,0.13674,0.088642,0.13674,0.47777,0.13674,0.088642,0.13674,0.47777,0.13674,0.088642,0.13674,0.47777,0.13674,0.088642,0.13674,0.47777,0.13674,0.088642,0.13674,0.47777,0.13674,0.088642,0.13674,0.47777,0.13674,0.088642,0.13674,0.47777,0.13674,0.088648,0.13674,0.47777,0.13685,0.089049,0.13838,0.48452,0.13602,0.082026,0.11459,0.39555,0.10885,0.065442,0.082793,0.28352,0.079326,0.057427,0.07905,0.2833,0.078333,0.05605,0.077986,0.28277,0.076525,0.053021,0.070897,0.25794,0.067852,0.045553,0.053035,0.18445,0.048602,0.035268,0.037309,0.11271,0.033187,0.029144,0.029977,0.086976,0.027969,0.025944,0.027383,0.086782,0.02713,0.02566,0.027839,0.089569,0.034436,0.03279,0.048598,0.17177
0.13538,0.087817,0.080966,0.08857,0.13658,0.088458,0.081016,0.088463,0.13655,0.088455,0.081006,0.088455,0.13655,0.088454,0.081005,0.088454,0.13655,0.088454,0.081004,0.088454,0.13655,0.088454,0.081005,0.088453,0.13655,0.088454,0.081005,0.088453,0.13655,0.088453,0.081005,0.088454,0.13655,0.088454,0.081005,0.088454,0.13655,0.088454,0.081005,0.088453,0.13655,0.088454,0.081005,0.088453,0.13655,0.088454,0.081005,0.088454,0.13655,0.08846,0.081017,0.088466,0.13657,0.088514,0.081129,0.088897,0.13734,0.086097,0.074247,0.076648,0.11073,0.070508,0.061365,0.061145,0.080188,0.057503,0.056279,0.057024,0.078404,0.055504,0.053875,0.054501,0.075709,0.051414,0.048154,0.048586,0.065936,0.04411,0.040086,0.038972,0.047032,0.033852,0.031514,0.030928,0.031698,0.028324,0.026169,0.026403,0.027047,0.025162,0.023794,0.024798,0.02637,0.024881,0.024188,0.026381,0.030225,0.032029,0.033394,0.045883,0.084892
0.085353,0.079982,0.079915,0.081112,0.088161,0.080836,0.079912,0.080849,0.088086,0.080832,0.079893,0.080831,0.088081,0.080831,0.079892,0.080831,0.088081,0.080831,0.079892,0.080831,0.088081,0.080831,0.079892,0.080831,0.088081,0.08083,0.079892,0.080831,0.088081,0.08083,0.079892,0.080831,0.088081,0.08083,0.079892,0.080831,0.08808,0.08083,0.079892,0.08083,0.08808,0.080831,0.079892,0.080831,0.088081,0.080831,0.079893,0.080832,0.088085,0.080843,0.079912,0.080855,0.08812,0.080844,0.079883,0.08074,0.087173,0.076924,0.072058,0.070852,0.070969,0.063759,0.060171,0.059624,0.058775,0.056668,0.054893,0.055827,0.056198,0.05391,0.050774,0.050048,0.049864,0.045684,0.042465,0.040081,0.038589,0.035828,0.034125,0.03299,0.031196,0.02994,0.027879,0.02749,0.02733,0.025587,0.023977,0.024229,0.024878,0.023434,0.022376,0.023172,0.02436,0.023405,0.02306,0.025092,0.028479,0.030798,0.033651,0.045122,0.071297
0.13349,0.087007,0.080606,0.087814,0.13491,0.087708,0.080667,0.087714,0.13489,0.087706,0.080657,0.087706,0.13489,0.087705,0.080656,0.087705,0.13489,0.087705,0.080656,0.087705,0.13489,0.087705,0.080656,0.087705,0.13489,0.087705,0.080656,0.087705,0.13489,0.087705,0.080656,0.087706,0.13489,0.087705,0.080656,0.087705,0.13489,0.087705,0.080656,0.087705,0.13489,0.087706,0.080657,0.087705,0.13489,0.087707,0.080658,0.087707,0.13489,0.08772,0.080685,0.08777,0.13503,0.087729,0.080606,0.087446,0.1339,0.083908,0.07173,0.072049,0.09715,0.065598,0.060282,0.060394,0.080407,0.057293,0.05584,0.056861,0.078503,0.054515,0.049796,0.050034,0.059408,0.044297,0.039712,0.038965,0.039602,0.034037,0.031242,0.031029,0.03179,0.028653,0.026514,0.026928,0.02815,0.02568,0.024,0.024812,0.026313,0.024296,0.022965,0.024089,0.025921,0.02436,0.023674,0.025878,0.029804,0.031584,0.033037,0.045484,0.083516
0.47159,0.13452,0.087409,0.13471,0.47089,0.13469,0.087524,0.13471,0.47095,0.1347,0.087522,0.1347,0.47095,0.1347,0.087521,0.1347,0.47095,0.1347,0.087521,0.1347,0.47095,0.1347,0.087521,0.1347,0.47095,0.1347,0.087521,0.1347,0.47095,0.1347,0.087521,0.1347,0.47095,0.1347,0.087521,0.1347,0.47095,0.1347,0.087521,0.1347,0.47095,0.1347,0.087521,0.1347,0.47095,0.1347,0.087523,0.1347,0.47096,0.13472,0.087575,0.13486,0.47153,0.13474,0.08733,0.13443,0.47096,0.13058,0.075841,0.09894,0.33713,0.093451,0.061271,0.081142,0.28557,0.078715,0.055972,0.078226,0.28494,0.075477,0.048972,0.05885,0.20621,0.053444,0.036337,0.03828,0.11276,0.033371,0.029325,0.030143,0.087501,0.028083,0.026012,0.027385,0.086865,0.026547,0.024587,0.026183,0.086201,0.025805,0.023939,0.025652,0.084359,0.025934,0.024547,0.026779,0.085488,0.033515,0.031952,0.047114,0.16672
0.13305,0.086597,0.080067,0.087425,0.13454,0.087336,0.080165,0.087343,0.13452,0.087336,0.080156,0.087336,0.13452,0.087335,0.080156,0.087335,0.13452,0.087335,0.080155,0.087335,0.13452,0.087335,0.080156,0.087335,0.13452,0.087335,0.080156,0.087335,0.13452,0.087335,0.080156,0.087335,0.13452,0.087335,0.080156,0.087335,0.13452,0.087335,0.080156,0.087334,0.13452,0.087336,0.080156,0.087334,0.13452,0.087337,0.080158,0.087339,0.13453,0.087368,0.08022,0.087417,0.13461,0.087108,0.079517,0.086427,0.13256,0.082192,0.068868,0.069677,0.094956,0.06325,0.058379,0.058474,0.078891,0.054735,0.052527,0.053362,0.074552,0.048962,0.04351,0.042505,0.052399,0.035939,0.032825,0.031704,0.032129,0.02851,0.026318,0.026533,0.027156,0.025248,0.023833,0.024754,0.026151,0.024308,0.022998,0.024063,0.025683,0.023838,0.022573,0.023715,0.025512,0.024017,0.023342,0.02552,0.029364,0.031217,0.032692,0.044957,0.083035
0.084044,0.079064,0.078992,0.080225,0.087033,0.079985,0.079044,0.08,0.08697,0.079984,0.079027,0.079983,0.086965,0.079983,0.079026,0.079983,0.086965,0.079983,0.079026,0.079983,0.086966,0.079983,0.079027,0.079983,0.086965,0.079983,0.079027,0.079983,0.086965,0.079983,0.079027,0.079983,0.086965,0.079983,0.079027,0.079983,0.086964,0.079982,0.079026,0.079983,0.086965,0.079983,0.079026,0.079983,0.086966,0.079985,0.07903,0.079989,0.086984,0.080039,0.079114,0.080086,0.087015,0.079455,0.078009,0.078432,0.083218,0.073122,0.067216,0.065805,0.064724,0.059504,0.056513,0.056351,0.055673,0.051974,0.048162,0.046303,0.045498,0.041056,0.037872,0.035633,0.033189,0.031334,0.028959,0.028163,0.027702,0.025787,0.024112,0.024341,0.024975,0.023504,0.022399,0.023112,0.024128,0.022825,0.021827,0.022621,0.023717,0.022454,0.0215,0.02236,0.023608,0.022684,0.02235,0.024353,0.027712,0.030067,0.033009,0.044284,0.070088
0.13123,0.085808,0.079714,0.086675,0.13288,0.086592,0.079819,0.086599,0.13287,0.086593,0.079811,0.086593,0.13287,0.086592,0.07981,0.086592,0.13287,0.086592,0.07981,0.086592,0.13287,0.086592,0.07981,0.086592,0.13287,0.086592,0.07981,0.086592,0.13287,0.086592,0.07981,0.086592,0.13287,0.086592,0.07981,0.086592,0.13287,0.086592,0.07981,0.086592,0.13287,0.086593,0.07981,0.086592,0.13287,0.086595,0.079814,0.086599,0.13289,0.086653,0.079937,0.086916,0.13354,0.086318,0.078568,0.083103,0.12442,0.07845,0.067015,0.066781,0.087289,0.060293,0.056433,0.056863,0.074658,0.052104,0.046022,0.046122,0.049433,0.039375,0.03495,0.033806,0.033852,0.030016,0.027427,0.027492,0.028465,0.025855,0.02412,0.024916,0.026408,0.024363,0.022987,0.024035,0.025704,0.023799,0.02251,0.0236,0.025304,0.023443,0.022203,0.023352,0.025194,0.023668,0.023002,0.025175,0.02906,0.030875,0.032415,0.044617,0.081808
0.46448,0.13239,0.086258,0.13267,0.46412,0.13267,0.086411,0.13269,0.46418,0.13268,0.08641,0.13268,0.46418,0.13268,0.086409,0.13268,0.46419,0.13268,0.086409,0.13268,0.46419,0.13268,0.086409,0.13268,0.46419,0.13268,0.08641,0.13268,0.46419,0.13268,0.08641,0.13268,0.46418,0.13268,0.08641,0.13268,0.46419,0.13268,0.08641,0.13268,0.46418,0.13268,0.08641,0.13268,0.46418,0.13268,0.086414,0.13269,0.4642,0.13276,0.086647,0.13352,0.46745,0.13273,0.084319,0.1253,0.43733,0.12038,0.069869,0.089086,0.30465,0.083396,0.056179,0.074636,0.26861,0.070027,0.044281,0.04846,0.15968,0.042449,0.031763,0.032707,0.092157,0.029076,0.026736,0.027865,0.087076,0.026669,0.02469,0.026281,0.086687,0.025869,0.023964,0.025625,0.084454,0.025377,0.023525,0.0252,0.082582,0.025017,0.023216,0.02493,0.081164,0.025244,0.023886,0.026094,0.082451,0.032807,0.031287,0.045835,0.16234
0.13082,0.085415,0.079191,0.086297,0.13251,0.086224,0.079323,0.086234,0.1325,0.086226,0.079315,0.086227,0.1325,0.086225,0.079314,0.086226,0.1325,0.086226,0.079314,0.086226,0.1325,0.086226,0.079314,0.086226,0.1325,0.086226,0.079315,0.086226,0.1325,0.086225,0.079315,0.086226,0.1325,0.086226,0.079315,0.086226,0.1325,0.086226,0.079314,0.086225,0.1325,0.086226,0.079315,0.086225,0.1325,0.086229,0.07932,0.086236,0.13253,0.086315,0.079498,0.086577,0.1331,0.085554,0.077149,0.081751,0.12265,0.076257,0.063477,0.063626,0.084207,0.055861,0.050835,0.051203,0.069114,0.045006,0.038899,0.037394,0.041644,0.031359,0.028854,0.028511,0.028405,0.026107,0.024398,0.025104,0.026338,0.024426,0.02309,0.024148,0.025759,0.023891,0.022584,0.023654,0.025291,0.023462,0.022193,0.023271,0.024916,0.023129,0.021914,0.023054,0.02484,0.023377,0.022728,0.024884,0.028702,0.030574,0.032128,0.04416,0.08138
0.082813,0.078179,0.078095,0.079358,0.085919,0.079144,0.078186,0.07916,0.085865,0.079145,0.078171,0.079144,0.085861,0.079144,0.07817,0.079144,0.085861,0.079144,0.07817,0.079144,0.085861,0.079144,0.07817,0.079144,0.08586,0.079144,0.07817,0.079144,0.08586,0.079144,0.07817,0.079144,0.08586,0.079143,0.07817,0.079144,0.08586,0.079143,0.07817,0.079144,0.08586,0.079144,0.07817,0.079144,0.085862,0.079149,0.078177,0.079155,0.085899,0.079265,0.078362,0.079367,0.085923,0.077743,0.075544,0.07534,0.077907,0.068174,0.061181,0.058938,0.056901,0.05045,0.045694,0.04262,0.040558,0.036686,0.033852,0.03226,0.030026,0.028172,0.026028,0.025743,0.025931,0.024136,0.022807,0.023371,0.02429,0.022934,0.021909,0.022693,0.02378,0.022494,0.021498,0.022282,0.02337,0.022113,0.021146,0.021936,0.023029,0.02181,0.020894,0.021751,0.022988,0.022093,0.02178,0.023764,0.027097,0.029472,0.03248,0.043559,0.069016
0.12909,0.084657,0.078846,0.085558,0.13088,0.08549,0.078981,0.085499,0.13087,0.085493,0.078974,0.085493,0.13087,0.085492,0.078973,0.085493,0.13087,0.085492,0.078973,0.085493,0.13087,0.085492,0.078973,0.085493,0.13087,0.085492,0.078973,0.085493,0.13087,0.085492,0.078973,0.085493,0.13087,0.085492,0.078973,0.085492,0.13087,0.085492,0.078973,0.085492,0.13087,0.085493,0.078973,0.085493,0.13087,0.085497,0.07898,0.085501,0.13089,0.085601,0.07921,0.086059,0.13198,0.08464,0.076066,0.078462,0.11497,0.072074,0.059956,0.059446,0.071624,0.049994,0.042458,0.041791,0.042174,0.034821,0.031238,0.030464,0.030678,0.027424,0.025303,0.025785,0.027055,0.024775,0.023262,0.024227,0.025843,0.023899,0.022587,0.023667,0.025361,0.023476,0.022197,0.023275,0.024963,0.023108,0.021856,0.022936,0.024626,0.022809,0.021607,0.022749,0.024575,0.023082,0.02244,0.024593,0.028446,0.030286,0.031888,0.04384,0.080356
0.45762,0.13034,0.085136,0.13066,0.45744,0.13067,0.085313,0.13069,0.4575,0.13069,0.085312,0.13069,0.4575,0.13069,0.085311,0.13069,0.4575,0.13069,0.085311,0.13069,0.4575,0.13069,0.085311,0.13069,0.4575,0.13069,0.085312,0.13069,0.4575,0.13069,0.085312,0.13069,0.4575,0.13069,0.085312,0.13069,0.4575,0.13069,0.085312,0.13069,0.4575,0.13069,0.085312,0.13069,0.4575,0.13069,0.085324,0.13069,0.45746,0.13081,0.085711,0.13214,0.4633,0.13026,0.080512,0.11608,0.40641,0.10934,0.061484,0.073173,0.24942,0.064431,0.039659,0.041673,0.12279,0.035073,0.029171,0.029858,0.08469,0.027278,0.02526,0.026731,0.086901,0.026081,0.024136,0.025767,0.084904,0.025464,0.023596,0.025263,0.082822,0.025042,0.023209,0.024873,0.081116,0.02468,0.022872,0.024535,0.079645,0.024386,0.022621,0.024324,0.078497,0.024658,0.023326,0.025517,0.079897,0.032214,0.03074,0.044854,0.15892
0.1287,0.084278,0.078337,0.085187,0.13051,0.085127,0.078491,0.085137,0.13051,0.085131,0.078484,0.085131,0.13051,0.085129,0.078484,0.085131,0.13051,0.08513,0.078483,0.08513,0.13051,0.08513,0.078484,0.08513,0.13051,0.08513,0.078484,0.08513,0.13051,0.085129,0.078484,0.08513,0.13051,0.08513,0.078484,0.08513,0.13051,0.08513,0.078484,0.08513,0.13051,0.08513,0.078484,0.085129,0.13051,0.085147,0.078521,0.08517,0.13057,0.085265,0.078736,0.085639,0.13124,0.082858,0.071972,0.075014,0.11068,0.066723,0.052731,0.052122,0.064885,0.042104,0.035388,0.033828,0.034545,0.02893,0.026427,0.026363,0.026791,0.024755,0.023368,0.024368,0.025896,0.024017,0.022696,0.023754,0.025378,0.023535,0.022253,0.023321,0.024952,0.023145,0.021894,0.022964,0.024596,0.02281,0.021582,0.022654,0.02429,0.022537,0.021356,0.022489,0.024266,0.022829,0.022203,0.024342,0.028139,0.030028,0.03165,0.043488,0.079976
0.081641,0.077322,0.077222,0.078509,0.084822,0.078314,0.077339,0.078331,0.084774,0.078316,0.077325,0.078316,0.084771,0.078316,0.077324,0.078316,0.084771,0.078316,0.077324,0.078316,0.08477,0.078316,0.077324,0.078316,0.08477,0.078315,0.077324,0.078316,0.08477,0.078315,0.077325,0.078316,0.08477,0.078315,0.077324,0.078316,0.08477,0.078315,0.077324,0.078316,0.08477,0.078316,0.077323,0.078313,0.084769,0.078347,0.077382,0.078403,0.084947,0.078494,0.077542,0.078567,0.08443,0.074168,0.068141,0.065584,0.065282,0.054577,0.047307,0.043039,0.039468,0.035092,0.031574,0.029839,0.028371,0.026145,0.024189,0.024196,0.024688,0.023163,0.022075,0.022827,0.023886,0.022587,0.021581,0.022359,0.023441,0.022173,0.021194,0.021975,0.023057,0.021817,0.020864,0.021647,0.022728,0.021509,0.020574,0.02136,0.022443,0.021256,0.020369,0.021222,0.022449,0.02158,0.021287,0.023257,0.026568,0.028959,0.032023,0.042912,0.068039
0.127,0.083533,0.077998,0.084461,0.1289,0.084403,0.078154,0.084414,0.1289,0.084407,0.078148,0.084408,0.1289,0.084407,0.078147,0.084407,0.1289,0.084407,0.078147,0.084407,0.1289,0.084407,0.078147,0.084407,0.1289,0.084406,0.078147,0.084407,0.1289,0.084406,0.078147,0.084407,0.1289,0.084406,0.078147,0.084407,0.1289,0.084406,0.078147,0.084407,0.1289,0.084409,0.078146,0.084392,0.12886,0.084419,0.078218,0.084638,0.12948,0.084616,0.078354,0.08524,0.1309,0.080575,0.066362,0.065849,0.080729,0.054624,0.043112,0.041636,0.04084,0.033305,0.029618,0.028757,0.028986,0.025959,0.024045,0.02472,0.026137,0.024076,0.022713,0.023774,0.025456,0.023559,0.022269,0.023342,0.025026,0.023159,0.021897,0.022969,0.024648,0.02281,0.021573,0.022645,0.02432,0.022504,0.021286,0.022357,0.024031,0.022251,0.021081,0.022215,0.024027,0.022565,0.021948,0.024086,0.027914,0.02977,0.031424,0.04309,0.078971
0.45086,0.12832,0.084033,0.12869,0.45084,0.1287,0.084228,0.12872,0.4509,0.12872,0.084228,0.12872,0.45091,0.12872,0.084227,0.12872,0.45091,0.12872,0.084228,0.12872,0.45091,0.12872,0.084228,0.12872,0.45091,0.12872,0.084228,0.12872,0.45091,0.12872,0.084228,0.12872,0.45091,0.12872,0.084228,0.12872,0.45091,0.12872,0.084227,0.12872,0.45091,0.12873,0.084238,0.12869,0.4507,0.12869,0.084314,0.12923,0.4532,0.12882,0.083897,0.13078,0.46424,0.12522,0.068027,0.081643,0.27634,0.071139,0.040069,0.041196,0.11329,0.032978,0.028183,0.028776,0.083388,0.026428,0.02446,0.026022,0.085549,0.0256,0.023705,0.025361,0.083276,0.025121,0.023276,0.024935,0.081347,0.024724,0.022907,0.024564,0.079733,0.024379,0.022585,0.024239,0.07833,0.024075,0.022298,0.023947,0.07699,0.023822,0.022089,0.023781,0.076067,0.024135,0.022829,0.025008,0.077701,0.031691,0.030273,0.044045,0.15565
0.12663,0.08316,0.077496,0.084094,0.12854,0.084044,0.077669,0.084055,0.12854,0.084048,0.077663,0.08405,0.12854,0.084047,0.077663,0.084049,0.12854,0.084048,0.077663,0.084048,0.12854,0.084048,0.077663,0.084048,0.12854,0.084048,0.077663,0.084048,0.12854,0.084048,0.077663,0.084049,0.12854,0.084048,0.077663,0.084048,0.12854,0.084047,0.07766,0.084046,0.12854,0.084079,0.077729,0.084102,0.12856,0.08403,0.07757,0.084002,0.12839,0.082365,0.07407,0.080533,0.12516,0.073259,0.056116,0.055736,0.071197,0.044311,0.035285,0.033418,0.033075,0.028314,0.025691,0.025666,0.026277,0.024203,0.022843,0.02389,0.025498,0.023639,0.022342,0.023404,0.025031,0.023213,0.021951,0.023015,0.024639,0.022847,0.021611,0.022674,0.024299,0.022526,0.02131,0.022373,0.023996,0.022241,0.021042,0.022105,0.023732,0.022008,0.020856,0.02198,0.023747,0.022335,0.02173,0.023854,0.027628,0.029531,0.03121,0.042801,0.078612
0.08049,0.076477,0.076361,0.077671,0.083737,0.077493,0.076501,0.077511,0.083695,0.077497,0.076489,0.077497,0.083692,0.077496,0.076488,0.077497,0.083692,0.077496,0.076488,0.077497,0.083691,0.077496,0.076488,0.077497,0.083691,0.077496,0.076488,0.077497,0.083691,0.077496,0.076488,0.077497,0.083691,0.077495,0.076487,0.077496,0.08369,0.077493,0.076482,0.077488,0.083687,0.077556,0.076601,0.077671,0.083982,0.077467,0.076255,0.077113,0.082399,0.07328,0.068768,0.06645,0.06777,0.055763,0.04728,0.042641,0.039044,0.034537,0.031226,0.029449,0.028099,0.02566,0.02367,0.023707,0.024255,0.022753,0.021688,0.022456,0.023534,0.022257,0.021267,0.022043,0.023121,0.021872,0.020909,0.021688,0.022764,0.021538,0.020596,0.021375,0.022448,0.02124,0.020315,0.021092,0.022162,0.020973,0.020066,0.020846,0.02192,0.020761,0.019898,0.020745,0.021961,0.021112,0.020835,0.022789,0.026076,0.028479,0.031593,0.042284,0.067091
0.12495,0.082424,0.077161,0.083374,0.12695,0.083326,0.077336,0.083338,0.12695,0.083331,0.07733,0.083333,0.12694,0.083331,0.07733,0.083333,0.12694,0.083331,0.07733,0.083332,0.12694,0.083331,0.077329,0.083332,0.12694,0.083331,0.077329,0.083332,0.12694,0.083331,0.077329,0.083332,0.12694,0.083331,0.077329,0.083332,0.12694,0.08333,0.077321,0.083297,0.12686,0.083347,0.077477,0.083878,0.12832,0.083546,0.076943,0.082541,0.12545,0.078299,0.066033,0.065993,0.080189,0.05515,0.042542,0.040482,0.039204,0.032454,0.029045,0.028292,0.028615,0.025604,0.023683,0.024353,0.025767,0.023731,0.022382,0.023437,0.025114,0.023236,0.021962,0.023028,0.024703,0.022856,0.021611,0.022679,0.024351,0.022528,0.021303,0.022368,0.024034,0.022231,0.021023,0.022084,0.023743,0.021962,0.020775,0.02184,0.023502,0.021753,0.020609,0.021732,0.02353,0.02209,0.021489,0.023607,0.027407,0.029278,0.030982,0.042378,0.077637
0.44419,0.12632,0.082943,0.12673,0.4443,0.12675,0.083154,0.12677,0.44436,0.12676,0.083154,0.12677,0.44437,0.12676,0.083153,0.12677,0.44437,0.12676,0.083153,0.12677,0.44437,0.12676,0.083153,0.12676,0.44437,0.12676,0.083154,0.12677,0.44437,0.12676,0.083154,0.12677,0.44437,0.12676,0.083154,0.12677,0.44437,0.12677,0.083152,0.12668,0.44397,0.12667,0.083294,0.12802,0.45022,0.12712,0.081562,0.12486,0.44401,0.11962,0.066492,0.079582,0.26918,0.069308,0.038598,0.038956,0.096938,0.030625,0.027736,0.028286,0.083671,0.026217,0.024207,0.025738,0.08423,0.025291,0.023401,0.02504,0.08172,0.024798,0.022969,0.024618,0.079895,0.024417,0.022618,0.024268,0.078426,0.024092,0.022311,0.023956,0.07705,0.023794,0.022029,0.023667,0.075714,0.023525,0.021781,0.023421,0.074667,0.023317,0.021609,0.023288,0.073878,0.023649,0.02236,0.02452,0.075481,0.031184,0.029827,0.043312,0.15254
0.12458,0.082057,0.076665,0.083011,0.12659,0.082969,0.076854,0.082982,0.12659,0.082975,0.076849,0.082977,0.12659,0.082975,0.076849,0.082976,0.12659,0.082975,0.076848,0.082976,0.12659,0.082975,0.076849,0.082976,0.12659,0.082975,0.076849,0.082976,0.12659,0.082975,0.076849,0.082976,0.12659,0.082974,0.076847,0.082975,0.12659,0.083006,0.076913,0.082999,0.1265,0.082742,0.076353,0.082726,0.12647,0.080259,0.071191,0.07622,0.11808,0.069323,0.054035,0.053585,0.068539,0.042758,0.0338,0.031929,0.030402,0.027313,0.025011,0.025224,0.026049,0.024017,0.022647,0.023665,0.025252,0.023382,0.02208,0.02312,0.02473,0.022919,0.021668,0.022722,0.024339,0.022559,0.021338,0.022396,0.024014,0.022254,0.021049,0.022104,0.023718,0.021974,0.020786,0.021838,0.02345,0.021724,0.020555,0.021611,0.023229,0.02153,0.0204,0.021512,0.023265,0.021871,0.021282,0.023385,0.027134,0.029048,0.030776,0.042097,0.077286
0.079359,0.075643,0.07551,0.076842,0.082662,0.076679,0.075671,0.076697,0.082624,0.076684,0.075659,0.076684,0.082621,0.076683,0.075658,0.076684,0.082621,0.076683,0.075658,0.076684,0.082621,0.076683,0.075658,0.076684,0.082621,0.076683,0.075658,0.076684,0.08262,0.076683,0.075658,0.076684,0.08262,0.076681,0.075654,0.076678,0.082622,0.076749,0.075778,0.076853,0.082809,0.076199,0.074649,0.075212,0.079168,0.069616,0.063664,0.060422,0.060861,0.050475,0.044286,0.039729,0.036428,0.032676,0.029782,0.028272,0.02742,0.024931,0.023137,0.023359,0.024038,0.022588,0.021527,0.022273,0.023328,0.022042,0.021043,0.021795,0.022852,0.021609,0.020652,0.02142,0.022484,0.02127,0.020339,0.021111,0.022176,0.02098,0.020064,0.020835,0.021896,0.020717,0.019819,0.020591,0.021652,0.020489,0.019606,0.020381,0.021444,0.020306,0.019461,0.020296,0.021499,0.020668,0.020405,0.022343,0.025605,0.028018,0.031178,0.041672,0.066168
0.12292,0.08133,0.076333,0.082297,0.125,0.082257,0.076524,0.082271,0.12501,0.082264,0.076519,0.082265,0.125,0.082263,0.076518,0.082265,0.12501,0.082263,0.076518,0.082265,0.125,0.082263,0.076518,0.082265,0.125,0.082263,0.076518,0.082265,0.125,0.082263,0.076518,0.082265,0.125,0.082263,0.076512,0.082236,0.12494,0.0823,0.076696,0.08288,0.12648,0.082049,0.075016,0.078412,0.11634,0.073058,0.059981,0.059923,0.066611,0.048775,0.039471,0.037081,0.035916,0.030833,0.027714,0.027334,0.027963,0.025159,0.023357,0.024117,0.025586,0.023585,0.022241,0.023277,0.024928,0.023043,0.021758,0.022797,0.024444,0.022603,0.021362,0.022416,0.024071,0.022261,0.021046,0.022101,0.023754,0.021964,0.020767,0.021819,0.023467,0.0217,0.020524,0.021579,0.023227,0.021476,0.020313,0.021367,0.023015,0.021288,0.020162,0.021271,0.023051,0.021633,0.021052,0.023154,0.02693,0.028812,0.030563,0.041698,0.07635
0.43758,0.12435,0.081863,0.12478,0.4378,0.12481,0.082088,0.12483,0.43787,0.12483,0.082088,0.12483,0.43787,0.12483,0.082088,0.12483,0.43787,0.12483,0.082088,0.12483,0.43787,0.12483,0.082088,0.12483,0.43787,0.12483,0.082088,0.12483,0.43787,0.12483,0.082089,0.12483,0.43787,0.12483,0.082088,0.12476,0.43753,0.12478,0.082327,0.12634,0.44467,0.12471,0.078375,0.11587,0.41108,0.10938,0.059455,0.065317,0.21117,0.054908,0.034528,0.034829,0.08225,0.028745,0.02646,0.027497,0.085262,0.026078,0.024055,0.025598,0.083785,0.025167,0.023275,0.024899,0.081053,0.02462,0.02278,0.024404,0.07878,0.024173,0.022377,0.024011,0.077174,0.023826,0.022053,0.023685,0.075763,0.023521,0.021767,0.023394,0.074449,0.023255,0.021523,0.023154,0.073473,0.023032,0.021311,0.022936,0.072491,0.022839,0.02115,0.022811,0.071656,0.02318,0.021915,0.024064,0.073488,0.030709,0.029414,0.042615,0.14959
0.12256,0.080967,0.075843,0.081938,0.12465,0.081905,0.076048,0.081919,0.12465,0.081912,0.076044,0.081914,0.12465,0.081911,0.076043,0.081914,0.12465,0.081912,0.076043,0.081913,0.12465,0.081912,0.076043,0.081913,0.12465,0.081912,0.076043,0.081913,0.12465,0.081911,0.076044,0.081914,0.12466,0.081941,0.0761,0.081933,0.12459,0.081754,0.07571,0.08184,0.12468,0.078481,0.068061,0.071504,0.10807,0.063298,0.048314,0.046752,0.054172,0.035946,0.031032,0.029628,0.028192,0.025674,0.023971,0.024668,0.025882,0.023926,0.022561,0.023572,0.025155,0.023279,0.021971,0.022997,0.024593,0.02277,0.021507,0.022537,0.024136,0.02235,0.021126,0.022168,0.023772,0.022014,0.020813,0.021855,0.023457,0.02172,0.02054,0.021582,0.023184,0.021469,0.02031,0.021356,0.02296,0.021257,0.020107,0.02115,0.022753,0.021074,0.019962,0.021061,0.0228,0.021428,0.020858,0.022948,0.026675,0.028596,0.030367,0.041428,0.076008
0.078246,0.074821,0.07467,0.076023,0.081599,0.075875,0.07485,0.075894,0.081567,0.075881,0.07484,0.075882,0.081564,0.07588,0.074839,0.075881,0.081564,0.07588,0.074838,0.075881,0.081563,0.075879,0.074838,0.075881,0.081563,0.075879,0.074838,0.075881,0.081563,0.075879,0.074838,0.07588,0.081573,0.075942,0.074945,0.076021,0.081717,0.075527,0.07408,0.07471,0.078388,0.068139,0.060203,0.056026,0.054449,0.045656,0.040716,0.036716,0.032957,0.030316,0.027531,0.026398,0.025848,0.023792,0.022412,0.022958,0.023857,0.022492,0.021451,0.022193,0.023241,0.021952,0.020948,0.021689,0.022734,0.021483,0.020517,0.021266,0.022313,0.021095,0.020158,0.020914,0.021963,0.020768,0.019853,0.02061,0.021657,0.020484,0.019591,0.020352,0.021402,0.020248,0.019372,0.020137,0.021186,0.020044,0.019176,0.019938,0.020988,0.01987,0.019044,0.019871,0.021061,0.02025,0.020003,0.021927,0.025166,0.027584,0.030783,0.041086,0.065267
0.12093,0.080251,0.075517,0.081237,0.12309,0.081205,0.075724,0.08122,0.1231,0.081213,0.075719,0.081215,0.1231,0.081212,0.075719,0.081215,0.1231,0.081212,0.075718,0.081214,0.1231,0.081212,0.075718,0.081214,0.1231,0.081212,0.075718,0.081214,0.1231,0.081212,0.075716,0.081201,0.12307,0.081264,0.075879,0.081711,0.12425,0.081083,0.074609,0.078303,0.11626,0.071645,0.056053,0.056175,0.057546,0.043231,0.036565,0.034165,0.033134,0.028788,0.026094,0.026078,0.026946,0.024494,0.022919,0.023842,0.025422,0.023479,0.022157,0.023194,0.02484,0.022955,0.021668,0.022699,0.024335,0.022491,0.021244,0.022281,0.023917,0.022105,0.020885,0.021921,0.023553,0.021765,0.020567,0.021602,0.023232,0.021471,0.020299,0.021341,0.022973,0.021232,0.020078,0.021119,0.022749,0.02102,0.019874,0.020911,0.022541,0.02084,0.019739,0.020839,0.022606,0.021212,0.020647,0.022734,0.026483,0.028367,0.030159,0.041045,0.075078
0.43108,0.12241,0.0808,0.12287,0.43143,0.12291,0.081039,0.12293,0.4315,0.12292,0.08104,0.12292,0.4315,0.12292,0.081039,0.12292,0.4315,0.12292,0.08104,0.12292,0.4315,0.12292,0.08104,0.12292,0.4315,0.12292,0.081041,0.12292,0.4315,0.12292,0.081039,0.12288,0.43131,0.12295,0.081311,0.12417,0.43672,0.12293,0.078335,0.1165,0.41298,0.10857,0.054542,0.057628,0.17044,0.045917,0.032109,0.032365,0.078563,0.027491,0.025443,0.026765,0.086197,0.025826,0.023835,0.025417,0.083174,0.025058,0.023184,0.02481,0.080652,0.024531,0.022693,0.024311,0.07838,0.024069,0.02227,0.023893,0.076643,0.023685,0.021906,0.023521,0.074954,0.023333,0.021578,0.023188,0.073418,0.023031,0.021303,0.022918,0.072309,0.022788,0.021075,0.022687,0.071307,0.022566,0.020862,0.022468,0.070268,0.022381,0.02072,0.022371,0.069702,0.022753,0.021506,0.023641,0.071638,0.03025,0.029038,0.041929,0.14663
0.12057,0.079894,0.075034,0.080883,0.12274,0.080859,0.075254,0.080873,0.12275,0.080867,0.07525,0.080868,0.12275,0.080866,0.075249,0.080868,0.12275,0.080866,0.075249,0.080868,0.12275,0.080866,0.07525,0.080867,0.12275,0.080867,0.07525,0.080868,0.12276,0.080879,0.075275,0.080876,0.12273,0.080864,0.075252,0.081083,0.12309,0.078513,0.069279,0.072901,0.10995,0.06368,0.045848,0.043372,0.046006,0.03242,0.029125,0.027937,0.027098,0.024799,0.023339,0.024278,0.025741,0.023806,0.022443,0.023454,0.025042,0.023181,0.021884,0.022912,0.024507,0.022687,0.021426,0.022453,0.024046,0.022259,0.021032,0.022065,0.023661,0.021896,0.020688,0.021714,0.023303,0.02156,0.020376,0.021402,0.022991,0.021274,0.020115,0.021147,0.022739,0.021038,0.019893,0.020922,0.022509,0.020821,0.019687,0.020714,0.022303,0.020646,0.019559,0.020651,0.02238,0.021024,0.020468,0.022539,0.026237,0.028157,0.029968,0.04078,0.074741
0.077146,0.074009,0.073841,0.075216,0.080551,0.075082,0.074041,0.075101,0.080524,0.075089,0.074031,0.07509,0.08052,0.075088,0.07403,0.075089,0.08052,0.075088,0.07403,0.075089,0.08052,0.075088,0.07403,0.075089,0.08052,0.075088,0.07403,0.075089,0.080526,0.075117,0.074077,0.075148,0.080599,0.075032,0.073869,0.074794,0.07915,0.069887,0.063648,0.060198,0.060191,0.048963,0.040981,0.036816,0.032289,0.029198,0.026215,0.025283,0.025038,0.02321,0.022018,0.022719,0.023737,0.022407,0.021369,0.022105,0.023148,0.021865,0.020869,0.021611,0.022654,0.021407,0.020443,0.021188,0.022231,0.021013,0.020076,0.020825,0.021866,0.020668,0.019748,0.020492,0.021527,0.020351,0.019453,0.020201,0.021237,0.020083,0.019206,0.019958,0.020994,0.019853,0.018987,0.019736,0.020767,0.01964,0.018786,0.019537,0.020573,0.019475,0.018668,0.019488,0.020667,0.01987,0.019631,0.021534,0.024743,0.027161,0.030397,0.040514,0.064376
0.11896,0.079184,0.074711,0.080187,0.1212,0.080164,0.074933,0.080179,0.12121,0.080173,0.074929,0.080174,0.12121,0.080172,0.074928,0.080175,0.12121,0.080172,0.074928,0.080174,0.12121,0.080172,0.074928,0.080173,0.12121,0.080172,0.074927,0.080169,0.1212,0.080199,0.074997,0.080369,0.12165,0.080159,0.074657,0.079636,0.11986,0.074262,0.06047,0.059943,0.066873,0.047526,0.036975,0.034448,0.032571,0.028053,0.025331,0.02542,0.026414,0.024136,0.022676,0.023682,0.02532,0.023401,0.022084,0.023115,0.024753,0.022874,0.021593,0.022623,0.024256,0.022416,0.021172,0.022206,0.023836,0.022027,0.020808,0.02184,0.023464,0.021676,0.020475,0.021499,0.023115,0.021354,0.02018,0.021209,0.022824,0.021086,0.01993,0.020958,0.02257,0.020845,0.0197,0.020722,0.022329,0.020619,0.019491,0.020516,0.022128,0.020451,0.019368,0.020457,0.022207,0.020828,0.020272,0.022335,0.02605,0.027935,0.029765,0.040405,0.073816
0.42463,0.12048,0.07975,0.12098,0.4251,0.12102,0.080002,0.12104,0.42517,0.12103,0.080004,0.12104,0.42517,0.12103,0.080003,0.12104,0.42517,0.12103,0.080003,0.12104,0.42517,0.12103,0.080003,0.12104,0.42517,0.12103,0.080003,0.12102,0.42511,0.12106,0.080137,0.12152,0.42713,0.12094,0.079019,0.12013,0.42627,0.11385,0.060994,0.067577,0.21997,0.056231,0.033391,0.033483,0.079585,0.027215,0.025104,0.026443,0.085965,0.025653,0.023693,0.025303,0.082785,0.024986,0.023117,0.024739,0.080255,0.024457,0.022625,0.024241,0.07803,0.024,0.022204,0.023822,0.076271,0.023613,0.021838,0.02345,0.074608,0.023255,0.021499,0.0231,0.072986,0.02293,0.021201,0.022806,0.071757,0.022659,0.020945,0.022545,0.070604,0.022406,0.020703,0.022294,0.06942,0.02217,0.020486,0.022079,0.068472,0.021999,0.020355,0.021993,0.067934,0.022369,0.021131,0.023246,0.069769,0.029809,0.028678,0.041261,0.14368
0.11861,0.078839,0.074243,0.079843,0.12086,0.079826,0.074475,0.07984,0.12087,0.079834,0.074472,0.079836,0.12087,0.079833,0.074471,0.079835,0.12087,0.079833,0.074471,0.079835,0.12087,0.079834,0.074471,0.079836,0.12087,0.079838,0.074478,0.079838,0.12087,0.079882,0.074575,0.079984,0.12093,0.078404,0.071023,0.07573,0.11502,0.067709,0.050653,0.049085,0.056846,0.036903,0.030587,0.029045,0.02766,0.024906,0.023272,0.024166,0.025663,0.023723,0.022369,0.023385,0.02498,0.023129,0.021837,0.022861,0.024452,0.022636,0.021379,0.022404,0.023996,0.022211,0.020987,0.022015,0.023608,0.021846,0.020641,0.021664,0.02325,0.021507,0.020322,0.02134,0.022923,0.021203,0.020043,0.021065,0.022649,0.020944,0.019796,0.020813,0.02239,0.020697,0.019559,0.020571,0.022144,0.020469,0.019352,0.02037,0.021952,0.020307,0.019233,0.020313,0.022029,0.02068,0.020128,0.022174,0.025842,0.027757,0.029604,0.040168,0.073501
0.076084,0.073222,0.07304,0.074429,0.079522,0.074307,0.073253,0.074327,0.079498,0.074315,0.073244,0.074315,0.079494,0.074314,0.073243,0.074315,0.079494,0.074314,0.073243,0.074315,0.079495,0.074314,0.073243,0.074315,0.079497,0.074322,0.073255,0.074327,0.079524,0.074387,0.073354,0.074434,0.079142,0.071099,0.067113,0.064877,0.065374,0.053809,0.044566,0.039602,0.034852,0.031249,0.027768,0.026274,0.025552,0.023411,0.022069,0.02271,0.023713,0.022387,0.021353,0.022086,0.023123,0.021851,0.020861,0.021598,0.022633,0.021395,0.020436,0.021178,0.022214,0.021003,0.02007,0.020814,0.021846,0.020656,0.019741,0.020481,0.021507,0.020337,0.019441,0.020181,0.021205,0.020055,0.019178,0.01992,0.020942,0.019803,0.018935,0.019671,0.020687,0.019558,0.018701,0.019435,0.020451,0.019341,0.018503,0.019246,0.020271,0.019189,0.018392,0.0192,0.020362,0.019574,0.019338,0.021217,0.024394,0.026812,0.030081,0.04001,0.063543
0.11706,0.078163,0.073943,0.079174,0.11934,0.079157,0.074174,0.079172,0.11935,0.079166,0.074171,0.079168,0.11935,0.079166,0.074171,0.079168,0.11935,0.079166,0.07417,0.079167,0.11935,0.079166,0.07417,0.079167,0.11935,0.079175,0.074186,0.079194,0.1194,0.079197,0.074314,0.079861,0.12098,0.076215,0.065086,0.064898,0.08013,0.053689,0.039944,0.037331,0.035115,0.029883,0.026611,0.026217,0.026828,0.024343,0.022794,0.023754,0.025353,0.023462,0.022153,0.023172,0.02478,0.022933,0.021664,0.022684,0.024286,0.022479,0.021246,0.02227,0.023869,0.022091,0.020881,0.021902,0.023493,0.021738,0.020547,0.021561,0.023145,0.021414,0.020247,0.021262,0.022843,0.021133,0.019983,0.020995,0.02257,0.020864,0.01972,0.020723,0.022294,0.020597,0.019466,0.020471,0.022047,0.020371,0.019263,0.020277,0.021863,0.020215,0.019146,0.020218,0.021936,0.020581,0.020034,0.02207,0.025737,0.027637,0.029502,0.039898,0.072698
0.41833,0.11866,0.078812,0.11917,0.41885,0.11921,0.079069,0.11924,0.41892,0.11923,0.079071,0.11923,0.41892,0.11923,0.079071,0.11923,0.41892,0.11923,0.07907,0.11923,0.41893,0.11923,0.07907,0.11923,0.41891,0.11925,0.079119,0.1193,0.41911,0.11908,0.078985,0.12114,0.42968,0.11648,0.065973,0.0806,0.27486,0.06993,0.036874,0.036313,0.082479,0.028512,0.026142,0.027167,0.085179,0.025908,0.023946,0.02553,0.082644,0.025216,0.023361,0.024966,0.080091,0.024685,0.022871,0.024473,0.077898,0.024234,0.022453,0.024057,0.076146,0.023846,0.022086,0.023681,0.07446,0.023486,0.021746,0.023332,0.072852,0.023159,0.021444,0.02303,0.071579,0.022873,0.02117,0.022747,0.070406,0.022573,0.02087,0.022434,0.069163,0.022265,0.020578,0.022147,0.068066,0.022024,0.020361,0.021941,0.06726,0.021863,0.020234,0.021852,0.066659,0.022221,0.020997,0.02309,0.068405,0.029616,0.028556,0.040835,0.14121
0.11685,0.077997,0.073772,0.079013,0.11914,0.078997,0.074005,0.079011,0.11915,0.079005,0.074,0.079006,0.11915,0.079004,0.073999,0.079006,0.11915,0.079004,0.073999,0.079006,0.11915,0.079006,0.074001,0.079008,0.11916,0.079068,0.074131,0.079088,0.11904,0.078106,0.071953,0.077157,0.1172,0.070551,0.055601,0.055425,0.070893,0.043747,0.033402,0.031519,0.029376,0.026297,0.0244,0.025041,0.026328,0.024331,0.022978,0.023977,0.025571,0.023724,0.022449,0.023456,0.025044,0.023232,0.021994,0.023004,0.024594,0.022812,0.021605,0.022617,0.024206,0.022446,0.021257,0.022263,0.023845,0.022105,0.020937,0.021939,0.023519,0.0218,0.020654,0.021656,0.023232,0.021521,0.020379,0.021363,0.022909,0.021184,0.020029,0.020993,0.022525,0.020817,0.019685,0.020669,0.022225,0.020557,0.019458,0.02046,0.022033,0.020397,0.019338,0.020398,0.022102,0.020761,0.020225,0.02225,0.025904,0.027817,0.029692,0.039977,0.072576
0.075335,0.072837,0.072772,0.074066,0.078831,0.073945,0.072994,0.073966,0.078807,0.073953,0.072983,0.073954,0.078803,0.073952,0.072982,0.073953,0.078804,0.073952,0.072982,0.073953,0.078805,0.073955,0.072984,0.073954,0.078824,0.074077,0.073189,0.074217,0.078893,0.071974,0.069062,0.067858,0.068617,0.057753,0.049086,0.044028,0.039872,0.035222,0.031173,0.028991,0.027549,0.025206,0.023702,0.024118,0.02486,0.023643,0.022664,0.023328,0.024213,0.023097,0.022173,0.022844,0.023725,0.022642,0.021753,0.02243,0.023312,0.022256,0.021391,0.022067,0.022945,0.021908,0.021059,0.021731,0.022603,0.021588,0.020759,0.021432,0.022302,0.021306,0.020495,0.021164,0.022023,0.021026,0.020206,0.020847,0.021663,0.020608,0.019748,0.020369,0.021203,0.02013,0.019291,0.019959,0.020862,0.019834,0.019036,0.019733,0.020665,0.019672,0.018916,0.019679,0.020749,0.020053,0.019862,0.021699,0.024785,0.027304,0.030627,0.040296,0.063157
0.11569,0.077933,0.074063,0.079029,0.11817,0.079009,0.07431,0.079025,0.11818,0.079017,0.074304,0.079018,0.11818,0.079017,0.074303,0.079018,0.11818,0.079017,0.074303,0.079019,0.11819,0.079023,0.074309,0.079001,0.11813,0.079091,0.074576,0.080106,0.12077,0.07758,0.068402,0.068544,0.088737,0.058846,0.045407,0.043068,0.040537,0.034518,0.03096,0.029777,0.029129,0.027103,0.025606,0.02628,0.027051,0.025911,0.024794,0.025612,0.026442,0.025375,0.024307,0.025127,0.025951,0.024925,0.023895,0.024722,0.025543,0.024546,0.023537,0.024356,0.025166,0.024191,0.023201,0.024014,0.024816,0.023868,0.022903,0.023718,0.024517,0.02359,0.022641,0.023446,0.024225,0.02328,0.022307,0.023068,0.0238,0.022684,0.021623,0.022367,0.023257,0.021978,0.020931,0.021769,0.022855,0.021601,0.020603,0.02149,0.022634,0.021418,0.020466,0.021418,0.022702,0.021785,0.021363,0.023284,0.026515,0.028902,0.03089,0.04093,0.072291
0.41289,0.11913,0.081094,0.11983,0.414,0.11985,0.08129,0.11986,0.41407,0.11986,0.08128,0.11986,0.41407,0.11986,0.081279,0.11986,0.41407,0.11986,0.08128,0.11986,0.41408,0.11988,0.081318,0.11982,0.41372,0.11981,0.081517,0.12264,0.42727,0.11917,0.07153,0.091094,0.30751,0.081629,0.044923,0.044262,0.096997,0.035297,0.032615,0.03286,0.087011,0.030804,0.02908,0.030374,0.085419,0.030035,0.028443,0.029782,0.08281,0.029505,0.027958,0.029295,0.080595,0.029062,0.027552,0.028894,0.078906,0.028689,0.027196,0.028525,0.077181,0.028331,0.026858,0.028178,0.075554,0.028009,0.026562,0.027885,0.07429,0.027736,0.026301,0.027609,0.07307,0.027376,0.025897,0.027138,0.071642,0.026438,0.024819,0.025998,0.069991,0.025286,0.023717,0.025031,0.068819,0.024764,0.02326,0.024653,0.067941,0.024554,0.023096,0.024539,0.067333,0.024916,0.023875,0.0258,0.069098,0.032431,0.031455,0.043272,0.13993
0.11925,0.083756,0.080531,0.085037,0.12245,0.084934,0.080749,0.084933,0.12243,0.084921,0.080736,0.084921,0.12243,0.084919,0.080735,0.08492,0.12243,0.084918,0.080735,0.084923,0.12244,0.084978,0.080822,0.085042,0.12241,0.084705,0.080406,0.084325,0.12289,0.079454,0.068482,0.06764,0.0864,0.056868,0.045121,0.0429,0.040653,0.036486,0.03417,0.034174,0.035596,0.032938,0.03171,0.032551,0.034675,0.032298,0.03118,0.032041,0.034163,0.031824,0.030742,0.031607,0.03373,0.031425,0.030377,0.031249,0.033373,0.031087,0.030052,0.030915,0.033028,0.030761,0.029744,0.030603,0.032714,0.030471,0.029478,0.030343,0.032455,0.030225,0.029236,0.030075,0.032133,0.029839,0.028757,0.02942,0.031125,0.028545,0.027218,0.027642,0.02907,0.026794,0.025654,0.026284,0.027908,0.025974,0.025008,0.025811,0.027548,0.02572,0.024826,0.025712,0.027593,0.026082,0.025738,0.027643,0.031529,0.033142,0.03479,0.044798,0.07584
0.083753,0.080043,0.080229,0.082075,0.088267,0.081866,0.080802,0.081924,0.088225,0.081901,0.080788,0.081902,0.088219,0.0819,0.080787,0.081901,0.088219,0.081899,0.080787,0.081899,0.088234,0.081985,0.080899,0.082106,0.088582,0.081553,0.080186,0.080715,0.083424,0.074421,0.067599,0.064827,0.05998,0.054125,0.047872,0.042797,0.038453,0.037071,0.036319,0.0351,0.033939,0.034243,0.034508,0.03395,0.033175,0.033729,0.034064,0.033522,0.032717,0.033329,0.033684,0.033151,0.03233,0.032989,0.033366,0.032845,0.032003,0.032698,0.033081,0.032558,0.031689,0.03242,0.032812,0.032291,0.031407,0.032173,0.03258,0.032068,0.031174,0.031964,0.032364,0.031825,0.030856,0.031563,0.031889,0.031192,0.029776,0.030056,0.030396,0.029556,0.028358,0.028657,0.028957,0.028164,0.027314,0.02782,0.028123,0.027647,0.026947,0.027556,0.027923,0.02757,0.027034,0.027941,0.028869,0.02967,0.031095,0.034751,0.03818,0.047076,0.070355
0.14257,0.10079,0.094205,0.10276,0.14739,0.10261,0.094524,0.10265,0.14741,0.10264,0.094522,0.10264,0.14741,0.10264,0.094522,0.10264,0.14741,0.10264,0.094513,0.10262,0.14737,0.10276,0.094883,0.10361,0.14957,0.10271,0.092491,0.096325,0.13138,0.089519,0.073493,0.070768,0.070732,0.05959,0.056529,0.054992,0.054764,0.05085,0.04977,0.050239,0.05288,0.049725,0.048837,0.04944,0.051843,0.04918,0.048369,0.048991,0.051134,0.048783,0.048008,0.048639,0.050595,0.048463,0.047703,0.048326,0.050075,0.048158,0.047413,0.048025,0.049569,0.047874,0.047151,0.047766,0.049167,0.047641,0.046933,0.047548,0.04882,0.047455,0.046757,0.047368,0.048431,0.04686,0.04596,0.046252,0.046248,0.042629,0.040701,0.038596,0.03836,0.035919,0.035546,0.034466,0.035502,0.033876,0.034376,0.033624,0.034931,0.033505,0.034129,0.033417,0.034814,0.033702,0.034913,0.035238,0.038522,0.040404,0.042811,0.053845,0.092179
0.49612,0.18599,0.12888,0.18691,0.50333,0.18673,0.12856,0.18678,0.50353,0.18678,0.12857,0.18678,0.50353,0.18678,0.12857,0.18678,0.50353,0.18677,0.12855,0.18671,0.50324,0.18688,0.12914,0.18909,0.51293,0.18802,0.12552,0.17292,0.44763,0.16649,0.10446,0.11392,0.22082,0.10658,0.084396,0.097683,0.18425,0.095846,0.08021,0.095983,0.18552,0.095777,0.079775,0.094999,0.1822,0.094838,0.079317,0.094275,0.17979,0.094153,0.078976,0.093742,0.17803,0.093637,0.078687,0.093222,0.17624,0.093121,0.078403,0.092714,0.17449,0.092623,0.078153,0.092313,0.17316,0.092239,0.077949,0.091964,0.17197,0.091934,0.077861,0.091854,0.1711,0.091361,0.07662,0.089185,0.16594,0.084666,0.064281,0.066595,0.12759,0.061572,0.052962,0.057619,0.11906,0.056735,0.050592,0.056434,0.11794,0.056292,0.05023,0.05588,0.11664,0.055967,0.050357,0.056289,0.11704,0.062628,0.057839,0.082466,0.19412
