-0.030553,-0.0057863,-0.0018317,-0.005555,-0.029331,-0.0056036,-0.0018243,-0.005608,-0.029356,-0.0056099,-0.0018282,-0.0056101,-0.029357,-0.0056101,-0.0018283,-0.0056101,-0.029357,-0.0056099,-0.0018278,-0.0056086,-0.029355,-0.0056124,-0.0018456,-0.0056641,-0.029452,-0.0056433,-0.0017414,-0.0052851,-0.028782,-0.005164,-0.0011939,-0.0041191,-0.026525,-0.0040219,-0.00066677,-0.0038339,-0.026148,-0.0038135,-0.00056907,-0.0038175,-0.026159,-0.0038159,-0.00056246,-0.0038005,-0.026127,-0.0037988,-0.00055099,-0.0037874,-0.026103,-0.0037861,-0.00054239,-0.0037777,-0.026086,-0.0037766,-0.00053503,-0.0037681,-0.026068,-0.003767,-0.00052775,-0.0037588,-0.026051,-0.0037578,-0.00052138,-0.0037515,-0.026037,-0.0037506,-0.00051596,-0.0037447,-0.026025,-0.003742,-0.00051217,-0.0037648,-0.026163,-0.0037968,-0.00055255,-0.0036705,-0.025398,-0.0037731,-0.00032798,-0.0016045,-0.014551,-0.0016625,-4.8489e-05,-0.0012932,-0.012592,-0.0013002,-0,-0.0012949,-0.01257,-0.0012971,-0,-0.0012645,-0.012399,-0.001263,-0,-0.0012336,-0.012221,-0.0012374,-2.125e-05,-0.002306,-0.016321
-0.0052897,-0.0014472,-0.00065878,-0.0013953,-0.0047933,-0.0013959,-0.00069905,-0.0014051,-0.0048095,-0.0014056,-0.0007017,-0.0014059,-0.00481,-0.0014059,-0.00070177,-0.0014059,-0.00481,-0.0014058,-0.00070155,-0.0014055,-0.00481,-0.0014092,-0.00071166,-0.0014227,-0.0048333,-0.0013981,-0.00064522,-0.0013002,-0.0046131,-0.0011796,-0.0003349,-0.00087888,-0.0039734,-0.00075901,-3.5064e-05,-0.00070226,-0.003856,-0.00068126,-0,-0.00068213,-0.0038554,-0.00068061,-0,-0.000676,-0.0038464,-0.00067351,-0,-0.00067011,-0.0038397,-0.0006682,-0,-0.00066573,-0.0038348,-0.00066412,-0,-0.00066162,-0.0038298,-0.00066003,-0,-0.00065756,-0.0038249,-0.00065617,-0,-0.00065428,-0.0038212,-0.00065308,-0,-0.00065091,-0.0038169,-0.00064838,-0,-0.00064789,-0.0038419,-0.00067765,-3.3229e-05,-0.00080821,-0.003882,-0.0007737,-0,-0.00024606,-0.0016987,-0.00015053,-0,-3.9941e-06,-0.0012262,-0,-0,-0,-0.001228,-0,-0,-0,-0.0011938,-0,-0,-0,-0.001155,-2.6597e-05,-0,-0.00034192,-0.0032924
0.0039704,0.00031201,0,0.00022349,0.0033878,0.00019824,0,0.00020364,0.0033934,0.00020341,0,0.00020356,0.0033936,0.00020351,0,0.00020353,0.0033936,0.00020354,0,0.0002034,0.0033931,0.00020187,0,0.00019921,0.0033922,0.00021102,0,0.00025344,0.0034564,0.00030876,0,0.00044303,0.003618,0.00050486,0,0.00053966,0.0036657,0.00055072,0,0.000552,0.0036698,0.00055284,0,0.0005551,0.0036723,0.00055645,0,0.00055824,0.0036745,0.0005593,0,0.00056062,0.0036761,0.00056149,0,0.00056281,0.0036777,0.00056365,0,0.00056497,0.0036792,0.00056569,0,0.0005667,0.0036804,0.00056738,0,0.00056812,0.0036817,0.00057341,0,0.0006056,0.0037743,0.00054707,0,0.00021815,0.0027637,0.00010595,0,0,0.00099916,0,0,0,0.0011133,0,0,0,0.0010717,0,0,0,0.0010437,0,0,0,0.0010079,0,0,0,0.0025951
0.026793,0.0038672,0.00040215,0.0034741,0.025283,0.0035046,0.0003766,0.0035048,0.025297,0.0035057,0.00037813,0.0035058,0.025297,0.0035058,0.00037816,0.0035058,0.025297,0.0035058,0.00037815,0.0035057,0.025297,0.0035048,0.00037649,0.0035045,0.025298,0.0035127,0.00039507,0.0035285,0.025331,0.0035655,0.00047649,0.0036103,0.025407,0.0036475,0.00055515,0.0036604,0.025435,0.0036674,0.00057048,0.0036683,0.025438,0.0036689,0.00057187,0.0036696,0.025439,0.0036704,0.00057362,0.003671,0.02544,0.0036717,0.00057498,0.0036721,0.025441,0.0036727,0.00057612,0.0036731,0.025442,0.0036736,0.00057723,0.0036741,0.025443,0.0036745,0.00057823,0.0036749,0.025443,0.0036752,0.00057901,0.0036755,0.025443,0.0036762,0.00059486,0.0037623,0.025874,0.0037505,0.00042553,0.002837,0.021584,0.0028651,0,0.0010818,0.012215,0.00108,0,0.001101,0.012243,0.0011172,0,0.0010759,0.012044,0.0010769,0,0.0010477,0.011899,0.0010461,0,0.0010144,0.011717,0.001009,0,0.0017449,0.015017
-0.026971,-0.0041179,-0.00072862,-0.0037443,-0.025507,-0.0037818,-0.00072145,-0.0037834,-0.025524,-0.0037846,-0.00072361,-0.0037847,-0.025524,-0.0037847,-0.00072364,-0.0037847,-0.025524,-0.0037847,-0.00072367,-0.0037848,-0.025525,-0.003785,-0.00072428,-0.0037849,-0.025524,-0.0037818,-0.00071609,-0.0037753,-0.025513,-0.0037619,-0.00068122,-0.0037457,-0.025491,-0.0037323,-0.00064776,-0.0037269,-0.025481,-0.0037243,-0.00064095,-0.0037238,-0.02548,-0.0037235,-0.00064027,-0.0037232,-0.02548,-0.003723,-0.00063955,-0.0037227,-0.025479,-0.0037225,-0.00063902,-0.0037223,-0.025479,-0.0037221,-0.0006385,-0.003722,-0.025479,-0.0037218,-0.000638,-0.0037216,-0.025478,-0.0037214,-0.00063758,-0.0037213,-0.025478,-0.0037211,-0.00063707,-0.0037207,-0.025476,-0.0037199,-0.00065011,-0.0038085,-0.025925,-0.0038566,-0.00062307,-0.0030659,-0.021812,-0.0031153,-0.00019875,-0.0012507,-0.012336,-0.0011872,-0,-0.0011596,-0.012276,-0.0011555,-0,-0.0011142,-0.012072,-0.0011158,-0,-0.0010862,-0.011927,-0.0010852,-0,-0.0010576,-0.011761,-0.0010789,-0,-0.0018642,-0.015153
-0.0042938,-0.00071061,-6.3738e-06,-0.00067403,-0.0037349,-0.00066,-0,-0.00066708,-0.0037455,-0.00066718,-0,-0.00066736,-0.0037458,-0.00066735,-0,-0.00066738,-0.0037458,-0.00066736,-0,-0.00066739,-0.0037459,-0.00066747,-0,-0.00066735,-0.0037454,-0.00066573,-0,-0.00066368,-0.0037411,-0.00065701,-0,-0.00065232,-0.0037328,-0.00064585,-0,-0.00064402,-0.0037288,-0.00064267,-0,-0.00064245,-0.0037282,-0.00064229,-0,-0.00064221,-0.003728,-0.00064205,-0,-0.000642,-0.0037279,-0.00064188,-0,-0.00064183,-0.0037278,-0.00064173,-0,-0.00064169,-0.0037277,-0.0006416,-0,-0.00064155,-0.0037276,-0.00064147,-0,-0.00064141,-0.0037274,-0.00064131,-0,-0.00064085,-0.0037269,-0.00064347,-0,-0.00067054,-0.0038276,-0.000685,-1.0257e-05,-0.00065914,-0.0031932,-0.0005755,-0,-4.0058e-05,-0.001185,-0,-0,-0,-0.0011501,-0,-0,-0,-0.0011091,-0,-0,-0,-0.00108,-0,-0,-0,-0.0010532,-0,-0,-7.1011e-05,-0.0028411
0.0041554,0.00059848,0,0.00056121,0.0035889,0.00054515,0,0.00055181,0.0035983,0.00055181,0,0.000552,0.0035986,0.00055195,0,0.00055198,0.0035986,0.00055195,0,0.00055195,0.0035986,0.00055192,0,0.00055204,0.003599,0.00055275,0,0.00055397,0.0036009,0.00055669,0,0.0005592,0.0036043,0.00056182,0,0.00056293,0.0036062,0.00056351,0,0.00056368,0.0036066,0.00056374,0,0.00056377,0.0036066,0.00056386,0,0.00056387,0.0036067,0.00056396,0,0.00056397,0.0036067,0.00056402,0,0.00056405,0.0036068,0.00056408,0,0.00056412,0.0036068,0.00056415,0,0.00056418,0.0036069,0.00056428,0,0.00056375,0.0036061,0.000566,0,0.0005961,0.0037091,0.0005174,0,5.3046e-05,0.0020828,0,0,0,0.0010434,0,0,0,0.0011297,0,0,0,0.0010916,0,0,0,0.0010655,0,0,0,0.0010352,0,0,2.8027e-05,0.0027724
0.026559,0.0039572,0.0005774,0.0035738,0.025073,0.0036089,0.00056613,0.00361,0.025089,0.003611,0.00056803,0.0036111,0.025089,0.0036111,0.00056808,0.0036111,0.025089,0.0036111,0.00056808,0.0036111,0.025089,0.0036111,0.00056808,0.0036111,0.025089,0.0036115,0.00056879,0.003612,0.02509,0.0036132,0.00057119,0.0036141,0.025092,0.0036154,0.00057347,0.0036158,0.025093,0.0036161,0.00057408,0.0036162,0.025093,0.0036162,0.00057415,0.0036162,0.025093,0.0036162,0.00057423,0.0036163,0.025093,0.0036163,0.00057428,0.0036163,0.025093,0.0036163,0.00057432,0.0036163,0.025093,0.0036164,0.00057434,0.0036164,0.025094,0.0036164,0.00057441,0.0036164,0.025094,0.0036165,0.00057452,0.0036162,0.025091,0.0036133,0.00058439,0.0037117,0.025617,0.0037112,0.00032867,0.0021584,0.018126,0.0022091,0,0.001062,0.011942,0.0010698,0,0.0011283,0.012224,0.0011329,0,0.0010921,0.012021,0.0010937,0,0.0010665,0.011886,0.0010653,0,0.0010351,0.011712,0.0010463,0,0.0018045,0.015041
-0.026588,-0.0039936,-0.00062151,-0.0036126,-0.025108,-0.0036483,-0.00061175,-0.0036495,-0.025124,-0.0036506,-0.00061371,-0.0036507,-0.025124,-0.0036506,-0.00061374,-0.0036507,-0.025124,-0.0036506,-0.00061374,-0.0036506,-0.025124,-0.0036506,-0.00061373,-0.0036506,-0.025124,-0.0036505,-0.00061345,-0.0036503,-0.025124,-0.0036498,-0.00061249,-0.0036495,-0.025123,-0.003649,-0.00061158,-0.0036489,-0.025123,-0.0036488,-0.00061131,-0.0036487,-0.025123,-0.0036487,-0.00061126,-0.0036487,-0.025122,-0.0036487,-0.00061127,-0.0036487,-0.025122,-0.0036487,-0.00061129,-0.0036487,-0.025122,-0.0036487,-0.00061125,-0.0036487,-0.025122,-0.0036487,-0.00061119,-0.0036487,-0.025122,-0.0036486,-0.00061115,-0.0036486,-0.025122,-0.0036482,-0.00061033,-0.0036479,-0.025122,-0.0036542,-0.00064298,-0.0037766,-0.025696,-0.0038373,-0.00053223,-0.0023855,-0.018345,-0.0024237,-9.1565e-05,-0.0011486,-0.011985,-0.0010935,-0,-0.0011385,-0.012231,-0.0011391,-0,-0.0010972,-0.012025,-0.0010983,-0,-0.0010709,-0.01189,-0.0010697,-0,-0.0010402,-0.011718,-0.0010552,-0,-0.0018206,-0.015063
-0.0042132,-0.00066263,-0,-0.00062945,-0.0036483,-0.00061426,-0,-0.00062106,-0.0036583,-0.00062113,-0,-0.00062129,-0.0036586,-0.00062128,-0,-0.00062131,-0.0036586,-0.00062128,-0,-0.00062128,-0.0036586,-0.00062128,-0,-0.00062127,-0.0036585,-0.00062121,-0,-0.00062113,-0.0036584,-0.00062096,-0,-0.00062083,-0.0036582,-0.00062065,-0,-0.00062057,-0.003658,-0.00062052,-0,-0.00062051,-0.003658,-0.00062049,-0,-0.00062049,-0.003658,-0.00062049,-0,-0.00062049,-0.003658,-0.00062048,-0,-0.00062048,-0.003658,-0.00062049,-0,-0.0006205,-0.003658,-0.0006205,-0,-0.00062049,-0.003658,-0.00062048,-0,-0.00062035,-0.0036577,-0.00061967,-0,-0.00061737,-0.0036569,-0.00063036,-0,-0.00070859,-0.003833,-0.00070523,-0,-0.00049367,-0.002515,-0.00039359,-0,-0,-0.0010908,-0,-0,-0,-0.0011397,-0,-0,-0,-0.0010983,-0,-0,-0,-0.0010715,-0,-0,-0,-0.0010431,-0,-0,-5.4561e-05,-0.0028132
0.0040937,0.00058826,0,0.00055485,0.0035291,0.00053947,0,0.00054625,0.0035389,0.00054627,0,0.00054647,0.0035393,0.00054641,0,0.00054644,0.0035393,0.0005464,0,0.00054642,0.0035393,0.00054642,0,0.00054644,0.0035393,0.00054646,0,0.00054651,0.0035394,0.00054657,0,0.00054665,0.0035395,0.00054672,0,0.00054678,0.0035395,0.00054679,0,0.00054681,0.0035395,0.00054681,0,0.00054679,0.0035395,0.00054681,0,0.00054678,0.0035395,0.00054684,0,0.00054682,0.0035395,0.00054683,0,0.00054681,0.0035395,0.00054681,0,0.00054681,0.0035395,0.00054684,0,0.00054687,0.0035398,0.00054818,0,0.00055425,0.0035564,0.00054112,0,0.00049345,0.0034435,0.00039451,0,0,0.0014014,0,0,0,0.0011058,0,0,0,0.0011195,0,0,0,0.0010863,0,0,0,0.0010603,0,0,0,0.0010317,0,0,2.8878e-05,0.0027582
0.026212,0.0038938,0.00056494,0.0035113,0.024727,0.0035467,0.00055437,0.0035478,0.024743,0.0035489,0.0005563,0.0035489,0.024743,0.0035489,0.00055636,0.003549,0.024743,0.0035489,0.00055636,0.0035489,0.024743,0.0035489,0.00055635,0.0035489,0.024743,0.0035489,0.00055638,0.0035489,0.024743,0.003549,0.00055645,0.003549,0.024743,0.003549,0.00055651,0.0035491,0.024743,0.0035491,0.00055653,0.0035491,0.024743,0.0035491,0.00055653,0.0035491,0.024743,0.0035491,0.00055656,0.0035491,0.024743,0.0035491,0.00055658,0.0035491,0.024743,0.0035491,0.00055657,0.0035491,0.024743,0.0035491,0.00055656,0.0035491,0.024743,0.0035491,0.00055664,0.0035493,0.024744,0.0035498,0.00056049,0.0035658,0.024821,0.0035567,0.00052659,0.0034646,0.024481,0.0034756,0.00017116,0.0014899,0.014644,0.0015386,0,0.0010829,0.012127,0.0011159,0,0.001121,0.012163,0.0011218,0,0.0010864,0.011986,0.0010879,0,0.0010611,0.011854,0.0010599,0,0.0010301,0.011681,0.0010432,0,0.0017921,0.014978
-0.026237,-0.0039233,-0.00059987,-0.0035424,-0.024756,-0.0035781,-0.0005901,-0.0035793,-0.024771,-0.0035803,-0.00059204,-0.0035804,-0.024772,-0.0035803,-0.00059206,-0.0035804,-0.024772,-0.0035804,-0.00059206,-0.0035804,-0.024772,-0.0035804,-0.00059206,-0.0035804,-0.024772,-0.0035804,-0.00059208,-0.0035804,-0.024772,-0.0035803,-0.00059207,-0.0035804,-0.024772,-0.0035803,-0.00059207,-0.0035804,-0.024772,-0.0035804,-0.00059205,-0.0035804,-0.024772,-0.0035804,-0.00059205,-0.0035803,-0.024772,-0.0035804,-0.00059206,-0.0035803,-0.024772,-0.0035804,-0.0005921,-0.0035804,-0.024772,-0.0035804,-0.00059206,-0.0035803,-0.024772,-0.0035804,-0.00059202,-0.0035803,-0.024772,-0.0035803,-0.00059189,-0.0035801,-0.024771,-0.0035788,-0.00059182,-0.003594,-0.024855,-0.0036171,-0.00063508,-0.0035962,-0.024626,-0.0036582,-0.00039975,-0.0017033,-0.01483,-0.0017115,-1.6381e-05,-0.001142,-0.012146,-0.0011203,-0,-0.001124,-0.012167,-0.0011261,-0,-0.00109,-0.01199,-0.0010911,-0,-0.0010642,-0.011857,-0.0010631,-0,-0.0010336,-0.011685,-0.0010493,-0,-0.0018047,-0.014996
-0.0041453,-0.0006396,-0,-0.00060957,-0.0035795,-0.00059444,-0,-0.00060124,-0.0035894,-0.00060129,-0,-0.00060147,-0.0035897,-0.00060145,-0,-0.00060149,-0.0035897,-0.00060146,-0,-0.00060145,-0.0035897,-0.00060146,-0,-0.00060146,-0.0035897,-0.00060145,-0,-0.00060144,-0.0035897,-0.00060146,-0,-0.00060145,-0.0035897,-0.00060145,-0,-0.00060143,-0.0035897,-0.00060144,-0,-0.00060143,-0.0035897,-0.00060143,-0,-0.00060143,-0.0035897,-0.00060143,-0,-0.00060144,-0.0035897,-0.00060144,-0,-0.00060144,-0.0035897,-0.00060146,-0,-0.00060144,-0.0035897,-0.00060146,-0,-0.00060143,-0.0035897,-0.00060141,-0,-0.00060101,-0.0035889,-0.00059952,-0,-0.00059749,-0.0036031,-0.00062331,-3.8264e-06,-0.00074411,-0.0037077,-0.00070845,-0,-0.00025986,-0.0017607,-0.00015041,-0,-0,-0.0011179,-0,-0,-0,-0.0011265,-0,-0,-0,-0.0010912,-0,-0,-0,-0.0010651,-0,-0,-0,-0.0010373,-0,-0,-4.9012e-05,-0.002794
0.0040275,0.00056703,0,0.00053683,0.0034623,0.00052159,0,0.00052838,0.0034721,0.00052841,0,0.0005286,0.0034724,0.00052854,0,0.00052857,0.0034724,0.00052854,0,0.00052856,0.0034725,0.00052856,0,0.00052856,0.0034725,0.00052857,0,0.00052857,0.0034725,0.00052857,0,0.00052858,0.0034725,0.00052859,0,0.00052861,0.0034725,0.0005286,0,0.00052862,0.0034725,0.0005286,0,0.00052859,0.0034725,0.0005286,0,0.00052857,0.0034725,0.00052862,0,0.0005286,0.0034725,0.00052861,0,0.0005286,0.0034725,0.0005286,0,0.00052859,0.0034725,0.00052864,0,0.00052859,0.0034728,0.00053251,0,0.00055726,0.0035437,0.00051249,0,0.00027308,0.0028292,0.00017279,0,0,0.0010591,0,0,0,0.0011449,0,0,0,0.0011092,0,0,0,0.0010805,0,0,0,0.0010539,0,0,0,0.0010262,0,0,2.4297e-05,0.0027403
0.025866,0.0038263,0.0005466,0.0034442,0.02438,0.0034797,0.00053623,0.0034808,0.024396,0.0034819,0.00053816,0.0034819,0.024396,0.0034819,0.00053821,0.003482,0.024396,0.0034819,0.00053821,0.0034819,0.024396,0.0034819,0.0005382,0.0034819,0.024396,0.0034819,0.00053822,0.0034819,0.024396,0.0034819,0.00053823,0.003482,0.024396,0.0034819,0.00053824,0.003482,0.024396,0.003482,0.00053824,0.003482,0.024396,0.003482,0.00053824,0.0034819,0.024396,0.003482,0.00053826,0.003482,0.024396,0.003482,0.00053829,0.003482,0.024396,0.003482,0.00053828,0.003482,0.024396,0.003482,0.00053825,0.003482,0.024396,0.003482,0.00053824,0.003482,0.024396,0.0034825,0.00055018,0.0035483,0.024725,0.0035353,0.00042147,0.0028927,0.021749,0.0029163,0,0.0011443,0.012536,0.0011541,0,0.0011259,0.012286,0.0011477,0,0.0011102,0.012107,0.0011112,0,0.0010806,0.011955,0.001082,0,0.0010547,0.01182,0.0010535,0,0.0010239,0.011649,0.0010382,0,0.0017777,0.014913
-0.025891,-0.0038552,-0.00058084,-0.0034748,-0.024408,-0.0035105,-0.00057126,-0.0035116,-0.024424,-0.0035127,-0.00057319,-0.0035128,-0.024424,-0.0035127,-0.0005732,-0.0035128,-0.024424,-0.0035127,-0.0005732,-0.0035128,-0.024424,-0.0035127,-0.00057322,-0.0035128,-0.024424,-0.0035128,-0.00057324,-0.0035128,-0.024424,-0.0035127,-0.00057325,-0.0035128,-0.024424,-0.0035128,-0.00057327,-0.0035128,-0.024424,-0.0035128,-0.00057326,-0.0035128,-0.024424,-0.0035128,-0.00057325,-0.0035128,-0.024424,-0.0035128,-0.00057326,-0.0035128,-0.024424,-0.0035128,-0.0005733,-0.0035128,-0.024424,-0.0035128,-0.00057327,-0.0035128,-0.024424,-0.0035128,-0.00057324,-0.0035128,-0.024424,-0.0035127,-0.00057308,-0.0035126,-0.024423,-0.0035118,-0.00058283,-0.0035798,-0.024769,-0.0036236,-0.00058909,-0.0030975,-0.021961,-0.0031441,-0.0002172,-0.0013013,-0.012647,-0.0012469,-0,-0.001157,-0.012297,-0.0011511,-0,-0.0011134,-0.012111,-0.0011151,-0,-0.0010839,-0.011958,-0.001085,-0,-0.0010577,-0.011823,-0.0010566,-0,-0.0010272,-0.011653,-0.0010441,-0,-0.0017899,-0.014931
-0.0040782,-0.00061735,-0,-0.00059049,-0.0035117,-0.00057546,-0,-0.00058227,-0.0035216,-0.00058233,-0,-0.00058251,-0.003522,-0.00058249,-0,-0.00058252,-0.003522,-0.0005825,-0,-0.0005825,-0.003522,-0.0005825,-0,-0.00058251,-0.003522,-0.0005825,-0,-0.0005825,-0.003522,-0.00058251,-0,-0.00058251,-0.003522,-0.00058251,-0,-0.0005825,-0.003522,-0.00058251,-0,-0.00058251,-0.003522,-0.0005825,-0,-0.00058251,-0.003522,-0.00058251,-0,-0.00058251,-0.003522,-0.00058252,-0,-0.00058251,-0.003522,-0.00058253,-0,-0.00058251,-0.003522,-0.00058252,-0,-0.00058248,-0.0035219,-0.00058247,-0,-0.0005821,-0.0035215,-0.00058376,-0,-0.00060327,-0.0035994,-0.00062763,-0,-0.00067546,-0.0032408,-0.00060384,-0,-6.8808e-05,-0.0012544,-0,-0,-0,-0.0011522,-0,-0,-0,-0.0011156,-0,-0,-0,-0.0010852,-0,-0,-0,-0.0010586,-0,-0,-0,-0.0010314,-0,-0,-4.3847e-05,-0.0027754
0.0039624,0.00054595,0,0.00051892,0.0033964,0.00050378,0,0.00051058,0.0034063,0.00051061,0,0.0005108,0.0034066,0.00051073,0,0.00051078,0.0034066,0.00051074,0,0.00051076,0.0034066,0.00051076,0,0.00051074,0.0034066,0.00051077,0,0.00051074,0.0034066,0.00051076,0,0.00051077,0.0034066,0.00051078,0,0.00051079,0.0034066,0.00051078,0,0.00051079,0.0034066,0.00051079,0,0.00051077,0.0034066,0.00051079,0,0.00051075,0.0034066,0.0005108,0,0.00051077,0.0034066,0.0005108,0,0.00051077,0.0034066,0.0005108,0,0.00051079,0.0034066,0.00051086,0,0.00051041,0.003406,0.0005128,0,0.00054064,0.0034977,0.00046391,0,2.1997e-05,0.0020285,0,0,0,0.0010497,0,0,0,0.0011404,0,0,0,0.0010999,0,0,0,0.0010743,0,0,0,0.0010474,0,0,0,0.0010216,0,0,1.9738e-05,0.0027227
0.025526,0.0037599,0.00052845,0.0033782,0.024039,0.0034137,0.00051828,0.0034148,0.024054,0.0034159,0.0005202,0.003416,0.024055,0.0034159,0.00052024,0.003416,0.024055,0.0034159,0.00052024,0.003416,0.024055,0.0034159,0.00052025,0.003416,0.024055,0.0034159,0.00052026,0.003416,0.024055,0.0034159,0.00052027,0.003416,0.024055,0.003416,0.00052028,0.003416,0.024055,0.003416,0.00052028,0.003416,0.024055,0.003416,0.00052028,0.003416,0.024055,0.003416,0.00052029,0.003416,0.024055,0.003416,0.00052033,0.003416,0.024055,0.003416,0.00052032,0.003416,0.024055,0.003416,0.00052029,0.003416,0.024055,0.0034161,0.00052038,0.0034158,0.024053,0.0034134,0.00052942,0.0035009,0.02452,0.0034947,0.00029171,0.0021203,0.017932,0.0021648,0,0.0010696,0.012048,0.0010874,0,0.001137,0.012273,0.0011434,0,0.0011003,0.01206,0.001102,0,0.0010745,0.011924,0.0010759,0,0.0010482,0.011787,0.0010471,0,0.0010187,0.011622,0.001034,0,0.0017636,0.014851
-0.02555,-0.0037884,-0.0005622,-0.0034083,-0.024066,-0.0034441,-0.00055281,-0.0034452,-0.024082,-0.0034462,-0.00055474,-0.0034463,-0.024082,-0.0034463,-0.00055475,-0.0034463,-0.024082,-0.0034463,-0.00055475,-0.0034463,-0.024082,-0.0034463,-0.00055475,-0.0034463,-0.024082,-0.0034463,-0.00055478,-0.0034463,-0.024082,-0.0034463,-0.0005548,-0.0034463,-0.024082,-0.0034463,-0.00055483,-0.0034464,-0.024082,-0.0034464,-0.00055482,-0.0034464,-0.024082,-0.0034464,-0.0005548,-0.0034463,-0.024082,-0.0034464,-0.00055482,-0.0034463,-0.024082,-0.0034464,-0.00055486,-0.0034464,-0.024082,-0.0034464,-0.00055483,-0.0034464,-0.024082,-0.0034463,-0.00055477,-0.0034463,-0.024082,-0.0034459,-0.00055402,-0.0034456,-0.024082,-0.0034513,-0.0005832,-0.0035608,-0.024594,-0.0036184,-0.00049685,-0.0023531,-0.018159,-0.002389,-9.8325e-05,-0.0011673,-0.012097,-0.0011167,-0,-0.0011483,-0.012279,-0.0011483,-0,-0.0011043,-0.012063,-0.0011056,-0,-0.0010777,-0.011926,-0.0010788,-0,-0.0010512,-0.01179,-0.00105,-0,-0.0010217,-0.011625,-0.0010395,-0,-0.0017755,-0.014868
-0.0040124,-0.00059561,-0,-0.00057188,-0.0034452,-0.00055694,-0,-0.00056378,-0.0034552,-0.00056382,-0,-0.00056401,-0.0034555,-0.00056398,-0,-0.00056401,-0.0034555,-0.00056398,-0,-0.000564,-0.0034555,-0.00056399,-0,-0.000564,-0.0034555,-0.000564,-0,-0.00056399,-0.0034555,-0.000564,-0,-0.00056401,-0.0034555,-0.000564,-0,-0.00056401,-0.0034555,-0.000564,-0,-0.00056401,-0.0034555,-0.00056399,-0,-0.00056399,-0.0034555,-0.000564,-0,-0.00056399,-0.0034555,-0.00056401,-0,-0.000564,-0.0034555,-0.00056401,-0,-0.00056399,-0.0034555,-0.00056398,-0,-0.00056384,-0.0034552,-0.00056325,-0,-0.00056111,-0.0034544,-0.00057279,-0,-0.00064307,-0.0036129,-0.00064462,-0,-0.00047562,-0.002477,-0.00038492,-0,-0,-0.0011128,-0,-0,-0,-0.0011492,-0,-0,-0,-0.0011058,-0,-0,-0,-0.001079,-0,-0,-0,-0.0010521,-0,-0,-0,-0.0010264,-0,-0,-3.8916e-05,-0.0027573
0.0038978,0.00052495,0,0.00050104,0.0033311,0.00048601,0,0.00049281,0.003341,0.00049285,0,0.00049303,0.0033413,0.00049297,0,0.00049301,0.0033413,0.00049299,0,0.00049298,0.0033413,0.000493,0,0.00049295,0.0033413,0.000493,0,0.00049297,0.0033413,0.00049299,0,0.000493,0.0033413,0.00049301,0,0.00049301,0.0033413,0.00049303,0,0.00049301,0.0033413,0.00049304,0,0.00049299,0.0033413,0.00049303,0,0.00049298,0.0033413,0.00049303,0,0.000493,0.0033413,0.00049302,0,0.00049302,0.0033413,0.00049304,0,0.0004931,0.0033415,0.00049423,0,0.0004998,0.0033566,0.00048796,0,0.00044496,0.0032543,0.00035235,0,0,0.0013787,0,0,0,0.0011185,0,0,0,0.0011285,0,0,0,0.0010934,0,0,0,0.001068,0,0,0,0.0010409,0,0,0,0.0010177,0,0,1.51e-05,0.0027051
0.025189,0.003694,0.0005104,0.0033128,0.023701,0.0033483,0.00050043,0.0033495,0.023717,0.0033505,0.00050236,0.0033506,0.023717,0.0033506,0.00050239,0.0033506,0.023717,0.0033506,0.0005024,0.0033506,0.023717,0.0033506,0.00050239,0.0033506,0.023717,0.0033506,0.00050241,0.0033506,0.023717,0.0033506,0.00050243,0.0033506,0.023717,0.0033506,0.00050244,0.0033506,0.023717,0.0033506,0.00050243,0.0033506,0.023717,0.0033506,0.00050242,0.0033506,0.023717,0.0033506,0.00050244,0.0033506,0.023717,0.0033507,0.00050248,0.0033506,0.023717,0.0033506,0.00050246,0.0033506,0.023717,0.0033506,0.00050248,0.0033507,0.023717,0.0033512,0.00050597,0.0033658,0.023788,0.0033575,0.00047537,0.0032744,0.023481,0.0032835,0.00015165,0.0014657,0.01451,0.0015142,0,0.0010944,0.012199,0.0011294,0,0.0011298,0.012211,0.001131,0,0.0010935,0.012024,0.0010952,0,0.0010683,0.011891,0.0010695,0,0.0010417,0.011754,0.0010407,0,0.0010143,0.011599,0.0010303,0,0.0017495,0.014788
-0.025212,-0.0037223,-0.00054382,-0.0033425,-0.023728,-0.0033784,-0.0005346,-0.0033795,-0.023744,-0.0033806,-0.00053653,-0.0033806,-0.023744,-0.0033806,-0.00053653,-0.0033806,-0.023744,-0.0033806,-0.00053654,-0.0033806,-0.023744,-0.0033806,-0.00053654,-0.0033806,-0.023744,-0.0033806,-0.00053658,-0.0033806,-0.023744,-0.0033806,-0.0005366,-0.0033806,-0.023744,-0.0033807,-0.00053662,-0.0033807,-0.023744,-0.0033807,-0.0005366,-0.0033807,-0.023744,-0.0033807,-0.00053659,-0.0033806,-0.023744,-0.0033807,-0.00053661,-0.0033806,-0.023744,-0.0033807,-0.00053666,-0.0033807,-0.023744,-0.0033807,-0.00053663,-0.0033807,-0.023744,-0.0033806,-0.00053648,-0.0033805,-0.023743,-0.0033792,-0.00053641,-0.0033931,-0.02382,-0.003414,-0.00057567,-0.0033955,-0.023615,-0.0034531,-0.00036615,-0.0016678,-0.014688,-0.0016796,-1.5509e-05,-0.0011522,-0.012219,-0.0011349,-0,-0.0011335,-0.012215,-0.0011355,-0,-0.0010972,-0.012027,-0.0010984,-0,-0.0010713,-0.011894,-0.0010725,-0,-0.0010447,-0.011756,-0.0010434,-0,-0.0010171,-0.011602,-0.0010355,-0,-0.0017612,-0.014805
-0.0039473,-0.00057412,-0,-0.00055345,-0.0033794,-0.00053862,-0,-0.00054546,-0.0033894,-0.00054551,-0,-0.00054569,-0.0033897,-0.00054567,-0,-0.00054569,-0.0033897,-0.00054567,-0,-0.00054567,-0.0033897,-0.00054568,-0,-0.00054566,-0.0033897,-0.00054568,-0,-0.00054567,-0.0033897,-0.00054569,-0,-0.00054569,-0.0033897,-0.00054569,-0,-0.00054569,-0.0033897,-0.00054569,-0,-0.00054568,-0.0033897,-0.00054569,-0,-0.00054568,-0.0033897,-0.00054569,-0,-0.00054568,-0.0033897,-0.00054569,-0,-0.00054569,-0.0033897,-0.00054568,-0,-0.00054567,-0.0033896,-0.00054563,-0,-0.00054527,-0.0033889,-0.00054394,-0,-0.00054212,-0.0034018,-0.00056551,-0,-0.00067497,-0.003497,-0.0006426,-0,-0.00023225,-0.0017215,-0.00013317,-0,-0,-0.0011325,-0,-0,-0,-0.0011361,-0,-0,-0,-0.0010985,-0,-0,-0,-0.0010727,-0,-0,-0,-0.0010455,-0,-0,-0,-0.001022,-0,-0,-3.4035e-05,-0.0027394
0.0038337,0.00050411,0,0.00048331,0.0032664,0.00046839,0,0.00047519,0.0032763,0.00047522,0,0.00047542,0.0032766,0.00047536,0,0.0004754,0.0032766,0.00047537,0,0.00047535,0.0032766,0.00047538,0,0.00047534,0.0032766,0.00047537,0,0.00047535,0.0032766,0.00047537,0,0.00047537,0.0032766,0.0004754,0,0.00047538,0.0032766,0.00047542,0,0.0004754,0.0032766,0.00047542,0,0.00047536,0.0032766,0.00047541,0,0.00047536,0.0032766,0.00047542,0,0.00047539,0.0032766,0.00047542,0,0.00047541,0.0032766,0.00047544,0,0.00047542,0.0032769,0.00047891,0,0.00050133,0.003341,0.0004608,0,0.00024441,0.0026951,0.00015377,0,0,0.0010877,0,0,0,0.0011549,0,0,0,0.0011173,0,0,0,0.0010873,0,0,0,0.0010616,0,0,0,0.0010346,0,0,0,0.0010143,0,0,1.0462e-05,0.0026874
0.024855,0.0036289,0.00049254,0.003248,0.023366,0.0032836,0.00048275,0.0032847,0.023382,0.0032858,0.00048467,0.0032859,0.023382,0.0032858,0.0004847,0.0032859,0.023382,0.0032858,0.00048472,0.0032859,0.023382,0.0032858,0.00048471,0.0032859,0.023382,0.0032858,0.00048474,0.0032859,0.023382,0.0032859,0.00048475,0.0032859,0.023382,0.0032859,0.00048475,0.0032859,0.023382,0.0032859,0.00048474,0.0032859,0.023382,0.0032859,0.00048474,0.0032859,0.023382,0.0032859,0.00048476,0.0032859,0.023382,0.0032859,0.0004848,0.0032859,0.023382,0.0032859,0.00048477,0.0032859,0.023382,0.0032859,0.00048474,0.0032859,0.023382,0.0032863,0.00049548,0.0033458,0.023679,0.003334,0.00037906,0.0027531,0.02099,0.0027754,0,0.0011605,0.012617,0.0011738,0,0.0011377,0.01234,0.0011579,0,0.0011184,0.012151,0.0011196,0,0.0010874,0.011991,0.001089,0,0.0010619,0.011858,0.0010631,0,0.0010354,0.011721,0.0010344,0,0.0010105,0.011578,0.001027,0,0.0017353,0.014725
-0.024878,-0.0036567,-0.00052557,-0.0032774,-0.023393,-0.0033133,-0.00051653,-0.0033144,-0.023409,-0.0033155,-0.00051845,-0.0033156,-0.023409,-0.0033155,-0.00051847,-0.0033156,-0.023409,-0.0033155,-0.00051848,-0.0033156,-0.023409,-0.0033155,-0.00051848,-0.0033156,-0.023409,-0.0033155,-0.00051851,-0.0033156,-0.023409,-0.0033155,-0.00051853,-0.0033156,-0.023409,-0.0033156,-0.00051853,-0.0033156,-0.023409,-0.0033156,-0.00051853,-0.0033156,-0.023409,-0.0033156,-0.00051852,-0.0033156,-0.023409,-0.0033156,-0.00051855,-0.0033156,-0.023409,-0.0033156,-0.0005186,-0.0033156,-0.023409,-0.0033157,-0.00051859,-0.0033156,-0.023409,-0.0033155,-0.00051837,-0.0033153,-0.023408,-0.0033146,-0.00052727,-0.0033764,-0.023721,-0.003416,-0.00053306,-0.0029404,-0.021183,-0.0029834,-0.0001994,-0.0013036,-0.012719,-0.0012586,-0,-0.0011666,-0.01235,-0.0011615,-0,-0.0011219,-0.012155,-0.0011237,-0,-0.0010908,-0.011994,-0.001092,-0,-0.0010649,-0.011861,-0.0010661,-0,-0.0010383,-0.011723,-0.0010371,-0,-0.0010132,-0.011582,-0.0010321,-0,-0.0017469,-0.014742
-0.0038827,-0.00055271,-0,-0.0005351,-0.0033141,-0.00052041,-0,-0.00052723,-0.0033241,-0.0005273,-0,-0.00052746,-0.0033244,-0.00052746,-0,-0.00052746,-0.0033244,-0.00052746,-0,-0.00052745,-0.0033244,-0.00052747,-0,-0.00052744,-0.0033244,-0.00052747,-0,-0.00052745,-0.0033244,-0.00052747,-0,-0.00052746,-0.0033245,-0.00052748,-0,-0.00052746,-0.0033245,-0.00052748,-0,-0.00052747,-0.0033245,-0.00052747,-0,-0.00052746,-0.0033245,-0.00052748,-0,-0.00052747,-0.0033244,-0.00052748,-0,-0.00052746,-0.0033244,-0.00052746,-0,-0.00052744,-0.0033244,-0.00052739,-0,-0.000527,-0.0033239,-0.00052848,-0,-0.00054666,-0.003395,-0.00056862,-0,-0.00061207,-0.003071,-0.00054723,-0,-6.0169e-05,-0.0012659,-0,-0,-0,-0.0011625,-0,-0,-0,-0.0011241,-0,-0,-0,-0.0010921,-0,-0,-0,-0.0010663,-0,-0,-0,-0.0010391,-0,-0,-0,-0.0010184,-0,-0,-2.9199e-05,-0.0027214
0.0037708,0.00048374,0,0.00046596,0.0032027,0.00045113,0,0.00045792,0.0032126,0.00045796,0,0.00045815,0.0032129,0.00045809,0,0.00045814,0.0032129,0.0004581,0,0.00045809,0.0032129,0.00045811,0,0.00045808,0.0032129,0.00045811,0,0.00045807,0.0032129,0.00045812,0,0.0004581,0.0032129,0.00045814,0,0.00045811,0.0032129,0.00045815,0,0.00045812,0.0032129,0.00045816,0,0.00045809,0.0032129,0.00045815,0,0.0004581,0.0032129,0.00045816,0,0.00045813,0.0032129,0.00045816,0,0.00045815,0.0032129,0.0004582,0,0.00045799,0.0032128,0.00046024,0,0.00048449,0.0032925,0.0004154,0,1.5809e-05,0.0019635,0,0,0,0.0010731,0,0,0,0.0011498,0,0,0,0.0011078,0,0,0,0.0010813,0,0,0,0.0010551,0,0,0,0.0010286,0,0,0,0.0010109,0,0,5.8163e-06,0.0026699
0.024525,0.0035646,0.00047499,0.0031841,0.023036,0.0032197,0.00046534,0.0032208,0.023052,0.0032219,0.00046726,0.003222,0.023052,0.0032219,0.00046729,0.003222,0.023052,0.003222,0.00046731,0.003222,0.023052,0.003222,0.0004673,0.003222,0.023052,0.003222,0.00046732,0.003222,0.023052,0.003222,0.00046733,0.003222,0.023052,0.003222,0.00046733,0.003222,0.023052,0.003222,0.00046733,0.003222,0.023052,0.003222,0.00046733,0.003222,0.023052,0.003222,0.00046736,0.003222,0.023052,0.0032221,0.00046739,0.003222,0.023052,0.0032221,0.00046737,0.003222,0.023052,0.003222,0.00046736,0.0032221,0.023052,0.0032206,0.00047686,0.003298,0.02346,0.0032936,0.00026445,0.0020508,0.017502,0.0020911,0,0.0010892,0.012155,0.0011088,0,0.0011466,0.012322,0.0011528,0,0.0011083,0.012102,0.00111,0,0.0010814,0.011959,0.0010828,0,0.0010554,0.011825,0.0010566,0,0.0010294,0.01169,0.0010283,0,0.0010068,0.011559,0.0010238,0,0.0017212,0.014663
-0.024547,-0.0035917,-0.0005074,-0.0032131,-0.023063,-0.0032491,-0.00049872,-0.0032502,-0.023078,-0.0032513,-0.00050066,-0.0032514,-0.023079,-0.0032513,-0.00050068,-0.0032514,-0.023079,-0.0032513,-0.00050068,-0.0032513,-0.023079,-0.0032513,-0.00050067,-0.0032513,-0.023079,-0.0032513,-0.0005007,-0.0032513,-0.023079,-0.0032514,-0.00050073,-0.0032514,-0.023079,-0.0032514,-0.00050074,-0.0032514,-0.023079,-0.0032514,-0.00050074,-0.0032514,-0.023079,-0.0032514,-0.00050073,-0.0032513,-0.023079,-0.0032514,-0.00050075,-0.0032513,-0.023079,-0.0032514,-0.0005008,-0.0032514,-0.023079,-0.0032514,-0.00050077,-0.0032514,-0.023079,-0.0032512,-0.00050037,-0.0032513,-0.02308,-0.0032546,-0.00052197,-0.003346,-0.02352,-0.0033948,-0.00043564,-0.0022474,-0.017694,-0.0022826,-8.2965e-05,-0.0011762,-0.012199,-0.0011369,-0,-0.001158,-0.012328,-0.001158,-0,-0.0011125,-0.012105,-0.0011138,-0,-0.0010846,-0.011962,-0.0010858,-0,-0.0010584,-0.011827,-0.0010595,-0,-0.0010321,-0.011692,-0.0010308,-0,-0.0010094,-0.011562,-0.0010288,-0,-0.0017331,-0.014681
-0.0038183,-0.00053108,-0,-0.00051703,-0.0032498,-0.00050253,-0,-0.00050936,-0.0032599,-0.00050943,-0,-0.0005096,-0.0032602,-0.00050958,-0,-0.0005096,-0.0032602,-0.00050959,-0,-0.00050959,-0.0032602,-0.00050958,-0,-0.00050958,-0.0032602,-0.00050958,-0,-0.00050959,-0.0032602,-0.00050959,-0,-0.00050959,-0.0032602,-0.0005096,-0,-0.00050959,-0.0032602,-0.0005096,-0,-0.0005096,-0.0032602,-0.0005096,-0,-0.00050958,-0.0032602,-0.00050961,-0,-0.00050958,-0.0032602,-0.00050961,-0,-0.00050958,-0.0032602,-0.00050957,-0,-0.00050949,-0.00326,-0.00050919,-0,-0.0005082,-0.0032601,-0.00051579,-0,-0.00056499,-0.0033827,-0.000561,-0,-0.00039976,-0.0023445,-0.00032079,-0,-0,-0.0011339,-0,-0,-0,-0.001159,-0,-0,-0,-0.0011142,-0,-0,-0,-0.001086,-0,-0,-0,-0.0010598,-0,-0,-0,-0.0010327,-0,-0,-0,-0.001015,-0,-0,-2.4986e-05,-0.0027043
0.0037165,0.00046515,0,0.0004488,0.0031395,0.00043394,0,0.00044074,0.0031494,0.00044075,0,0.00044096,0.0031497,0.00044088,0,0.00044095,0.0031497,0.00044089,0,0.0004409,0.0031497,0.00044091,0,0.00044087,0.0031497,0.00044091,0,0.00044088,0.0031498,0.00044092,0,0.00044091,0.0031498,0.00044095,0,0.00044092,0.0031498,0.00044096,0,0.00044093,0.0031498,0.00044097,0,0.00044091,0.0031498,0.00044097,0,0.00044091,0.0031497,0.00044096,0,0.00044093,0.0031498,0.00044098,0,0.00044099,0.0031499,0.00044159,0,0.00044417,0.0031571,0.00043809,0,0.00042484,0.0031356,0.00034982,0,0,0.0014906,0,0,0,0.001123,0,0,0,0.0011375,0,0,0,0.0011001,0,0,0,0.001075,0,0,0,0.0010486,0,0,0,0.0010236,0,0,0,0.0010075,0,0,0,0.0026445
0.024193,0.0035004,0.00045764,0.0031209,0.022709,0.0031565,0.00044807,0.0031576,0.022725,0.0031587,0.00045,0.0031588,0.022725,0.0031587,0.00045004,0.0031588,0.022725,0.0031587,0.00045005,0.0031588,0.022725,0.0031587,0.00045003,0.0031588,0.022725,0.0031587,0.00045005,0.0031588,0.022725,0.0031587,0.00045006,0.0031588,0.022725,0.0031588,0.00045007,0.0031588,0.022725,0.0031588,0.00045006,0.0031588,0.022725,0.0031588,0.00045006,0.0031587,0.022725,0.0031588,0.00045008,0.0031587,0.022725,0.0031588,0.0004501,0.0031588,0.022725,0.0031588,0.00045012,0.0031588,0.022726,0.0031591,0.00045199,0.0031665,0.022761,0.0031608,0.00043764,0.0031464,0.022763,0.003158,0.00017668,0.0015437,0.014862,0.0015965,0,0.0011056,0.012228,0.0011341,0,0.0011387,0.012259,0.0011402,0,0.0011004,0.01206,0.0011021,0,0.0010753,0.011927,0.0010766,0,0.0010489,0.011791,0.0010502,0,0.0010244,0.011663,0.0010233,0,0.0010032,0.01154,0.0010207,0,0.0017084,0.014608
-0.024213,-0.0035262,-0.00048915,-0.0031494,-0.022735,-0.0031855,-0.00048109,-0.0031867,-0.022751,-0.0031877,-0.00048304,-0.0031878,-0.022752,-0.0031878,-0.00048306,-0.0031878,-0.022752,-0.0031878,-0.00048305,-0.0031878,-0.022752,-0.0031878,-0.00048305,-0.0031878,-0.022752,-0.0031878,-0.00048307,-0.0031878,-0.022752,-0.0031878,-0.0004831,-0.0031878,-0.022752,-0.0031878,-0.00048311,-0.0031878,-0.022752,-0.0031878,-0.00048312,-0.0031878,-0.022752,-0.0031879,-0.00048311,-0.0031878,-0.022752,-0.0031879,-0.00048314,-0.0031878,-0.022752,-0.0031879,-0.00048316,-0.0031878,-0.022752,-0.0031878,-0.00048306,-0.0031877,-0.022751,-0.0031868,-0.00048241,-0.0031936,-0.022791,-0.0032081,-0.00051654,-0.0032391,-0.022865,-0.0032908,-0.00035022,-0.0017116,-0.015011,-0.0017374,-1.7733e-05,-0.0011563,-0.012246,-0.0011404,-0,-0.001143,-0.012263,-0.001145,-0,-0.0011043,-0.012063,-0.0011055,-0,-0.0010784,-0.01193,-0.0010796,-0,-0.0010519,-0.011794,-0.0010529,-0,-0.0010267,-0.011665,-0.0010254,-0,-0.0010055,-0.011543,-0.0010253,-0,-0.0017191,-0.014625
-0.0037591,-0.00051075,-0,-0.0004992,-0.0031861,-0.00048481,-0,-0.00049167,-0.0031962,-0.00049169,-0,-0.0004919,-0.0031965,-0.00049184,-0,-0.0004919,-0.0031965,-0.00049184,-0,-0.00049187,-0.0031965,-0.00049185,-0,-0.00049186,-0.0031965,-0.00049185,-0,-0.00049185,-0.0031966,-0.00049186,-0,-0.00049187,-0.0031965,-0.00049188,-0,-0.00049187,-0.0031966,-0.00049189,-0,-0.00049187,-0.0031966,-0.00049189,-0,-0.00049184,-0.0031965,-0.00049189,-0,-0.00049184,-0.0031965,-0.00049188,-0,-0.00049183,-0.0031965,-0.00049183,-0,-0.00049155,-0.0031959,-0.0004904,-0,-0.00048779,-0.0032017,-0.00050617,-0,-0.00059849,-0.0033185,-0.00057349,-0,-0.00023226,-0.0017814,-0.00014614,-0,-0,-0.0011377,-0,-0,-0,-0.0011456,-0,-0,-0,-0.0011057,-0,-0,-0,-0.0010798,-0,-0,-0,-0.0010533,-0,-0,-0,-0.0010272,-0,-0,-0,-0.0010115,-0,-0,-1.6726e-05,-0.0026766
0.0036666,0.00044799,0,0.00043168,0.003077,0.00041689,0,0.00042378,0.003087,0.00042379,0,0.00042403,0.0030873,0.00042394,0,0.00042401,0.0030873,0.00042394,0,0.00042395,0.0030873,0.00042397,0,0.00042393,0.0030873,0.00042397,0,0.00042394,0.0030874,0.00042398,0,0.00042397,0.0030873,0.000424,0,0.00042397,0.0030874,0.00042402,0,0.00042398,0.0030874,0.00042402,0,0.00042397,0.0030874,0.00042402,0,0.00042397,0.0030873,0.00042401,0,0.00042398,0.0030873,0.00042403,0,0.00042402,0.0030876,0.00042667,0,0.00044278,0.0031328,0.00041402,0,0.00026687,0.0027047,0.00018624,0,0,0.0011613,0,0,0,0.0011587,0,0,0,0.0011262,0,0,0,0.0010941,0,0,0,0.0010686,0,0,0,0.001042,0,0,0,0.0010197,0,0,0,0.0010036,0,0,0,0.0026334
0.023869,0.0034367,0.00043895,0.0030575,0.022386,0.0030938,0.00043093,0.0030951,0.022402,0.0030962,0.00043298,0.0030962,0.022402,0.0030962,0.00043302,0.0030963,0.022402,0.0030962,0.00043302,0.0030963,0.022402,0.0030962,0.000433,0.0030963,0.022402,0.0030962,0.00043301,0.0030962,0.022402,0.0030963,0.00043303,0.0030963,0.022402,0.0030963,0.00043303,0.0030963,0.022402,0.0030963,0.00043303,0.0030963,0.022402,0.0030963,0.00043302,0.0030962,0.022402,0.0030963,0.00043304,0.0030962,0.022402,0.0030963,0.00043306,0.0030962,0.022402,0.0030963,0.00043306,0.0030963,0.022402,0.0030968,0.00044115,0.0031388,0.02261,0.0031287,0.0003598,0.0027467,0.020868,0.0027653,2.8748e-05,0.0012242,0.012973,0.0012438,0,0.0011407,0.012362,0.001162,0,0.0011274,0.012197,0.0011285,0,0.0010942,0.012027,0.0010958,0,0.001069,0.011894,0.0010702,0,0.0010425,0.011757,0.0010439,0,0.0010208,0.011641,0.00102,0,0.0010001,0.011517,0.0010177,0,0.0017061,0.014612
-0.023897,-0.0034692,-0.00047554,-0.0030884,-0.022413,-0.003123,-0.00046386,-0.0031239,-0.022428,-0.0031249,-0.0004656,-0.003125,-0.022428,-0.0031249,-0.00046562,-0.003125,-0.022428,-0.0031249,-0.00046561,-0.0031249,-0.022428,-0.0031249,-0.0004656,-0.0031249,-0.022428,-0.0031249,-0.00046562,-0.0031249,-0.022428,-0.003125,-0.00046564,-0.0031249,-0.022428,-0.003125,-0.00046565,-0.0031249,-0.022428,-0.003125,-0.00046565,-0.003125,-0.022428,-0.003125,-0.00046565,-0.0031249,-0.022428,-0.003125,-0.00046567,-0.0031249,-0.022428,-0.003125,-0.00046569,-0.0031249,-0.022428,-0.0031249,-0.00046554,-0.0031247,-0.022427,-0.0031236,-0.00047045,-0.003166,-0.022646,-0.0031972,-0.00048743,-0.0029017,-0.021029,-0.0029432,-0.00021013,-0.0013608,-0.013076,-0.0013322,-0,-0.0011707,-0.012372,-0.0011654,-0,-0.0011309,-0.012201,-0.0011328,-0,-0.0010976,-0.012029,-0.0010988,-0,-0.0010719,-0.011897,-0.001073,-0,-0.0010452,-0.01176,-0.0010457,-0,-0.0010204,-0.01164,-0.001018,-0,-0.00099651,-0.011516,-0.0010198,-0,-0.0017246,-0.014637
-0.0037219,-0.0005072,-0,-0.0004852,-0.0031245,-0.00046799,-0,-0.00047429,-0.0031333,-0.00047418,-0,-0.00047437,-0.0031336,-0.00047428,-0,-0.00047436,-0.0031336,-0.00047429,-0,-0.00047433,-0.0031336,-0.0004743,-0,-0.00047431,-0.0031336,-0.00047431,-0,-0.0004743,-0.0031336,-0.00047431,-0,-0.00047433,-0.0031336,-0.00047434,-0,-0.00047432,-0.0031336,-0.00047435,-0,-0.00047432,-0.0031336,-0.00047435,-0,-0.00047429,-0.0031336,-0.00047434,-0,-0.00047428,-0.0031336,-0.00047434,-0,-0.00047427,-0.0031335,-0.00047429,-0,-0.00047392,-0.003133,-0.00047414,-0,-0.00048327,-0.0031795,-0.00050485,-0,-0.00056994,-0.0030157,-0.00051796,-0,-8.184e-05,-0.0013468,-0,-0,-0,-0.001166,-0,-0,-0,-0.0011335,-0,-0,-0,-0.001099,-0,-0,-0,-0.0010734,-0,-0,-0,-0.0010466,-0,-0,-0,-0.0010175,-0,-0,-0,-0.00099665,-0,-0,-3.4418e-05,-0.0026849
0.0035667,0.0004125,0,0.000409,0.0030136,0.00039937,0,0.00040682,0.0030253,0.00040705,0,0.00040728,0.0030257,0.00040722,0,0.00040727,0.0030257,0.00040722,0,0.00040722,0.0030257,0.00040725,0,0.0004072,0.0030257,0.00040725,0,0.00040721,0.0030257,0.00040726,0,0.00040724,0.0030257,0.00040729,0,0.00040724,0.0030257,0.00040729,0,0.00040725,0.0030257,0.00040728,0,0.00040725,0.0030257,0.00040729,0,0.00040725,0.0030257,0.00040728,0,0.00040725,0.0030257,0.00040728,0,0.00040695,0.0030253,0.00040986,0,0.00043524,0.0031044,0.00037897,0,5.7216e-05,0.0020629,0,0,0,0.0010822,0,0,0,0.0011592,0,0,0,0.0011155,0,0,0,0.0010882,0,0,0,0.0010623,0,0,0,0.0010351,0,0,0,0.0010389,0,0,0,0.001058,0,0,0,0.002534
0.023482,0.0033387,0.00040012,0.0029875,0.022064,0.0030305,0.00041334,0.0030331,0.022083,0.0030344,0.00041614,0.0030345,0.022083,0.0030345,0.0004162,0.0030346,0.022083,0.0030345,0.0004162,0.0030346,0.022083,0.0030345,0.00041619,0.0030346,0.022083,0.0030345,0.0004162,0.0030345,0.022083,0.0030345,0.0004162,0.0030345,0.022083,0.0030345,0.0004162,0.0030345,0.022083,0.0030345,0.0004162,0.0030345,0.022083,0.0030345,0.00041618,0.0030345,0.022083,0.0030345,0.0004162,0.0030345,0.022083,0.0030346,0.00041623,0.0030345,0.022083,0.0030346,0.00041617,0.0030342,0.022081,0.0030331,0.00042601,0.0031077,0.022468,0.0031004,0.00025515,0.0021351,0.017871,0.0021683,0,0.0011067,0.012259,0.0011253,0,0.0011539,0.012368,0.0011621,0,0.0011163,0.012143,0.001118,0,0.0010884,0.011995,0.00109,0,0.0010632,0.011862,0.0010647,0,0.0010367,0.011722,0.0010347,0,0.0010299,0.011718,0.0010187,0,0.0010282,0.011796,0.0010123,0,0.0015822,0.014248
-0.023649,-0.003464,-0.00050146,-0.0030469,-0.022101,-0.0030637,-0.00044807,-0.0030624,-0.022109,-0.0030629,-0.00044842,-0.0030629,-0.022109,-0.0030629,-0.00044842,-0.0030629,-0.022109,-0.0030629,-0.0004484,-0.0030629,-0.022109,-0.0030629,-0.0004484,-0.0030629,-0.022109,-0.0030629,-0.00044843,-0.0030629,-0.022109,-0.0030629,-0.00044846,-0.0030629,-0.022109,-0.0030629,-0.00044846,-0.0030629,-0.022109,-0.0030629,-0.00044846,-0.0030629,-0.022109,-0.0030629,-0.00044846,-0.0030629,-0.022109,-0.0030629,-0.00044847,-0.0030629,-0.022109,-0.0030629,-0.00044847,-0.0030629,-0.022109,-0.0030627,-0.00044803,-0.0030623,-0.022107,-0.0030649,-0.00046733,-0.0031513,-0.022523,-0.0031957,-0.00041913,-0.0023253,-0.018059,-0.0023576,-0.00010071,-0.0011998,-0.01231,-0.0011611,-0,-0.0011676,-0.012375,-0.001167,-0,-0.0011204,-0.012146,-0.0011218,-0,-0.0010915,-0.011998,-0.0010921,-0,-0.0010634,-0.011861,-0.0010638,-0,-0.0010347,-0.011723,-0.0010437,-0,-0.0010657,-0.011767,-0.0010907,-0,-0.0011621,-0.011951,-0.0012006,-4.121e-06,-0.0018169,-0.014453
-0.0038636,-0.00063406,-0,-0.00049138,-0.0030706,-0.00045464,-0,-0.00045743,-0.0030713,-0.00045696,-0,-0.00045708,-0.0030714,-0.00045699,-0,-0.00045706,-0.0030714,-0.000457,-0,-0.00045703,-0.0030714,-0.00045702,-0,-0.00045701,-0.0030714,-0.00045701,-0,-0.00045699,-0.0030714,-0.00045702,-0,-0.00045702,-0.0030714,-0.00045704,-0,-0.00045702,-0.0030714,-0.00045704,-0,-0.00045702,-0.0030714,-0.00045704,-0,-0.00045699,-0.0030714,-0.00045704,-0,-0.00045697,-0.0030714,-0.00045702,-0,-0.0004569,-0.0030713,-0.00045664,-0,-0.00045553,-0.0030708,-0.00046244,-0,-0.00050728,-0.0031858,-0.00051417,-0,-0.00042939,-0.0024341,-0.00035858,-0,-0,-0.001159,-0,-0,-0,-0.0011682,-0,-0,-0,-0.0011223,-0,-0,-0,-0.0010929,-0,-0,-0,-0.0010615,-0,-0,-0,-0.0010311,-0,-0,-0,-0.0011249,-0,-0,-0.00012484,-0.0013607,-0.00020481,-0,-0.00039403,-0.0029945
0.0029658,0.00024142,0,0.00036666,0.0029503,0.00038279,0,0.00038994,0.0029643,0.00039045,0,0.00039066,0.0029646,0.0003906,0,0.00039066,0.0029647,0.00039061,0,0.0003906,0.0029646,0.00039064,0,0.00039059,0.0029646,0.00039064,0,0.00039059,0.0029647,0.00039066,0,0.00039063,0.0029647,0.00039068,0,0.00039063,0.0029647,0.00039069,0,0.00039065,0.0029647,0.00039068,0,0.00039064,0.0029647,0.00039068,0,0.00039064,0.0029647,0.00039068,0,0.00039068,0.0029648,0.00039123,0,0.00039345,0.0029709,0.00038807,0,0.00037621,0.002954,0.00030397,0,0,0.0014785,0,0,0,0.0011322,0,0,0,0.0011469,0,0,0,0.0011074,0,0,0,0.0010813,0,0,0,0.0010805,0,0,0,0.0010931,0,0,0,0.00080917,0,0,0,0.00022813,0,0,0,0.00098125
0.02232,0.0030549,0.00035113,0.002932,0.021751,0.002969,0.00039681,0.0029722,0.021767,0.0029733,0.00039944,0.0029734,0.021767,0.0029734,0.0003995,0.0029734,0.021767,0.0029734,0.00039951,0.0029734,0.021767,0.0029734,0.0003995,0.0029734,0.021767,0.0029734,0.00039951,0.0029734,0.021767,0.0029734,0.00039952,0.0029734,0.021767,0.0029734,0.00039952,0.0029734,0.021767,0.0029734,0.0003995,0.0029734,0.021767,0.0029734,0.00039949,0.0029734,0.021767,0.0029734,0.0003995,0.0029734,0.021767,0.0029734,0.00039955,0.0029735,0.021767,0.0029737,0.00040119,0.00298,0.021797,0.0029746,0.00038841,0.0029661,0.021822,0.0029713,0.00014909,0.001547,0.014883,0.0015948,0,0.0011135,0.012294,0.0011458,0,0.0011478,0.012308,0.00115,0,0.0011084,0.012099,0.0011105,0,0.0010828,0.01196,0.0010809,0,0.0010709,0.011934,0.0010597,0,0.0010548,0.011982,0.0010341,0,0.00080889,0.010868,0.00075152,0,0.00036136,0.0082752,0.00033263,0,0.00024286,0.0081065
-0.022518,-0.0032024,-0.00046833,-0.0029981,-0.021791,-0.0030029,-0.00043175,-0.0030014,-0.021793,-0.0030015,-0.0004314,-0.0030015,-0.021793,-0.0030014,-0.00043138,-0.0030015,-0.021793,-0.0030014,-0.00043136,-0.0030014,-0.021793,-0.0030014,-0.00043138,-0.0030015,-0.021793,-0.0030015,-0.00043142,-0.0030015,-0.021793,-0.0030015,-0.00043144,-0.0030015,-0.021793,-0.0030015,-0.00043144,-0.0030015,-0.021793,-0.0030015,-0.00043143,-0.0030015,-0.021793,-0.0030015,-0.00043142,-0.0030015,-0.021793,-0.0030015,-0.00043143,-0.0030014,-0.021793,-0.0030014,-0.00043138,-0.0030013,-0.021792,-0.0030005,-0.00043074,-0.0030063,-0.021826,-0.0030194,-0.00046234,-0.0030527,-0.021919,-0.0031011,-0.00032507,-0.0017223,-0.015042,-0.0017457,-2.5489e-05,-0.0011694,-0.012315,-0.0011544,-0,-0.0011528,-0.012312,-0.0011541,-0,-0.0011096,-0.012099,-0.00111,-0,-0.0010809,-0.011961,-0.0010905,-0,-0.0011092,-0.011987,-0.0011434,-0,-0.0012211,-0.012176,-0.0012669,-5.4726e-05,-0.001165,-0.011197,-0.0011563,-0,-0.00082211,-0.0087162,-0.00079472,-0,-0.00064331,-0.0083951
-0.0033245,-0.00050331,-0,-0.0004557,-0.0030093,-0.00043862,-0,-0.00044015,-0.0030098,-0.00043982,-0,-0.0004399,-0.0030099,-0.00043982,-0,-0.00043988,-0.0030099,-0.00043985,-0,-0.00043985,-0.0030099,-0.00043986,-0,-0.00043982,-0.0030099,-0.00043985,-0,-0.00043981,-0.0030099,-0.00043986,-0,-0.00043984,-0.0030099,-0.00043987,-0,-0.00043985,-0.0030099,-0.00043988,-0,-0.00043984,-0.0030099,-0.00043988,-0,-0.00043981,-0.0030099,-0.00043986,-0,-0.00043979,-0.0030098,-0.00043981,-0,-0.00043953,-0.0030093,-0.00043849,-0,-0.00043604,-0.0030141,-0.00045284,-0,-0.00053753,-0.0031252,-0.00051873,-0,-0.00022864,-0.0017889,-0.00015059,-0,-0,-0.0011518,-0,-0,-0,-0.0011553,-0,-0,-0,-0.0011075,-0,-0,-0,-0.0010771,-0,-0,-0,-0.0011717,-1.2734e-05,-0,-0.00020436,-0.0014703,-0.00025879,-0,-0.00033622,-0.0015023,-0.00033551,-0,-0.0001189,-0.0010694,-5.651e-05,-0,-0,-0.0015675
0.0029771,0.00032973,0,0.00036676,0.0028976,0.00037024,0,0.00037393,0.0029041,0.00037417,0,0.0003743,0.0029043,0.00037424,0,0.0003743,0.0029044,0.00037425,0,0.00037424,0.0029044,0.00037428,0,0.00037424,0.0029044,0.00037429,0,0.00037424,0.0029044,0.0003743,0,0.00037427,0.0029044,0.00037432,0,0.00037428,0.0029044,0.00037432,0,0.00037429,0.0029044,0.00037431,0,0.00037428,0.0029044,0.00037431,0,0.00037427,0.0029044,0.00037433,0,0.00037429,0.0029046,0.0003767,0,0.00039108,0.002945,0.00036521,0,0.00023277,0.0025616,0.00015863,0,0,0.0011649,0,0,0,0.0011688,0,0,0,0.0011341,0,0,0,0.0011266,0,0,0,0.0011412,0,0,0,0.00083413,0,0,0,5.9199e-05,0,-0,-0,0,-0,-0,-0,0,-0,0,0,0.00085708
0.021864,0.0029946,0.00036961,0.0028934,0.021447,0.0029111,0.00038174,0.0029124,0.021455,0.0029129,0.00038296,0.002913,0.021455,0.002913,0.00038299,0.002913,0.021455,0.002913,0.000383,0.002913,0.021455,0.002913,0.000383,0.002913,0.021455,0.002913,0.00038302,0.002913,0.021455,0.002913,0.00038302,0.002913,0.021455,0.002913,0.00038302,0.002913,0.021455,0.002913,0.00038301,0.002913,0.021455,0.002913,0.000383,0.002913,0.021455,0.002913,0.00038299,0.0029129,0.021455,0.002913,0.00038302,0.002913,0.021455,0.0029135,0.00039025,0.002951,0.021641,0.0029418,0.00031738,0.0026011,0.020088,0.0026172,2.1744e-05,0.001225,0.012991,0.0012472,0,0.0011518,0.012417,0.0011729,0,0.0011363,0.012241,0.0011345,0,0.0011167,0.012172,0.0011055,0,0.001102,0.012228,0.0010812,0,0.00083844,0.01105,0.00078138,0,0.00026281,0.007586,0.00017021,0,0,0.0041788,0,0,0,0.0030743,0,0,2.2374e-05,0.0064579
-0.021939,-0.0030549,-0.00042438,-0.0029318,-0.021476,-0.0029407,-0.00041426,-0.0029405,-0.02148,-0.0029407,-0.00041454,-0.0029408,-0.02148,-0.0029407,-0.00041454,-0.0029408,-0.02148,-0.0029407,-0.00041454,-0.0029408,-0.02148,-0.0029407,-0.00041455,-0.0029408,-0.02148,-0.0029408,-0.00041458,-0.0029408,-0.02148,-0.0029408,-0.0004146,-0.0029408,-0.02148,-0.0029408,-0.00041458,-0.0029408,-0.02148,-0.0029408,-0.00041457,-0.0029408,-0.02148,-0.0029408,-0.00041457,-0.0029407,-0.02148,-0.0029408,-0.0004146,-0.0029407,-0.02148,-0.0029407,-0.00041448,-0.0029405,-0.021479,-0.0029396,-0.00041891,-0.0029775,-0.021675,-0.0030053,-0.0004341,-0.0027421,-0.020235,-0.0027804,-0.00019043,-0.0013544,-0.013089,-0.0013329,-0,-0.0011808,-0.012427,-0.0011752,-0,-0.0011368,-0.012244,-0.0011467,-0,-0.0011553,-0.012225,-0.0011904,-6.5686e-06,-0.0012716,-0.012426,-0.0013193,-7.3091e-05,-0.0011948,-0.011387,-0.0011868,-0,-0.0007352,-0.0080367,-0.00064374,-0,-0.00016648,-0.0045764,-8.6663e-05,-0,-0,-0.0033588,-0,-0,-0.00018338,-0.0065797
-0.003096,-0.00043315,-0,-0.00042719,-0.0029465,-0.00042103,-0,-0.00042295,-0.002949,-0.00042284,-0,-0.00042295,-0.002949,-0.00042286,-0,-0.00042292,-0.0029491,-0.00042288,-0,-0.00042288,-0.0029491,-0.0004229,-0,-0.00042286,-0.0029491,-0.00042289,-0,-0.00042285,-0.0029491,-0.00042289,-0,-0.00042288,-0.0029491,-0.00042291,-0,-0.00042288,-0.0029491,-0.00042292,-0,-0.00042287,-0.0029491,-0.00042292,-0,-0.00042285,-0.0029491,-0.0004229,-0,-0.00042281,-0.002949,-0.00042284,-0,-0.00042248,-0.0029485,-0.0004227,-0,-0.00043091,-0.00299,-0.00045004,-0,-0.00050763,-0.0028437,-0.00046113,-0,-6.8799e-05,-0.0013444,-0,-0,-0,-0.0011755,-0,-0,-0,-0.0011355,-0,-0,-0,-0.0012152,-2.6639e-05,-0,-0.00022386,-0.0015251,-0.00027917,-0,-0.0003559,-0.0015346,-0.00034562,-0,-4.7413e-05,-0.00091602,-0,-0,-0,-0.00012067,-0,-0,-0,-0,-0,-0,-0,-0.0010627
0.0029811,0.00036081,0,0.00035946,0.0028412,0.00035572,0,0.00035802,0.0028447,0.00035806,0,0.00035815,0.0028448,0.00035809,0,0.00035815,0.0028448,0.0003581,0,0.0003581,0.0028448,0.00035812,0,0.0003581,0.0028448,0.00035814,0,0.0003581,0.0028448,0.00035815,0,0.00035813,0.0028448,0.00035816,0,0.00035812,0.0028448,0.00035816,0,0.00035815,0.0028448,0.00035815,0,0.00035813,0.0028448,0.00035817,0,0.00035812,0.0028448,0.0003582,0,0.00035787,0.0028445,0.0003605,0,0.00038297,0.0029148,0.00033304,0,4.7603e-05,0.0019903,0,0,0,0.0011075,0,0,0,0.0011744,0,0,0,0.0011779,0,0,0,0.00087538,0,0,0,7.2569e-05,0,-0,-0,0,-0,-0,-0,0,0,-0,0,0,0,0,0,0,0,0,0,0.00096927
0.021587,0.0029548,0.00036759,0.0028406,0.021141,0.0028524,0.00036601,0.0028529,0.021147,0.0028533,0.00036671,0.0028533,0.021147,0.0028533,0.00036672,0.0028533,0.021147,0.0028533,0.00036672,0.0028533,0.021147,0.0028533,0.00036673,0.0028533,0.021147,0.0028533,0.00036674,0.0028533,0.021147,0.0028533,0.00036674,0.0028533,0.021147,0.0028533,0.00036674,0.0028533,0.021147,0.0028533,0.00036672,0.0028533,0.021147,0.0028533,0.0003667,0.0028533,0.021147,0.0028533,0.0003667,0.0028533,0.021147,0.0028533,0.0003667,0.002853,0.021145,0.002852,0.00037544,0.0029183,0.021488,0.0029119,0.00022383,0.0020548,0.017407,0.0020857,0,0.0011259,0.012358,0.0011465,0,0.0011686,0.012443,0.0011656,0,0.0011485,0.012434,0.0011254,0,0.00087658,0.011275,0.00082725,0,0.00027842,0.0077214,0.00018441,0,0,0.0042183,0,0,0,0.0030637,0,0,0,0.003241,0,0,0,0.003305,0,0,9.4944e-05,0.0064281
-0.021617,-0.0029862,-0.00040185,-0.0028696,-0.021167,-0.0028802,-0.00039738,-0.0028805,-0.021171,-0.0028807,-0.00039791,-0.0028808,-0.021171,-0.0028808,-0.00039792,-0.0028808,-0.021171,-0.0028808,-0.00039793,-0.0028808,-0.021171,-0.0028808,-0.00039793,-0.0028808,-0.021171,-0.0028808,-0.00039795,-0.0028808,-0.021171,-0.0028808,-0.00039794,-0.0028808,-0.021171,-0.0028808,-0.00039793,-0.0028808,-0.021171,-0.0028808,-0.00039793,-0.0028808,-0.021171,-0.0028808,-0.00039793,-0.0028808,-0.021171,-0.0028808,-0.00039794,-0.0028807,-0.021171,-0.0028806,-0.00039759,-0.0028803,-0.02117,-0.0028826,-0.00041478,-0.0029593,-0.021539,-0.0029987,-0.00037177,-0.0022256,-0.017575,-0.0022544,-8.9195e-05,-0.0012068,-0.012402,-0.0011773,-0,-0.0011856,-0.012465,-0.0012136,-0,-0.0012828,-0.012601,-0.0013399,-7.8235e-05,-0.0012237,-0.011617,-0.0012287,-0,-0.0007625,-0.0081824,-0.00066852,-0,-0.00017692,-0.0046191,-9.0665e-05,-0,-0,-0.0033169,-0,-0,-0,-0.0033316,-0,-0,-0,-0.0033312,-0,-0,-0.0001264,-0.0064643
-0.0030337,-0.00041579,-0,-0.00040941,-0.0028861,-0.00040417,-0,-0.00040619,-0.0028889,-0.00040614,-0,-0.00040623,-0.002889,-0.00040616,-0,-0.00040621,-0.002889,-0.00040618,-0,-0.00040618,-0.002889,-0.00040621,-0,-0.00040615,-0.002889,-0.0004062,-0,-0.00040616,-0.002889,-0.00040619,-0,-0.00040618,-0.002889,-0.00040621,-0,-0.00040618,-0.002889,-0.00040622,-0,-0.00040617,-0.002889,-0.00040621,-0,-0.00040615,-0.002889,-0.00040618,-0,-0.00040605,-0.0028889,-0.00040586,-0,-0.00040486,-0.0028884,-0.00041099,-0,-0.00045088,-0.0029907,-0.00045685,-0,-0.00038123,-0.0023226,-0.00031718,-0,-0,-0.001171,-0,-0,-0,-0.0011954,-0,-0,-0.00017076,-0.0014957,-0.00023908,-0,-0.00037293,-0.0015813,-0.00037099,-0,-6.7088e-05,-0.00094831,-0,-0,-0,-0.00012942,-0,-0,-0,-0,-0,-0,-0,-0,-0,-0,-0,-0,-0,-0,-0,-0.001038
0.0029128,0.00034362,0,0.00034362,0.0027826,0.00033991,0,0.00034205,0.0027858,0.00034204,0,0.00034213,0.0027859,0.00034207,0,0.00034213,0.0027859,0.00034209,0,0.0003421,0.0027859,0.0003421,0,0.0003421,0.0027859,0.00034211,0,0.0003421,0.0027859,0.00034212,0,0.00034212,0.0027859,0.00034213,0,0.00034211,0.0027859,0.00034214,0,0.00034213,0.0027859,0.00034215,0,0.00034211,0.0027859,0.00034218,0,0.00034214,0.002786,0.00034268,0,0.00034463,0.0027915,0.00033991,0,0.0003292,0.002776,0.00026533,0,0,0.0014673,0,0,0,0.00118,0,0,0,0.0011826,0,0,0,0.00028899,0,-0,-0,0,-0,-0,-0,0,0,-0,0,0,0,0,0,0,0,0,0,0,0,0,0,0,0,0,0,0.0009103
0.02126,0.0028906,0.00035125,0.0027821,0.020836,0.0027935,0.00034995,0.0027939,0.020841,0.0027942,0.00035059,0.0027943,0.020841,0.0027942,0.00035059,0.0027943,0.020841,0.0027942,0.00035059,0.0027943,0.020841,0.0027943,0.0003506,0.0027942,0.020841,0.0027942,0.00035061,0.0027942,0.020841,0.0027942,0.0003506,0.0027942,0.020841,0.0027942,0.00035061,0.0027942,0.020841,0.0027942,0.00035059,0.0027942,0.020841,0.0027942,0.00035058,0.0027942,0.020841,0.0027942,0.00035062,0.0027943,0.020842,0.0027945,0.00035212,0.0028001,0.020868,0.0027955,0.00034102,0.0027876,0.020888,0.0027927,0.0001298,0.0015294,0.014732,0.0015703,0,0.0011476,0.01251,0.0011651,0,0.0011459,0.012538,0.0011138,0,0.00045469,0.008765,0.00033746,0,0,0.0041956,0,0,0,0.0030834,0,0,0,0.0032556,0,0,0,0.0033119,0,0,0,0.0032185,0,0,0,0.0031143,0,0,5.0467e-05,0.0062048
-0.021291,-0.002922,-0.00038526,-0.0028107,-0.020861,-0.0028209,-0.00038097,-0.0028212,-0.020866,-0.0028214,-0.0003815,-0.0028215,-0.020866,-0.0028214,-0.00038151,-0.0028215,-0.020866,-0.0028214,-0.0003815,-0.0028215,-0.020866,-0.0028214,-0.0003815,-0.0028215,-0.020866,-0.0028214,-0.00038151,-0.0028214,-0.020866,-0.0028214,-0.00038151,-0.0028215,-0.020866,-0.0028214,-0.0003815,-0.0028215,-0.020866,-0.0028215,-0.00038152,-0.0028215,-0.020866,-0.0028215,-0.00038152,-0.0028214,-0.020866,-0.0028214,-0.00038147,-0.0028213,-0.020866,-0.0028206,-0.00038096,-0.0028258,-0.020896,-0.0028371,-0.00040818,-0.0028655,-0.020974,-0.0029072,-0.00028343,-0.0016823,-0.014873,-0.0017123,-4.5407e-05,-0.0012327,-0.012583,-0.0012722,-5.1627e-05,-0.0013724,-0.0128,-0.0014214,-8.5422e-06,-0.00091502,-0.0092181,-0.00081948,-0,-0.00019009,-0.0046041,-9.0399e-05,-0,-0,-0.0033429,-0,-0,-0,-0.0033476,-0,-0,-0,-0.0033336,-0,-0,-0,-0.0032349,-0,-0,-0,-0.0031345,-0,-0,-8.2181e-05,-0.0062427
-0.0029664,-0.00039857,-0,-0.00039272,-0.0028268,-0.00038778,-0,-0.00038971,-0.0028295,-0.00038967,-0,-0.00038975,-0.0028296,-0.0003897,-0,-0.00038973,-0.0028296,-0.00038972,-0,-0.0003897,-0.0028296,-0.00038974,-0,-0.00038968,-0.0028296,-0.00038972,-0,-0.00038968,-0.0028296,-0.00038972,-0,-0.0003897,-0.0028296,-0.00038974,-0,-0.00038971,-0.0028296,-0.00038975,-0,-0.0003897,-0.0028296,-0.00038974,-0,-0.00038967,-0.0028296,-0.0003897,-0,-0.00038941,-0.0028291,-0.00038854,-0,-0.00038642,-0.0028334,-0.00040065,-0,-0.00047386,-0.002929,-0.00045547,-0,-0.00019144,-0.0017374,-0.0001367,-0,-1.8761e-05,-0.0012776,-5.5801e-05,-0,-0.00033579,-0.0016995,-0.00036049,-0,-0.00016163,-0.0011591,-7.2683e-05,-0,-0,-0.00013081,-0,-0,-0,-0,-0,-0,-0,-0,-0,-0,-0,-0,-0,-0,-0,-0,-0,-0,-0,-0,-0,-0,-0,-0.00098353
0.0028496,0.00032835,0,0.0003277,0.0027242,0.00032405,0,0.00032606,0.0027272,0.00032608,0,0.00032615,0.0027273,0.00032611,0,0.00032615,0.0027273,0.00032612,0,0.00032613,0.0027273,0.00032613,0,0.00032613,0.0027273,0.00032613,0,0.00032612,0.0027273,0.00032614,0,0.00032615,0.0027273,0.00032615,0,0.00032614,0.0027273,0.00032616,0,0.00032615,0.0027273,0.00032617,0,0.00032614,0.0027273,0.00032622,0,0.0003262,0.0027276,0.00032835,0,0.0003408,0.0027627,0.00031926,0,0.0002048,0.00243,0.00014119,0,0,0.0012435,0,0,0,0.00096828,0,0,0,0,0,-0,-0,0,-0,-0,0,0,0,0,0,0,0,0,0,0,0,0,0,0,0,0,0,0,0,0,0,0,0,0,0,0.00086835
0.020941,0.0028286,0.00033555,0.0027241,0.020534,0.0027349,0.00033399,0.0027353,0.020539,0.0027356,0.00033458,0.0027357,0.020539,0.0027356,0.00033457,0.0027357,0.020539,0.0027356,0.00033457,0.0027356,0.020539,0.0027356,0.00033458,0.0027356,0.020539,0.0027356,0.00033459,0.0027356,0.020539,0.0027356,0.00033459,0.0027356,0.020539,0.0027356,0.00033461,0.0027357,0.020539,0.0027357,0.0003346,0.0027356,0.020539,0.0027357,0.00033458,0.0027356,0.020539,0.0027357,0.00033462,0.0027357,0.020539,0.0027363,0.00034116,0.0027689,0.0207,0.0027629,0.00028285,0.0024691,0.01935,0.0024799,2.7844e-05,0.0012679,0.013294,0.0012727,0,0.00095506,0.011756,0.00092437,0,8.9683e-05,0.006496,0,0,0,0.0032564,0,0,0,0.0032538,0,0,0,0.0033362,0,0,0,0.003235,0,0,0,0.0031421,0,0,0,0.0030629,0,0,0,0.0029703,0,0,1.4671e-05,0.006016
-0.02097,-0.0028586,-0.00036845,-0.0027521,-0.020558,-0.002762,-0.00036466,-0.0027623,-0.020563,-0.0027625,-0.00036517,-0.0027626,-0.020563,-0.0027625,-0.00036517,-0.0027626,-0.020563,-0.0027625,-0.00036518,-0.0027626,-0.020563,-0.0027625,-0.00036517,-0.0027626,-0.020563,-0.0027626,-0.00036517,-0.0027626,-0.020563,-0.0027626,-0.00036518,-0.0027626,-0.020563,-0.0027626,-0.00036518,-0.0027626,-0.020563,-0.0027626,-0.00036519,-0.0027626,-0.020563,-0.0027626,-0.00036519,-0.0027626,-0.020563,-0.0027625,-0.00036508,-0.0027624,-0.020562,-0.0027614,-0.00036842,-0.0027933,-0.020728,-0.0028123,-0.00036931,-0.0025727,-0.019463,-0.0026246,-0.00021196,-0.0014492,-0.013481,-0.0015048,-0.00010974,-0.0012893,-0.012095,-0.0013095,-0,-0.00058431,-0.0069597,-0.0004654,-0,-0,-0.0035659,-0,-0,-0,-0.0033502,-0,-0,-0,-0.0033586,-0,-0,-0,-0.0032516,-0,-0,-0,-0.0031596,-0,-0,-0,-0.0030791,-0,-0,-0,-0.0029869,-0,-0,-4.2358e-05,-0.0060498
-0.0028999,-0.00038089,-0,-0.000376,-0.0027679,-0.00037139,-0,-0.00037327,-0.0027706,-0.00037323,-0,-0.00037333,-0.0027706,-0.00037325,-0,-0.0003733,-0.0027706,-0.00037326,-0,-0.00037326,-0.0027706,-0.00037328,-0,-0.00037324,-0.0027706,-0.00037328,-0,-0.00037325,-0.0027707,-0.00037327,-0,-0.00037327,-0.0027707,-0.0003733,-0,-0.00037327,-0.0027707,-0.00037331,-0,-0.00037326,-0.0027707,-0.0003733,-0,-0.00037323,-0.0027706,-0.00037324,-0,-0.00037293,-0.0027702,-0.00037292,-0,-0.00037882,-0.0028034,-0.0003881,-0,-0.00040118,-0.0026362,-0.00038927,-0,-0.00020271,-0.0015778,-0.00021169,-0,-0.00039381,-0.0016524,-0.00036569,-0,-0,-0.00068072,-0,-0,-0,-0,-0,-0,-0,-0,-0,-0,-0,-0,-0,-0,-0,-0,-0,-0,-0,-0,-0,-0,-0,-0,-0,-0,-0,-0,-0,-0,-0,-0.00093344
0.0027895,0.0003137,0,0.00031217,0.0026666,0.00030849,0,0.00031041,0.0026695,0.00031044,0,0.00031049,0.0026696,0.00031047,0,0.0003105,0.0026696,0.00031048,0,0.0003105,0.0026696,0.00031048,0,0.00031049,0.0026696,0.00031049,0,0.00031049,0.0026696,0.00031049,0,0.00031049,0.0026696,0.0003105,0,0.00031049,0.0026696,0.0003105,0,0.00031051,0.0026696,0.00031052,0,0.00031049,0.0026696,0.00031062,0,0.00031027,0.002669,0.00031296,0,0.00033224,0.00273,0.00029888,0,0.00013102,0.0021567,3.1422e-05,0,0,0.00067807,0,0,0,0,-0,-0,0,0,0,0,0,0,0,0,0,0,0,0,0,0,0,0,0,0,0,0,0,0,0,0,0,0,0,0,0,0,0,0,0,0.0008366
0.020632,0.0027687,0.00032011,0.0026668,0.020235,0.0026771,0.00031824,0.0026775,0.020239,0.0026777,0.0003188,0.0026778,0.02024,0.0026777,0.00031878,0.0026778,0.02024,0.0026777,0.00031878,0.0026778,0.02024,0.0026778,0.00031878,0.0026778,0.02024,0.0026778,0.00031881,0.0026778,0.02024,0.0026778,0.00031882,0.0026778,0.02024,0.0026778,0.00031883,0.0026778,0.02024,0.0026778,0.00031882,0.0026778,0.02024,0.0026778,0.0003188,0.0026778,0.02024,0.002678,0.00031926,0.0026777,0.020236,0.0026776,0.00032875,0.0027352,0.020529,0.0027215,0.0002099,0.0021642,0.017959,0.0021559,0,0.00079092,0.010755,0.00067975,0,0,0.0046652,0,0,0,0.0029835,0,0,0,0.0033183,0,0,0,0.0032555,0,0,0,0.0031536,0,0,0,0.0030716,0,0,0,0.0030008,0,0,0,0.0029349,0,0,0,0.0028486,0,0,0,0.0058714
-0.020659,-0.0027976,-0.00035207,-0.0026941,-0.020259,-0.0027038,-0.00034852,-0.0027041,-0.020263,-0.0027043,-0.00034901,-0.0027044,-0.020264,-0.0027044,-0.00034901,-0.0027044,-0.020264,-0.0027044,-0.00034902,-0.0027044,-0.020264,-0.0027044,-0.00034901,-0.0027044,-0.020264,-0.0027044,-0.00034901,-0.0027044,-0.020264,-0.0027044,-0.00034901,-0.0027044,-0.020264,-0.0027044,-0.00034902,-0.0027044,-0.020264,-0.0027044,-0.00034904,-0.0027044,-0.020264,-0.0027044,-0.00034904,-0.0027044,-0.020263,-0.0027038,-0.00034744,-0.0027017,-0.020258,-0.0027016,-0.00035698,-0.0027645,-0.020575,-0.0028222,-0.00040802,-0.0024145,-0.018242,-0.002497,-0.00020384,-0.0012406,-0.011172,-0.0011526,-0,-0.00029015,-0.0050953,-0.0001656,-0,-0,-0.0031931,-0,-0,-0,-0.0033621,-0,-0,-0,-0.0032735,-0,-0,-0,-0.0031721,-0,-0,-0,-0.0030884,-0,-0,-0,-0.0030162,-0,-0,-0,-0.002949,-0,-0,-0,-0.0028629,-0,-0,-1.2125e-05,-0.0059025
-0.0028372,-0.00036428,-0,-0.00035958,-0.0027096,-0.00035516,-0,-0.00035696,-0.0027122,-0.00035694,-0,-0.00035702,-0.0027123,-0.00035694,-0,-0.00035699,-0.0027123,-0.00035696,-0,-0.00035696,-0.0027123,-0.00035698,-0,-0.00035695,-0.0027123,-0.00035698,-0,-0.00035695,-0.0027123,-0.00035697,-0,-0.00035696,-0.0027123,-0.000357,-0,-0.00035697,-0.0027123,-0.00035701,-0,-0.00035696,-0.0027123,-0.00035697,-0,-0.00035715,-0.0027125,-0.00035639,-0,-0.00035128,-0.0027064,-0.00035472,-0,-0.00037323,-0.0027832,-0.00042745,-0,-0.00060979,-0.0026954,-0.00062298,-0,-0.00037903,-0.0015001,-0.00028619,-0,-0,-0.00026303,-0,-0,-0,-0,-0,-0,-0,-0,-0,-0,-0,-0,-0,-0,-0,-0,-0,-0,-0,-0,-0,-0,-0,-0,-0,-0,-0,-0,-0,-0,-0,-0,-0,-0,-0,-0.0008959
0.0027289,0.00029831,0,0.00029673,0.0026097,0.00029311,0,0.00029499,0.0026125,0.00029501,0,0.00029508,0.0026126,0.00029505,0,0.00029508,0.0026126,0.00029506,0,0.00029507,0.0026126,0.00029506,0,0.00029506,0.0026126,0.00029506,0,0.00029505,0.0026126,0.00029506,0,0.00029506,0.0026126,0.00029506,0,0.00029506,0.0026126,0.00029507,0,0.00029508,0.0026127,0.0002952,0,0.00029444,0.0026104,0.00029538,0,0.00030401,0.0026367,0.00029949,0,0.00032912,0.0027425,0.00020509,0,0,0.00068684,0,-0,-0,0,-0,-0,0,0,0,0,0,0,0,0,0,0,0,0,0,0,0,0,0,0,0,0,0,0,0,0,0,0,0,0,0,0,0,0,0,0,0,0,0,0.00080219
0.020326,0.0027093,0.00030456,0.00261,0.01994,0.0026201,0.00030267,0.0026204,0.019944,0.0026207,0.00030321,0.0026207,0.019944,0.0026207,0.00030318,0.0026207,0.019944,0.0026207,0.00030319,0.0026207,0.019944,0.0026207,0.0003032,0.0026207,0.019945,0.0026207,0.00030322,0.0026207,0.019945,0.0026207,0.00030324,0.0026207,0.019945,0.0026207,0.00030325,0.0026207,0.019945,0.0026207,0.00030321,0.0026207,0.019945,0.0026212,0.00030417,0.0026199,0.019935,0.0026183,0.00030412,0.0026388,0.020049,0.0026146,0.00026525,0.0026928,0.020616,0.002651,0,0.00090577,0.01188,0.00084915,0,0,0.0041792,0,0,0,0.0030064,0,0,0,0.0032822,0,0,0,0.0031764,0,0,0,0.0030823,0,0,0,0.003005,0,0,0,0.0029378,0,0,0,0.0028723,0,0,0,0.0028175,0,0,0,0.0027442,0,0,0,0.0057308
-0.020353,-0.0027377,-0.00033607,-0.002637,-0.019964,-0.0026465,-0.00033264,-0.0026468,-0.019968,-0.002647,-0.00033311,-0.002647,-0.019968,-0.002647,-0.0003331,-0.002647,-0.019968,-0.002647,-0.00033313,-0.002647,-0.019968,-0.002647,-0.00033311,-0.002647,-0.019968,-0.002647,-0.00033312,-0.002647,-0.019968,-0.002647,-0.00033313,-0.0026471,-0.019968,-0.002647,-0.00033315,-0.0026471,-0.019968,-0.0026471,-0.00033324,-0.0026472,-0.019968,-0.0026458,-0.00032964,-0.0026406,-0.019954,-0.0026445,-0.00034249,-0.0026843,-0.020117,-0.002749,-0.00051683,-0.0030082,-0.020981,-0.0031066,-0.00042008,-0.0015145,-0.012484,-0.0014466,-0,-0.00024359,-0.0045972,-7.7429e-05,-0,-0,-0.0031362,-0,-0,-0,-0.0033034,-0,-0,-0,-0.0031949,-0,-0,-0,-0.0031,-0,-0,-0,-0.003021,-0,-0,-0,-0.0029526,-0,-0,-0,-0.0028861,-0,-0,-0,-0.0028303,-0,-0,-0,-0.0027575,-0,-0,-0,-0.0057609
-0.0027757,-0.00034804,-0,-0.00034354,-0.0026523,-0.00033925,-0,-0.00034101,-0.0026548,-0.00034099,-0,-0.00034107,-0.0026549,-0.000341,-0,-0.00034103,-0.0026549,-0.00034102,-0,-0.00034101,-0.0026549,-0.00034104,-0,-0.000341,-0.0026549,-0.00034104,-0,-0.000341,-0.0026549,-0.00034103,-0,-0.00034101,-0.0026549,-0.00034106,-0,-0.00034103,-0.0026549,-0.00034112,-0,-0.00034158,-0.0026553,-0.00033981,-0,-0.00032791,-0.002641,-0.00033632,-0,-0.00037637,-0.002726,-0.0004791,-8.0349e-05,-0.00092251,-0.003434,-0.00096786,-0.0002067,-0.00063556,-0.0018713,-0.00045898,-0,-0,-0.00015939,-0,-0,-0,-0,-0,-0,-0,-0,-0,-0,-0,-0,-0,-0,-0,-0,-0,-0,-0,-0,-0,-0,-0,-0,-0,-0,-0,-0,-0,-0,-0,-0,-0,-0,-0,-0,-0,-0,-0,-0.00085974
0.0026689,0.00028295,0,0.00028132,0.0025533,0.00027775,0,0.00027961,0.002556,0.00027961,0,0.00027969,0.0025561,0.00027965,0,0.00027968,0.0025561,0.00027966,0,0.00027968,0.0025561,0.00027966,0,0.00027966,0.0025561,0.00027965,0,0.00027965,0.0025561,0.00027966,0,0.00027967,0.0025561,0.00027967,0,0.00027968,0.0025562,0.00027969,0,0.00027803,0.0025515,0.0002799,0,0.00030318,0.00262,0.00028733,0,0.00024706,0.0025216,9.169e-05,0,0,0.00040914,0,-0,-0,0,-0,-0,0,0,0,0,0,0,0,0,0,0,0,0,0,0,0,0,0,0,0,0,0,0,0,0,0,0,0,0,0,0,0,0,0,0,0,0,0,0,0,0,0,0.00076914
0.020024,0.0026504,0.00028909,0.0025536,0.019647,0.0025634,0.00028718,0.0025638,0.019652,0.002564,0.0002877,0.0025641,0.019652,0.002564,0.00028767,0.002564,0.019652,0.002564,0.00028768,0.002564,0.019652,0.002564,0.00028769,0.002564,0.019652,0.002564,0.00028773,0.002564,0.019652,0.002564,0.00028775,0.002564,0.019652,0.0025641,0.00028776,0.0025641,0.019652,0.0025646,0.00028837,0.0025612,0.019632,0.0025564,0.00028597,0.0026089,0.019926,0.0025779,0.00020731,0.0024798,0.019669,0.0024214,0,0.00075494,0.011449,0.00068575,0,0,0.0032808,0,0,0,0.0030447,0,0,0,0.0032212,0,0,0,0.0031003,0,0,0,0.0030118,0,0,0,0.0029419,0,0,0,0.0028758,0,0,0,0.0028107,0,0,0,0.0027604,0,0,0,0.0027119,0,0,0,0.0026371,0,0,0,0.0055968
-0.02005,-0.0026784,-0.00032023,-0.0025804,-0.019671,-0.0025896,-0.00031693,-0.0025899,-0.019675,-0.0025901,-0.00031739,-0.0025902,-0.019675,-0.0025901,-0.00031739,-0.0025902,-0.019675,-0.0025902,-0.0003174,-0.0025902,-0.019675,-0.0025902,-0.00031739,-0.0025902,-0.019675,-0.0025902,-0.0003174,-0.0025902,-0.019675,-0.0025902,-0.00031742,-0.0025902,-0.019675,-0.0025902,-0.00031748,-0.0025903,-0.019675,-0.0025887,-0.00031343,-0.0025823,-0.019655,-0.0025952,-0.00035325,-0.0026937,-0.020041,-0.0027765,-0.00054884,-0.0028944,-0.020142,-0.0029922,-0.0004518,-0.0015221,-0.012201,-0.0014342,-0,-0.00013626,-0.0037504,-0,-0,-0,-0.0031606,-0,-0,-0,-0.0032379,-0,-0,-0,-0.0031176,-0,-0,-0,-0.0030286,-0,-0,-0,-0.0029574,-0,-0,-0,-0.0028904,-0,-0,-0,-0.0028241,-0,-0,-0,-0.0027728,-0,-0,-0,-0.0027241,-0,-0,-0,-0.0026499,-0,-0,-0,-0.0056261
-0.0027148,-0.00033194,-0,-0.00032768,-0.0025955,-0.00032351,-0,-0.00032525,-0.0025979,-0.00032522,-0,-0.0003253,-0.002598,-0.00032524,-0,-0.00032526,-0.002598,-0.00032526,-0,-0.00032525,-0.002598,-0.00032528,-0,-0.00032524,-0.002598,-0.00032528,-0,-0.00032525,-0.002598,-0.00032526,-0,-0.00032526,-0.002598,-0.00032534,-0,-0.00032566,-0.0025981,-0.00032334,-0,-0.0003106,-0.0025844,-0.00033442,-0,-0.0004506,-0.0027928,-0.00057238,-0.00016781,-0.0010236,-0.0034289,-0.0010503,-0.00026176,-0.0006686,-0.0018652,-0.00047488,-0,-0,-0,-0,-0,-0,-0,-0,-0,-0,-0,-0,-0,-0,-0,-0,-0,-0,-0,-0,-0,-0,-0,-0,-0,-0,-0,-0,-0,-0,-0,-0,-0,-0,-0,-0,-0,-0,-0,-0,-0,-0,-0,-0,-0,-0,-0.00082488
0.0026097,0.00026769,0,0.00026602,0.0024972,0.00026249,0,0.00026432,0.0024998,0.00026429,0,0.00026438,0.0024999,0.00026434,0,0.00026439,0.0024999,0.00026434,0,0.00026439,0.0024999,0.00026435,0,0.00026438,0.0024999,0.00026435,0,0.00026437,0.0024999,0.00026437,0,0.0002644,0.0025,0.00026438,0,0.00026296,0.002496,0.00026587,0,0.00029358,0.002574,0.00025576,0,9.4621e-05,0.0021458,0,0,0,0,-0,-0,-0,-0,-0,-0,0,0,0,0,0,0,0,0,0,0,0,0,0,0,0,0,0,0,0,0,0,0,0,0,0,0,0,0,0,0,0,0,0,0,0,0,0,0,0,0,0,0,0,0,0,0.00073779
0.019725,0.0025922,0.00027375,0.0024977,0.019357,0.0025072,0.00027184,0.0025075,0.019361,0.0025078,0.00027235,0.0025078,0.019361,0.0025078,0.00027232,0.0025078,0.019361,0.0025078,0.00027234,0.0025078,0.019361,0.0025078,0.00027235,0.0025078,0.019361,0.0025078,0.00027239,0.0025078,0.019361,0.0025078,0.00027241,0.0025079,0.019361,0.0025083,0.00027292,0.0025053,0.019344,0.0025017,0.00027488,0.0025652,0.019689,0.0025284,0.00013904,0.002154,0.018148,0.0020922,0,0.00028187,0.0086697,0.00012494,0,0,0.0025513,0,0,0,0.0031791,0,0,0,0.0032031,0,0,0,0.0030697,0,0,0,0.0029584,0,0,0,0.0028813,0,0,0,0.0028131,0,0,0,0.0027491,0,0,0,0.002703,0,0,0,0.002655,0,0,0,0.0026035,0,0,0,0.0025419,0,0,0,0.0054706
-0.01975,-0.0026197,-0.00030446,-0.0025241,-0.019381,-0.0025331,-0.00030122,-0.0025334,-0.019384,-0.0025336,-0.00030166,-0.0025336,-0.019385,-0.0025336,-0.00030166,-0.0025336,-0.019385,-0.0025336,-0.00030168,-0.0025336,-0.019385,-0.0025336,-0.00030169,-0.0025336,-0.019385,-0.0025336,-0.0003017,-0.0025336,-0.019385,-0.0025336,-0.0003017,-0.0025336,-0.019384,-0.0025323,-0.00029825,-0.0025269,-0.019367,-0.0025372,-0.00033409,-0.0026405,-0.019798,-0.0027351,-0.00051416,-0.0026204,-0.018677,-0.0027074,-0.00027841,-0.0011292,-0.0094461,-0.0009279,-0,-0,-0.002999,-0,-0,-0,-0.0032608,-0,-0,-0,-0.0032171,-0,-0,-0,-0.0030849,-0,-0,-0,-0.0029725,-0,-0,-0,-0.002895,-0,-0,-0,-0.0028268,-0,-0,-0,-0.0027622,-0,-0,-0,-0.0027152,-0,-0,-0,-0.0026671,-0,-0,-0,-0.002615,-0,-0,-0,-0.0025538,-0,-0,-0,-0.0054992
-0.0026547,-0.00031593,-0,-0.00031176,-0.0025388,-0.00030768,-0,-0.00030939,-0.0025412,-0.00030934,-0,-0.00030943,-0.0025413,-0.00030936,-0,-0.0003094,-0.0025413,-0.00030938,-0,-0.0003094,-0.0025413,-0.00030942,-0,-0.00030938,-0.0025413,-0.00030941,-0,-0.00030939,-0.0025413,-0.00030941,-0,-0.00030949,-0.0025411,-0.00030737,-0,-0.00029727,-0.0025301,-0.00031688,-0,-0.00041883,-0.0027296,-0.00054047,-0.00014827,-0.00098101,-0.0031795,-0.00096624,-0.00012353,-0.00035154,-0.0012928,-0.0001536,-0,-0,-0,-0,-0,-0,-0,-0,-0,-0,-0,-0,-0,-0,-0,-0,-0,-0,-0,-0,-0,-0,-0,-0,-0,-0,-0,-0,-0,-0,-0,-0,-0,-0,-0,-0,-0,-0,-0,-0,-0,-0,-0,-0,-0,-0,-0,-0,-0,-0,-0.00079221
0.0025513,0.00025274,0,0.00025115,0.0024423,0.00024771,0,0.00024949,0.0024449,0.00024946,0,0.00024955,0.0024449,0.00024951,0,0.00024957,0.002445,0.00024953,0,0.00024956,0.002445,0.00024953,0,0.00024956,0.002445,0.00024953,0,0.00024956,0.002445,0.00024953,0,0.00024876,0.002443,0.00025181,0,0.00027344,0.0025024,0.00024437,0,0.00012584,0.0021909,0,0,-0,0,-0,-0,-0,0,-0,-0,0,0,0,0,0,0,0,0,0,0,0,0,0,0,0,0,0,0,0,0,0,0,0,0,0,0,0,0,0,0,0,0,0,0,0,0,0,0,0,0,0,0,0,0,0,0,0,0,0,0.00070606
0.019431,0.002535,0.00025872,0.0024428,0.019072,0.0024521,0.00025684,0.0024524,0.019076,0.0024527,0.00025732,0.0024527,0.019076,0.0024527,0.0002573,0.0024527,0.019076,0.0024527,0.00025734,0.0024527,0.019076,0.0024527,0.00025736,0.0024527,0.019076,0.0024527,0.00025741,0.0024527,0.019076,0.0024529,0.00025755,0.0024512,0.019066,0.0024502,0.00026357,0.0025011,0.019328,0.0024722,0.00016142,0.0022047,0.018273,0.0021429,0,3.0695e-05,0.006703,0,0,0,0.00248,0,0,0,0.0032864,0,0,0,0.0031733,0,0,0,0.0030501,0,0,0,0.0029399,0,0,0,0.0028573,0,0,0,0.0027749,0,0,0,0.0026994,0,0,0,0.0026463,0,0,0,0.0025977,0,0,0,0.0025463,0,0,0,0.0025092,0,0,0,0.0024536,0,0,0,0.0053442
-0.019456,-0.0025621,-0.00028902,-0.0024689,-0.019095,-0.0024776,-0.00028582,-0.0024779,-0.019099,-0.0024781,-0.00028626,-0.0024782,-0.019099,-0.0024781,-0.00028628,-0.0024782,-0.019099,-0.0024781,-0.0002863,-0.0024782,-0.019099,-0.0024781,-0.00028629,-0.0024782,-0.019099,-0.0024781,-0.00028628,-0.0024781,-0.019099,-0.0024775,-0.00028466,-0.0024747,-0.019088,-0.0024778,-0.00030129,-0.0025454,-0.019398,-0.00262,-0.0004478,-0.0025709,-0.018696,-0.0026522,-0.00012446,-0.00078198,-0.0074047,-0.00057906,-0,-0,-0.0028254,-0,-0,-0,-0.0033247,-0,-0,-0,-0.0031875,-0,-0,-0,-0.0030653,-0,-0,-0,-0.0029532,-0,-0,-0,-0.002869,-0,-0,-0,-0.0027864,-0,-0,-0,-0.0027104,-0,-0,-0,-0.002657,-0,-0,-0,-0.0026088,-0,-0,-0,-0.0025573,-0,-0,-0,-0.0025196,-0,-0,-0,-0.0024651,-0,-0,-0,-0.0053725
-0.0025959,-0.00030041,-0,-0.00029631,-0.0024834,-0.00029232,-0,-0.00029399,-0.0024858,-0.00029393,-0,-0.00029402,-0.0024858,-0.00029396,-0,-0.00029399,-0.0024858,-0.00029398,-0,-0.00029401,-0.0024859,-0.00029401,-0,-0.00029401,-0.0024859,-0.00029402,-0,-0.000294,-0.0024857,-0.00029299,-0,-0.00028869,-0.0024806,-0.00029665,-0,-0.00033964,-0.0025906,-0.00043655,-4.0131e-05,-0.00082363,-0.0030078,-0.0007849,-0,-7.5772e-05,-0.00082652,-0,-0,-0,-0,-0,-0,-0,-0,-0,-0,-0,-0,-0,-0,-0,-0,-0,-0,-0,-0,-0,-0,-0,-0,-0,-0,-0,-0,-0,-0,-0,-0,-0,-0,-0,-0,-0,-0,-0,-0,-0,-0,-0,-0,-0,-0,-0,-0,-0,-0,-0,-0,-0,-0,-0,-0.00075995
0.0024932,0.00023771,0,0.00023618,0.0023876,0.00023283,0,0.00023456,0.0023901,0.00023453,0,0.00023464,0.0023902,0.0002346,0,0.00023465,0.0023902,0.00023461,0,0.00023462,0.0023902,0.0002346,0,0.00023462,0.0023902,0.00023459,0,0.00023436,0.0023896,0.00023588,0,0.00024395,0.0024115,0.00023292,0,0.00021347,0.0023734,4.654e-05,0,0,1.9584e-05,0,-0,-0,0,0,0,0,0,0,0,0,0,0,0,0,0,0,0,0,0,0,0,0,0,0,0,0,0,0,0,0,0,0,0,0,0,0,0,0,0,0,0,0,0,0,0,0,0,0,0,0,0,0,0,0,0,0,0,0,0.00067429
0.019139,0.0024782,0.00024386,0.0023883,0.018789,0.0023974,0.00024196,0.0023977,0.018793,0.0023979,0.00024244,0.002398,0.018793,0.0023979,0.00024243,0.0023979,0.018793,0.0023979,0.00024246,0.0023979,0.018793,0.002398,0.00024248,0.002398,0.018793,0.002398,0.00024254,0.0023975,0.01879,0.0023977,0.00024657,0.0024175,0.018887,0.0023976,0.00019844,0.0023635,0.018899,0.0023051,0,0.00043047,0.0091834,0.00028686,0,0,0.0025946,0,0,0,0.0032972,0,0,0,0.0031537,0,0,0,0.0030305,0,0,0,0.0029227,0,0,0,0.0028389,0,0,0,0.0027584,0,0,0,0.0026792,0,0,0,0.0026206,0,0,0,0.0025646,0,0,0,0.0025061,0,0,0,0.0024597,0,0,0,0.0024236,0,0,0,0.0023633,0,0,0,0.0052183
-0.019163,-0.0025045,-0.00027327,-0.0024137,-0.018811,-0.0024223,-0.00027029,-0.0024226,-0.018815,-0.0024228,-0.00027075,-0.0024228,-0.018815,-0.0024228,-0.00027078,-0.0024229,-0.018815,-0.0024228,-0.00027077,-0.0024228,-0.018815,-0.0024228,-0.00027074,-0.0024228,-0.018815,-0.0024226,-0.00027025,-0.0024217,-0.018811,-0.0024209,-0.00027199,-0.0024431,-0.01893,-0.0024959,-0.00039838,-0.002624,-0.019211,-0.0027175,-0.00021439,-0.0011388,-0.0098404,-0.00095981,-0,-0,-0.0028589,-0,-0,-0,-0.003317,-0,-0,-0,-0.0031686,-0,-0,-0,-0.003045,-0,-0,-0,-0.0029353,-0,-0,-0,-0.0028499,-0,-0,-0,-0.0027689,-0,-0,-0,-0.0026886,-0,-0,-0,-0.0026291,-0,-0,-0,-0.0025733,-0,-0,-0,-0.002515,-0,-0,-0,-0.0024681,-0,-0,-0,-0.0024322,-0,-0,-0,-0.0023734,-0,-0,-0,-0.0052451
-0.0025363,-0.00028391,-0,-0.00028026,-0.0024279,-0.00027645,-0,-0.00027808,-0.0024302,-0.00027804,-0,-0.00027814,-0.0024303,-0.00027807,-0,-0.0002781,-0.0024303,-0.00027809,-0,-0.00027812,-0.0024303,-0.00027811,-0,-0.00027809,-0.0024302,-0.00027778,-0,-0.00027683,-0.0024287,-0.00027696,-0,-0.00027717,-0.0024579,-0.00035414,-0,-0.00070324,-0.0029511,-0.00072736,-1.2125e-05,-0.00033493,-0.0013404,-0.00017724,-0,-0,-0,-0,-0,-0,-0,-0,-0,-0,-0,-0,-0,-0,-0,-0,-0,-0,-0,-0,-0,-0,-0,-0,-0,-0,-0,-0,-0,-0,-0,-0,-0,-0,-0,-0,-0,-0,-0,-0,-0,-0,-0,-0,-0,-0,-0,-0,-0,-0,-0,-0,-0,-0,-0,-0,-0,-0,-0.00072528
0.0024379,0.00022464,0,0.00022283,0.0023344,0.00021943,0,0.00022112,0.0023368,0.00022109,0,0.00022118,0.0023369,0.00022115,0,0.00022119,0.0023369,0.00022116,0,0.00022117,0.0023369,0.00022114,0,0.00022114,0.0023368,0.00022169,0,0.00022242,0.0023386,0.00022181,0,0.0002564,0.0024438,0.00013259,0,0,0.00061324,0,-0,-0,0,-0,-0,0,0,0,0,0,0,0,0,0,0,0,0,0,0,0,0,0,0,0,0,0,0,0,0,0,0,0,0,0,0,0,0,0,0,0,0,0,0,0,0,0,0,0,0,0,0,0,0,0,0,0,0,0,0,0,0,0,0.0006495
0.018854,0.0024261,0.00023384,0.0023377,0.01851,0.0023465,0.00023158,0.0023467,0.018514,0.0023469,0.00023202,0.002347,0.018514,0.0023469,0.00023201,0.0023469,0.018514,0.002347,0.00023202,0.0023469,0.018514,0.002347,0.00023205,0.0023469,0.018514,0.0023478,0.00023452,0.0023503,0.018522,0.0023361,0.00021602,0.0024199,0.019059,0.0023662,0,0.00088101,0.011809,0.00082369,0,0,0.002616,0,0,0,0.003226,0,0,0,0.0031387,0,0,0,0.0030147,0,0,0,0.0029087,0,0,0,0.0028252,0,0,0,0.0027434,0,0,0,0.002665,0,0,0,0.0026044,0,0,0,0.0025486,0,0,0,0.002489,0,0,0,0.0024366,0,0,0,0.0023979,0,0,0,0.0023584,0,0,0,0.0022944,0,0,0,0.005115
-0.018867,-0.0024384,-0.00024643,-0.0023495,-0.018522,-0.0023583,-0.0002442,-0.0023586,-0.018526,-0.0023589,-0.00024476,-0.002359,-0.018526,-0.002359,-0.00024478,-0.002359,-0.018526,-0.002359,-0.00024476,-0.0023589,-0.018526,-0.0023589,-0.00024464,-0.0023586,-0.018525,-0.0023561,-0.00023944,-0.0023554,-0.018542,-0.0023949,-0.00035028,-0.0026049,-0.019291,-0.0027083,-0.00032746,-0.0014673,-0.012415,-0.0014221,-0,-0,-0.002962,-0,-0,-0,-0.0032423,-0,-0,-0,-0.0031369,-0,-0,-0,-0.0030119,-0,-0,-0,-0.0029038,-0,-0,-0,-0.002819,-0,-0,-0,-0.0027367,-0,-0,-0,-0.0026572,-0,-0,-0,-0.0025957,-0,-0,-0,-0.0025413,-0,-0,-0,-0.0024856,-0,-0,-0,-0.0024346,-0,-0,-0,-0.0023959,-0,-0,-0,-0.0023566,-0,-0,-0,-0.0022927,-0,-0,-0,-0.0051277
-0.0024647,-0.00024608,-0,-0.00024267,-0.0023582,-0.00023969,-0,-0.00024149,-0.0023608,-0.00024153,-0,-0.00024163,-0.0023609,-0.00024157,-0,-0.00024162,-0.0023609,-0.00024158,-0,-0.00024159,-0.0023609,-0.00024155,-0,-0.00024158,-0.0023602,-0.00023782,-0,-0.00022009,-0.0023517,-0.00028386,-0,-0.0006034,-0.0028454,-0.00066888,-6.0708e-05,-0.00056033,-0.0018263,-0.00040034,-0,-0,-0,-0,-0,-0,-0,-0,-0,-0,-0,-0,-0,-0,-0,-0,-0,-0,-0,-0,-0,-0,-0,-0,-0,-0,-0,-0,-0,-0,-0,-0,-0,-0,-0,-0,-0,-0,-0,-0,-0,-0,-0,-0,-0,-0,-0,-0,-0,-0,-0,-0,-0,-0,-0,-0,-0,-0,-0,-0,-0,-0,-0.00067525
0.0024132,0.00025728,0,0.00025602,0.0023143,0.0002509,0,0.00025234,0.0023161,0.00025218,0,0.00025224,0.0023161,0.00025222,0,0.00025223,0.0023161,0.00025223,0,0.00025228,0.0023162,0.00025239,0,0.00025089,0.0023122,0.00025632,0,0.00030965,0.0024615,0.00021436,0,0,0.001034,0,-0,-0,0,-0,-0,0,0,0,0,0,0,0,0,0,0,0,0,0,0,0,0,0,0,0,0,0,0,0,0,0,0,0,0,0,0,0,0,0,0,0,0,0,0,0,0,0,0,0,0,0,0,0,0,0,0,0,0,0,0,0,0,0,0,0,0,0,0.00066682
0.018651,0.0024886,0.00037779,0.0024004,0.018317,0.0024058,0.00036651,0.0024053,0.01832,0.0024054,0.00036638,0.0024054,0.01832,0.0024053,0.00036635,0.0024053,0.01832,0.0024053,0.00036638,0.0024054,0.01832,0.0024061,0.00036753,0.002403,0.018301,0.0023969,0.00037294,0.0025227,0.018977,0.0024842,9.7093e-05,0.0012823,0.013383,0.0012595,0,0,0.0032379,0,0,0,0.0032496,0,0,0,0.003247,0,0,0,0.0031204,0,0,0,0.0030128,0,0,0,0.0029324,0,0,0,0.0028483,0,0,0,0.0027687,0,0,0,0.0027083,0,0,0,0.0026504,0,0,0,0.002585,0,0,0,0.0024973,0,0,0,0.0024432,0,0,0,0.002402,0,0,0,0.002362,0,0,0,0.0023035,0,0,0,0.0051152
-0.018309,-0.0020648,-0,-0.0019838,-0.017981,-0.0020024,-0,-0.002004,-0.01799,-0.0020047,-0,-0.0020048,-0.01799,-0.0020048,-0,-0.0020048,-0.01799,-0.0020048,-0,-0.0020047,-0.017989,-0.0020026,-0,-0.0019965,-0.017971,-0.0020149,-0,-0.002203,-0.018769,-0.0022931,-0,-0.0013045,-0.013487,-0.0013289,-0,-0,-0.0031761,-0,-0,-0,-0.0027919,-0,0,-0,-0.0027511,-0,0,-0,-0.0026228,-0,0,-0,-0.0025126,-0,0,-0,-0.0024301,-0,0,-0,-0.0023448,-0,0,-0,-0.0022637,-0,0,-0,-0.0022015,-0,0,-0,-0.0021446,-0,0,-0,-0.0021142,-0,0,-0,-0.0021614,-0,-0,-0,-0.0021613,-0,-0,-0,-0.0021273,-0,-0,-0,-0.0020897,-0,-0,-0,-0.0020143,-0,-0,-0,-0.0047066
-0.0018813,-0,-0,-0,-0.0017898,-0,-0,-0,-0.0017975,-0,-0,-0,-0.0017977,-0,-0,-0,-0.0017978,-0,-0,-0,-0.0017972,-0,-0,-0,-0.0017803,-0,-0,-0,-0.0021395,-0,-0,-0,-0.0013452,-0,0,0,-0,0,0,0,0,0,0,0,0,0,0,0,0,0,0,0,0,0,0,0,0,0,0,0,0,0,0,0,0,0,0,0,0,0,0,0,0,0,0,0,0,0,0,0,-0,0,0,0,-0,0,0,0,-0,0,0,0,-0,0,0,0,-0,0,0,0,-6.1294e-06
0.0042905,0.00163,0.0009973,0.0015753,0.0039574,0.0015448,0.00092179,0.0015466,0.0039553,0.0015462,0.00092127,0.0015463,0.0039553,0.0015463,0.00092127,0.0015463,0.0039553,0.0015461,0.00092073,0.0015451,0.0039525,0.0015509,0.00093942,0.0015853,0.0040654,0.0015446,0.00081463,0.0012956,0.0032505,0.0011472,0.0004116,0.00042384,0.0010118,0.00045874,0.00039393,0.0007719,0.0014378,0.00087721,0.00065104,0.00092986,0.0015409,0.0009421,0.00067947,0.00092965,0.0015185,0.00092891,0.00067416,0.00092295,0.0015052,0.00092349,0.00067305,0.00092015,0.0014973,0.00092055,0.00067194,0.00091569,0.0014868,0.00091577,0.00067002,0.00091113,0.0014768,0.00091142,0.00066894,0.00090878,0.0014705,0.00090913,0.00066839,0.00090639,0.0014644,0.00090746,0.00067016,0.00090762,0.0014605,0.0008983,0.00064069,0.00085096,0.0013763,0.0007454,0.00032315,0.00041648,0.00079231,0.00029548,2.7601e-06,0.00021449,0.00063229,0.00018975,0,0.00018416,0.00061653,0.00018113,0,0.00017178,0.00059985,0.00016848,0,0.00016222,0.00059998,0.0002367,9.4218e-05,0.0005617,0.0022988
0.024714,0.0058813,0.0023906,0.0055345,0.023967,0.0055329,0.0023067,0.0055316,0.023973,0.0055321,0.0023071,0.0055321,0.023974,0.0055321,0.0023071,0.0055321,0.023974,0.0055321,0.0023066,0.0055293,0.023958,0.0055294,0.0023197,0.0056148,0.024432,0.0056165,0.0022453,0.005051,0.021402,0.005084,0.0018835,0.0029989,0.010732,0.0030344,0.0017835,0.0029229,0.0093207,0.0029944,0.0019284,0.0030402,0.0094855,0.0030479,0.0019471,0.0030211,0.0093305,0.0030223,0.0019428,0.0030035,0.0092169,0.0030051,0.0019413,0.0029919,0.0091354,0.0029932,0.0019398,0.0029792,0.0090513,0.0029803,0.0019379,0.0029665,0.0089684,0.0029675,0.0019366,0.0029575,0.0089065,0.0029585,0.0019357,0.0029494,0.0088509,0.0029514,0.0019406,0.0029542,0.0088211,0.0029438,0.0018904,0.0028483,0.0085483,0.0027155,0.001232,0.0018519,0.0060533,0.0016524,0.00064836,0.0014569,0.0055425,0.0014199,0.00054608,0.0014127,0.0054957,0.0014083,0.00053466,0.0013859,0.0054188,0.0013801,0.00051423,0.0013393,0.0053152,0.0014629,0.00064647,0.0023318,0.0094393
0.0090668,0.0010612,0,0.00069675,0.0075126,0.00067883,0,0.00067652,0.0075078,0.00067605,0,0.00067598,0.0075076,0.00067595,0,0.00067597,0.0075076,0.00067603,0,0.00067907,0.007523,0.00067643,0,0.00057966,0.00704,0.00059474,0,0.0012328,0.010207,0.0013542,0.00025461,0.0033686,0.021499,0.0035251,0.00087393,0.0039043,0.023319,0.0039457,0.0010297,0.0039383,0.02324,0.0039422,0.001042,0.0039723,0.023402,0.0039748,0.0010559,0.0039972,0.023521,0.0039992,0.0010667,0.0040156,0.023608,0.0040173,0.0010759,0.0040339,0.023696,0.0040355,0.0010848,0.0040518,0.023783,0.0040533,0.0010927,0.0040657,0.023849,0.0040669,0.0010994,0.0040782,0.023908,0.004081,0.0011131,0.0041184,0.024116,0.0041025,0.0010587,0.0039126,0.023172,0.0038158,0.00056422,0.0015485,0.011422,0.0015101,0,0.001038,0.0093516,0.0010402,0,0.0010375,0.0093645,0.0010386,0,0.0010031,0.0092278,0.0010012,0,0.00097831,0.0091156,0.00095473,0,0.0013841,0.010409
