0,1.3878e-17,0,1.3878e-17,0,0,0,1.3878e-17,0,1.3878e-17,0,1.3878e-17,0,1.3878e-17,0,1.3878e-17,0,0,0,0,0,0,0,0,0,0,0,1.3878e-17,0,0,-6.9389e-18,0,0,0,1.7347e-18,-6.9389e-18,0,-6.9389e-18,1.7347e-18,-6.9389e-18,0,-6.9389e-18,1.7347e-18,-6.9389e-18,0,-6.9389e-18,1.7347e-18,-6.9389e-18,0,-6.9389e-18,1.7347e-18,-6.9389e-18,0,-6.9389e-18,1.7347e-18,-6.9389e-18,0,-6.9389e-18,1.7347e-18,-6.9389e-18,0,-6.9389e-18,1.7347e-18,-6.9389e-18,0,-6.9389e-18,1.7347e-18,-6.9389e-18,0,-6.9389e-18,1.7347e-18,-6.9389e-18,0,-6.9389e-18,1.7347e-18,-6.9389e-18,0,-6.9389e-18,1.7347e-18,0,0,0,0,-6.9389e-18,0,-6.9389e-18,0.0002779,-6.9389e-18,0,-6.9389e-18,0.00023849,-6.9389e-18,0,-6.9389e-18,0.00044763,-6.9389e-18,-2.7756e-17,-6.9389e-18,0,0,0
1.3878e-17,-6.9389e-18,1.7347e-18,-6.9389e-18,1.3878e-17,-6.9389e-18,1.7347e-18,-6.9389e-18,0,-6.9389e-18,1.7347e-18,-6.9389e-18,1.3878e-17,-6.9389e-18,1.7347e-18,-6.9389e-18,0,-6.9389e-18,1.7347e-18,-6.9389e-18,1.3878e-17,-6.9389e-18,1.7347e-18,-6.9389e-18,0,-6.9389e-18,1.7347e-18,-6.9389e-18,1.3878e-17,-6.9389e-18,0,1.7347e-18,0,1.7347e-18,0,1.7347e-18,-6.9389e-18,1.7347e-18,0.00032665,1.7347e-18,-6.9389e-18,1.7347e-18,0.00034598,1.7347e-18,-6.9389e-18,1.7347e-18,0.00037249,1.7347e-18,-6.9389e-18,1.7347e-18,0.00039115,1.7347e-18,-6.9389e-18,1.7347e-18,0.00040681,1.7347e-18,-6.9389e-18,1.7347e-18,0.00042256,1.7347e-18,-6.9389e-18,1.7347e-18,0.00043641,1.7347e-18,-6.9389e-18,1.7347e-18,0.00045029,1.7347e-18,-6.9389e-18,1.7347e-18,0.00050423,1.7347e-18,-6.9389e-18,1.7347e-18,0,1.7347e-18,0,1.7347e-18,-0.00071809,0,0,0,-0.00086713,0,-6.9389e-18,-0.00022055,-0.00080249,-0.00015235,-6.9389e-18,-0.0001527,-0.0008469,-0.00023215,-6.9389e-18,-0.00025158,-0.00068295,0.00012281,-6.9389e-18,0,0.00046649,0,0
0,-1.7347e-18,0.00099011,-1.7347e-18,6.9389e-18,-1.7347e-18,0.00026813,-1.7347e-18,6.9389e-18,-1.7347e-18,0.0003031,-1.7347e-18,6.9389e-18,-1.7347e-18,0.00030412,-1.7347e-18,6.9389e-18,-1.7347e-18,0.00030374,-1.7347e-18,6.9389e-18,-1.7347e-18,0.0003036,-1.7347e-18,6.9389e-18,-1.7347e-18,0.00036224,-1.7347e-18,6.9389e-18,-1.7347e-18,0.00081719,-1.7347e-18,6.9389e-18,-1.7347e-18,0.00083399,-1.7347e-18,6.9389e-18,-1.7347e-18,0.00093512,-1.7347e-18,6.9389e-18,-1.7347e-18,0.000957,-1.7347e-18,6.9389e-18,-1.7347e-18,0.00098087,-1.7347e-18,6.9389e-18,-1.7347e-18,0.00099903,-1.7347e-18,6.9389e-18,-1.7347e-18,0.0010138,-1.7347e-18,6.9389e-18,-1.7347e-18,0.0010283,-1.7347e-18,6.9389e-18,-1.7347e-18,0.0010412,-1.7347e-18,6.9389e-18,-1.7347e-18,0.0010499,-1.7347e-18,6.9389e-18,-1.7347e-18,0.00089916,-1.7347e-18,0,-1.7347e-18,0.00092821,-1.7347e-18,0,-1.7347e-18,5.3309e-05,0.0012811,0,0.00050397,0.00088917,0.0010067,6.9389e-18,0.0010433,0.0012391,0.0010858,6.9389e-18,0.0010322,0.0012019,0.0010462,6.9389e-18,0.0010331,0.0010875,0.0005565,0,0.0016449,0.00043279,0.0012668,0
0,6.9389e-18,-1.7347e-18,6.9389e-18,0,6.9389e-18,-1.7347e-18,6.9389e-18,0,6.9389e-18,-1.7347e-18,6.9389e-18,0,6.9389e-18,-1.7347e-18,6.9389e-18,0,6.9389e-18,-1.7347e-18,6.9389e-18,0,6.9389e-18,-1.7347e-18,6.9389e-18,0,6.9389e-18,-1.7347e-18,6.9389e-18,0,6.9389e-18,-1.7347e-18,6.9389e-18,0,6.9389e-18,-1.7347e-18,6.9389e-18,0,6.9389e-18,-1.7347e-18,6.9389e-18,0,6.9389e-18,-1.7347e-18,6.9389e-18,0,6.9389e-18,-1.7347e-18,6.9389e-18,0,6.9389e-18,-1.7347e-18,6.9389e-18,0,6.9389e-18,-1.7347e-18,6.9389e-18,0,6.9389e-18,-1.7347e-18,6.9389e-18,0,6.9389e-18,-1.7347e-18,6.9389e-18,0,6.9389e-18,-1.7347e-18,6.9389e-18,0,6.9389e-18,-1.7347e-18,6.9389e-18,0,6.9389e-18,-1.7347e-18,0,0,0,0.0004768,6.9389e-18,2.7756e-17,6.9389e-18,0.00023393,6.9389e-18,0,6.9389e-18,0.00073674,6.9389e-18,0,6.9389e-18,0.00071764,6.9389e-18,2.7756e-17,6.9389e-18,0.00055249,6.9389e-18,2.7756e-17,6.9389e-18,0.0024781,0,-2.7756e-17
0,0,1.7347e-18,-6.9389e-18,0,-6.9389e-18,1.7347e-18,-6.9389e-18,0,-6.9389e-18,1.7347e-18,-6.9389e-18,0,-6.9389e-18,1.7347e-18,-6.9389e-18,0,-6.9389e-18,1.7347e-18,-6.9389e-18,0,-6.9389e-18,1.7347e-18,-6.9389e-18,0,-6.9389e-18,1.7347e-18,-6.9389e-18,0,-6.9389e-18,1.7347e-18,-6.9389e-18,0,-6.9389e-18,1.7347e-18,-6.9389e-18,0,-6.9389e-18,1.7347e-18,-6.9389e-18,0,-6.9389e-18,1.7347e-18,-6.9389e-18,0,-6.9389e-18,1.7347e-18,-6.9389e-18,0,-6.9389e-18,1.7347e-18,-6.9389e-18,0,-6.9389e-18,1.7347e-18,-6.9389e-18,0,-6.9389e-18,1.7347e-18,-6.9389e-18,0,-6.9389e-18,1.7347e-18,-6.9389e-18,0,-6.9389e-18,1.7347e-18,-6.9389e-18,0,-6.9389e-18,1.7347e-18,0,0,0,1.7347e-18,0,0,0,1.7347e-18,-6.9389e-18,-2.7756e-17,-6.9389e-18,-0.00059212,-6.9389e-18,-2.7756e-17,-6.9389e-18,-0.00081542,-6.9389e-18,-2.7756e-17,-6.9389e-18,-0.00090825,-6.9389e-18,-2.7756e-17,-6.9389e-18,-0.0010134,-6.9389e-18,-2.7756e-17,-6.9389e-18,-0.001296,0,0
0,1.7347e-18,0,1.7347e-18,-6.9389e-18,1.7347e-18,-8.2654e-05,1.7347e-18,-6.9389e-18,1.7347e-18,-6.6466e-05,1.7347e-18,-6.9389e-18,1.7347e-18,-6.5971e-05,1.7347e-18,-6.9389e-18,1.7347e-18,-6.5832e-05,1.7347e-18,-6.9389e-18,1.7347e-18,-6.4201e-05,1.7347e-18,-6.9389e-18,1.7347e-18,-9.7184e-05,1.7347e-18,-6.9389e-18,1.7347e-18,-0.00022979,1.7347e-18,-6.9389e-18,1.7347e-18,-0.00035703,1.7347e-18,-6.9389e-18,1.7347e-18,-0.0003848,1.7347e-18,-6.9389e-18,1.7347e-18,-0.00038792,1.7347e-18,-6.9389e-18,1.7347e-18,-0.00039068,1.7347e-18,-6.9389e-18,1.7347e-18,-0.00039277,1.7347e-18,-6.9389e-18,1.7347e-18,-0.00039459,1.7347e-18,-6.9389e-18,1.7347e-18,-0.00039645,1.7347e-18,-6.9389e-18,1.7347e-18,-0.00039813,1.7347e-18,-6.9389e-18,1.7347e-18,-0.00040091,1.7347e-18,-6.9389e-18,1.7347e-18,-0.00031699,1.7347e-18,0,1.7347e-18,0,1.7347e-18,-6.9389e-18,1.7347e-18,-0.0015066,0,-6.9389e-18,-0.000657,-0.001429,-0.00077941,-6.9389e-18,-0.00085435,-0.0013417,-0.00094501,-6.9389e-18,-0.00096635,-0.0013235,-0.001017,-6.9389e-18,-0.00099681,-0.0011939,-0.00049098,-6.9389e-18,-0.00087167,-0.00024799,0,0
0,-1.7347e-18,0.00090078,-1.7347e-18,6.9389e-18,-1.7347e-18,0.00036437,-1.7347e-18,6.9389e-18,-1.7347e-18,0.00040387,-1.7347e-18,6.9389e-18,-1.7347e-18,0.00040502,-1.7347e-18,6.9389e-18,-1.7347e-18,0.00040481,-1.7347e-18,6.9389e-18,-1.7347e-18,0.00040476,-1.7347e-18,6.9389e-18,-1.7347e-18,0.00041464,-1.7347e-18,6.9389e-18,-1.7347e-18,0.00045043,-1.7347e-18,6.9389e-18,-1.7347e-18,0.00048358,-1.7347e-18,6.9389e-18,-1.7347e-18,0.00049186,-1.7347e-18,6.9389e-18,-1.7347e-18,0.00049303,-1.7347e-18,6.9389e-18,-1.7347e-18,0.00049426,-1.7347e-18,6.9389e-18,-1.7347e-18,0.00049532,-1.7347e-18,6.9389e-18,-1.7347e-18,0.00049567,-1.7347e-18,6.9389e-18,-1.7347e-18,0.000496,-1.7347e-18,6.9389e-18,-1.7347e-18,0.00049652,-1.7347e-18,6.9389e-18,-1.7347e-18,0.00049509,-1.7347e-18,6.9389e-18,-1.7347e-18,0.00054538,-1.7347e-18,6.9389e-18,-1.7347e-18,-7.4714e-05,0,0,0.00031498,-0.00023908,0.00078124,6.9389e-18,0.00035688,0.00094903,0.0008631,6.9389e-18,0.00091347,0.0011827,0.00095358,6.9389e-18,0.00091534,0.0011749,0.00092817,6.9389e-18,0.00090698,0.0010459,0.00040691,6.9389e-18,0.0011116,-2.3642e-05,0,0
0,6.9389e-18,-1.7347e-18,6.9389e-18,0,6.9389e-18,-1.7347e-18,6.9389e-18,0,6.9389e-18,-1.7347e-18,6.9389e-18,0,6.9389e-18,-1.7347e-18,6.9389e-18,0,6.9389e-18,-1.7347e-18,6.9389e-18,0,6.9389e-18,-1.7347e-18,6.9389e-18,0,6.9389e-18,-1.7347e-18,6.9389e-18,0,6.9389e-18,-1.7347e-18,6.9389e-18,0,6.9389e-18,-1.7347e-18,6.9389e-18,0,6.9389e-18,-1.7347e-18,6.9389e-18,0,6.9389e-18,-1.7347e-18,6.9389e-18,0,6.9389e-18,-1.7347e-18,6.9389e-18,0,6.9389e-18,-1.7347e-18,6.9389e-18,0,6.9389e-18,-1.7347e-18,6.9389e-18,0,6.9389e-18,-1.7347e-18,6.9389e-18,0,6.9389e-18,-1.7347e-18,6.9389e-18,0,6.9389e-18,-1.7347e-18,6.9389e-18,0,6.9389e-18,-1.7347e-18,6.9389e-18,0,6.9389e-18,-1.7347e-18,0,0,0,0.00082176,6.9389e-18,2.7756e-17,6.9389e-18,0.00069528,6.9389e-18,0,6.9389e-18,0.00092453,6.9389e-18,2.7756e-17,6.9389e-18,0.00092159,6.9389e-18,0,6.9389e-18,0.00076313,6.9389e-18,2.7756e-17,6.9389e-18,0.0017686,0,2.7756e-17
0,0,1.7347e-18,-6.9389e-18,0,-6.9389e-18,1.7347e-18,-6.9389e-18,0,-6.9389e-18,1.7347e-18,-6.9389e-18,0,-6.9389e-18,1.7347e-18,-6.9389e-18,0,-6.9389e-18,1.7347e-18,-6.9389e-18,0,-6.9389e-18,1.7347e-18,-6.9389e-18,0,-6.9389e-18,1.7347e-18,-6.9389e-18,0,-6.9389e-18,1.7347e-18,-6.9389e-18,0,-6.9389e-18,1.7347e-18,-6.9389e-18,0,-6.9389e-18,1.7347e-18,-6.9389e-18,0,-6.9389e-18,1.7347e-18,-6.9389e-18,0,-6.9389e-18,1.7347e-18,-6.9389e-18,0,-6.9389e-18,1.7347e-18,-6.9389e-18,0,-6.9389e-18,1.7347e-18,-6.9389e-18,0,-6.9389e-18,1.7347e-18,-6.9389e-18,0,-6.9389e-18,1.7347e-18,-6.9389e-18,0,-6.9389e-18,1.7347e-18,-6.9389e-18,0,-6.9389e-18,1.7347e-18,-6.9389e-18,0,0,1.7347e-18,0,0,0,0,-6.9389e-18,-2.7756e-17,-6.9389e-18,-0.00097203,-6.9389e-18,-2.7756e-17,-6.9389e-18,-0.00096576,-6.9389e-18,-2.7756e-17,-6.9389e-18,-0.0010125,-6.9389e-18,-2.7756e-17,-6.9389e-18,-0.00085652,-6.9389e-18,-2.7756e-17,-6.9389e-18,-0.001624,0,2.7756e-17
0,1.7347e-18,-0.00036459,1.7347e-18,-6.9389e-18,1.7347e-18,-0.00054695,1.7347e-18,-6.9389e-18,1.7347e-18,-0.00053186,1.7347e-18,-6.9389e-18,1.7347e-18,-0.00053142,1.7347e-18,-6.9389e-18,1.7347e-18,-0.00053154,1.7347e-18,-6.9389e-18,1.7347e-18,-0.00053152,1.7347e-18,-6.9389e-18,1.7347e-18,-0.00053266,1.7347e-18,-6.9389e-18,1.7347e-18,-0.00053614,1.7347e-18,-6.9389e-18,1.7347e-18,-0.00053965,1.7347e-18,-6.9389e-18,1.7347e-18,-0.00054063,1.7347e-18,-6.9389e-18,1.7347e-18,-0.00054084,1.7347e-18,-6.9389e-18,1.7347e-18,-0.00054068,1.7347e-18,-6.9389e-18,1.7347e-18,-0.00054073,1.7347e-18,-6.9389e-18,1.7347e-18,-0.00054072,1.7347e-18,-6.9389e-18,1.7347e-18,-0.00054087,1.7347e-18,-6.9389e-18,1.7347e-18,-0.00054137,1.7347e-18,-6.9389e-18,1.7347e-18,-0.00055939,1.7347e-18,-6.9389e-18,1.7347e-18,-0.00018528,1.7347e-18,0,1.7347e-18,-0.00024771,1.7347e-18,0,1.7347e-18,-0.0011713,-0.00030121,-6.9389e-18,-0.00067325,-0.0012098,-0.00091388,-6.9389e-18,-0.00090591,-0.0012897,-0.001007,-6.9389e-18,-0.00098654,-0.0012631,-0.000995,-6.9389e-18,-0.00097387,-0.0011337,-0.00047116,-6.9389e-18,-0.00097893,-0.00012964,0,0
0,-1.7347e-18,0.00095032,-1.7347e-18,6.9389e-18,-1.7347e-18,0.0004647,-1.7347e-18,6.9389e-18,-1.7347e-18,0.00050516,-1.7347e-18,6.9389e-18,-1.7347e-18,0.00050613,-1.7347e-18,6.9389e-18,-1.7347e-18,0.00050604,-1.7347e-18,6.9389e-18,-1.7347e-18,0.00050625,-1.7347e-18,6.9389e-18,-1.7347e-18,0.00050704,-1.7347e-18,6.9389e-18,-1.7347e-18,0.00050845,-1.7347e-18,6.9389e-18,-1.7347e-18,0.00050982,-1.7347e-18,6.9389e-18,-1.7347e-18,0.00050998,-1.7347e-18,6.9389e-18,-1.7347e-18,0.00051,-1.7347e-18,6.9389e-18,-1.7347e-18,0.00051006,-1.7347e-18,6.9389e-18,-1.7347e-18,0.00051047,-1.7347e-18,6.9389e-18,-1.7347e-18,0.00051024,-1.7347e-18,6.9389e-18,-1.7347e-18,0.00050989,-1.7347e-18,6.9389e-18,-1.7347e-18,0.00050985,-1.7347e-18,6.9389e-18,-1.7347e-18,0.00053234,-1.7347e-18,6.9389e-18,-1.7347e-18,0.00037271,-1.7347e-18,6.9389e-18,-1.7347e-18,-0.00035159,0.0013152,6.9389e-18,0.0018571,-0.00016654,0.00069417,6.9389e-18,0.00073432,0.0011768,0.00096049,6.9389e-18,0.00093481,0.0012077,0.00096862,6.9389e-18,0.00093494,0.0012027,0.00094465,6.9389e-18,0.0009237,0.0010735,0.00042088,6.9389e-18,0.0010937,2.5409e-05,0,0
0,6.9389e-18,-1.7347e-18,6.9389e-18,0,6.9389e-18,-1.7347e-18,6.9389e-18,0,6.9389e-18,-1.7347e-18,6.9389e-18,0,6.9389e-18,-1.7347e-18,6.9389e-18,0,6.9389e-18,-1.7347e-18,6.9389e-18,0,6.9389e-18,-1.7347e-18,6.9389e-18,0,6.9389e-18,-1.7347e-18,6.9389e-18,0,6.9389e-18,-1.7347e-18,6.9389e-18,0,6.9389e-18,-1.7347e-18,6.9389e-18,0,6.9389e-18,-1.7347e-18,6.9389e-18,0,6.9389e-18,-1.7347e-18,6.9389e-18,0,6.9389e-18,-1.7347e-18,6.9389e-18,0,6.9389e-18,-1.7347e-18,6.9389e-18,0,6.9389e-18,-1.7347e-18,6.9389e-18,0,6.9389e-18,-1.7347e-18,6.9389e-18,0,6.9389e-18,-1.7347e-18,6.9389e-18,0,6.9389e-18,-1.7347e-18,6.9389e-18,0,6.9389e-18,-1.7347e-18,6.9389e-18,0,6.9389e-18,-1.7347e-18,6.9389e-18,0,6.9389e-18,0.00098893,6.9389e-18,2.7756e-17,6.9389e-18,0.00090094,6.9389e-18,2.7756e-17,6.9389e-18,0.00094406,6.9389e-18,2.7756e-17,6.9389e-18,0.00094021,6.9389e-18,2.7756e-17,6.9389e-18,0.00078339,6.9389e-18,2.7756e-17,6.9389e-18,0.0017548,0,0
0,-6.9389e-18,1.7347e-18,-6.9389e-18,0,-6.9389e-18,1.7347e-18,-6.9389e-18,0,-6.9389e-18,1.7347e-18,-6.9389e-18,0,-6.9389e-18,1.7347e-18,-6.9389e-18,0,-6.9389e-18,1.7347e-18,-6.9389e-18,0,-6.9389e-18,1.7347e-18,-6.9389e-18,0,-6.9389e-18,1.7347e-18,-6.9389e-18,0,-6.9389e-18,1.7347e-18,-6.9389e-18,0,-6.9389e-18,1.7347e-18,-6.9389e-18,0,-6.9389e-18,1.7347e-18,-6.9389e-18,0,-6.9389e-18,1.7347e-18,-6.9389e-18,0,-6.9389e-18,1.7347e-18,-6.9389e-18,0,-6.9389e-18,1.7347e-18,-6.9389e-18,0,-6.9389e-18,1.7347e-18,-6.9389e-18,0,-6.9389e-18,1.7347e-18,-6.9389e-18,0,-6.9389e-18,1.7347e-18,-6.9389e-18,0,-6.9389e-18,1.7347e-18,-6.9389e-18,0,-6.9389e-18,1.7347e-18,-6.9389e-18,0,-6.9389e-18,1.7347e-18,0,-2.7756e-17,0,0,-6.9389e-18,0,-6.9389e-18,-0.00097573,-6.9389e-18,-2.7756e-17,-6.9389e-18,-0.00099905,-6.9389e-18,0,-6.9389e-18,-0.001001,-6.9389e-18,-2.7756e-17,-6.9389e-18,-0.00084586,-6.9389e-18,0,-6.9389e-18,-0.0016508,0,0
0,1.7347e-18,-0.00049287,1.7347e-18,-6.9389e-18,1.7347e-18,-0.00066985,1.7347e-18,-6.9389e-18,1.7347e-18,-0.00065485,1.7347e-18,-6.9389e-18,1.7347e-18,-0.00065437,1.7347e-18,-6.9389e-18,1.7347e-18,-0.00065452,1.7347e-18,-6.9389e-18,1.7347e-18,-0.00065446,1.7347e-18,-6.9389e-18,1.7347e-18,-0.00065441,1.7347e-18,-6.9389e-18,1.7347e-18,-0.00065432,1.7347e-18,-6.9389e-18,1.7347e-18,-0.00065445,1.7347e-18,-6.9389e-18,1.7347e-18,-0.00065441,1.7347e-18,-6.9389e-18,1.7347e-18,-0.00065436,1.7347e-18,-6.9389e-18,1.7347e-18,-0.00065418,1.7347e-18,-6.9389e-18,1.7347e-18,-0.00065413,1.7347e-18,-6.9389e-18,1.7347e-18,-0.00065416,1.7347e-18,-6.9389e-18,1.7347e-18,-0.00065428,1.7347e-18,-6.9389e-18,1.7347e-18,-0.00065575,1.7347e-18,-6.9389e-18,1.7347e-18,-0.00069317,1.7347e-18,-6.9389e-18,1.7347e-18,0,1.7347e-18,-6.9389e-18,1.7347e-18,-0.0009117,0,0,0,-0.0015194,-0.00060511,-6.9389e-18,-0.00083809,-0.0012218,-0.0009511,-6.9389e-18,-0.00094686,-0.0012777,-0.0010228,-6.9389e-18,-0.00098278,-0.001257,-0.00099132,-6.9389e-18,-0.00097009,-0.0011276,-0.00046383,-6.9389e-18,-0.0010064,-0.00011762,0,0
0,-1.7347e-18,0.00095081,-1.7347e-18,6.9389e-18,-1.7347e-18,0.0004902,-1.7347e-18,6.9389e-18,-1.7347e-18,0.00053085,-1.7347e-18,6.9389e-18,-1.7347e-18,0.00053177,-1.7347e-18,6.9389e-18,-1.7347e-18,0.00053179,-1.7347e-18,6.9389e-18,-1.7347e-18,0.00053201,-1.7347e-18,6.9389e-18,-1.7347e-18,0.00053246,-1.7347e-18,6.9389e-18,-1.7347e-18,0.00053257,-1.7347e-18,6.9389e-18,-1.7347e-18,0.00053269,-1.7347e-18,6.9389e-18,-1.7347e-18,0.00053253,-1.7347e-18,6.9389e-18,-1.7347e-18,0.00053244,-1.7347e-18,6.9389e-18,-1.7347e-18,0.00053248,-1.7347e-18,6.9389e-18,-1.7347e-18,0.00053279,-1.7347e-18,6.9389e-18,-1.7347e-18,0.00053261,-1.7347e-18,6.9389e-18,-1.7347e-18,0.00053223,-1.7347e-18,6.9389e-18,-1.7347e-18,0.00053144,-1.7347e-18,6.9389e-18,-1.7347e-18,0.00060587,-1.7347e-18,6.9389e-18,-1.7347e-18,0.00016864,-1.7347e-18,0,-1.7347e-18,-0.0002725,0.00087834,6.9389e-18,0.00032786,0.00060895,0.00079267,6.9389e-18,0.00089847,0.0012335,0.00098524,6.9389e-18,0.00093408,0.0012097,0.00097007,6.9389e-18,0.00093767,0.0012041,0.00094535,6.9389e-18,0.00092363,0.0010735,0.00041744,6.9389e-18,0.0011159,2.3865e-05,0,0
0,6.9389e-18,-1.7347e-18,6.9389e-18,0,6.9389e-18,-1.7347e-18,6.9389e-18,0,6.9389e-18,-1.7347e-18,6.9389e-18,0,6.9389e-18,-1.7347e-18,6.9389e-18,0,6.9389e-18,-1.7347e-18,6.9389e-18,0,6.9389e-18,-1.7347e-18,6.9389e-18,0,6.9389e-18,-1.7347e-18,6.9389e-18,0,6.9389e-18,-1.7347e-18,6.9389e-18,0,6.9389e-18,-1.7347e-18,6.9389e-18,0,6.9389e-18,-1.7347e-18,6.9389e-18,0,6.9389e-18,-1.7347e-18,6.9389e-18,0,6.9389e-18,-1.7347e-18,6.9389e-18,0,6.9389e-18,-1.7347e-18,6.9389e-18,0,6.9389e-18,-1.7347e-18,6.9389e-18,0,6.9389e-18,-1.7347e-18,6.9389e-18,0,6.9389e-18,-1.7347e-18,6.9389e-18,0,6.9389e-18,-1.7347e-18,6.9389e-18,0,6.9389e-18,-1.7347e-18,0,0,0,4.569e-05,6.9389e-18,0,6.9389e-18,0.00039844,6.9389e-18,2.7756e-17,6.9389e-18,0.00095116,6.9389e-18,2.7756e-17,6.9389e-18,0.00094551,6.9389e-18,2.7756e-17,6.9389e-18,0.00094143,6.9389e-18,2.7756e-17,6.9389e-18,0.00078484,6.9389e-18,2.7756e-17,6.9389e-18,0.0017677,0,0
0,-6.9389e-18,1.7347e-18,-6.9389e-18,0,-6.9389e-18,1.7347e-18,-6.9389e-18,0,-6.9389e-18,1.7347e-18,-6.9389e-18,0,-6.9389e-18,1.7347e-18,-6.9389e-18,0,-6.9389e-18,1.7347e-18,-6.9389e-18,0,-6.9389e-18,1.7347e-18,-6.9389e-18,0,-6.9389e-18,1.7347e-18,-6.9389e-18,0,-6.9389e-18,1.7347e-18,-6.9389e-18,0,-6.9389e-18,1.7347e-18,-6.9389e-18,0,-6.9389e-18,1.7347e-18,-6.9389e-18,0,-6.9389e-18,1.7347e-18,-6.9389e-18,0,-6.9389e-18,1.7347e-18,-6.9389e-18,0,-6.9389e-18,1.7347e-18,-6.9389e-18,0,-6.9389e-18,1.7347e-18,-6.9389e-18,0,-6.9389e-18,1.7347e-18,-6.9389e-18,0,-6.9389e-18,1.7347e-18,-6.9389e-18,0,-6.9389e-18,1.7347e-18,-6.9389e-18,0,-6.9389e-18,1.7347e-18,0,0,0,1.7347e-18,-6.9389e-18,0,-6.9389e-18,-0.00057588,-6.9389e-18,0,-6.9389e-18,-0.00093781,-6.9389e-18,-2.7756e-17,-6.9389e-18,-0.0010149,-6.9389e-18,-2.7756e-17,-6.9389e-18,-0.00099922,-6.9389e-18,-2.7756e-17,-6.9389e-18,-0.00084399,-6.9389e-18,-2.7756e-17,-6.9389e-18,-0.0016675,0,0
0,1.7347e-18,-0.00061186,1.7347e-18,-6.9389e-18,1.7347e-18,-0.00078284,1.7347e-18,-6.9389e-18,1.7347e-18,-0.00076779,1.7347e-18,-6.9389e-18,1.7347e-18,-0.00076741,1.7347e-18,-6.9389e-18,1.7347e-18,-0.00076746,1.7347e-18,-6.9389e-18,1.7347e-18,-0.00076734,1.7347e-18,-6.9389e-18,1.7347e-18,-0.00076727,1.7347e-18,-6.9389e-18,1.7347e-18,-0.00076726,1.7347e-18,-6.9389e-18,1.7347e-18,-0.00076727,1.7347e-18,-6.9389e-18,1.7347e-18,-0.00076715,1.7347e-18,-6.9389e-18,1.7347e-18,-0.00076711,1.7347e-18,-6.9389e-18,1.7347e-18,-0.00076701,1.7347e-18,-6.9389e-18,1.7347e-18,-0.00076691,1.7347e-18,-6.9389e-18,1.7347e-18,-0.00076684,1.7347e-18,-6.9389e-18,1.7347e-18,-0.00076715,1.7347e-18,-6.9389e-18,1.7347e-18,-0.0007685,1.7347e-18,-6.9389e-18,1.7347e-18,-0.00071383,1.7347e-18,-6.9389e-18,1.7347e-18,-2.1389e-05,1.7347e-18,-6.9389e-18,1.7347e-18,-0.0016531,0,-6.9389e-18,-0.00041713,-0.0014736,-0.00077121,-6.9389e-18,-0.00088957,-0.0012791,-0.00096041,-6.9389e-18,-0.00097964,-0.001272,-0.0010193,-6.9389e-18,-0.00098246,-0.0012554,-0.00099014,-6.9389e-18,-0.00096805,-0.0011242,-0.00045739,-6.9389e-18,-0.0010335,-0.00011348,0,0
0,-1.7347e-18,0.00094617,-1.7347e-18,6.9389e-18,-1.7347e-18,0.00051323,-1.7347e-18,6.9389e-18,-1.7347e-18,0.00055421,-1.7347e-18,6.9389e-18,-1.7347e-18,0.00055527,-1.7347e-18,6.9389e-18,-1.7347e-18,0.00055522,-1.7347e-18,6.9389e-18,-1.7347e-18,0.0005554,-1.7347e-18,6.9389e-18,-1.7347e-18,0.00055584,-1.7347e-18,6.9389e-18,-1.7347e-18,0.00055597,-1.7347e-18,6.9389e-18,-1.7347e-18,0.00055604,-1.7347e-18,6.9389e-18,-1.7347e-18,0.00055584,-1.7347e-18,6.9389e-18,-1.7347e-18,0.00055582,-1.7347e-18,6.9389e-18,-1.7347e-18,0.00055596,-1.7347e-18,6.9389e-18,-1.7347e-18,0.00055614,-1.7347e-18,6.9389e-18,-1.7347e-18,0.0005559,-1.7347e-18,6.9389e-18,-1.7347e-18,0.00055577,-1.7347e-18,6.9389e-18,-1.7347e-18,0.00055444,-1.7347e-18,6.9389e-18,-1.7347e-18,0.00060836,-1.7347e-18,6.9389e-18,-1.7347e-18,-0.00025176,0,0,0.00057766,-0.00032936,0.00072528,6.9389e-18,0.0003332,0.0009243,0.0008621,6.9389e-18,0.00092833,0.0012143,0.00097368,6.9389e-18,0.00093234,0.0012088,0.00096849,6.9389e-18,0.00093705,0.0012024,0.00094404,6.9389e-18,0.00092277,0.001073,0.00041502,6.9389e-18,0.001134,2.4618e-05,0,0
0,6.9389e-18,-1.7347e-18,6.9389e-18,0,6.9389e-18,-1.7347e-18,6.9389e-18,0,6.9389e-18,-1.7347e-18,6.9389e-18,0,6.9389e-18,-1.7347e-18,6.9389e-18,0,6.9389e-18,-1.7347e-18,6.9389e-18,0,6.9389e-18,-1.7347e-18,6.9389e-18,0,6.9389e-18,-1.7347e-18,6.9389e-18,0,6.9389e-18,-1.7347e-18,6.9389e-18,0,6.9389e-18,-1.7347e-18,6.9389e-18,0,6.9389e-18,-1.7347e-18,6.9389e-18,0,6.9389e-18,-1.7347e-18,6.9389e-18,0,6.9389e-18,-1.7347e-18,6.9389e-18,0,6.9389e-18,-1.7347e-18,6.9389e-18,0,6.9389e-18,-1.7347e-18,6.9389e-18,0,6.9389e-18,-1.7347e-18,6.9389e-18,0,6.9389e-18,-1.7347e-18,6.9389e-18,0,6.9389e-18,-1.7347e-18,6.9389e-18,0,6.9389e-18,-1.7347e-18,0,0,0,0.00086518,6.9389e-18,2.7756e-17,6.9389e-18,0.00066782,6.9389e-18,2.7756e-17,6.9389e-18,0.00094398,6.9389e-18,2.7756e-17,6.9389e-18,0.00094566,6.9389e-18,2.7756e-17,6.9389e-18,0.00094056,6.9389e-18,2.7756e-17,6.9389e-18,0.00078635,6.9389e-18,0,6.9389e-18,0.0017782,0,0
0,-6.9389e-18,1.7347e-18,-6.9389e-18,0,-6.9389e-18,1.7347e-18,-6.9389e-18,0,-6.9389e-18,1.7347e-18,-6.9389e-18,0,-6.9389e-18,1.7347e-18,-6.9389e-18,0,-6.9389e-18,1.7347e-18,-6.9389e-18,0,-6.9389e-18,1.7347e-18,-6.9389e-18,0,-6.9389e-18,1.7347e-18,-6.9389e-18,0,-6.9389e-18,1.7347e-18,-6.9389e-18,0,-6.9389e-18,1.7347e-18,-6.9389e-18,0,-6.9389e-18,1.7347e-18,-6.9389e-18,0,-6.9389e-18,1.7347e-18,-6.9389e-18,0,-6.9389e-18,1.7347e-18,-6.9389e-18,0,-6.9389e-18,1.7347e-18,-6.9389e-18,0,-6.9389e-18,1.7347e-18,-6.9389e-18,0,-6.9389e-18,1.7347e-18,-6.9389e-18,0,-6.9389e-18,1.7347e-18,-6.9389e-18,0,-6.9389e-18,1.7347e-18,-6.9389e-18,0,-6.9389e-18,1.7347e-18,0,0,0,0,-6.9389e-18,-2.7756e-17,-6.9389e-18,-0.00091406,-6.9389e-18,-2.7756e-17,-6.9389e-18,-0.0009467,-6.9389e-18,-2.7756e-17,-6.9389e-18,-0.0010103,-6.9389e-18,-2.7756e-17,-6.9389e-18,-0.00099765,-6.9389e-18,0,-6.9389e-18,-0.00084169,-6.9389e-18,-2.7756e-17,-6.9389e-18,-0.0016816,0,0
0,1.7347e-18,-0.00072761,1.7347e-18,-6.9389e-18,1.7347e-18,-0.00089257,1.7347e-18,-6.9389e-18,1.7347e-18,-0.0008775,1.7347e-18,-6.9389e-18,1.7347e-18,-0.00087716,1.7347e-18,-6.9389e-18,1.7347e-18,-0.00087716,1.7347e-18,-6.9389e-18,1.7347e-18,-0.00087716,1.7347e-18,-6.9389e-18,1.7347e-18,-0.00087706,1.7347e-18,-6.9389e-18,1.7347e-18,-0.00087707,1.7347e-18,-6.9389e-18,1.7347e-18,-0.00087706,1.7347e-18,-6.9389e-18,1.7347e-18,-0.000877,1.7347e-18,-6.9389e-18,1.7347e-18,-0.00087704,1.7347e-18,-6.9389e-18,1.7347e-18,-0.00087689,1.7347e-18,-6.9389e-18,1.7347e-18,-0.0008767,1.7347e-18,-6.9389e-18,1.7347e-18,-0.00087681,1.7347e-18,-6.9389e-18,1.7347e-18,-0.00087759,1.7347e-18,-6.9389e-18,1.7347e-18,-0.00089397,1.7347e-18,-6.9389e-18,1.7347e-18,-0.00055836,1.7347e-18,-6.9389e-18,1.7347e-18,-0.00049322,1.7347e-18,0,1.7347e-18,-0.0012421,-0.00022642,-6.9389e-18,-0.00071327,-0.0012358,-0.0008787,-6.9389e-18,-0.00088104,-0.0012894,-0.00098604,-6.9389e-18,-0.00098661,-0.0012669,-0.001016,-6.9389e-18,-0.00098201,-0.0012538,-0.00098872,-6.9389e-18,-0.00096639,-0.001121,-0.0004521,-6.9389e-18,-0.0010572,-0.00010936,0,0
6.9389e-18,-1.7347e-18,0.00094043,-1.7347e-18,6.9389e-18,-1.7347e-18,0.00053483,-1.7347e-18,6.9389e-18,-1.7347e-18,0.00057597,-1.7347e-18,6.9389e-18,-1.7347e-18,0.00057705,-1.7347e-18,6.9389e-18,-1.7347e-18,0.00057707,-1.7347e-18,6.9389e-18,-1.7347e-18,0.00057722,-1.7347e-18,6.9389e-18,-1.7347e-18,0.00057758,-1.7347e-18,6.9389e-18,-1.7347e-18,0.00057763,-1.7347e-18,6.9389e-18,-1.7347e-18,0.00057776,-1.7347e-18,6.9389e-18,-1.7347e-18,0.00057769,-1.7347e-18,6.9389e-18,-1.7347e-18,0.00057774,-1.7347e-18,6.9389e-18,-1.7347e-18,0.00057778,-1.7347e-18,6.9389e-18,-1.7347e-18,0.00057795,-1.7347e-18,6.9389e-18,-1.7347e-18,0.00057785,-1.7347e-18,6.9389e-18,-1.7347e-18,0.00057772,-1.7347e-18,6.9389e-18,-1.7347e-18,0.00059788,-1.7347e-18,6.9389e-18,-1.7347e-18,0.00045532,-1.7347e-18,6.9389e-18,-1.7347e-18,-0.00040843,0.0012654,6.9389e-18,0.0017438,-0.00010217,0.0006872,6.9389e-18,0.0007343,0.0011703,0.00095834,6.9389e-18,0.00093309,0.0012097,0.00097152,6.9389e-18,0.00093614,0.0012101,0.00096815,6.9389e-18,0.00093576,0.0012005,0.00094247,6.9389e-18,0.0009223,0.0010729,0.00041365,6.9389e-18,0.0011498,2.5276e-05,0,0
0,6.9389e-18,-1.7347e-18,6.9389e-18,0,6.9389e-18,-1.7347e-18,6.9389e-18,0,6.9389e-18,-1.7347e-18,6.9389e-18,0,6.9389e-18,-1.7347e-18,6.9389e-18,0,6.9389e-18,-1.7347e-18,6.9389e-18,0,6.9389e-18,-1.7347e-18,6.9389e-18,0,6.9389e-18,-1.7347e-18,6.9389e-18,0,6.9389e-18,-1.7347e-18,6.9389e-18,0,6.9389e-18,-1.7347e-18,6.9389e-18,0,6.9389e-18,-1.7347e-18,6.9389e-18,0,6.9389e-18,-1.7347e-18,6.9389e-18,0,6.9389e-18,-1.7347e-18,6.9389e-18,0,6.9389e-18,-1.7347e-18,6.9389e-18,0,6.9389e-18,-1.7347e-18,6.9389e-18,0,6.9389e-18,-1.7347e-18,6.9389e-18,0,6.9389e-18,-1.7347e-18,6.9389e-18,0,6.9389e-18,-1.7347e-18,6.9389e-18,0,6.9389e-18,0,6.9389e-18,0,6.9389e-18,0.00092338,6.9389e-18,0,6.9389e-18,0.00089639,6.9389e-18,2.7756e-17,6.9389e-18,0.00094469,6.9389e-18,2.7756e-17,6.9389e-18,0.00094737,6.9389e-18,0,6.9389e-18,0.00093927,6.9389e-18,2.7756e-17,6.9389e-18,0.00078794,6.9389e-18,2.7756e-17,6.9389e-18,0.001787,0,0
0,-6.9389e-18,1.7347e-18,-6.9389e-18,0,-6.9389e-18,1.7347e-18,-6.9389e-18,0,-6.9389e-18,1.7347e-18,-6.9389e-18,0,-6.9389e-18,1.7347e-18,-6.9389e-18,0,-6.9389e-18,1.7347e-18,-6.9389e-18,0,-6.9389e-18,1.7347e-18,-6.9389e-18,0,-6.9389e-18,1.7347e-18,-6.9389e-18,0,-6.9389e-18,1.7347e-18,-6.9389e-18,0,-6.9389e-18,1.7347e-18,-6.9389e-18,0,-6.9389e-18,1.7347e-18,-6.9389e-18,0,-6.9389e-18,1.7347e-18,-6.9389e-18,0,-6.9389e-18,1.7347e-18,-6.9389e-18,0,-6.9389e-18,1.7347e-18,-6.9389e-18,0,-6.9389e-18,1.7347e-18,-6.9389e-18,0,-6.9389e-18,1.7347e-18,-6.9389e-18,0,-6.9389e-18,1.7347e-18,-6.9389e-18,0,-6.9389e-18,1.7347e-18,-6.9389e-18,0,-6.9389e-18,1.7347e-18,0,0,0,0,-6.9389e-18,-2.7756e-17,-6.9389e-18,-0.00094353,-6.9389e-18,-2.7756e-17,-6.9389e-18,-0.00097529,-6.9389e-18,0,-6.9389e-18,-0.0010071,-6.9389e-18,-2.7756e-17,-6.9389e-18,-0.00099589,-6.9389e-18,-2.7756e-17,-6.9389e-18,-0.00084007,-6.9389e-18,-2.7756e-17,-6.9389e-18,-0.0016929,0,0
-6.9389e-18,1.7347e-18,-0.00084191,1.7347e-18,-6.9389e-18,1.7347e-18,-0.00093747,1.7347e-18,-6.9389e-18,1.7347e-18,-0.00097919,1.7347e-18,-6.9389e-18,1.7347e-18,-0.00098065,1.7347e-18,-6.9389e-18,1.7347e-18,-0.00098061,1.7347e-18,-6.9389e-18,1.7347e-18,-0.00098056,1.7347e-18,-6.9389e-18,1.7347e-18,-0.00098077,1.7347e-18,-6.9389e-18,1.7347e-18,-0.00098085,1.7347e-18,-6.9389e-18,1.7347e-18,-0.00098092,1.7347e-18,-6.9389e-18,1.7347e-18,-0.00098086,1.7347e-18,-6.9389e-18,1.7347e-18,-0.00098088,1.7347e-18,-6.9389e-18,1.7347e-18,-0.0009811,1.7347e-18,-6.9389e-18,1.7347e-18,-0.00098121,1.7347e-18,-6.9389e-18,1.7347e-18,-0.00098098,1.7347e-18,-6.9389e-18,1.7347e-18,-0.0009791,1.7347e-18,-6.9389e-18,1.7347e-18,-0.00094402,1.7347e-18,-6.9389e-18,1.7347e-18,-0.000358,1.7347e-18,-6.9389e-18,1.7347e-18,-0.0012229,0,0,0,-0.0015097,-0.00059724,-6.9389e-18,-0.00085779,-0.0012354,-0.00091918,-6.9389e-18,-0.00091952,-0.0012819,-0.0010096,-6.9389e-18,-0.00098473,-0.0012637,-0.0010137,-6.9389e-18,-0.00098062,-0.0012516,-0.00098658,-6.9389e-18,-0.00096449,-0.0011181,-0.000448,-6.9389e-18,-0.0010779,-0.00010578,0,0
6.9389e-18,-1.7347e-18,0.00093445,-1.7347e-18,6.9389e-18,-1.7347e-18,0.00055611,-1.7347e-18,6.9389e-18,-1.7347e-18,0.00059741,-1.7347e-18,6.9389e-18,-1.7347e-18,0.00059858,-1.7347e-18,6.9389e-18,-1.7347e-18,0.00059848,-1.7347e-18,6.9389e-18,-1.7347e-18,0.00059857,-1.7347e-18,6.9389e-18,-1.7347e-18,0.00059884,-1.7347e-18,6.9389e-18,-1.7347e-18,0.00059889,-1.7347e-18,6.9389e-18,-1.7347e-18,0.0005991,-1.7347e-18,6.9389e-18,-1.7347e-18,0.00059923,-1.7347e-18,6.9389e-18,-1.7347e-18,0.00059918,-1.7347e-18,6.9389e-18,-1.7347e-18,0.00059928,-1.7347e-18,6.9389e-18,-1.7347e-18,0.00059959,-1.7347e-18,6.9389e-18,-1.7347e-18,0.00059954,-1.7347e-18,6.9389e-18,-1.7347e-18,0.00059842,-1.7347e-18,6.9389e-18,-1.7347e-18,0.00066606,-1.7347e-18,6.9389e-18,-1.7347e-18,0.00017414,0,0,-1.7347e-18,-0.00024708,0.00086997,6.9389e-18,0.0003759,0.0006626,0.0008101,6.9389e-18,0.00087889,0.0012306,0.00098357,6.9389e-18,0.00093157,0.0012096,0.00097099,6.9389e-18,0.00093783,0.0012099,0.00096721,6.9389e-18,0.00093449,0.0011987,0.00094089,6.9389e-18,0.00092232,0.001073,0.00041281,6.9389e-18,0.001164,2.5464e-05,0,0
0,6.9389e-18,-1.7347e-18,6.9389e-18,0,6.9389e-18,-1.7347e-18,6.9389e-18,0,6.9389e-18,-1.7347e-18,6.9389e-18,0,6.9389e-18,-1.7347e-18,6.9389e-18,0,6.9389e-18,-1.7347e-18,6.9389e-18,0,6.9389e-18,-1.7347e-18,6.9389e-18,0,6.9389e-18,-1.7347e-18,6.9389e-18,0,6.9389e-18,-1.7347e-18,6.9389e-18,0,6.9389e-18,-1.7347e-18,6.9389e-18,0,6.9389e-18,-1.7347e-18,6.9389e-18,0,6.9389e-18,-1.7347e-18,6.9389e-18,0,6.9389e-18,-1.7347e-18,6.9389e-18,0,6.9389e-18,-1.7347e-18,6.9389e-18,0,6.9389e-18,-1.7347e-18,6.9389e-18,0,6.9389e-18,-1.7347e-18,6.9389e-18,0,6.9389e-18,-1.7347e-18,6.9389e-18,0,6.9389e-18,-1.7347e-18,0,0,0,2.9062e-05,6.9389e-18,0,6.9389e-18,0.00045126,6.9389e-18,2.7756e-17,6.9389e-18,0.00094224,6.9389e-18,0,6.9389e-18,0.00094535,6.9389e-18,2.7756e-17,6.9389e-18,0.00094754,6.9389e-18,2.7756e-17,6.9389e-18,0.00093818,6.9389e-18,2.7756e-17,6.9389e-18,0.00078957,6.9389e-18,2.7756e-17,6.9389e-18,0.0017944,0,0
0,-6.9389e-18,1.7347e-18,-6.9389e-18,0,-6.9389e-18,1.7347e-18,-6.9389e-18,0,-6.9389e-18,1.7347e-18,-6.9389e-18,0,-6.9389e-18,1.7347e-18,-6.9389e-18,0,-6.9389e-18,1.7347e-18,-6.9389e-18,0,-6.9389e-18,1.7347e-18,-6.9389e-18,0,-6.9389e-18,1.7347e-18,-6.9389e-18,0,-6.9389e-18,1.7347e-18,-6.9389e-18,0,-6.9389e-18,1.7347e-18,-6.9389e-18,0,-6.9389e-18,1.7347e-18,-6.9389e-18,0,-6.9389e-18,1.7347e-18,-6.9389e-18,0,-6.9389e-18,1.7347e-18,-6.9389e-18,0,-6.9389e-18,1.7347e-18,-6.9389e-18,0,-6.9389e-18,1.7347e-18,-6.9389e-18,0,-6.9389e-18,1.7347e-18,-6.9389e-18,0,-6.9389e-18,1.7347e-18,-6.9389e-18,0,-6.9389e-18,1.7347e-18,0,0,0,1.7347e-18,-6.9389e-18,0,-6.9389e-18,-0.00056013,-6.9389e-18,-2.7756e-17,-6.9389e-18,-0.00091085,-6.9389e-18,-2.7756e-17,-6.9389e-18,-0.0010025,-6.9389e-18,0,-6.9389e-18,-0.0010052,-6.9389e-18,0,-6.9389e-18,-0.00099406,-6.9389e-18,-2.7756e-17,-6.9389e-18,-0.00083928,-6.9389e-18,-2.7756e-17,-6.9389e-18,-0.0017019,0,0
-6.9389e-18,1.7347e-18,-0.00095608,1.7347e-18,-6.9389e-18,1.7347e-18,-0.00095405,1.7347e-18,-6.9389e-18,1.7347e-18,-0.00099596,1.7347e-18,-6.9389e-18,1.7347e-18,-0.00099732,1.7347e-18,-6.9389e-18,1.7347e-18,-0.00099722,1.7347e-18,-6.9389e-18,1.7347e-18,-0.00099726,1.7347e-18,-6.9389e-18,1.7347e-18,-0.00099749,1.7347e-18,-6.9389e-18,1.7347e-18,-0.00099746,1.7347e-18,-6.9389e-18,1.7347e-18,-0.00099747,1.7347e-18,-6.9389e-18,1.7347e-18,-0.00099755,1.7347e-18,-6.9389e-18,1.7347e-18,-0.00099764,1.7347e-18,-6.9389e-18,1.7347e-18,-0.00099782,1.7347e-18,-6.9389e-18,1.7347e-18,-0.0009978,1.7347e-18,-6.9389e-18,1.7347e-18,-0.00099746,1.7347e-18,-6.9389e-18,1.7347e-18,-0.00099459,1.7347e-18,-6.9389e-18,1.7347e-18,-0.0010177,1.7347e-18,-6.9389e-18,1.7347e-18,-0.00041784,-5.2042e-18,0,1.7347e-18,-0.001502,0,-6.9389e-18,-0.00039754,-0.0014659,-0.00074658,-6.9389e-18,-0.00086054,-0.0012837,-0.00093486,-6.9389e-18,-0.00095623,-0.0012749,-0.001022,-6.9389e-18,-0.00098375,-0.0012616,-0.0010123,-6.9389e-18,-0.00097889,-0.0012492,-0.00098425,-6.9389e-18,-0.00096288,-0.001116,-0.00044529,-6.9389e-18,-0.001095,-0.00010344,0,0
6.9389e-18,-1.7347e-18,0.00092941,-1.7347e-18,6.9389e-18,-1.7347e-18,0.0005779,-1.7347e-18,6.9389e-18,-1.7347e-18,0.00061931,-1.7347e-18,6.9389e-18,-1.7347e-18,0.0006205,-1.7347e-18,6.9389e-18,-1.7347e-18,0.00062024,-1.7347e-18,6.9389e-18,-1.7347e-18,0.00062026,-1.7347e-18,6.9389e-18,-1.7347e-18,0.00062048,-1.7347e-18,6.9389e-18,-1.7347e-18,0.00062061,-1.7347e-18,6.9389e-18,-1.7347e-18,0.00062085,-1.7347e-18,6.9389e-18,-1.7347e-18,0.00062083,-1.7347e-18,6.9389e-18,-1.7347e-18,0.00062077,-1.7347e-18,6.9389e-18,-1.7347e-18,0.00062101,-1.7347e-18,6.9389e-18,-1.7347e-18,0.00062134,-1.7347e-18,6.9389e-18,-1.7347e-18,0.00062129,-1.7347e-18,6.9389e-18,-1.7347e-18,0.00061996,-1.7347e-18,6.9389e-18,-1.7347e-18,0.00067039,-1.7347e-18,6.9389e-18,-1.7347e-18,-0.00023796,0,0,0.00056571,-0.00029518,0.0007251,6.9389e-18,0.00037846,0.00094749,0.00087283,6.9389e-18,0.00092728,0.0012147,0.00097477,6.9389e-18,0.0009316,0.0012098,0.00097036,6.9389e-18,0.00093813,0.0012086,0.00096593,6.9389e-18,0.00093344,0.0011974,0.0009397,6.9389e-18,0.00092275,0.0010729,0.00041168,6.9389e-18,0.0011788,2.4698e-05,0,0
0,6.9389e-18,-1.7347e-18,6.9389e-18,0,6.9389e-18,-1.7347e-18,6.9389e-18,0,6.9389e-18,-1.7347e-18,6.9389e-18,0,6.9389e-18,-1.7347e-18,6.9389e-18,0,6.9389e-18,-1.7347e-18,6.9389e-18,0,6.9389e-18,-1.7347e-18,6.9389e-18,0,6.9389e-18,-1.7347e-18,6.9389e-18,0,6.9389e-18,-1.7347e-18,6.9389e-18,0,6.9389e-18,-1.7347e-18,6.9389e-18,0,6.9389e-18,-1.7347e-18,6.9389e-18,0,6.9389e-18,-1.7347e-18,6.9389e-18,0,6.9389e-18,-1.7347e-18,6.9389e-18,0,6.9389e-18,-1.7347e-18,6.9389e-18,0,6.9389e-18,-1.7347e-18,6.9389e-18,0,6.9389e-18,-1.7347e-18,6.9389e-18,0,6.9389e-18,-1.7347e-18,6.9389e-18,0,6.9389e-18,-1.7347e-18,0,0,0,0.00076786,6.9389e-18,2.7756e-17,6.9389e-18,0.00068725,6.9389e-18,2.7756e-17,6.9389e-18,0.00094312,6.9389e-18,2.7756e-17,6.9389e-18,0.0009456,6.9389e-18,2.7756e-17,6.9389e-18,0.00094654,6.9389e-18,2.7756e-17,6.9389e-18,0.0009375,6.9389e-18,2.7756e-17,6.9389e-18,0.00079093,6.9389e-18,0,6.9389e-18,0.0018027,0,0
0,-6.9389e-18,1.7347e-18,-6.9389e-18,0,-6.9389e-18,1.7347e-18,-6.9389e-18,0,-6.9389e-18,1.7347e-18,-6.9389e-18,0,-6.9389e-18,1.7347e-18,-6.9389e-18,0,-6.9389e-18,1.7347e-18,-6.9389e-18,0,-6.9389e-18,1.7347e-18,-6.9389e-18,0,-6.9389e-18,1.7347e-18,-6.9389e-18,0,-6.9389e-18,1.7347e-18,-6.9389e-18,0,-6.9389e-18,1.7347e-18,-6.9389e-18,0,-6.9389e-18,1.7347e-18,-6.9389e-18,0,-6.9389e-18,1.7347e-18,-6.9389e-18,0,-6.9389e-18,1.7347e-18,-6.9389e-18,0,-6.9389e-18,1.7347e-18,-6.9389e-18,0,-6.9389e-18,1.7347e-18,-6.9389e-18,0,-6.9389e-18,1.7347e-18,-6.9389e-18,0,-6.9389e-18,1.7347e-18,-6.9389e-18,0,-6.9389e-18,1.7347e-18,0,0,0,0,-6.9389e-18,0,-6.9389e-18,-0.0008682,-6.9389e-18,-2.7756e-17,-6.9389e-18,-0.00092112,-6.9389e-18,-2.7756e-17,-6.9389e-18,-0.0010132,-6.9389e-18,-2.7756e-17,-6.9389e-18,-0.0010037,-6.9389e-18,-2.7756e-17,-6.9389e-18,-0.00099127,-6.9389e-18,0,-6.9389e-18,-0.00083793,-6.9389e-18,0,-6.9389e-18,-0.0017093,0,0
-6.9389e-18,1.7347e-18,-0.0010705,1.7347e-18,-6.9389e-18,1.7347e-18,-0.00097132,1.7347e-18,-6.9389e-18,1.7347e-18,-0.0010133,1.7347e-18,-6.9389e-18,1.7347e-18,-0.0010146,1.7347e-18,-6.9389e-18,1.7347e-18,-0.0010146,1.7347e-18,-6.9389e-18,1.7347e-18,-0.0010145,1.7347e-18,-6.9389e-18,1.7347e-18,-0.0010147,1.7347e-18,-6.9389e-18,1.7347e-18,-0.0010146,1.7347e-18,-6.9389e-18,1.7347e-18,-0.0010147,1.7347e-18,-6.9389e-18,1.7347e-18,-0.0010147,1.7347e-18,-6.9389e-18,1.7347e-18,-0.0010148,1.7347e-18,-6.9389e-18,1.7347e-18,-0.001015,1.7347e-18,-6.9389e-18,1.7347e-18,-0.001015,1.7347e-18,-6.9389e-18,1.7347e-18,-0.0010143,1.7347e-18,-6.9389e-18,1.7347e-18,-0.0010059,1.7347e-18,-6.9389e-18,1.7347e-18,-0.0009862,1.7347e-18,-6.9389e-18,1.7347e-18,-0.0010745,1.7347e-18,0,1.7347e-18,-0.001136,-0.00026952,-6.9389e-18,-0.00075414,-0.001259,-0.00084248,-6.9389e-18,-0.00085355,-0.0012941,-0.00095981,-6.9389e-18,-0.00098561,-0.0012704,-0.0010188,-6.9389e-18,-0.00098342,-0.0012601,-0.0010109,-6.9389e-18,-0.0009772,-0.001246,-0.00098055,-6.9389e-18,-0.00096065,-0.0011134,-0.00044255,-6.9389e-18,-0.0011101,-0.00010041,0,0
6.9389e-18,-1.7347e-18,0.00092446,-1.7347e-18,0,-1.7347e-18,0.00059854,-1.7347e-18,0,-1.7347e-18,0.00064015,-1.7347e-18,0,-1.7347e-18,0.00064126,-1.7347e-18,0,-1.7347e-18,0.00064092,-1.7347e-18,0,-1.7347e-18,0.00064105,-1.7347e-18,0,-1.7347e-18,0.00064132,-1.7347e-18,0,-1.7347e-18,0.00064167,-1.7347e-18,0,-1.7347e-18,0.0006419,-1.7347e-18,0,-1.7347e-18,0.00064191,-1.7347e-18,0,-1.7347e-18,0.00064197,-1.7347e-18,0,-1.7347e-18,0.00064214,-1.7347e-18,0,-1.7347e-18,0.00064228,-1.7347e-18,0,-1.7347e-18,0.00064239,-1.7347e-18,0,-1.7347e-18,0.00065187,-1.7347e-18,6.9389e-18,-1.7347e-18,0.00059152,-1.7347e-18,0,-1.7347e-18,-0.00020332,0.00079833,6.9389e-18,0.0013316,5.5817e-07,0.00074351,6.9389e-18,0.00071539,0.0011566,0.00095193,6.9389e-18,0.00093182,0.0012094,0.00097094,6.9389e-18,0.00093422,0.0012103,0.00096922,6.9389e-18,0.00093744,0.0012068,0.00096411,6.9389e-18,0.00093326,0.0011973,0.0009398,6.9389e-18,0.00092458,0.0010738,0.00041079,6.9389e-18,0.0011945,2.6559e-05,3.2059e-06,0
0,6.9389e-18,-1.7347e-18,0,0,6.9389e-18,-1.7347e-18,6.9389e-18,0,6.9389e-18,-1.7347e-18,6.9389e-18,0,6.9389e-18,-1.7347e-18,6.9389e-18,0,6.9389e-18,-1.7347e-18,6.9389e-18,0,6.9389e-18,-1.7347e-18,6.9389e-18,0,6.9389e-18,-1.7347e-18,6.9389e-18,0,6.9389e-18,-1.7347e-18,6.9389e-18,0,6.9389e-18,-1.7347e-18,6.9389e-18,0,6.9389e-18,-1.7347e-18,6.9389e-18,0,6.9389e-18,-1.7347e-18,6.9389e-18,0,6.9389e-18,-1.7347e-18,6.9389e-18,0,6.9389e-18,-1.7347e-18,6.9389e-18,0,6.9389e-18,-1.7347e-18,6.9389e-18,0,6.9389e-18,-1.7347e-18,6.9389e-18,0,6.9389e-18,-1.7347e-18,6.9389e-18,0,0,0,6.9389e-18,0,0,0.00091487,6.9389e-18,2.7756e-17,6.9389e-18,0.00088624,6.9389e-18,2.7756e-17,6.9389e-18,0.00094342,6.9389e-18,0,6.9389e-18,0.00094703,6.9389e-18,2.7756e-17,6.9389e-18,0.00094541,6.9389e-18,2.7756e-17,6.9389e-18,0.00093841,6.9389e-18,0,6.9389e-18,0.00079393,6.9389e-18,0,6.9389e-18,0.001807,0,0
0,-6.9389e-18,1.7347e-18,-6.9389e-18,0,-6.9389e-18,1.7347e-18,-6.9389e-18,0,-6.9389e-18,1.7347e-18,-6.9389e-18,0,-6.9389e-18,1.7347e-18,-6.9389e-18,0,-6.9389e-18,1.7347e-18,-6.9389e-18,0,-6.9389e-18,1.7347e-18,-6.9389e-18,0,-6.9389e-18,1.7347e-18,-6.9389e-18,0,-6.9389e-18,1.7347e-18,-6.9389e-18,0,-6.9389e-18,1.7347e-18,-6.9389e-18,0,-6.9389e-18,1.7347e-18,-6.9389e-18,0,-6.9389e-18,1.7347e-18,-6.9389e-18,0,-6.9389e-18,1.7347e-18,-6.9389e-18,0,-6.9389e-18,1.7347e-18,-6.9389e-18,0,-6.9389e-18,1.7347e-18,-6.9389e-18,0,-6.9389e-18,1.7347e-18,-6.9389e-18,0,-6.9389e-18,1.7347e-18,-6.9389e-18,0,-6.9389e-18,1.7347e-18,0,0,0,0,-6.9389e-18,-2.7756e-17,-6.9389e-18,-0.00092104,-6.9389e-18,-2.7756e-17,-6.9389e-18,-0.00095181,-6.9389e-18,-2.7756e-17,-6.9389e-18,-0.0010093,-6.9389e-18,0,-6.9389e-18,-0.0010023,-6.9389e-18,-2.7756e-17,-6.9389e-18,-0.00098733,-6.9389e-18,-2.7756e-17,-6.9389e-18,-0.00083466,-6.9389e-18,-2.7756e-17,-6.9389e-18,-0.0017238,0,0
-6.9389e-18,1.7347e-18,-0.0011824,1.7347e-18,-6.9389e-18,1.7347e-18,-0.00098815,1.7347e-18,-6.9389e-18,1.7347e-18,-0.0010302,1.7347e-18,-6.9389e-18,1.7347e-18,-0.0010315,1.7347e-18,-6.9389e-18,1.7347e-18,-0.0010314,1.7347e-18,-6.9389e-18,1.7347e-18,-0.0010313,1.7347e-18,-6.9389e-18,1.7347e-18,-0.0010315,1.7347e-18,-6.9389e-18,1.7347e-18,-0.0010316,1.7347e-18,-6.9389e-18,1.7347e-18,-0.0010317,1.7347e-18,-6.9389e-18,1.7347e-18,-0.0010317,1.7347e-18,-6.9389e-18,1.7347e-18,-0.0010317,1.7347e-18,-6.9389e-18,1.7347e-18,-0.0010319,1.7347e-18,-6.9389e-18,1.7347e-18,-0.0010318,1.7347e-18,-6.9389e-18,1.7347e-18,-0.0010304,1.7347e-18,-6.9389e-18,1.7347e-18,-0.0010011,1.7347e-18,-6.9389e-18,1.7347e-18,-0.00081383,1.7347e-18,-6.9389e-18,1.7347e-18,-0.0014776,0,0,0,-0.001429,-0.00057488,-6.9389e-18,-0.00084593,-0.0012369,-0.00089195,-6.9389e-18,-0.00089259,-0.0012859,-0.00098808,-6.9389e-18,-0.00098621,-0.0012662,-0.0010162,-6.9389e-18,-0.00098295,-0.0012583,-0.0010091,-6.9389e-18,-0.00097536,-0.0012414,-0.00097592,-6.9389e-18,-0.00095667,-0.0011077,-0.00043816,-6.9389e-18,-0.0011302,-9.3801e-05,0,0
6.9389e-18,-1.7347e-18,0.00092111,-1.7347e-18,0,-1.7347e-18,0.0006191,-1.7347e-18,0,-1.7347e-18,0.00066118,-1.7347e-18,0,-1.7347e-18,0.00066234,-1.7347e-18,0,-1.7347e-18,0.00066202,-1.7347e-18,0,-1.7347e-18,0.00066218,-1.7347e-18,0,-1.7347e-18,0.00066254,-1.7347e-18,0,-1.7347e-18,0.0006627,-1.7347e-18,0,-1.7347e-18,0.00066285,-1.7347e-18,0,-1.7347e-18,0.00066303,-1.7347e-18,0,-1.7347e-18,0.00066306,-1.7347e-18,0,-1.7347e-18,0.00066326,-1.7347e-18,0,-1.7347e-18,0.00066345,-1.7347e-18,0,-1.7347e-18,0.00066276,-1.7347e-18,0,-1.7347e-18,0.00071265,-1.7347e-18,0,-1.7347e-18,0.00036431,-1.7347e-18,0,-1.7347e-18,-0.00018386,0.00095187,6.9389e-18,0.00062277,0.00061594,0.00082626,6.9389e-18,0.00087264,0.001227,0.00097592,6.9389e-18,0.00093214,0.0012107,0.00097193,6.9389e-18,0.00093794,0.0012114,0.00096879,6.9389e-18,0.00093639,0.0012051,0.0009622,6.9389e-18,0.00093467,0.0012003,0.00094144,6.9389e-18,0.00092991,0.001082,0.00041085,6.9389e-18,0.001206,3.0489e-05,4.5022e-06,0
0,6.9389e-18,-1.7347e-18,0,0,0,-1.7347e-18,0,0,0,-1.7347e-18,0,0,0,-1.7347e-18,0,0,0,-1.7347e-18,0,0,0,-1.7347e-18,0,0,0,-1.7347e-18,0,0,0,-1.7347e-18,0,0,0,-1.7347e-18,0,0,0,-1.7347e-18,0,0,0,-1.7347e-18,0,0,0,-1.7347e-18,0,0,0,-1.7347e-18,0,0,0,-1.7347e-18,0,0,0,-1.7347e-18,0,0,0,-1.7347e-18,0,0,0,0,6.9389e-18,0,6.9389e-18,0.00057531,6.9389e-18,2.7756e-17,6.9389e-18,0.00092535,6.9389e-18,0,6.9389e-18,0.00094584,6.9389e-18,2.7756e-17,6.9389e-18,0.00094909,6.9389e-18,2.7756e-17,6.9389e-18,0.00094519,6.9389e-18,2.7756e-17,6.9389e-18,0.00094707,6.9389e-18,2.7756e-17,6.9389e-18,0.00081902,6.9389e-18,2.7756e-17,6.9389e-18,0.0018086,0,0
0,-6.9389e-18,1.7347e-18,0,0,0,1.7347e-18,0,0,0,1.7347e-18,0,0,0,1.7347e-18,0,0,0,1.7347e-18,0,0,0,1.7347e-18,0,0,0,1.7347e-18,0,0,0,1.7347e-18,0,0,0,1.7347e-18,0,0,0,1.7347e-18,0,0,0,1.7347e-18,0,0,0,1.7347e-18,0,0,0,1.7347e-18,0,0,0,1.7347e-18,0,0,0,1.7347e-18,-6.9389e-18,0,-6.9389e-18,1.7347e-18,0,0,0,1.7347e-18,-6.9389e-18,0,-6.9389e-18,-0.00043074,-6.9389e-18,-2.7756e-17,-6.9389e-18,-0.00089534,-6.9389e-18,0,-6.9389e-18,-0.00098013,-6.9389e-18,-2.7756e-17,-6.9389e-18,-0.0010056,-6.9389e-18,-2.7756e-17,-6.9389e-18,-0.00099898,-6.9389e-18,-2.7756e-17,-6.9389e-18,-0.00097171,-6.9389e-18,-2.7756e-17,-6.9389e-18,-0.00079754,-6.9389e-18,-2.7756e-17,-6.9389e-18,-0.0016866,0,0
-6.9389e-18,1.7347e-18,-0.001212,1.7347e-18,0,1.7347e-18,-0.0010072,1.7347e-18,0,1.7347e-18,-0.0010471,1.7347e-18,0,1.7347e-18,-0.0010482,1.7347e-18,0,1.7347e-18,-0.0010481,1.7347e-18,0,1.7347e-18,-0.001048,1.7347e-18,0,1.7347e-18,-0.0010482,1.7347e-18,0,1.7347e-18,-0.0010483,1.7347e-18,0,1.7347e-18,-0.0010484,1.7347e-18,0,1.7347e-18,-0.0010484,1.7347e-18,0,1.7347e-18,-0.0010484,1.7347e-18,0,1.7347e-18,-0.0010485,1.7347e-18,0,1.7347e-18,-0.0010484,1.7347e-18,0,1.7347e-18,-0.0010463,1.7347e-18,0,1.7347e-18,-0.0010421,1.7347e-18,-6.9389e-18,1.7347e-18,-0.00078672,1.7347e-18,0,1.7347e-18,-0.0014972,0,-6.9389e-18,-9.5765e-05,-0.0014789,-0.00070494,-6.9389e-18,-0.00085952,-0.0012792,-0.00090987,-6.9389e-18,-0.00092844,-0.001279,-0.0010097,-6.9389e-18,-0.00098436,-0.0012624,-0.0010136,-6.9389e-18,-0.00098053,-0.0012543,-0.0010064,-6.9389e-18,-0.00097821,-0.0012358,-0.0009537,-6.9389e-18,-0.00094884,-0.0011042,-0.00040464,-6.9389e-18,-0.001211,-0.00022064,0,0
6.9389e-18,-1.7347e-18,0.00085703,-1.7347e-18,0,-1.7347e-18,0.0006399,-1.7347e-18,0,-1.7347e-18,0.00068216,-1.7347e-18,0,-1.7347e-18,0.00068336,-1.7347e-18,0,-1.7347e-18,0.00068298,-1.7347e-18,0,-1.7347e-18,0.00068323,-1.7347e-18,0,-1.7347e-18,0.00068358,-1.7347e-18,0,-1.7347e-18,0.00068384,-1.7347e-18,0,-1.7347e-18,0.00068407,-1.7347e-18,0,-1.7347e-18,0.00068419,-1.7347e-18,0,-1.7347e-18,0.00068422,-1.7347e-18,0,-1.7347e-18,0.00068448,-1.7347e-18,0,-1.7347e-18,0.00068452,-1.7347e-18,0,-1.7347e-18,0.00068266,-1.7347e-18,0,-1.7347e-18,0.00074258,-1.7347e-18,0,-1.7347e-18,-3.3166e-05,0,0,0.00012086,-0.00031655,0.00073033,6.9389e-18,0.00032113,0.00091136,0.00086564,6.9389e-18,0.00090332,0.001219,0.00097646,6.9389e-18,0.00093055,0.0012106,0.00097118,6.9389e-18,0.00094038,0.0012138,0.00096878,6.9389e-18,0.0009369,0.0012076,0.0009569,6.9389e-18,0.00091708,0.0011684,0.00093946,6.9389e-18,0.00088957,0.00096753,0.00048523,6.9389e-18,0.0010718,-0.00027637,0.00051372,0
0,6.9389e-18,-1.7347e-18,0,0,0,-1.7347e-18,0,0,0,-1.7347e-18,0,0,0,-1.7347e-18,0,0,0,-1.7347e-18,0,0,0,-1.7347e-18,0,0,0,-1.7347e-18,0,0,0,-1.7347e-18,0,0,0,-1.7347e-18,0,0,0,-1.7347e-18,0,0,0,-1.7347e-18,0,0,0,-1.7347e-18,0,0,0,-1.7347e-18,0,0,0,-1.7347e-18,0,0,0,-1.7347e-18,0,0,0,0,0,0,0,0.00061332,6.9389e-18,2.7756e-17,6.9389e-18,0.00064039,6.9389e-18,2.7756e-17,6.9389e-18,0.00094596,6.9389e-18,0,6.9389e-18,0.00094703,6.9389e-18,2.7756e-17,6.9389e-18,0.00095745,6.9389e-18,2.7756e-17,6.9389e-18,0.00095963,6.9389e-18,2.7756e-17,6.9389e-18,0.00080569,6.9389e-18,2.7756e-17,6.9389e-18,0.00024289,6.9389e-18,0,6.9389e-18,0.0012894,0,0
0,-6.9389e-18,1.7347e-18,0,0,0,1.7347e-18,0,0,0,1.7347e-18,0,0,0,1.7347e-18,0,0,0,1.7347e-18,0,0,0,1.7347e-18,0,0,0,1.7347e-18,0,0,0,1.7347e-18,0,0,0,1.7347e-18,0,0,0,1.7347e-18,0,0,0,1.7347e-18,0,0,0,1.7347e-18,0,0,0,1.7347e-18,0,0,0,1.7347e-18,0,0,0,1.7347e-18,0,0,-6.9389e-18,1.7347e-18,0,0,0,0,-6.9389e-18,-2.7756e-17,-6.9389e-18,-0.00080537,-6.9389e-18,-2.7756e-17,-6.9389e-18,-0.00089869,-6.9389e-18,-2.7756e-17,-6.9389e-18,-0.0010059,-6.9389e-18,0,-6.9389e-18,-0.0009908,-6.9389e-18,0,-6.9389e-18,-0.00097508,-6.9389e-18,-2.7756e-17,-6.9389e-18,-0.0010371,-6.9389e-18,-2.7756e-17,-6.9389e-18,-0.00039016,-6.9389e-18,-2.7756e-17,-6.9389e-18,0,0,0
-6.9389e-18,1.7347e-18,-0.00069397,1.7347e-18,0,1.7347e-18,-0.0010368,1.7347e-18,0,1.7347e-18,-0.0010642,1.7347e-18,0,1.7347e-18,-0.0010649,1.7347e-18,0,1.7347e-18,-0.0010647,1.7347e-18,0,1.7347e-18,-0.0010647,1.7347e-18,0,1.7347e-18,-0.0010648,1.7347e-18,0,1.7347e-18,-0.0010649,1.7347e-18,0,1.7347e-18,-0.0010651,1.7347e-18,0,1.7347e-18,-0.001065,1.7347e-18,0,1.7347e-18,-0.0010649,1.7347e-18,0,1.7347e-18,-0.001065,1.7347e-18,0,1.7347e-18,-0.0010646,1.7347e-18,0,1.7347e-18,-0.0010565,1.7347e-18,0,1.7347e-18,-0.0012135,1.7347e-18,-6.9389e-18,1.7347e-18,-0.0011094,1.7347e-18,0,1.7347e-18,-0.0011892,-0.00013639,-6.9389e-18,-0.00077575,-0.0012854,-0.00080717,-6.9389e-18,-0.00083008,-0.0012953,-0.00093673,-6.9389e-18,-0.00096363,-0.0012716,-0.0010209,-6.9389e-18,-0.00098814,-0.0012575,-0.00099273,-6.9389e-18,-0.00098093,-0.0012687,-0.00099095,-6.9389e-18,-0.0011288,-0.001678,-0.00053109,-6.9389e-18,-0.00011327,-0.0029619,0,-6.9389e-18,0,-0.0017179,1.7347e-18,0
0,-1.7347e-18,0.00037091,-1.7347e-18,0,-1.7347e-18,0.00067234,-1.7347e-18,0,-1.7347e-18,0.00070292,-1.7347e-18,0,-1.7347e-18,0.00070367,-1.7347e-18,0,-1.7347e-18,0.00070335,-1.7347e-18,0,-1.7347e-18,0.00070365,-1.7347e-18,0,-1.7347e-18,0.00070403,-1.7347e-18,0,-1.7347e-18,0.00070434,-1.7347e-18,0,-1.7347e-18,0.00070456,-1.7347e-18,0,-1.7347e-18,0.00070474,-1.7347e-18,0,-1.7347e-18,0.00070482,-1.7347e-18,0,-1.7347e-18,0.00070498,-1.7347e-18,0,-1.7347e-18,0.00070496,-1.7347e-18,0,-1.7347e-18,0.00071339,-1.7347e-18,0,-1.7347e-18,0.00065527,-1.7347e-18,0,-1.7347e-18,-0.00036303,0.0010022,6.9389e-18,0.0014865,-3.9635e-05,0.00070499,6.9389e-18,0.00069219,0.0011414,0.00094691,6.9389e-18,0.00093139,0.0012136,0.00097269,6.9389e-18,0.00093534,0.0012159,0.0009664,6.9389e-18,0.00092175,0.00118,0.00096687,6.9389e-18,0.00087567,0.001051,0.0010058,6.9389e-18,0.00064741,0.00051907,0.0005466,0,-0.00032793,-0.00088009,-0.00083597,-1.7347e-18,-0.00056027,-0.0024332,-0.0016255,-1.7347e-18
0,0,-1.7347e-18,0,0,0,-1.7347e-18,0,0,0,-1.7347e-18,0,0,0,-1.7347e-18,0,0,0,-1.7347e-18,0,0,0,-1.7347e-18,0,0,0,-1.7347e-18,0,0,0,-1.7347e-18,0,0,0,-1.7347e-18,0,0,0,-1.7347e-18,0,0,0,-1.7347e-18,0,0,0,-1.7347e-18,0,0,0,-1.7347e-18,0,0,0,-1.7347e-18,0,0,0,-1.7347e-18,0,0,0,0,6.9389e-18,0,0,0.00092553,6.9389e-18,2.7756e-17,6.9389e-18,0.00087242,6.9389e-18,2.7756e-17,6.9389e-18,0.00095273,6.9389e-18,2.7756e-17,6.9389e-18,0.00096498,6.9389e-18,0,6.9389e-18,0.0008096,6.9389e-18,0,6.9389e-18,0.00026574,6.9389e-18,2.7756e-17,6.9389e-18,-0.00050673,-1.7347e-18,2.7756e-17,-1.7347e-18,-0.0018522,-1.7347e-18,2.7756e-17,-1.7347e-18,-0.0024458,0,0
0,0,1.7347e-18,0,0,0,1.7347e-18,0,0,0,1.7347e-18,0,0,0,1.7347e-18,0,0,0,1.7347e-18,0,0,0,1.7347e-18,0,0,0,1.7347e-18,0,0,0,1.7347e-18,0,0,0,1.7347e-18,0,0,0,1.7347e-18,0,0,0,1.7347e-18,0,0,0,1.7347e-18,0,0,0,1.7347e-18,0,0,0,1.7347e-18,0,0,0,1.7347e-18,0,0,0,1.7347e-18,0,0,0,0,-6.9389e-18,-2.7756e-17,-6.9389e-18,-0.00088352,-6.9389e-18,-2.7756e-17,-6.9389e-18,-0.00094177,-6.9389e-18,-2.7756e-17,-6.9389e-18,-0.00098551,-6.9389e-18,-2.7756e-17,-6.9389e-18,-0.00090501,-6.9389e-18,-2.7756e-17,-6.9389e-18,-8.3669e-05,-6.9389e-18,0,-6.9389e-18,0,0,-2.7756e-17,0,-0.00021606,1.7347e-18,-2.7756e-17,1.7347e-18,-0.0019914,-5.2042e-18,-1.3878e-17
-6.9389e-18,1.7347e-18,-0.0010512,1.7347e-18,0,1.7347e-18,-0.0010683,1.7347e-18,0,1.7347e-18,-0.0010805,1.7347e-18,0,1.7347e-18,-0.0010807,1.7347e-18,0,1.7347e-18,-0.0010807,1.7347e-18,0,1.7347e-18,-0.0010807,1.7347e-18,0,1.7347e-18,-0.0010808,1.7347e-18,0,1.7347e-18,-0.0010809,1.7347e-18,0,1.7347e-18,-0.0010811,1.7347e-18,0,1.7347e-18,-0.0010809,1.7347e-18,0,1.7347e-18,-0.0010809,1.7347e-18,0,1.7347e-18,-0.0010809,1.7347e-18,0,1.7347e-18,-0.0010798,1.7347e-18,0,1.7347e-18,-0.0010532,1.7347e-18,0,1.7347e-18,-0.001165,1.7347e-18,0,1.7347e-18,-0.0016639,0,0,0,-0.0014552,-0.00053099,-6.9389e-18,-0.00085911,-0.0012484,-0.00086171,-6.9389e-18,-0.00087161,-0.0012848,-0.0010122,-6.9389e-18,-0.00098567,-0.0012801,-0.0010008,-6.9389e-18,-0.0010231,-0.0017102,-0.00038377,-6.9389e-18,0,-0.003092,0,-6.9389e-18,1.7347e-18,-0.0014995,1.7347e-18,-6.9389e-18,1.7347e-18,-0.0017851,1.7347e-18,0,0,-0.0033567,-0.0013422,0
0,-1.7347e-18,0.00047917,-1.7347e-18,0,-1.7347e-18,0.00070841,-1.7347e-18,0,-1.7347e-18,0.00072385,-1.7347e-18,0,-1.7347e-18,0.00072428,-1.7347e-18,0,-1.7347e-18,0.00072398,-1.7347e-18,0,-1.7347e-18,0.00072428,-1.7347e-18,0,-1.7347e-18,0.00072462,-1.7347e-18,0,-1.7347e-18,0.00072488,-1.7347e-18,0,-1.7347e-18,0.00072503,-1.7347e-18,0,-1.7347e-18,0.00072518,-1.7347e-18,0,-1.7347e-18,0.00072516,-1.7347e-18,0,-1.7347e-18,0.00072535,-1.7347e-18,0,-1.7347e-18,0.00072484,-1.7347e-18,0,-1.7347e-18,0.00076941,-1.7347e-18,0,-1.7347e-18,0.00045388,0,0,-1.7347e-18,-0.00024137,0.00089451,6.9389e-18,0.00062882,0.00063687,0.00082167,6.9389e-18,0.00084933,0.0012256,0.00095535,6.9389e-18,0.00091422,0.0011822,0.00096332,6.9389e-18,0.00088381,0.0010681,0.00092607,6.9389e-18,0.00065599,0.00053527,0.00058525,0,-0.00023239,-0.0012596,-0.00033751,-1.7347e-18,-0.0015232,-0.0027277,-0.0012154,0.00094808,-0.001678,-0.0028863,-0.0019242,0.00049008,-0.0017833,-0.0033357,-0.0011915,-1.7347e-18
0,0,-1.7347e-18,0,0,0,-1.7347e-18,0,0,0,-1.7347e-18,0,0,0,-1.7347e-18,0,0,0,-1.7347e-18,0,0,0,-1.7347e-18,0,0,0,-1.7347e-18,0,0,0,-1.7347e-18,0,0,0,-1.7347e-18,0,0,0,-1.7347e-18,0,0,0,-1.7347e-18,0,0,0,-1.7347e-18,0,0,0,-1.7347e-18,0,0,0,-1.7347e-18,0,0,0,-1.7347e-18,0,0,0,0,6.9389e-18,0,6.9389e-18,0.00057889,6.9389e-18,2.7756e-17,6.9389e-18,0.0008927,6.9389e-18,2.7756e-17,6.9389e-18,0.00080554,6.9389e-18,2.7756e-17,6.9389e-18,0.00028591,6.9389e-18,2.7756e-17,6.9389e-18,-0.00048551,0,0,0,-0.0015997,0,2.7756e-17,-1.7347e-18,-0.0031644,-0.00081553,0,-0.00080155,-0.001939,-0.001623,0,-0.00046179,-0.0030314,0,0
0,0,1.7347e-18,0,0,0,1.7347e-18,0,0,0,1.7347e-18,0,0,0,1.7347e-18,0,0,0,1.7347e-18,0,0,0,1.7347e-18,0,0,0,1.7347e-18,0,0,0,1.7347e-18,0,0,0,1.7347e-18,0,0,0,1.7347e-18,0,0,0,1.7347e-18,0,0,0,1.7347e-18,0,0,0,1.7347e-18,0,0,0,1.7347e-18,0,0,0,1.7347e-18,0,0,0,1.7347e-18,-6.9389e-18,0,-6.9389e-18,-0.00042575,-6.9389e-18,0,-6.9389e-18,-0.00088893,-6.9389e-18,-2.7756e-17,-6.9389e-18,-0.00075603,-6.9389e-18,-2.7756e-17,-6.9389e-18,0,-6.9389e-18,-2.7756e-17,-6.9389e-18,0,-6.9389e-18,-2.7756e-17,-6.9389e-18,-0.00048643,-5.2042e-18,0,1.7347e-18,-0.0029181,1.7347e-18,0,1.7347e-18,-0.0030246,-0.0010572,-6.9389e-18,-0.0008902,-0.00043367,0,-1.3878e-17
0,1.7347e-18,-0.0010341,1.7347e-18,0,1.7347e-18,-0.0010878,1.7347e-18,0,1.7347e-18,-0.0010964,1.7347e-18,0,1.7347e-18,-0.0010965,1.7347e-18,0,1.7347e-18,-0.0010965,1.7347e-18,0,1.7347e-18,-0.0010965,1.7347e-18,0,1.7347e-18,-0.0010967,1.7347e-18,0,1.7347e-18,-0.0010967,1.7347e-18,0,1.7347e-18,-0.0010969,1.7347e-18,0,1.7347e-18,-0.0010969,1.7347e-18,0,1.7347e-18,-0.0010968,1.7347e-18,0,1.7347e-18,-0.0010966,1.7347e-18,0,1.7347e-18,-0.0010948,1.7347e-18,0,1.7347e-18,-0.0010924,1.7347e-18,0,1.7347e-18,-0.0011618,1.7347e-18,0,1.7347e-18,-0.0013383,0,-6.9389e-18,-0.00013005,-0.0014739,-0.00069848,-6.9389e-18,-0.00084596,-0.0013018,-0.0009668,-6.9389e-18,-0.00084173,-0.0017358,-0.00026285,-6.9389e-18,0,-0.00298,0,0,1.7347e-18,-0.001356,1.7347e-18,-6.9389e-18,1.7347e-18,-0.0020223,1.7347e-18,-1.7347e-18,-0.00047746,-0.0035758,-0.0033805,0,-0.0027818,-0.0022111,-0.002072,-0.0017257,-0.0016523,-0.00015768,-0.0009109,1.7347e-18
0,-1.7347e-18,0.00066099,-1.7347e-18,0,-1.7347e-18,0.00073446,-1.7347e-18,0,-1.7347e-18,0.00074433,-1.7347e-18,0,-1.7347e-18,0.00074467,-1.7347e-18,0,-1.7347e-18,0.00074447,-1.7347e-18,0,-1.7347e-18,0.00074456,-1.7347e-18,0,-1.7347e-18,0.00074487,-1.7347e-18,0,-1.7347e-18,0.00074506,-1.7347e-18,0,-1.7347e-18,0.00074508,-1.7347e-18,0,-1.7347e-18,0.00074517,-1.7347e-18,0,-1.7347e-18,0.00074518,-1.7347e-18,0,-1.7347e-18,0.00074552,-1.7347e-18,0,-1.7347e-18,0.00074438,-1.7347e-18,0,-1.7347e-18,0.00079806,-1.7347e-18,0,-1.7347e-18,-9.3236e-06,0,0,0.00013836,-0.00028053,0.00073117,6.9389e-18,0.00037757,0.00093886,0.00087283,6.9389e-18,0.0008686,0.0011102,0.00082904,6.9389e-18,0.00065837,0.00053204,0.00056832,0,-0.00016327,-0.0013445,-0.00034069,-1.7347e-18,-0.0015526,-0.0027718,-0.0011924,0.0010252,-0.0017191,-0.0028065,-0.0019459,0.00059615,-0.0012413,-0.0013242,-0.00053927,0.00081302,6.45e-05,-6.9196e-05,0.0003631,0.0011492,0.0006279,-0.00075958,0.00036272,-1.7347e-18
0,0,-1.7347e-18,0,0,0,-1.7347e-18,0,0,0,-1.7347e-18,0,0,0,-1.7347e-18,0,0,0,-1.7347e-18,0,0,0,-1.7347e-18,0,0,0,-1.7347e-18,0,0,0,-1.7347e-18,0,0,0,-1.7347e-18,0,0,0,-1.7347e-18,0,0,0,-1.7347e-18,0,0,0,-1.7347e-18,0,0,0,-1.7347e-18,0,0,0,-1.7347e-18,0,0,0,0,0,0,0,0.00053967,6.9389e-18,2.7756e-17,6.9389e-18,0.00065604,6.9389e-18,0,6.9389e-18,0.00046215,6.9389e-18,0,6.9389e-18,-0.00042424,6.9389e-18,2.7756e-17,0,-0.0015953,-1.7347e-18,2.7756e-17,-1.7347e-18,-0.0032433,-0.00078048,0,-0.00057442,-0.0018576,-0.00084006,0,-0.00052535,-0.00047516,0.000449,0,0.00086738,0.00043466,0.00064902,6.9389e-18,0.0017624,-0.0010761,0,0
0,0,1.7347e-18,0,0,0,1.7347e-18,0,0,0,1.7347e-18,0,0,0,1.7347e-18,0,0,0,1.7347e-18,0,0,0,1.7347e-18,0,0,0,1.7347e-18,0,0,0,1.7347e-18,0,0,0,1.7347e-18,0,0,0,1.7347e-18,0,0,0,1.7347e-18,0,0,0,1.7347e-18,0,0,0,1.7347e-18,0,0,0,1.7347e-18,0,0,0,1.7347e-18,0,0,0,0,-6.9389e-18,0,-6.9389e-18,-0.0007605,-6.9389e-18,-2.7756e-17,-6.9389e-18,-0.00010714,-6.9389e-18,0,-6.9389e-18,0,-6.9389e-18,-2.7756e-17,-6.9389e-18,-0.00033919,1.7347e-18,-2.7756e-17,1.7347e-18,-0.0028203,-1.7347e-18,0,0,-0.0029752,-0.0010642,0,-0.0014893,-0.00215,-0.0016738,-6.9389e-18,-0.0018264,-0.0014713,-0.0014587,-6.9389e-18,-0.0015062,0.00060394,0,-1.3878e-17
0,1.7347e-18,-0.0010515,1.7347e-18,0,1.7347e-18,-0.0011042,1.7347e-18,0,1.7347e-18,-0.0011126,1.7347e-18,0,1.7347e-18,-0.0011127,1.7347e-18,0,1.7347e-18,-0.0011126,1.7347e-18,0,1.7347e-18,-0.0011127,1.7347e-18,0,1.7347e-18,-0.001113,1.7347e-18,0,1.7347e-18,-0.0011129,1.7347e-18,0,1.7347e-18,-0.0011132,1.7347e-18,0,1.7347e-18,-0.0011131,1.7347e-18,0,1.7347e-18,-0.0011129,1.7347e-18,0,1.7347e-18,-0.0011124,1.7347e-18,0,1.7347e-18,-0.0011056,1.7347e-18,0,1.7347e-18,-0.0012462,1.7347e-18,0,1.7347e-18,-0.0014589,1.7347e-18,0,1.7347e-18,-0.0011934,-0.00022426,-6.9389e-18,-0.0008347,-0.0013857,-0.00072701,-6.9389e-18,-0.00028684,-0.0031009,0,-6.9389e-18,1.7347e-18,-0.0014675,1.7347e-18,0,1.7347e-18,-0.0018615,1.7347e-18,-3.4694e-18,-0.00030904,-0.0036344,-0.0034382,0,-0.0027377,-0.0021915,-0.0021737,-0.0018603,-0.0017286,-0.0014184,-0.0016257,-0.001894,-0.001476,-0.0011284,-0.0012886,-0.0017462,-0.001231,0.00025659,-0.00076102,1.7347e-18
0,-1.7347e-18,0.00069186,-1.7347e-18,0,-1.7347e-18,0.0007554,-1.7347e-18,0,-1.7347e-18,0.00076411,-1.7347e-18,0,-1.7347e-18,0.0007644,-1.7347e-18,0,-1.7347e-18,0.00076431,-1.7347e-18,0,-1.7347e-18,0.00076429,-1.7347e-18,0,-1.7347e-18,0.00076449,-1.7347e-18,0,-1.7347e-18,0.00076458,-1.7347e-18,0,-1.7347e-18,0.00076459,-1.7347e-18,0,-1.7347e-18,0.00076477,-1.7347e-18,0,-1.7347e-18,0.00076485,-1.7347e-18,0,-1.7347e-18,0.00076529,-1.7347e-18,0,-1.7347e-18,0.00077303,-1.7347e-18,0,-1.7347e-18,0.00072253,-1.7347e-18,0,-1.7347e-18,-0.00032773,0.00093001,6.9389e-18,0.0013514,0.00011061,0.00077014,6.9389e-18,0.00062462,0.00094688,0.0009137,6.9389e-18,0.0006048,-0.00097812,-1.4177e-05,-1.7347e-18,-0.0013865,-0.0027531,-0.0011164,0.0010137,-0.0017908,-0.0028832,-0.0019607,0.00059369,-0.0012862,-0.0013657,-0.00056258,0.0008199,9.3712e-05,2.2567e-05,0.00058306,0.001435,0.00086248,0.00058905,0.00091699,0.0015616,0.00095474,0.00061392,0.0007862,0.0013251,0.00078645,-0.00061353,0.00036165,-1.7347e-18
0,0,-1.7347e-18,0,0,0,-1.7347e-18,0,0,0,-1.7347e-18,0,0,0,-1.7347e-18,0,0,0,-1.7347e-18,0,0,0,-1.7347e-18,0,0,0,-1.7347e-18,0,0,0,-1.7347e-18,0,0,0,-1.7347e-18,0,0,0,-1.7347e-18,0,0,0,-1.7347e-18,0,0,0,-1.7347e-18,0,0,0,-1.7347e-18,0,0,0,-1.7347e-18,0,0,0,0,6.9389e-18,0,0,0.00082603,6.9389e-18,0,6.9389e-18,0.00013146,6.9389e-18,0,6.9389e-18,-0.00082342,-1.7347e-18,2.7756e-17,-1.7347e-18,-0.0033754,-0.00068469,0,-0.00066612,-0.0019164,-0.00088616,6.9389e-18,-0.00057074,-0.00050159,0.00045739,6.9389e-18,0.00086666,0.00058685,0.0013707,6.9389e-18,0.0015086,0.00097369,0.001563,6.9389e-18,0.0015736,0.00087336,0.00090078,6.9389e-18,0.0019307,-0.0010853,0,-1.3878e-17
0,0,1.7347e-18,0,0,0,1.7347e-18,0,0,0,1.7347e-18,0,0,0,1.7347e-18,0,0,0,1.7347e-18,0,0,0,1.7347e-18,0,0,0,1.7347e-18,0,0,0,1.7347e-18,0,0,0,1.7347e-18,0,0,0,1.7347e-18,0,0,0,1.7347e-18,0,0,0,1.7347e-18,0,0,0,1.7347e-18,0,0,0,1.7347e-18,0,0,0,1.7347e-18,0,-2.7756e-17,0,0,-6.9389e-18,0,-6.9389e-18,0,-6.9389e-18,0,-6.9389e-18,0,-6.9389e-18,0,0,-0.0024207,1.7347e-18,0,0,-0.0030078,-0.0010091,-6.9389e-18,-0.0014377,-0.0021786,-0.0016392,-6.9389e-18,-0.001809,-0.0015884,-0.0019066,-6.9389e-18,-0.0019667,-0.0013657,-0.0019369,-6.9389e-18,-0.0019164,-0.001205,-0.0012594,0,-0.0018019,0.00073996,0,0
0,1.7347e-18,-0.0010754,1.7347e-18,0,1.7347e-18,-0.0011211,1.7347e-18,0,1.7347e-18,-0.001129,1.7347e-18,0,1.7347e-18,-0.0011291,1.7347e-18,0,1.7347e-18,-0.001129,1.7347e-18,0,1.7347e-18,-0.0011291,1.7347e-18,0,1.7347e-18,-0.0011293,1.7347e-18,0,1.7347e-18,-0.0011293,1.7347e-18,0,1.7347e-18,-0.0011296,1.7347e-18,0,1.7347e-18,-0.0011294,1.7347e-18,0,1.7347e-18,-0.0011292,1.7347e-18,0,1.7347e-18,-0.0011282,1.7347e-18,0,1.7347e-18,-0.0011054,1.7347e-18,0,1.7347e-18,-0.0015081,1.7347e-18,0,1.7347e-18,-0.0016529,0,0,0,-0.0018658,0,-6.9389e-18,0,-0.0024268,1.7347e-18,0,1.7347e-18,-0.001661,1.7347e-18,0,0,-0.0038654,-0.0035411,0,-0.0027229,-0.0022056,-0.0021923,-0.0018177,-0.0017442,-0.001434,-0.001642,-0.0018706,-0.0014824,-0.0011716,-0.0014422,-0.0018672,-0.0013834,-0.0010732,-0.0013554,-0.0019033,-0.0013331,-0.00099252,-0.0011668,-0.0016515,-0.0011498,0.00031681,-0.00067269,1.7347e-18
0,-1.7347e-18,0.00072181,-1.7347e-18,0,-1.7347e-18,0.00077498,-1.7347e-18,0,-1.7347e-18,0.00078315,-1.7347e-18,0,-1.7347e-18,0.00078343,-1.7347e-18,0,-1.7347e-18,0.00078329,-1.7347e-18,0,-1.7347e-18,0.00078327,-1.7347e-18,0,-1.7347e-18,0.00078334,-1.7347e-18,0,-1.7347e-18,0.00078343,-1.7347e-18,0,-1.7347e-18,0.00078347,-1.7347e-18,0,-1.7347e-18,0.00078365,-1.7347e-18,0,-1.7347e-18,0.00078388,-1.7347e-18,0,-1.7347e-18,0.0007838,-1.7347e-18,0,-1.7347e-18,0.00082267,-1.7347e-18,0,-1.7347e-18,0.00055948,0,0,0,-0.00020056,0.00097583,6.9389e-18,0.0007881,-8.0893e-05,0.00051168,0,0.00012995,-0.0021395,-0.00018068,0.0020747,-0.0016811,-0.0029222,-0.0018268,0.00066362,-0.0013179,-0.0015322,-0.00067061,0.00076378,6.7968e-05,8.4769e-06,0.00057542,0.001433,0.00085908,0.00058781,0.00092307,0.0015758,0.00097393,0.00068308,0.00097928,0.0015873,0.000989,0.00070365,0.00099208,0.0015861,0.00098393,0.00065214,0.0008219,0.0013474,0.00080798,-0.00059434,0.00033274,-1.7347e-18
0,0,-1.7347e-18,0,0,0,-1.7347e-18,0,0,0,-1.7347e-18,0,0,0,-1.7347e-18,0,0,0,-1.7347e-18,0,0,0,-1.7347e-18,0,0,0,-1.7347e-18,0,0,0,-1.7347e-18,0,0,0,-1.7347e-18,0,0,0,-1.7347e-18,0,0,0,-1.7347e-18,0,0,0,-1.7347e-18,0,0,0,-1.7347e-18,0,0,0,-1.7347e-18,0,0,0,0,6.9389e-18,0,6.9389e-18,-0.00025375,6.9389e-18,2.7756e-17,0,-0.001741,0,0,6.6075e-05,-0.0031875,-0.0010993,0,-0.0009397,-0.00069103,0.00037314,6.9389e-18,0.00081417,0.0005693,0.0013641,0,0.001506,0.00097703,0.00159,6.9389e-18,0.0015772,0.0010155,0.0015997,6.9389e-18,0.001574,0.0010131,0.0015782,-6.9389e-18,0.0015757,0.0008843,0.0009195,6.9389e-18,0.0019321,-0.0011278,0,-1.3878e-17
0,0,1.7347e-18,0,0,0,1.7347e-18,0,0,0,1.7347e-18,0,0,0,1.7347e-18,0,0,0,1.7347e-18,0,0,0,1.7347e-18,0,0,0,1.7347e-18,0,0,0,1.7347e-18,0,0,0,1.7347e-18,0,0,0,1.7347e-18,0,0,0,1.7347e-18,0,0,0,1.7347e-18,0,0,0,1.7347e-18,0,0,0,1.7347e-18,0,0,0,1.7347e-18,-6.9389e-18,0,-6.9389e-18,0,-6.9389e-18,-2.7756e-17,-6.9389e-18,-0.00085294,1.7347e-18,1.3878e-17,1.7347e-18,-0.0029089,-0.00018831,0,-0.0010051,-0.0023383,-0.0015641,-6.9389e-18,-0.0018021,-0.0015994,-0.0018684,0,-0.0019284,-0.0013798,-0.0019713,-6.9389e-18,-0.0019149,-0.001332,-0.0019291,-6.9389e-18,-0.0018887,-0.0013024,-0.0018765,-6.9389e-18,-0.0018663,-0.0011579,-0.0012105,6.9389e-18,-0.0020302,0.00084087,0,0
0,1.7347e-18,-0.0010953,1.7347e-18,0,1.7347e-18,-0.0011369,1.7347e-18,0,1.7347e-18,-0.0011444,1.7347e-18,0,1.7347e-18,-0.0011444,1.7347e-18,0,1.7347e-18,-0.0011442,1.7347e-18,0,1.7347e-18,-0.0011444,1.7347e-18,0,1.7347e-18,-0.0011446,1.7347e-18,0,1.7347e-18,-0.0011447,1.7347e-18,0,1.7347e-18,-0.001145,1.7347e-18,0,1.7347e-18,-0.0011447,1.7347e-18,0,1.7347e-18,-0.0011446,1.7347e-18,0,1.7347e-18,-0.001143,1.7347e-18,0,1.7347e-18,-0.0011359,1.7347e-18,0,1.7347e-18,-0.0016043,1.7347e-18,0,1.7347e-18,-0.0020644,0,0,0,-0.0015308,1.7347e-18,0,1.7347e-18,-0.0023632,-0.00063118,-1.7347e-18,-0.0018121,-0.0028263,-0.0027676,-0.0011693,-0.0019711,-0.0015907,-0.001733,-0.0018622,-0.0014923,-0.0011812,-0.0014544,-0.00182,-0.0013966,-0.001086,-0.0013715,-0.0019212,-0.0013483,-0.0010473,-0.001335,-0.0018866,-0.0013185,-0.0010202,-0.0013026,-0.0018515,-0.0012845,-0.00094841,-0.0011196,-0.0016052,-0.001102,0.00035249,-0.00060093,1.7347e-18
0,-1.7347e-18,0.00075082,-1.7347e-18,0,-1.7347e-18,0.00079528,-1.7347e-18,0,-1.7347e-18,0.00080297,-1.7347e-18,0,-1.7347e-18,0.00080321,-1.7347e-18,0,-1.7347e-18,0.0008032,-1.7347e-18,0,-1.7347e-18,0.00080311,-1.7347e-18,0,-1.7347e-18,0.00080303,-1.7347e-18,0,-1.7347e-18,0.00080299,-1.7347e-18,0,-1.7347e-18,0.00080309,-1.7347e-18,0,-1.7347e-18,0.00080326,-1.7347e-18,0,-1.7347e-18,0.00080337,-1.7347e-18,0,-1.7347e-18,0.00080264,-1.7347e-18,0,-1.7347e-18,0.0008484,-1.7347e-18,0,-1.7347e-18,0.0005214,0,0,0,-0.0012249,0.00050854,-1.7347e-18,-0.00045654,-0.0032362,-0.00082901,0.0016161,-0.0018653,-0.0026145,-0.0017962,0.00065251,-0.00074732,-0.00072415,4.2103e-05,0.0011244,0.00063867,0.00045491,0.00085549,0.0015531,0.00096516,0.00067766,0.00097354,0.0015813,0.00098151,0.0006986,0.00099282,0.0015932,0.00099408,0.00070984,0.0010004,0.0015967,0.00099921,0.00071361,0.00099748,0.0015864,0.00098898,0.00066035,0.00082854,0.0013491,0.00081366,-0.00059178,0.00028125,-1.7347e-18
0,0,-1.7347e-18,0,0,0,-1.7347e-18,0,0,0,-1.7347e-18,0,0,0,-1.7347e-18,0,0,0,-1.7347e-18,0,0,0,-1.7347e-18,0,0,0,-1.7347e-18,0,0,0,-1.7347e-18,0,0,0,-1.7347e-18,0,0,0,-1.7347e-18,0,0,0,-1.7347e-18,0,0,0,-1.7347e-18,0,0,0,-1.7347e-18,0,0,0,0,0,0,0,0.0015279,-1.7347e-18,2.7756e-17,-1.7347e-18,-0.002799,-0.000118,0,0.00025192,-0.0020671,-0.00060612,6.9389e-18,-0.00014617,-4.3707e-05,0.00094617,6.9389e-18,0.0013061,0.0008741,0.0015401,6.9389e-18,0.0015648,0.0010096,0.0015956,0,0.0015664,0.0010121,0.0015982,-6.9389e-18,0.0015726,0.0010161,0.0015989,-6.9389e-18,0.0015761,0.0010136,0.0015754,-6.9389e-18,0.0015763,0.0008862,0.00092443,0,0.0019289,-0.0011484,0.00012803,-1.3878e-17
0,0,1.7347e-18,0,0,0,1.7347e-18,0,0,0,1.7347e-18,0,0,0,1.7347e-18,0,0,0,1.7347e-18,0,0,0,1.7347e-18,0,0,0,1.7347e-18,0,0,0,1.7347e-18,0,0,0,1.7347e-18,0,0,0,1.7347e-18,0,0,0,1.7347e-18,0,0,0,1.7347e-18,0,0,0,1.7347e-18,0,0,0,1.7347e-18,0,0,0,1.7347e-18,-6.9389e-18,-2.7756e-17,0,-0.0019027,1.7347e-18,0,1.7347e-18,-0.0027439,-0.0012403,0,-0.0018007,-0.0018917,-0.0017687,-6.9389e-18,-0.0018881,-0.0014401,-0.0020126,-6.9389e-18,-0.0019291,-0.0013435,-0.0019416,-6.9389e-18,-0.0018974,-0.0013151,-0.0019094,0,-0.00187,-0.0012899,-0.0018818,-6.9389e-18,-0.0018483,-0.0012646,-0.0018349,0,-0.0018289,-0.0011229,-0.0011752,0,-0.0021868,0.00091029,0,1.3878e-17
0,1.7347e-18,-0.0011151,1.7347e-18,0,1.7347e-18,-0.001152,1.7347e-18,0,1.7347e-18,-0.0011592,1.7347e-18,0,1.7347e-18,-0.0011592,1.7347e-18,0,1.7347e-18,-0.0011589,1.7347e-18,0,1.7347e-18,-0.0011592,1.7347e-18,0,1.7347e-18,-0.0011595,1.7347e-18,0,1.7347e-18,-0.0011596,1.7347e-18,0,1.7347e-18,-0.0011598,1.7347e-18,0,1.7347e-18,-0.0011597,1.7347e-18,0,1.7347e-18,-0.0011601,1.7347e-18,0,1.7347e-18,-0.0011386,1.7347e-18,0,1.7347e-18,-0.0011941,1.7347e-18,0,1.7347e-18,-0.00056112,1.7347e-18,0,1.7347e-18,-0.00017937,1.7347e-18,0,1.7347e-18,-0.0034027,-0.0027918,-1.7347e-18,-0.002785,-0.0022384,-0.0021665,-0.0020916,-0.0015927,-0.0012934,-0.0015416,-0.0018212,-0.0014303,-0.0011153,-0.0013951,-0.0019372,-0.0013616,-0.0010589,-0.0013459,-0.0018956,-0.0013277,-0.0010304,-0.0013166,-0.001868,-0.0013016,-0.0010078,-0.0012939,-0.0018471,-0.0012809,-0.00098695,-0.0012669,-0.0018166,-0.0012499,-0.00091657,-0.0010849,-0.0015708,-0.001069,0.00037281,-0.00057576,1.7347e-18
0,-1.7347e-18,0.00077622,-1.7347e-18,0,-1.7347e-18,0.00081534,-1.7347e-18,0,-1.7347e-18,0.00082261,-1.7347e-18,0,-1.7347e-18,0.00082287,-1.7347e-18,0,-1.7347e-18,0.00082297,-1.7347e-18,0,-1.7347e-18,0.00082284,-1.7347e-18,0,-1.7347e-18,0.00082266,-1.7347e-18,0,-1.7347e-18,0.00082264,-1.7347e-18,0,-1.7347e-18,0.00082281,-1.7347e-18,0,-1.7347e-18,0.00082289,-1.7347e-18,0,-1.7347e-18,0.0008228,-1.7347e-18,0,-1.7347e-18,0.00083593,-1.7347e-18,0,-1.7347e-18,0.00081255,-1.7347e-18,0,-1.7347e-18,-0.0017781,0.0002652,-1.7347e-18,4.7608e-05,-0.0041955,-0.0014027,0.0013719,-0.0017865,-0.001956,-0.0010818,0.00061414,-0.00018543,-0.00014333,0.00052425,0.0014495,0.00091367,0.00063877,0.00094693,0.0015708,0.00097205,0.00068845,0.00098296,0.0015852,0.00098568,0.00070248,0.00099369,0.0015911,0.00099277,0.00070913,0.00099775,0.0015921,0.00099573,0.00071188,0.00099723,0.001588,0.000995,0.00071201,0.00099262,0.0015778,0.00098533,0.00066073,0.00082853,0.0013463,0.00081157,-0.00059899,0.00017838,-1.7347e-18
0,0,-1.7347e-18,0,0,0,-1.7347e-18,0,0,0,-1.7347e-18,0,0,0,-1.7347e-18,0,0,0,-1.7347e-18,0,0,0,-1.7347e-18,0,0,0,-1.7347e-18,0,0,0,-1.7347e-18,0,0,0,-1.7347e-18,0,0,0,-1.7347e-18,0,0,0,-1.7347e-18,0,0,0,-1.7347e-18,0,0,0,0,0,0,0,0.0016644,6.9389e-18,2.7756e-17,0,-0.0030423,-0.00043986,0,-0.00032697,-0.0014351,1.9052e-05,-6.9389e-18,0.00046857,0.00041427,0.0013014,6.9389e-18,0.001524,0.00099143,0.0015876,6.9389e-18,0.0015626,0.0010073,0.0015934,-6.9389e-18,0.0015651,0.0010108,0.0015951,6.9389e-18,0.0015695,0.0010127,0.0015942,0,0.0015702,0.001012,0.0015905,-6.9389e-18,0.0015701,0.0010075,0.0015658,0,0.00157,0.00088148,0.00092246,0,0.0019208,-0.0011515,0.00040484,-1.3878e-17
0,0,1.7347e-18,0,0,0,1.7347e-18,0,0,0,1.7347e-18,0,0,0,1.7347e-18,0,0,0,1.7347e-18,0,0,0,1.7347e-18,0,0,0,1.7347e-18,0,0,0,1.7347e-18,0,0,0,1.7347e-18,0,0,0,1.7347e-18,0,0,0,1.7347e-18,0,0,0,1.7347e-18,0,0,0,1.7347e-18,0,0,0,1.7347e-18,-6.9389e-18,-2.7756e-17,0,-0.0014613,1.7347e-18,0,0,-0.0024918,-0.001583,-6.9389e-18,-0.0020707,-0.0016165,-0.0019563,-6.9389e-18,-0.001961,-0.0013627,-0.0019575,-6.9389e-18,-0.0019084,-0.0013253,-0.0019207,6.9389e-18,-0.0018772,-0.0012968,-0.0018895,6.9389e-18,-0.001853,-0.001275,-0.0018665,-6.9389e-18,-0.0018336,-0.0012554,-0.0018425,-6.9389e-18,-0.0018136,-0.0012331,-0.0018001,0,-0.0018002,-0.0010987,-0.0011543,0,-0.0021602,0.00093737,-0.00016434,0
0,1.7347e-18,-0.0011352,1.7347e-18,0,1.7347e-18,-0.0011678,1.7347e-18,0,1.7347e-18,-0.0011747,1.7347e-18,0,1.7347e-18,-0.0011746,1.7347e-18,0,1.7347e-18,-0.0011745,1.7347e-18,0,1.7347e-18,-0.0011748,1.7347e-18,0,1.7347e-18,-0.0011751,1.7347e-18,0,1.7347e-18,-0.0011752,1.7347e-18,0,1.7347e-18,-0.0011754,1.7347e-18,0,1.7347e-18,-0.0011776,1.7347e-18,0,1.7347e-18,-0.0011285,1.7347e-18,0,1.7347e-18,-0.0013142,1.7347e-18,0,1.7347e-18,0,1.7347e-18,-6.9389e-18,0,1.7347e-18,1.7347e-18,0,1.7347e-18,-0.0028202,-0.0030265,1.7347e-18,-0.0026541,-0.0020203,-0.0019587,-0.0020218,-0.0014496,-0.0011551,-0.0014347,-0.0019089,-0.0013821,-0.0010746,-0.0013608,-0.0019105,-0.0013409,-0.0010418,-0.0013269,-0.001876,-0.001309,-0.0010145,-0.0012998,-0.0018515,-0.0012862,-0.00099515,-0.0012806,-0.0018338,-0.0012681,-0.00097674,-0.0012588,-0.0018114,-0.001247,-0.00095755,-0.0012359,-0.0017865,-0.001223,-0.0008955,-0.001065,-0.0015524,-0.0010519,0.00038323,-0.00051654,1.7347e-18
0,-1.7347e-18,0.00080025,-1.7347e-18,0,-1.7347e-18,0.00083445,-1.7347e-18,0,-1.7347e-18,0.00084136,-1.7347e-18,0,-1.7347e-18,0.00084166,-1.7347e-18,0,-1.7347e-18,0.00084162,-1.7347e-18,0,-1.7347e-18,0.0008414,-1.7347e-18,0,-1.7347e-18,0.00084133,-1.7347e-18,0,-1.7347e-18,0.00084135,-1.7347e-18,0,-1.7347e-18,0.00084147,-1.7347e-18,0,-1.7347e-18,0.00083893,-1.7347e-18,0,-1.7347e-18,0.00087662,-1.7347e-18,0,-1.7347e-18,0.00068767,0,0,0,-0.0027352,-0.00045749,-1.7347e-18,-0.00061308,-0.0047372,-0.0021591,0.00015965,-0.0020833,-0.0021816,-0.0011571,0.00051615,-5.5715e-05,1.2635e-05,0.0006459,0.0015114,0.00097741,0.00069444,0.00098172,0.0015799,0.00097868,0.00069479,0.00098508,0.0015826,0.00098367,0.00070137,0.00099112,0.001587,0.00099028,0.00070733,0.0009939,0.0015861,0.00099077,0.00070779,0.00099128,0.0015804,0.00098929,0.00070964,0.00099364,0.0015817,0.00099209,0.00071047,0.00098776,0.0015692,0.00097792,0.00065374,0.00081769,0.0013316,0.00079884,-0.00061082,9.4114e-05,-1.7347e-18
0,0,-1.7347e-18,0,0,0,-1.7347e-18,0,0,0,-1.7347e-18,0,0,0,-1.7347e-18,0,0,0,-1.7347e-18,0,0,0,-1.7347e-18,0,0,0,-1.7347e-18,0,0,0,-1.7347e-18,0,0,0,-1.7347e-18,0,0,0,-1.7347e-18,0,0,0,-1.7347e-18,0,0,0,0,0,0,0,0.0004591,-1.7347e-18,0,-1.7347e-18,-0.0039448,-0.0015252,0,-0.0018287,-0.0013089,-5.7797e-06,6.9389e-18,0.00061212,0.00052341,0.0013846,0,0.0015609,0.0010191,0.0016028,0,0.0015621,0.0010072,0.0015902,6.9389e-18,0.0015613,0.0010071,0.0015894,-6.9389e-18,0.0015644,0.0010078,0.0015875,6.9389e-18,0.0015632,0.0010059,0.0015832,0,0.0015625,0.0010055,0.0015813,0,0.0015638,0.0010003,0.0015555,0,0.001559,0.00087162,0.00091382,0,0.0019058,-0.0011551,0.00066972,0
0,0,1.7347e-18,0,0,0,1.7347e-18,0,0,0,1.7347e-18,0,0,0,1.7347e-18,0,0,0,1.7347e-18,0,0,0,1.7347e-18,0,0,0,1.7347e-18,0,0,0,1.7347e-18,0,0,0,1.7347e-18,0,0,0,1.7347e-18,0,0,0,1.7347e-18,0,0,0,1.7347e-18,0,0,0,1.7347e-18,-6.9389e-18,0,0,-0.0015514,1.7347e-18,0,-0.00040745,-0.0027252,-0.001658,-6.9389e-18,-0.0020773,-0.0015591,-0.0020698,-6.9389e-18,-0.0019091,-0.0013217,-0.0019205,-6.9389e-18,-0.0018786,-0.001301,-0.001896,6.9389e-18,-0.0018574,-0.0012801,-0.0018724,-6.9389e-18,-0.0018388,-0.0012622,-0.0018524,6.9389e-18,-0.0018202,-0.0012432,-0.001829,0,-0.0018002,-0.0012254,-0.0018098,0,-0.0017872,-0.0012096,-0.0017755,0,-0.0017776,-0.0010783,-0.001135,0,-0.0021357,0.00094865,-0.00043732,0
0,1.7347e-18,-0.0011551,1.7347e-18,0,1.7347e-18,-0.0011837,1.7347e-18,0,1.7347e-18,-0.0011904,1.7347e-18,0,1.7347e-18,-0.0011903,1.7347e-18,0,1.7347e-18,-0.0011904,1.7347e-18,0,1.7347e-18,-0.0011905,1.7347e-18,0,1.7347e-18,-0.0011909,1.7347e-18,0,1.7347e-18,-0.001191,1.7347e-18,0,1.7347e-18,-0.0011929,1.7347e-18,0,1.7347e-18,-0.001135,1.7347e-18,0,1.7347e-18,-0.0017036,1.7347e-18,0,1.7347e-18,1.7347e-18,0,-6.9389e-18,0,1.7347e-18,1.7347e-18,0,1.7347e-18,-0.0030171,-0.0036578,-0.00032406,-0.0023825,-0.0018739,-0.0018655,-0.0020116,-0.0014293,-0.0011209,-0.0013923,-0.0019241,-0.0013399,-0.0010371,-0.0013246,-0.0018773,-0.0013107,-0.0010166,-0.0013026,-0.0018541,-0.0012896,-0.00099898,-0.0012848,-0.0018378,-0.0012739,-0.00098467,-0.0012689,-0.0018215,-0.0012565,-0.0009663,-0.0012464,-0.0017983,-0.0012351,-0.00094916,-0.0012307,-0.0017851,-0.0012234,-0.00093828,-0.0012158,-0.0017664,-0.0012034,-0.00087679,-0.0010427,-0.0015283,-0.0010294,0.00040176,-0.0004251,1.7347e-18
0,-1.7347e-18,0.00082364,0,0,-1.7347e-18,0.00085329,0,0,0,0.00085981,0,0,0,0.00086009,0,0,0,0.00086007,0,0,0,0.00086002,0,0,0,0.00085991,0,0,0,0.00086001,0,0,0,0.00085758,0,0,0,0.00091786,-1.7347e-18,0,-1.7347e-18,0.00036714,0,0,0.00098418,-0.0036828,-0.00049907,0.002026,-0.0017005,-0.0048144,-0.0026478,-0.00051232,-0.0018434,-0.0020679,-0.00093757,0.00054269,0.00022818,0.00022029,0.00075809,0.0015482,0.00099721,0.0007141,0.0010044,0.0016001,0.0010011,0.00071527,0.0010019,0.001592,0.00099446,0.0007106,0.00099613,0.0015863,0.00099071,0.0007071,0.00098988,0.0015782,0.0009844,0.00070259,0.00098409,0.0015714,0.00098227,0.00070467,0.00098787,0.001575,0.00098664,0.00070714,0.00098651,0.0015703,0.00098192,0.00070109,0.00097412,0.0015522,0.00096559,0.00064674,0.00081173,0.0013248,0.0007938,-0.00061457,2.5773e-05,-1.7347e-18
0,0,0,0,0,0,0,0,0,0,0,0,0,0,0,0,0,0,0,0,0,0,-1.7347e-18,0,0,0,0,0,0,0,0,0,0,0,-1.7347e-18,0,0,0,-1.7347e-18,0,0,0,0,0,0,0,-0.00052537,0,0,-1.7347e-18,-0.0049436,-0.0022517,0,-0.002088,-0.0012536,0.00016271,6.9389e-18,0.00091922,0.00069841,0.0014809,0,0.0015814,0.0010343,0.001622,6.9389e-18,0.0015765,0.0010226,0.0016069,0,0.0015699,0.0010151,0.0015951,0,0.0015649,0.0010075,0.0015842,0,0.0015572,0.0010004,0.0015757,0,0.0015551,0.0009992,0.0015745,0,0.0015564,0.00099752,0.0015694,0,0.0015509,0.00098812,0.0015403,0,0.0015466,0.00086311,0.00090937,0,0.0018966,-0.0011487,0.00090998,0
0,0,1.7347e-18,0,0,0,1.7347e-18,0,0,0,1.7347e-18,0,0,0,1.7347e-18,0,0,0,1.7347e-18,0,0,0,1.7347e-18,0,0,0,1.7347e-18,0,0,0,1.7347e-18,0,0,0,1.7347e-18,0,0,0,1.7347e-18,0,0,0,1.7347e-18,0,0,0,1.7347e-18,0,-2.7756e-17,0,-0.0023949,-0.00011173,6.9389e-18,-0.0015863,-0.0024897,-0.001698,0,-0.0019961,-0.001494,-0.0020262,0,-0.0018872,-0.0013038,-0.0019025,-6.9389e-18,-0.0018499,-0.0012738,-0.0018665,6.9389e-18,-0.0018227,-0.0012511,-0.0018433,6.9389e-18,-0.0018116,-0.00124,-0.0018304,0,-0.0018009,-0.0012272,-0.0018126,0,-0.001786,-0.0012133,-0.0017975,0,-0.0017756,-0.0012035,-0.0017868,0,-0.0017652,-0.0011881,-0.0017495,0,-0.0017523,-0.0010566,-0.0011158,0,-0.0021133,0.00095278,-0.00068457,0
0,1.7347e-18,-0.0011735,1.7347e-18,0,1.7347e-18,-0.0011981,1.7347e-18,0,1.7347e-18,-0.0012045,1.7347e-18,0,1.7347e-18,-0.0012044,1.7347e-18,0,1.7347e-18,-0.0012045,1.7347e-18,0,1.7347e-18,-0.0012047,1.7347e-18,0,1.7347e-18,-0.001205,1.7347e-18,0,1.7347e-18,-0.0012057,1.7347e-18,0,1.7347e-18,-0.0011554,1.7347e-18,0,1.7347e-18,-0.0016299,1.7347e-18,0,1.7347e-18,1.7347e-18,-5.2042e-18,0,0,1.7347e-18,1.7347e-18,-6.9389e-18,-1.7347e-18,-0.0035008,-0.0032305,-0.0021791,-0.0018816,-0.0015586,-0.0017108,-0.0020199,-0.0014341,-0.0011105,-0.0013784,-0.0019136,-0.0013274,-0.0010232,-0.0013078,-0.0018592,-0.0012869,-0.00098997,-0.0012713,-0.0018223,-0.0012557,-0.00096789,-0.0012533,-0.0018089,-0.0012458,-0.00096044,-0.001245,-0.0017994,-0.0012361,-0.00094934,-0.0012296,-0.0017823,-0.0012209,-0.00093764,-0.0012191,-0.0017739,-0.0012134,-0.00093116,-0.0012116,-0.0017652,-0.0012037,-0.00091837,-0.0011906,-0.0017386,-0.0011776,-0.00085534,-0.0010214,-0.0015086,-0.001012,0.00041538,-0.0003416,1.7347e-18
0,0,0.00084756,0,0,0,0.00087326,0,0,0,0.00087946,0,0,0,0.00087987,0,0,0,0.00087985,0,0,0,0.0008798,0,0,-1.7347e-18,0.00087969,0,0,0,0.00087778,0,0,0,0.00093435,-1.7347e-18,0,0,0.00052834,0,0,0.00084103,-0.0041503,0.00014936,0.0030961,-0.0024244,-0.0041507,-0.0025508,0.00017633,-0.0015282,-0.001437,-0.00032012,0.0010985,0.000702,0.00050741,0.00088483,0.0015644,0.0009866,0.00070575,0.0010006,0.0015992,0.0010031,0.00072044,0.0010097,0.0016009,0.0010074,0.00072689,0.0010153,0.001604,0.0010107,0.00072614,0.0010069,0.0015899,0.00099733,0.00071427,0.00099261,0.0015745,0.00098666,0.00070857,0.00098852,0.001571,0.00098419,0.00070527,0.00098215,0.0015628,0.00097608,0.0006979,0.00097322,0.0015531,0.00097012,0.00069483,0.00096833,0.0015451,0.0009617,0.00064442,0.00080735,0.0013172,0.00078389,-0.0006239,-4.1266e-05,-1.7347e-18
0,0,0,0,0,0,0,0,0,0,0,0,0,0,0,0,0,0,0,0,0,0,0,0,0,0,0,0,0,0,0,0,0,0,0,0,0,0,0,0,0,0,-0.0015102,0,0,0.0012815,-0.004456,-0.0018006,0,-0.0012968,-0.00065128,0.00068754,6.9389e-18,0.0013324,0.00091529,0.0015748,6.9389e-18,0.0015794,0.0010272,0.0016166,0,0.0015757,0.0010247,0.0016125,6.9389e-18,0.0015784,0.0010263,0.0016112,6.9389e-18,0.0015792,0.0010218,0.0015999,0,0.0015675,0.0010106,0.0015855,0,0.0015596,0.0010038,0.0015775,0,0.0015558,0.00099732,0.0015679,0,0.0015461,0.00098814,0.0015568,0,0.0015407,0.00098075,0.0015321,0,0.0015412,0.00085815,0.00090723,0,0.0018825,-0.0011212,0.00088409,-1.3878e-17
0,0,1.7347e-18,0,0,0,1.7347e-18,0,0,0,1.7347e-18,0,0,0,1.7347e-18,0,0,0,1.7347e-18,0,0,0,1.7347e-18,0,0,0,1.7347e-18,0,0,0,1.7347e-18,0,0,0,1.7347e-18,0,0,0,1.7347e-18,0,0,0,1.7347e-18,1.7347e-18,0,1.7347e-18,-0.0029844,-0.00095288,0,-0.0021065,-0.0021033,-0.0017999,-6.9389e-18,-0.0019811,-0.0013916,-0.0019637,-6.9389e-18,-0.0018772,-0.0012994,-0.0018982,0,-0.0018434,-0.001267,-0.0018585,-6.9389e-18,-0.00181,-0.0012374,-0.0018276,-6.9389e-18,-0.001789,-0.0012185,-0.0018074,0,-0.0017725,-0.0012019,-0.001786,0,-0.0017568,-0.0011879,-0.001771,0,-0.0017494,-0.0011816,-0.0017649,0,-0.0017444,-0.0011749,-0.0017541,0,-0.0017347,-0.001161,-0.0017203,0,-0.0017286,-0.0010375,-0.0011026,0,-0.0020929,0.00093012,-0.00089182,0
0,1.7347e-18,-0.0011928,1.7347e-18,0,1.7347e-18,-0.0012133,1.7347e-18,0,1.7347e-18,-0.0012193,1.7347e-18,0,1.7347e-18,-0.0012192,1.7347e-18,0,1.7347e-18,-0.0012195,1.7347e-18,0,1.7347e-18,-0.0012197,1.7347e-18,0,1.7347e-18,-0.0012202,1.7347e-18,0,1.7347e-18,-0.0011982,1.7347e-18,0,1.7347e-18,-0.0013832,1.7347e-18,0,1.7347e-18,1.7347e-18,1.7347e-18,0,1.7347e-18,-0.00051295,1.7347e-18,1.7347e-18,-0.0010186,-0.0029093,-0.0026535,-0.0020599,-0.0015883,-0.0013213,-0.0015598,-0.0018986,-0.0013986,-0.0010737,-0.0013488,-0.0018942,-0.0013157,-0.0010158,-0.0013016,-0.0018529,-0.0012804,-0.00098349,-0.0012644,-0.0018155,-0.0012463,-0.00095639,-0.0012396,-0.001795,-0.0012274,-0.0009402,-0.0012218,-0.0017761,-0.0012095,-0.00092279,-0.0012006,-0.0017538,-0.0011907,-0.00090933,-0.0011894,-0.0017454,-0.0011851,-0.0009062,-0.0011866,-0.0017419,-0.0011816,-0.00090096,-0.0011774,-0.0017301,-0.0011709,-0.00089059,-0.0011629,-0.0017134,-0.001155,-0.0008375,-0.001005,-0.0014936,-0.00099623,0.00042907,-0.00026605,1.7347e-18
0,0,0.00086969,0,0,-1.7347e-18,0.00089154,0,0,0,0.00089766,0,0,-1.7347e-18,0.00089816,0,0,0,0.00089796,0,0,0,0.0008977,0,0,0,0.0008967,0,0,0,0.0009204,0,0,0,0.0007875,0,0,0,-0.003178,-0.00025492,-1.7347e-18,-0.0014364,-0.0040062,-0.0023673,0.00028201,-0.0011445,-0.00088482,0.00013662,0.0013764,0.00092571,0.00065777,0.00096302,0.0015834,0.00099415,0.0007148,0.0010098,0.0016054,0.0010084,0.00072449,0.0010122,0.0016021,0.0010096,0.00072951,0.0010174,0.0016052,0.0010145,0.00073232,0.0010144,0.0015973,0.0010081,0.00072748,0.0010073,0.0015879,0.0010035,0.00072675,0.0010074,0.001587,0.001003,0.00072414,0.0010001,0.0015764,0.00099165,0.00071269,0.00098592,0.0015612,0.0009795,0.0007047,0.00097926,0.0015551,0.00097566,0.00070025,0.00096947,0.0015405,0.00095873,0.00064189,0.00080157,0.001307,0.00077411,-0.00063142,-0.00010958,-1.7347e-18
0,0,0,0,0,0,0,0,0,0,0,0,0,0,0,0,0,0,0,0,0,0,0,0,0,0,0,0,0,0,0,0,0,0,-1.7347e-18,0,0,0,0.00052365,-1.7347e-18,0,-1.7347e-18,-0.0035838,-0.00096532,0,-0.00083846,-0.00022648,0.0010233,0,0.0015169,0.0010171,0.0016212,0,0.0015848,0.001033,0.0016239,-6.9389e-18,0.001583,0.0010316,0.0016185,0,0.0015838,0.001032,0.0016167,0,0.0015859,0.00103,0.0016097,0,0.0015787,0.0010237,0.0016012,0,0.0015754,0.0010211,0.0015972,0,0.0015734,0.0010153,0.0015872,0,0.0015614,0.0010032,0.0015725,0,0.0015507,0.0009948,0.0015634,0,0.0015478,0.0009866,0.0015351,0,0.0015407,0.00085893,0.00091111,0,0.0018741,-0.0010869,0.00085683,-1.3878e-17
0,0,0,0,0,0,0,0,0,0,0,0,0,0,0,0,0,0,0,0,0,0,0,0,0,0,0,0,0,0,0,0,0,0,1.7347e-18,0,0,0,1.7347e-18,-6.9389e-18,-2.7756e-17,0,-0.0028044,-0.00079925,0,-0.00226,-0.0018321,-0.0019013,-6.9389e-18,-0.0019303,-0.0013243,-0.0019175,-6.9389e-18,-0.0018572,-0.00128,-0.0018775,6.9389e-18,-0.0018209,-0.0012454,-0.0018372,0,-0.0017892,-0.0012169,-0.0018069,6.9389e-18,-0.0017676,-0.001197,-0.0017854,0,-0.001748,-0.001177,-0.0017603,0,-0.001727,-0.0011584,-0.0017408,0,-0.0017158,-0.0011496,-0.0017324,0,-0.0017098,-0.0011437,-0.0017232,0,-0.0017005,-0.0011336,-0.0017091,0,-0.0016914,-0.0011217,-0.0016799,0,-0.0016891,-0.001003,-0.0010723,0,-0.0020519,0.00092561,-0.0010935,0
0,0,-0.0012036,0,0,0,-0.0012218,0,0,0,-0.0012275,0,0,0,-0.0012274,0,0,0,-0.0012278,0,0,0,-0.001228,0,0,0,-0.0012232,1.7347e-18,0,0,-0.0012208,0,0,1.7347e-18,-0.00046233,1.7347e-18,0,1.7347e-18,1.7347e-18,1.7347e-18,-6.9389e-18,1.7347e-18,-0.002819,-0.0027713,-0.0021083,-0.001495,-0.0012035,-0.0014566,-0.0019161,-0.0013358,-0.0010156,-0.0012997,-0.0018565,-0.0012774,-0.00097664,-0.0012629,-0.0018184,-0.0012409,-0.00094289,-0.0012257,-0.0017822,-0.001208,-0.0009167,-0.0012013,-0.0017618,-0.0011892,-0.00090036,-0.0011833,-0.0017431,-0.0011699,-0.00088087,-0.0011594,-0.0017181,-0.0011478,-0.00086414,-0.0011447,-0.0017068,-0.0011405,-0.00086085,-0.0011419,-0.001703,-0.0011385,-0.00085861,-0.0011355,-0.0016925,-0.0011285,-0.00084908,-0.0011238,-0.0016804,-0.0011184,-0.00084059,-0.0011126,-0.0016667,-0.0011056,-0.00078997,-0.00095686,-0.001448,-0.00094562,0.00047648,-0.00015748,1.7347e-18
0,0,0.00090325,0,0,-1.7347e-18,0.000921,0,0,0,0.000927,0,0,0,0.00092743,0,0,0,0.00092712,0,0,0,0.00092654,0,0,0,0.00093105,0,0,0,0.00096037,0,0,0,-0.0020273,2.1447e-05,-1.7347e-18,-0.00011957,-0.0046221,-0.0022707,0.00026237,-0.0013652,-0.0011563,-5.6414e-05,0.0012763,0.00093215,0.0007256,0.0010439,0.0016403,0.0010746,0.00079958,0.0010866,0.0016566,0.0010817,0.00080333,0.0010861,0.001653,0.0010841,0.0008092,0.0010912,0.0016554,0.0010879,0.00081111,0.0010876,0.001647,0.0010812,0.00080618,0.0010805,0.0016379,0.0010771,0.00080652,0.0010818,0.0016379,0.0010775,0.00080442,0.0010748,0.0016271,0.0010611,0.00078507,0.0010523,0.0016071,0.0010385,0.00076537,0.0010354,0.0015956,0.00103,0.00075976,0.0010308,0.0015918,0.0010264,0.00075384,0.0010183,0.001574,0.0010071,0.00069525,0.00085251,0.001343,0.00082517,-0.00057841,-0.00011293,-1.7347e-18
0,0,0,0,0,0,0,0,0,0,0,0,0,0,0,0,0,0,0,0,0,0,-1.7347e-18,0,0,0,0,0,0,0,0,0,0,0,0.00088734,0,2.7756e-17,0,-0.0030708,-0.0010182,0,-0.0013709,-0.00046902,0.0009498,6.9389e-18,0.001565,0.0011519,0.0017769,6.9389e-18,0.0017547,0.0012087,0.001794,-6.9389e-18,0.0017525,0.0012067,0.0017887,-6.9389e-18,0.0017546,0.0012074,0.0017869,0,0.0017551,0.0012045,0.0017792,0,0.0017482,0.0011984,0.0017708,0,0.0017448,0.0011961,0.0017673,0,0.0017408,0.0011868,0.0017519,0,0.0017091,0.0011497,0.0017105,0,0.001668,0.0011119,0.0016762,0,0.0016526,0.0010985,0.0016636,0,0.0016473,0.0010881,0.0016339,0,0.0016391,0.00096359,0.0010207,0,0.0019795,-0.0009458,0.00093731,-1.3878e-17
0,0,0,0,0,0,0,0,0,0,0,0,0,0,1.7347e-18,0,0,0,0,0,0,0,0,0,0,0,0,0,0,0,1.7347e-18,0,0,0,1.7347e-18,-6.9389e-18,0,0,-0.0024422,-0.00028415,-6.9389e-18,-0.0020023,-0.001742,-0.0020092,0,-0.0015771,-0.00096763,-0.0015539,-6.9389e-18,-0.001492,-0.00091206,-0.0015102,-6.9389e-18,-0.0014534,-0.00087653,-0.0014691,-6.9389e-18,-0.0014212,-0.00084804,-0.0014397,0,-0.0014003,-0.00082856,-0.0014182,0,-0.0013806,-0.00080837,-0.0013929,0,-0.0013588,-0.00078926,-0.0013737,0,-0.0013522,-0.00079029,-0.0013843,0,-0.0013894,-0.00084084,-0.0014408,0,-0.0014477,-0.00089323,-0.0014784,0,-0.0014666,-0.00090368,-0.0014807,0,-0.0014658,-0.00089679,-0.0014544,0,-0.0014596,-0.00077263,-0.00084055,0,-0.0017991,0.0011358,-0.00085785,0
0,0,-0.0010003,1.7347e-18,0,0,-0.0010111,0,0,0,-0.0010174,0,0,1.7347e-18,-0.0010175,0,0,0,-0.0010175,0,0,0,-0.0010165,0,0,0,-0.00094141,0,0,1.7347e-18,-0.0012427,1.7347e-18,0,1.7347e-18,1.7347e-18,1.7347e-18,0,1.7347e-18,-0.0022287,-0.0025285,-0.0018275,-0.0010915,-0.00069827,-0.00092206,-0.0014679,-0.0006875,-0.00031486,-0.00064896,-0.0013575,-0.00062758,-0.00027613,-0.00061241,-0.0013189,-0.00058989,-0.00024101,-0.0005738,-0.0012817,-0.00055593,-0.00021425,-0.00054988,-0.0012618,-0.00053747,-0.00019796,-0.00053152,-0.0012426,-0.00051778,-0.00017786,-0.00050689,-0.0012169,-0.00049417,-0.00015968,-0.00049178,-0.0012083,-0.00049558,-0.00017321,-0.00051637,-0.001246,-0.00057635,-0.00028103,-0.00062433,-0.0013217,-0.00068716,-0.00039338,-0.00070949,-0.0013627,-0.00072281,-0.00042206,-0.00072682,-0.0013684,-0.0007253,-0.00042126,-0.00071884,-0.0013532,-0.00070771,-0.00036241,-0.00055101,-0.0011184,-0.00051304,0.0009354,0.00031905,1.7347e-18
0,0,0.0012914,0,0,0,0.0013161,0,0,0,0.0013214,-1.7347e-18,0,0,0.0013217,0,0,0,0.0013216,0,0,0,0.0013244,-1.7347e-18,0,0,0.0013867,-1.7347e-18,0,0,-0.00065983,0.00068598,0,0.0010937,-0.0036791,-0.00095985,0.00066485,-0.00070411,-0.00021352,0.00078625,0.0015803,0.0018973,0.001904,0.0021613,0.0018939,0.0022678,0.0021305,0.0022842,0.0020828,0.0022785,0.0021338,0.0022833,0.0022256,0.0022826,0.0021422,0.0022915,0.0022308,0.0022891,0.002146,0.0022887,0.0022218,0.0022826,0.0021418,0.0022826,0.0022135,0.0022802,0.0021441,0.0022859,0.0022153,0.0022841,0.0021461,0.0022817,0.002202,0.0022542,0.0021013,0.0022212,0.0021368,0.0020761,0.001875,0.001998,0.0020541,0.0018478,0.0016393,0.0018102,0.0019928,0.0017665,0.0015674,0.0017572,0.0019696,0.0017466,0.00155,0.0017387,0.0019532,0.001732,0.0015004,0.0015851,0.0017297,0.0015981,0.00026297,0.00063399,5.2042e-18
0,0,-1.7347e-18,0,0,0,-1.7347e-18,0,0,0,-1.7347e-18,0,0,0,-1.7347e-18,0,0,0,-1.7347e-18,0,0,0,-1.7347e-18,0,0,0,-1.7347e-18,0,0,0,0,6.9389e-18,0,6.9389e-18,-0.00048426,0.0011938,0,0.00077873,0.0016555,0.001255,6.9389e-18,0.00070846,0.0034741,0.00064584,0,0.00065258,0.0036486,0.00080959,-6.9389e-18,0.00083549,0.0036506,0.000962,0,0.00098045,0.0036569,0.0010728,0,0.0010901,0.003659,0.0011917,0,0.0012099,0.0036563,0.0013049,0,0.0013188,0.0036589,0.0013882,0,0.0013994,0.00366,0.0014695,0,0.0015049,0.0035895,0.0016262,0,0.0018203,0.003196,0.0021365,0,0.0023431,0.0027864,0.0024742,0,0.0025258,0.0026571,0.0025831,0,0.0025975,0.0026292,0.0026525,0,0.0026567,0.0025128,0.0025159,0,0.0021707,0.00056477,0.00028843,-1.3878e-17
0,0,-0.00056366,0,0,0,-0.00054112,0,0,0,-0.00054442,0,0,0,-0.00054458,0,0,0,-0.00054492,0,0,0,-0.00049523,0,0,0,-0.00053571,0,0,0,-0.00019718,-6.9389e-18,0,-6.9389e-18,0.00019792,-0.0013625,0,0.0011895,0.0015548,0.0013137,0,0.002134,0.0026296,0.0021765,0,0.002262,0.0027371,0.002259,0,0.0023187,0.0027847,0.0023121,0,0.0023631,0.0028246,0.0023547,0,0.0023976,0.0028559,0.0023892,0,0.0024305,0.0028862,0.0024249,0,0.0024622,0.0029153,0.0024578,0,0.0024888,0.0029353,0.0024664,0,0.0024625,0.0028599,0.0022812,0,0.0021076,0.0023997,0.0016438,0,0.001508,0.0019367,0.0012524,0,0.0012103,0.001748,0.001158,0,0.0011663,0.0017301,0.0011728,0,0.001166,0.0018627,0.001843,0,0.00071097,0.0033347,0.001526,0
0,-0.0037127,-0.00030162,-0.002962,0,-0.0030683,5.3572e-05,-0.0030097,0,-0.0030199,5.2407e-05,-0.0030191,0,-0.0030187,5.2242e-05,-0.0030194,0,-0.0030189,5.2171e-05,-0.003024,0,-0.0029929,7.6301e-05,-0.0029359,0,-0.0031523,-0.00021984,-0.0024382,0,-0.0018823,-0.0008833,-0.0017715,-6.9389e-18,-0.0027432,0.0027519,-0.00010246,-0.0021997,0.00058529,0.0021489,0.00092605,-0.001657,0.0013044,0.0027977,0.0013993,-0.0015002,0.0014317,0.0028839,0.001481,-0.0014455,0.0015048,0.0029415,0.0015439,-0.0014008,0.0015638,0.0029894,0.0015962,-0.0013695,0.0016117,0.003029,0.0016432,-0.0013388,0.0016593,0.0030678,0.0016876,-0.0013069,0.0017024,0.0031027,0.0017259,-0.0012817,0.001739,0.0031281,0.0017501,-0.0012762,0.001724,0.0031326,0.0017725,-0.0013493,0.0015109,0.0031778,0.0019143,-0.0007112,0.0018631,0.0033037,0.0018801,-0.00059397,0.001846,0.003115,0.0018352,-0.00060141,0.001836,0.0030969,0.0018587,-0.00055961,0.0018588,0.0031305,0.0020277,-0.0004332,0.0016091,0.0033897,0.0022783,0
-6.9389e-18,0,5.2042e-18,0,6.9389e-18,6.9389e-18,-1.7347e-18,6.9389e-18,6.9389e-18,6.9389e-18,-1.7347e-18,6.9389e-18,6.9389e-18,6.9389e-18,-1.7347e-18,6.9389e-18,6.9389e-18,6.9389e-18,-1.7347e-18,6.9389e-18,6.9389e-18,6.9389e-18,-1.7347e-18,0,6.9389e-18,6.9389e-18,-1.7347e-18,-1.7347e-18,0,-1.7347e-18,-1.7347e-18,-1.7347e-18,5.2042e-18,0,-1.7347e-18,-1.7347e-18,0,-1.7347e-18,-1.7347e-18,-1.7347e-18,6.9389e-18,-1.7347e-18,-1.7347e-18,-1.7347e-18,0,-1.7347e-18,-1.7347e-18,-1.7347e-18,0,-1.7347e-18,-1.7347e-18,-1.7347e-18,6.9389e-18,-1.7347e-18,-1.7347e-18,-1.7347e-18,6.9389e-18,-1.7347e-18,-1.7347e-18,-1.7347e-18,0,-1.7347e-18,-1.7347e-18,-1.7347e-18,0,-1.7347e-18,-1.7347e-18,-1.7347e-18,6.9389e-18,-1.7347e-18,-1.7347e-18,-1.7347e-18,6.9389e-18,-1.7347e-18,-1.7347e-18,-1.7347e-18,3.4694e-18,-1.7347e-18,-1.7347e-18,-1.7347e-18,-1.7347e-18,1.7347e-18,-1.7347e-18,-1.7347e-18,-1.7347e-18,-1.7347e-18,0.00058298,-1.7347e-18,-1.7347e-18,-1.7347e-18,0.00066213,-1.7347e-18,-1.7347e-18,1.7347e-18,0.00075242,0,1.7347e-18,-1.7347e-18,0,-1.7347e-18,0
0,0,0,0,0,-1.3878e-17,0,-1.3878e-17,0,-1.3878e-17,0,-1.3878e-17,0,-1.3878e-17,0,0,0,-1.3878e-17,0,-1.3878e-17,0,-1.3878e-17,0,0,0,0,0,-1.3878e-17,0,0,0,0,2.7756e-17,0,0,0,2.7756e-17,0,0,0,2.7756e-17,0,0,0,2.7756e-17,0,6.9389e-18,0,2.7756e-17,0,0,0,2.7756e-17,0,0,0,2.7756e-17,0,0,0,1.3878e-17,0,0,0,1.3878e-17,0,0,0,1.3878e-17,0,0,0,0,0,6.9389e-18,0,1.3878e-17,0,0,0,-1.3878e-17,0,0,0,0,0,0,0,-1.3878e-17,0,0,0,-1.3878e-17,0,-1.7347e-18,6.9389e-18,-1.3878e-17,0,-1.7347e-18,0,1.3878e-17
2.7756e-17,0,0.0028086,0,2.7756e-17,0,0.002398,-1.7347e-18,2.7756e-17,-1.7347e-18,0.0023937,-1.7347e-18,2.7756e-17,-1.7347e-18,0.0023935,-1.7347e-18,2.7756e-17,-1.7347e-18,0.0023982,0,2.7756e-17,0,0.0022566,-1.7347e-18,1.3878e-17,-1.7347e-18,0.0030671,0,2.7756e-17,0,-1.7347e-18,6.9389e-18,0,6.9389e-18,0,0,0,0,0,0,0,0,0,0,0,0,0,0,0,0,0,0,0,0,0,0,0,0,0,0,0,0,0,0,0,0,0,0,0,0,0,0,0,0,0,0,0,0,-1.7347e-18,6.9389e-18,0,0,7.6571e-05,0,0,0,0.00058339,0,0,0,0.00060843,0,0,0,0.00070563,0,0,0,0.0009113,0,2.7756e-17
