-0.001,-0.001,0.001,0.001,-0.001,-0.001,0.001,0.001,-0.001,-0.001,0.001,0.001,-0.001,-0.001,0.001,0.001,-0.001,-0.001,0.001,0.001,-0.001,-0.001,0.001,0.001,-0.001,-0.001,0.001,0.001,-0.001,-0.001,0.001,0.001,-0.001,-0.001,0.001,0.001,-0.001,-0.001,0.001,0.001,-0.001,-0.001,0.001,0.001,-0.001,-0.001,0.001,0.001,-0.001,-0.001,0.001,0.001,-0.001,-0.001,0.001,0.001,-0.001,-0.001,0.001,0.001,-0.001,-0.001,0.001,0.001,-0.001,-0.001,0.001,0.001,-0.001,-0.001,0.001,0.001,-0.001,-0.001,0.001,0.001,-0.001,-0.001,0.001,0.001,-0.001,-0.001,0.001,0.001,-0.001,-0.001,0.001,0.001,-0.001,-0.001,0.001,0.001,-0.001,-0.001,0.001,0.001,-0.001,-0.001,0.001,0.001,0.001
-0.001,-0.001,0.001,0.001,-0.001,-0.001,0.001,0.001,-0.001,-0.001,0.001,0.001,-0.001,-0.001,0.001,0.001,-0.001,-0.001,0.001,0.001,-0.001,-0.001,0.001,0.001,-0.001,-0.001,0.001,0.001,-0.001,-0.001,0.001,0.001,-0.001,-0.001,0.001,0.001,-0.001,-0.001,0.001,0.001,-0.001,-0.001,0.001,0.001,-0.001,-0.001,0.001,0.001,-0.001,-0.001,0.001,0.001,-0.001,-0.001,0.001,0.001,-0.001,-0.001,0.001,0.001,-0.001,-0.001,0.001,0.001,-0.001,-0.001,0.001,0.001,-0.001,-0.001,0.001,0.001,-0.001,-0.001,0.001,0.001,-0.001,-0.001,0.00028375,0.001,-0.001,-0.001,0.00080143,0.001,-0.001,-0.001,0.00096795,0.001,-0.001,-0.001,0.00095705,0.001,-0.001,-0.00094241,0.001,0.001,-0.001,-0.00020142,0.001,0.001,0.001
-0.001,-0.001,0.00091185,0.001,-0.001,-0.001,0.001,0.001,-0.001,-0.001,0.001,0.001,-0.001,-0.001,0.001,0.001,-0.001,-0.001,0.001,0.001,-0.001,-0.001,0.001,0.001,-0.001,-0.001,0.001,0.001,-0.001,-0.001,0.00091226,0.001,-0.001,-0.001,0.00097207,0.001,-0.001,-0.001,0.001,0.001,-0.001,-0.001,0.001,0.001,-0.001,-0.001,0.001,0.001,-0.001,-0.001,0.001,0.001,-0.001,-0.001,0.001,0.001,-0.001,-0.001,0.001,0.001,-0.001,-0.001,0.001,0.001,-0.001,-0.001,0.001,0.001,-0.001,-0.00099343,0.001,0.001,-0.001,-0.001,0.00062468,0.001,-0.001,-0.001,-0.00028428,0.00037498,-0.001,-0.00088135,0.00048237,0.0008844,-0.001,-0.00067426,0.00061024,0.00096678,-0.001,-0.00065514,0.00061391,0.00097663,-0.00095891,-0.00057914,0.00075324,0.001,-0.00021374,0.00028457,0.001,0.001,0.001
-0.001,-0.001,0.001,0.001,-0.001,-0.001,0.001,0.001,-0.001,-0.001,0.001,0.001,-0.001,-0.001,0.001,0.001,-0.001,-0.001,0.001,0.001,-0.001,-0.001,0.001,0.001,-0.001,-0.001,0.001,0.001,-0.001,-0.001,0.001,0.001,-0.001,-0.001,0.001,0.001,-0.001,-0.001,0.001,0.001,-0.001,-0.001,0.001,0.001,-0.001,-0.001,0.001,0.001,-0.001,-0.001,0.001,0.001,-0.001,-0.001,0.001,0.001,-0.001,-0.001,0.001,0.001,-0.001,-0.001,0.001,0.001,-0.001,-0.001,0.001,0.001,-0.001,-0.001,0.001,0.001,-0.001,-0.001,0.001,0.001,-0.001,-0.001,0.0001575,0.001,-0.001,-0.001,0.00091698,0.001,-0.001,-0.001,0.00097366,0.001,-0.001,-0.001,0.00097679,0.001,-0.001,-0.00095779,0.001,0.001,-0.001,-0.0002288,0.001,0.001,0.001
-0.001,-0.001,0.001,0.001,-0.001,-0.001,0.001,0.001,-0.001,-0.001,0.001,0.001,-0.001,-0.001,0.001,0.001,-0.001,-0.001,0.001,0.001,-0.001,-0.001,0.001,0.001,-0.001,-0.001,0.001,0.001,-0.001,-0.001,0.001,0.001,-0.001,-0.001,0.001,0.001,-0.001,-0.001,0.001,0.001,-0.001,-0.001,0.001,0.001,-0.001,-0.001,0.001,0.001,-0.001,-0.001,0.001,0.001,-0.001,-0.001,0.001,0.001,-0.001,-0.001,0.001,0.001,-0.001,-0.001,0.001,0.001,-0.001,-0.001,0.001,0.001,-0.001,-0.001,0.001,0.001,-0.001,-0.001,0.001,0.001,-0.001,-0.001,0.001,0.001,-0.001,-0.001,0.001,0.001,-0.001,-0.001,0.001,0.001,-0.001,-0.001,0.001,0.001,-0.001,-0.001,0.001,0.001,-0.001,-0.001,0.001,0.001,0.001
-0.001,-0.001,0.001,0.001,-0.001,-0.001,0.001,0.001,-0.001,-0.001,0.001,0.001,-0.001,-0.001,0.001,0.001,-0.001,-0.001,0.001,0.001,-0.001,-0.001,0.001,0.001,-0.001,-0.001,0.001,0.001,-0.001,-0.001,0.001,0.001,-0.001,-0.001,0.001,0.001,-0.001,-0.001,0.001,0.001,-0.001,-0.001,0.001,0.001,-0.001,-0.001,0.001,0.001,-0.001,-0.001,0.001,0.001,-0.001,-0.001,0.001,0.001,-0.001,-0.001,0.001,0.001,-0.001,-0.001,0.001,0.001,-0.001,-0.001,0.001,0.001,-0.001,-0.001,0.001,0.001,-0.001,-0.001,0.001,0.001,-0.001,-0.001,0.00021111,0.001,-0.001,-0.001,0.0009458,0.001,-0.001,-0.001,0.00095869,0.001,-0.001,-0.001,0.00096302,0.001,-0.001,-0.00094541,0.001,0.001,-0.001,-0.00021128,0.001,0.001,0.001
-0.001,-0.001,0.00073709,0.001,-0.001,-0.001,0.00097298,0.001,-0.001,-0.00098823,0.00098685,0.001,-0.001,-0.00098736,0.00098733,0.001,-0.001,-0.00098735,0.00098734,0.001,-0.001,-0.00098746,0.00098698,0.001,-0.001,-0.0009893,0.00098643,0.001,-0.001,-0.00099402,0.00098872,0.001,-0.001,-0.0009959,0.00099335,0.001,-0.001,-0.00099545,0.0009949,0.001,-0.001,-0.00099536,0.00099507,0.001,-0.001,-0.0009954,0.00099519,0.001,-0.001,-0.0009954,0.00099529,0.001,-0.001,-0.00099543,0.00099535,0.001,-0.001,-0.00099545,0.00099541,0.001,-0.001,-0.00099546,0.0009955,0.001,-0.001,-0.00099439,0.0009977,0.001,-0.001,-0.00096973,0.001,0.001,-0.001,-0.001,0.00025733,0.001,-0.001,-0.001,-0.00012645,0.00040328,-0.001,-0.00074401,0.00059398,0.0009716,-0.001,-0.00067164,0.00060586,0.00096838,-0.001,-0.00065302,0.00061496,0.00098278,-0.00096595,-0.00058111,0.00074827,0.001,-0.00026315,0.00026139,0.001,0.001,0.001
-0.001,-0.001,0.001,0.001,-0.001,-0.001,0.001,0.001,-0.001,-0.001,0.001,0.001,-0.001,-0.001,0.001,0.001,-0.001,-0.001,0.001,0.001,-0.001,-0.001,0.001,0.001,-0.001,-0.001,0.001,0.001,-0.001,-0.001,0.001,0.001,-0.001,-0.001,0.001,0.001,-0.001,-0.001,0.001,0.001,-0.001,-0.001,0.001,0.001,-0.001,-0.001,0.001,0.001,-0.001,-0.001,0.001,0.001,-0.001,-0.001,0.001,0.001,-0.001,-0.001,0.001,0.001,-0.001,-0.001,0.001,0.001,-0.001,-0.001,0.001,0.001,-0.001,-0.001,0.001,0.001,-0.001,-0.001,0.00086392,0.001,-0.001,-0.001,0.0003567,0.001,-0.001,-0.001,0.00098592,0.001,-0.001,-0.001,0.00096499,0.001,-0.001,-0.001,0.00097002,0.001,-0.001,-0.00095236,0.001,0.001,-0.001,-0.0002328,0.001,0.001,0.001
-0.001,-0.001,0.001,0.001,-0.001,-0.001,0.001,0.001,-0.001,-0.001,0.001,0.001,-0.001,-0.001,0.001,0.001,-0.001,-0.001,0.001,0.001,-0.001,-0.001,0.001,0.001,-0.001,-0.001,0.001,0.001,-0.001,-0.001,0.001,0.001,-0.001,-0.001,0.001,0.001,-0.001,-0.001,0.001,0.001,-0.001,-0.001,0.001,0.001,-0.001,-0.001,0.001,0.001,-0.001,-0.001,0.001,0.001,-0.001,-0.001,0.001,0.001,-0.001,-0.001,0.001,0.001,-0.001,-0.001,0.001,0.001,-0.001,-0.001,0.001,0.001,-0.001,-0.001,0.001,0.001,-0.001,-0.001,0.001,0.001,-0.001,-0.001,0.001,0.001,-0.001,-0.001,0.001,0.001,-0.001,-0.001,0.001,0.001,-0.001,-0.001,0.001,0.001,-0.001,-0.001,0.001,0.001,-0.001,-0.001,0.001,0.001,0.001
-0.001,-0.001,0.001,0.001,-0.001,-0.001,0.001,0.001,-0.001,-0.001,0.001,0.001,-0.001,-0.001,0.001,0.001,-0.001,-0.001,0.001,0.001,-0.001,-0.001,0.001,0.001,-0.001,-0.001,0.001,0.001,-0.001,-0.001,0.001,0.001,-0.001,-0.001,0.001,0.001,-0.001,-0.001,0.001,0.001,-0.001,-0.001,0.001,0.001,-0.001,-0.001,0.001,0.001,-0.001,-0.001,0.001,0.001,-0.001,-0.001,0.001,0.001,-0.001,-0.001,0.001,0.001,-0.001,-0.001,0.001,0.001,-0.001,-0.001,0.001,0.001,-0.001,-0.001,0.001,0.001,-0.001,-0.001,0.00088008,0.001,-0.001,-0.001,0.00043775,0.001,-0.001,-0.001,0.00099584,0.001,-0.001,-0.001,0.0009646,0.001,-0.001,-0.001,0.00096892,0.001,-0.001,-0.00095146,0.001,0.001,-0.001,-0.00023206,0.001,0.001,0.001
-0.001,-0.001,0.00072845,0.001,-0.001,-0.001,0.00097227,0.001,-0.001,-0.00098782,0.00098637,0.001,-0.001,-0.00098695,0.00098687,0.001,-0.001,-0.00098696,0.00098689,0.001,-0.001,-0.00098701,0.00098685,0.001,-0.001,-0.00098706,0.00098682,0.001,-0.001,-0.00098715,0.0009869,0.001,-0.001,-0.00098722,0.00098701,0.001,-0.001,-0.00098723,0.00098708,0.001,-0.001,-0.00098727,0.00098712,0.001,-0.001,-0.00098726,0.00098716,0.001,-0.001,-0.00098722,0.00098719,0.001,-0.001,-0.00098718,0.00098719,0.001,-0.001,-0.00098715,0.0009872,0.001,-0.001,-0.000987,0.00098749,0.001,-0.001,-0.00098365,0.00099041,0.001,-0.001,-0.001,0.00092639,0.001,-0.001,-0.001,-8.3472e-05,0.00069831,-0.001,-0.001,0.00013449,0.00061827,-0.001,-0.00069614,0.00062022,0.00098733,-0.001,-0.00066661,0.00060878,0.00096958,-0.001,-0.00065216,0.00061601,0.00098273,-0.00096623,-0.00058244,0.00074716,0.001,-0.00027405,0.00025158,0.001,0.001,0.001
-0.001,-0.001,0.001,0.001,-0.001,-0.001,0.001,0.001,-0.001,-0.001,0.001,0.001,-0.001,-0.001,0.001,0.001,-0.001,-0.001,0.001,0.001,-0.001,-0.001,0.001,0.001,-0.001,-0.001,0.001,0.001,-0.001,-0.001,0.001,0.001,-0.001,-0.001,0.001,0.001,-0.001,-0.001,0.001,0.001,-0.001,-0.001,0.001,0.001,-0.001,-0.001,0.001,0.001,-0.001,-0.001,0.001,0.001,-0.001,-0.001,0.001,0.001,-0.001,-0.001,0.001,0.001,-0.001,-0.001,0.001,0.001,-0.001,-0.001,0.001,0.001,-0.001,-0.001,0.001,0.001,-0.001,-0.001,0.00036135,0.001,-0.001,-0.001,0.00064969,0.001,-0.001,-0.001,0.00098453,0.001,-0.001,-0.001,0.00096648,0.001,-0.001,-0.001,0.00096876,0.001,-0.001,-0.00095127,0.001,0.001,-0.001,-0.00023804,0.001,0.001,0.001
-0.001,-0.001,0.001,0.001,-0.001,-0.001,0.001,0.001,-0.001,-0.001,0.001,0.001,-0.001,-0.001,0.001,0.001,-0.001,-0.001,0.001,0.001,-0.001,-0.001,0.001,0.001,-0.001,-0.001,0.001,0.001,-0.001,-0.001,0.001,0.001,-0.001,-0.001,0.001,0.001,-0.001,-0.001,0.001,0.001,-0.001,-0.001,0.001,0.001,-0.001,-0.001,0.001,0.001,-0.001,-0.001,0.001,0.001,-0.001,-0.001,0.001,0.001,-0.001,-0.001,0.001,0.001,-0.001,-0.001,0.001,0.001,-0.001,-0.001,0.001,0.001,-0.001,-0.001,0.001,0.001,-0.001,-0.001,0.001,0.001,-0.001,-0.001,0.001,0.001,-0.001,-0.001,0.001,0.001,-0.001,-0.001,0.001,0.001,-0.001,-0.001,0.001,0.001,-0.001,-0.001,0.001,0.001,-0.001,-0.001,0.001,0.001,0.001
-0.001,-0.001,0.001,0.001,-0.001,-0.001,0.001,0.001,-0.001,-0.001,0.001,0.001,-0.001,-0.001,0.001,0.001,-0.001,-0.001,0.001,0.001,-0.001,-0.001,0.001,0.001,-0.001,-0.001,0.001,0.001,-0.001,-0.001,0.001,0.001,-0.001,-0.001,0.001,0.001,-0.001,-0.001,0.001,0.001,-0.001,-0.001,0.001,0.001,-0.001,-0.001,0.001,0.001,-0.001,-0.001,0.001,0.001,-0.001,-0.001,0.001,0.001,-0.001,-0.001,0.001,0.001,-0.001,-0.001,0.001,0.001,-0.001,-0.001,0.001,0.001,-0.001,-0.001,0.001,0.001,-0.001,-0.001,0.00038895,0.001,-0.001,-0.001,0.0007264,0.001,-0.001,-0.001,0.00098327,0.001,-0.001,-0.001,0.00096595,0.001,-0.001,-0.001,0.00096754,0.001,-0.001,-0.00095008,0.001,0.001,-0.001,-0.00023765,0.001,0.001,0.001
-0.001,-0.001,0.00071519,0.001,-0.001,-0.001,0.00096347,0.001,-0.001,-0.00097921,0.00097765,0.001,-0.001,-0.00097833,0.00097816,0.001,-0.001,-0.00097833,0.00097818,0.001,-0.001,-0.00097837,0.00097814,0.001,-0.001,-0.00097835,0.00097813,0.001,-0.001,-0.00097831,0.00097813,0.001,-0.001,-0.00097832,0.00097811,0.001,-0.001,-0.0009783,0.00097815,0.001,-0.001,-0.00097834,0.00097822,0.001,-0.001,-0.00097835,0.00097825,0.001,-0.001,-0.00097829,0.00097826,0.001,-0.001,-0.0009782,0.00097829,0.001,-0.001,-0.00097817,0.00097833,0.001,-0.001,-0.00097761,0.00097949,0.001,-0.001,-0.00096423,0.00098899,0.001,-0.001,-0.001,0.00068419,0.001,-0.001,-0.001,-0.00023029,0.00043236,-0.001,-0.00096365,0.0004252,0.00084405,-0.001,-0.00068361,0.00061329,0.000978,-0.001,-0.00066274,0.00061009,0.00096955,-0.001,-0.00065057,0.00061497,0.0009808,-0.00096458,-0.00058153,0.00074553,0.001,-0.0002795,0.00024573,0.001,0.001,0.001
-0.001,-0.001,0.001,0.001,-0.001,-0.001,0.001,0.001,-0.001,-0.001,0.001,0.001,-0.001,-0.001,0.001,0.001,-0.001,-0.001,0.001,0.001,-0.001,-0.001,0.001,0.001,-0.001,-0.001,0.001,0.001,-0.001,-0.001,0.001,0.001,-0.001,-0.001,0.001,0.001,-0.001,-0.001,0.001,0.001,-0.001,-0.001,0.001,0.001,-0.001,-0.001,0.001,0.001,-0.001,-0.001,0.001,0.001,-0.001,-0.001,0.001,0.001,-0.001,-0.001,0.001,0.001,-0.001,-0.001,0.001,0.001,-0.001,-0.001,0.001,0.001,-0.001,-0.001,0.001,0.001,-0.001,-0.001,0.0001952,0.001,-0.001,-0.001,0.00087586,0.001,-0.001,-0.001,0.00096985,0.001,-0.001,-0.001,0.00096731,0.001,-0.001,-0.001,0.00096681,0.001,-0.001,-0.00094954,0.001,0.001,-0.001,-0.00024293,0.001,0.001,0.001
-0.001,-0.001,0.001,0.001,-0.001,-0.001,0.001,0.001,-0.001,-0.001,0.001,0.001,-0.001,-0.001,0.001,0.001,-0.001,-0.001,0.001,0.001,-0.001,-0.001,0.001,0.001,-0.001,-0.001,0.001,0.001,-0.001,-0.001,0.001,0.001,-0.001,-0.001,0.001,0.001,-0.001,-0.001,0.001,0.001,-0.001,-0.001,0.001,0.001,-0.001,-0.001,0.001,0.001,-0.001,-0.001,0.001,0.001,-0.001,-0.001,0.001,0.001,-0.001,-0.001,0.001,0.001,-0.001,-0.001,0.001,0.001,-0.001,-0.001,0.001,0.001,-0.001,-0.001,0.001,0.001,-0.001,-0.001,0.001,0.001,-0.001,-0.001,0.001,0.001,-0.001,-0.001,0.001,0.001,-0.001,-0.001,0.001,0.001,-0.001,-0.001,0.001,0.001,-0.001,-0.001,0.001,0.001,-0.001,-0.001,0.001,0.001,0.001
-0.001,-0.001,0.001,0.001,-0.001,-0.001,0.001,0.001,-0.001,-0.001,0.001,0.001,-0.001,-0.001,0.001,0.001,-0.001,-0.001,0.001,0.001,-0.001,-0.001,0.001,0.001,-0.001,-0.001,0.001,0.001,-0.001,-0.001,0.001,0.001,-0.001,-0.001,0.001,0.001,-0.001,-0.001,0.001,0.001,-0.001,-0.001,0.001,0.001,-0.001,-0.001,0.001,0.001,-0.001,-0.001,0.001,0.001,-0.001,-0.001,0.001,0.001,-0.001,-0.001,0.001,0.001,-0.001,-0.001,0.001,0.001,-0.001,-0.001,0.001,0.001,-0.001,-0.001,0.001,0.001,-0.001,-0.001,0.00026477,0.001,-0.001,-0.001,0.00092328,0.001,-0.001,-0.001,0.0009681,0.001,-0.001,-0.001,0.00096667,0.001,-0.001,-0.001,0.00096549,0.001,-0.001,-0.00094834,0.001,0.001,-0.001,-0.00024301,0.001,0.001,0.001
-0.001,-0.001,0.00070137,0.001,-0.001,-0.00099684,0.00095455,0.001,-0.001,-0.0009704,0.00096883,0.001,-0.001,-0.00096948,0.00096936,0.001,-0.001,-0.0009695,0.00096936,0.001,-0.001,-0.00096955,0.00096933,0.001,-0.001,-0.00096952,0.00096929,0.001,-0.001,-0.00096947,0.00096928,0.001,-0.001,-0.00096948,0.00096926,0.001,-0.001,-0.00096947,0.00096932,0.001,-0.001,-0.0009695,0.00096936,0.001,-0.001,-0.0009695,0.00096936,0.001,-0.001,-0.00096945,0.00096937,0.001,-0.001,-0.00096935,0.00096942,0.001,-0.001,-0.00096934,0.00096949,0.001,-0.001,-0.00096846,0.00097124,0.001,-0.001,-0.00094781,0.00098206,0.001,-0.001,-0.001,0.00034418,0.001,-0.001,-0.001,-0.0001019,0.00043951,-0.001,-0.00076577,0.00057857,0.00096109,-0.001,-0.00067709,0.00060784,0.00097121,-0.001,-0.00065943,0.00061086,0.00096922,-0.001,-0.00064935,0.00061364,0.00097883,-0.0009627,-0.00058037,0.00074415,0.001,-0.00028493,0.00023931,0.001,0.001,0.001
-0.001,-0.001,0.001,0.001,-0.001,-0.001,0.001,0.001,-0.001,-0.001,0.001,0.001,-0.001,-0.001,0.001,0.001,-0.001,-0.001,0.001,0.001,-0.001,-0.001,0.001,0.001,-0.001,-0.001,0.001,0.001,-0.001,-0.001,0.001,0.001,-0.001,-0.001,0.001,0.001,-0.001,-0.001,0.001,0.001,-0.001,-0.001,0.001,0.001,-0.001,-0.001,0.001,0.001,-0.001,-0.001,0.001,0.001,-0.001,-0.001,0.001,0.001,-0.001,-0.001,0.001,0.001,-0.001,-0.001,0.001,0.001,-0.001,-0.001,0.001,0.001,-0.001,-0.001,0.000926,0.001,-0.001,-0.001,0.00039089,0.001,-0.001,-0.001,0.00097728,0.001,-0.001,-0.001,0.00096581,0.001,-0.001,-0.001,0.00096739,0.001,-0.001,-0.001,0.00096478,0.001,-0.001,-0.0009474,0.001,0.001,-0.001,-0.00024854,0.001,0.001,0.001
-0.001,-0.001,0.001,0.001,-0.001,-0.001,0.001,0.001,-0.001,-0.001,0.001,0.001,-0.001,-0.001,0.001,0.001,-0.001,-0.001,0.001,0.001,-0.001,-0.001,0.001,0.001,-0.001,-0.001,0.001,0.001,-0.001,-0.001,0.001,0.001,-0.001,-0.001,0.001,0.001,-0.001,-0.001,0.001,0.001,-0.001,-0.001,0.001,0.001,-0.001,-0.001,0.001,0.001,-0.001,-0.001,0.001,0.001,-0.001,-0.001,0.001,0.001,-0.001,-0.001,0.001,0.001,-0.001,-0.001,0.001,0.001,-0.001,-0.001,0.001,0.001,-0.001,-0.001,0.001,0.001,-0.001,-0.001,0.001,0.001,-0.001,-0.001,0.001,0.001,-0.001,-0.001,0.001,0.001,-0.001,-0.001,0.001,0.001,-0.001,-0.001,0.001,0.001,-0.001,-0.001,0.001,0.001,-0.001,-0.001,0.001,0.001,0.001
-0.001,-0.001,0.001,0.001,-0.001,-0.001,0.001,0.001,-0.001,-0.001,0.001,0.001,-0.001,-0.001,0.001,0.001,-0.001,-0.001,0.001,0.001,-0.001,-0.001,0.001,0.001,-0.001,-0.001,0.001,0.001,-0.001,-0.001,0.001,0.001,-0.001,-0.001,0.001,0.001,-0.001,-0.001,0.001,0.001,-0.001,-0.001,0.001,0.001,-0.001,-0.001,0.001,0.001,-0.001,-0.001,0.001,0.001,-0.001,-0.001,0.001,0.001,-0.001,-0.001,0.001,0.001,-0.001,-0.001,0.001,0.001,-0.001,-0.001,0.001,0.001,-0.001,-0.001,0.00093628,0.001,-0.001,-0.001,0.00047195,0.001,-0.001,-0.001,0.00099251,0.001,-0.001,-0.001,0.00096529,0.001,-0.001,-0.001,0.00096656,0.001,-0.001,-0.001,0.00096349,0.001,-0.001,-0.00094614,0.001,0.001,-0.001,-0.00024891,0.001,0.001,0.001
-0.001,-0.001,0.00068776,0.001,-0.001,-0.00098835,0.00094583,0.001,-0.001,-0.00096173,0.00096021,0.001,-0.001,-0.0009608,0.00096074,0.001,-0.001,-0.00096082,0.00096073,0.001,-0.001,-0.00096085,0.00096067,0.001,-0.001,-0.00096081,0.00096064,0.001,-0.001,-0.00096077,0.00096062,0.001,-0.001,-0.00096076,0.00096062,0.001,-0.001,-0.00096075,0.00096067,0.001,-0.001,-0.00096078,0.0009607,0.001,-0.001,-0.0009608,0.00096071,0.001,-0.001,-0.00096075,0.00096072,0.001,-0.001,-0.0009607,0.00096074,0.001,-0.001,-0.00096058,0.00096101,0.001,-0.001,-0.00095762,0.00096359,0.001,-0.001,-0.00098976,0.00090534,0.001,-0.001,-0.001,-2.0394e-05,0.00074724,-0.001,-0.001,0.00016755,0.00064284,-0.001,-0.00070038,0.00061829,0.00098658,-0.001,-0.00067039,0.00060843,0.00097012,-0.001,-0.00065659,0.00061088,0.00096825,-0.001,-0.00064814,0.00061238,0.00097706,-0.00096046,-0.00057875,0.00074328,0.001,-0.0002906,0.00023253,0.001,0.001,0.001
-0.001,-0.001,0.001,0.001,-0.001,-0.001,0.001,0.001,-0.001,-0.001,0.001,0.001,-0.001,-0.001,0.001,0.001,-0.001,-0.001,0.001,0.001,-0.001,-0.001,0.001,0.001,-0.001,-0.001,0.001,0.001,-0.001,-0.001,0.001,0.001,-0.001,-0.001,0.001,0.001,-0.001,-0.001,0.001,0.001,-0.001,-0.001,0.001,0.001,-0.001,-0.001,0.001,0.001,-0.001,-0.001,0.001,0.001,-0.001,-0.001,0.001,0.001,-0.001,-0.001,0.001,0.001,-0.001,-0.001,0.001,0.001,-0.001,-0.001,0.001,0.001,-0.001,-0.001,0.00042391,0.001,-0.001,-0.001,0.00067615,0.001,-0.001,-0.001,0.00098437,0.001,-0.001,-0.001,0.00096693,0.001,-0.001,-0.001,0.00096635,0.001,-0.001,-0.001,0.00096283,0.001,-0.001,-0.00094478,0.001,0.001,-0.001,-0.00025467,0.001,0.001,0.001
-0.001,-0.001,0.001,0.001,-0.001,-0.001,0.001,0.001,-0.001,-0.001,0.001,0.001,-0.001,-0.001,0.001,0.001,-0.001,-0.001,0.001,0.001,-0.001,-0.001,0.001,0.001,-0.001,-0.001,0.001,0.001,-0.001,-0.001,0.001,0.001,-0.001,-0.001,0.001,0.001,-0.001,-0.001,0.001,0.001,-0.001,-0.001,0.001,0.001,-0.001,-0.001,0.001,0.001,-0.001,-0.001,0.001,0.001,-0.001,-0.001,0.001,0.001,-0.001,-0.001,0.001,0.001,-0.001,-0.001,0.001,0.001,-0.001,-0.001,0.001,0.001,-0.001,-0.001,0.001,0.001,-0.001,-0.001,0.001,0.001,-0.001,-0.001,0.001,0.001,-0.001,-0.001,0.001,0.001,-0.001,-0.001,0.001,0.001,-0.001,-0.001,0.001,0.001,-0.001,-0.001,0.001,0.001,-0.001,-0.001,0.001,0.001,0.001
-0.001,-0.001,0.001,0.001,-0.001,-0.001,0.001,0.001,-0.001,-0.001,0.001,0.001,-0.001,-0.001,0.001,0.001,-0.001,-0.001,0.001,0.001,-0.001,-0.001,0.001,0.001,-0.001,-0.001,0.001,0.001,-0.001,-0.001,0.001,0.001,-0.001,-0.001,0.001,0.001,-0.001,-0.001,0.001,0.001,-0.001,-0.001,0.001,0.001,-0.001,-0.001,0.001,0.001,-0.001,-0.001,0.001,0.001,-0.001,-0.001,0.001,0.001,-0.001,-0.001,0.001,0.001,-0.001,-0.001,0.001,0.001,-0.001,-0.001,0.001,0.001,-0.001,-0.001,0.00044326,0.001,-0.001,-0.001,0.00074813,0.001,-0.001,-0.001,0.00098361,0.001,-0.001,-0.001,0.0009665,0.001,-0.001,-0.001,0.00096524,0.001,-0.001,-0.001,0.0009616,0.001,-0.001,-0.00094344,0.001,0.001,-0.001,-0.00025533,0.001,0.001,0.001
-0.001,-0.001,0.00067435,0.001,-0.001,-0.00097998,0.00093722,0.001,-0.001,-0.00095315,0.00095167,0.001,-0.001,-0.00095221,0.00095218,0.001,-0.001,-0.00095224,0.00095218,0.001,-0.001,-0.00095226,0.00095215,0.001,-0.001,-0.00095223,0.00095212,0.001,-0.001,-0.00095219,0.00095211,0.001,-0.001,-0.00095219,0.00095209,0.001,-0.001,-0.00095218,0.00095214,0.001,-0.001,-0.00095222,0.00095216,0.001,-0.001,-0.00095225,0.00095213,0.001,-0.001,-0.0009522,0.00095215,0.001,-0.001,-0.00095214,0.0009522,0.001,-0.001,-0.00095165,0.00095326,0.001,-0.001,-0.00093977,0.00096121,0.001,-0.001,-0.001,0.00067601,0.001,-0.001,-0.001,-0.00016041,0.00048315,-0.001,-0.00094492,0.00044078,0.00085712,-0.001,-0.00068618,0.00061348,0.00097919,-0.001,-0.00066593,0.00060999,0.00097038,-0.001,-0.00065476,0.00061006,0.0009667,-0.001,-0.0006469,0.00061126,0.00097552,-0.00095796,-0.00057681,0.00074282,0.001,-0.00029655,0.00022533,0.001,0.001,0.001
-0.001,-0.001,0.001,0.001,-0.001,-0.001,0.001,0.001,-0.001,-0.001,0.001,0.001,-0.001,-0.001,0.001,0.001,-0.001,-0.001,0.001,0.001,-0.001,-0.001,0.001,0.001,-0.001,-0.001,0.001,0.001,-0.001,-0.001,0.001,0.001,-0.001,-0.001,0.001,0.001,-0.001,-0.001,0.001,0.001,-0.001,-0.001,0.001,0.001,-0.001,-0.001,0.001,0.001,-0.001,-0.001,0.001,0.001,-0.001,-0.001,0.001,0.001,-0.001,-0.001,0.001,0.001,-0.001,-0.001,0.001,0.001,-0.001,-0.001,0.001,0.001,-0.001,-0.001,0.00027055,0.001,-0.001,-0.001,0.00088448,0.001,-0.001,-0.001,0.00097115,0.001,-0.001,-0.001,0.00096806,0.001,-0.001,-0.001,0.00096465,0.001,-0.001,-0.001,0.00096103,0.001,-0.001,-0.0009419,0.001,0.001,-0.001,-0.00026135,0.001,0.001,0.001
-0.001,-0.001,0.001,0.001,-0.001,-0.001,0.001,0.001,-0.001,-0.001,0.001,0.001,-0.001,-0.001,0.001,0.001,-0.001,-0.001,0.001,0.001,-0.001,-0.001,0.001,0.001,-0.001,-0.001,0.001,0.001,-0.001,-0.001,0.001,0.001,-0.001,-0.001,0.001,0.001,-0.001,-0.001,0.001,0.001,-0.001,-0.001,0.001,0.001,-0.001,-0.001,0.001,0.001,-0.001,-0.001,0.001,0.001,-0.001,-0.001,0.001,0.001,-0.001,-0.001,0.001,0.001,-0.001,-0.001,0.001,0.001,-0.001,-0.001,0.001,0.001,-0.001,-0.001,0.001,0.001,-0.001,-0.001,0.001,0.001,-0.001,-0.001,0.001,0.001,-0.001,-0.001,0.001,0.001,-0.001,-0.001,0.001,0.001,-0.001,-0.001,0.001,0.001,-0.001,-0.001,0.001,0.001,-0.001,-0.001,0.001,0.001,0.001
-0.001,-0.001,0.001,0.001,-0.001,-0.001,0.001,0.001,-0.001,-0.001,0.001,0.001,-0.001,-0.001,0.001,0.001,-0.001,-0.001,0.001,0.001,-0.001,-0.001,0.001,0.001,-0.001,-0.001,0.001,0.001,-0.001,-0.001,0.001,0.001,-0.001,-0.001,0.001,0.001,-0.001,-0.001,0.001,0.001,-0.001,-0.001,0.001,0.001,-0.001,-0.001,0.001,0.001,-0.001,-0.001,0.001,0.001,-0.001,-0.001,0.001,0.001,-0.001,-0.001,0.001,0.001,-0.001,-0.001,0.001,0.001,-0.001,-0.001,0.001,0.001,-0.001,-0.001,0.0003336,0.001,-0.001,-0.001,0.00092738,0.001,-0.001,-0.001,0.00096929,0.001,-0.001,-0.001,0.00096757,0.001,-0.001,-0.001,0.00096346,0.001,-0.001,-0.001,0.00095996,0.001,-0.001,-0.00094052,0.001,0.001,-0.001,-0.00026207,0.001,0.001,0.001
-0.001,-0.001,0.00066106,0.001,-0.001,-0.00097168,0.00092868,0.001,-0.001,-0.00094468,0.00094319,0.001,-0.001,-0.00094376,0.00094367,0.001,-0.001,-0.00094377,0.00094369,0.001,-0.001,-0.00094376,0.00094367,0.001,-0.001,-0.00094372,0.00094364,0.001,-0.001,-0.00094369,0.00094364,0.001,-0.001,-0.0009437,0.00094363,0.001,-0.001,-0.00094369,0.00094367,0.001,-0.001,-0.00094374,0.00094368,0.001,-0.001,-0.00094377,0.00094366,0.001,-0.001,-0.00094371,0.0009437,0.001,-0.001,-0.00094363,0.00094378,0.001,-0.001,-0.00094279,0.00094544,0.001,-0.001,-0.00092497,0.0009532,0.001,-0.001,-0.001,0.00036511,0.001,-0.001,-0.001,-4.3563e-05,0.00048974,-0.001,-0.00076472,0.00058048,0.00096341,-0.001,-0.00068016,0.00060819,0.00097267,-0.001,-0.00066213,0.00061109,0.00097023,-0.001,-0.00065334,0.00060892,0.00096487,-0.00099994,-0.00064548,0.00061036,0.00097415,-0.00095537,-0.00057477,0.00074253,0.001,-0.00030265,0.00021798,0.001,0.001,0.001
-0.001,-0.001,0.001,0.001,-0.001,-0.001,0.001,0.001,-0.001,-0.001,0.001,0.001,-0.001,-0.001,0.001,0.001,-0.001,-0.001,0.001,0.001,-0.001,-0.001,0.001,0.001,-0.001,-0.001,0.001,0.001,-0.001,-0.001,0.001,0.001,-0.001,-0.001,0.001,0.001,-0.001,-0.001,0.001,0.001,-0.001,-0.001,0.001,0.001,-0.001,-0.001,0.001,0.001,-0.001,-0.001,0.001,0.001,-0.001,-0.001,0.001,0.001,-0.001,-0.001,0.001,0.001,-0.001,-0.001,0.001,0.001,-0.001,-0.001,0.00093478,0.001,-0.001,-0.001,0.00044683,0.001,-0.001,-0.001,0.00097748,0.001,-0.001,-0.001,0.00096711,0.001,-0.001,-0.001,0.00096849,0.001,-0.001,-0.001,0.00096273,0.001,-0.001,-0.00099981,0.00095952,0.001,-0.001,-0.00093907,0.001,0.001,-0.001,-0.00026815,0.001,0.001,0.001
-0.001,-0.001,0.001,0.001,-0.001,-0.001,0.001,0.001,-0.001,-0.001,0.001,0.001,-0.001,-0.001,0.001,0.001,-0.001,-0.001,0.001,0.001,-0.001,-0.001,0.001,0.001,-0.001,-0.001,0.001,0.001,-0.001,-0.001,0.001,0.001,-0.001,-0.001,0.001,0.001,-0.001,-0.001,0.001,0.001,-0.001,-0.001,0.001,0.001,-0.001,-0.001,0.001,0.001,-0.001,-0.001,0.001,0.001,-0.001,-0.001,0.001,0.001,-0.001,-0.001,0.001,0.001,-0.001,-0.001,0.001,0.001,-0.001,-0.001,0.001,0.001,-0.001,-0.001,0.001,0.001,-0.001,-0.001,0.001,0.001,-0.001,-0.001,0.001,0.001,-0.001,-0.001,0.001,0.001,-0.001,-0.001,0.001,0.001,-0.001,-0.001,0.001,0.001,-0.001,-0.001,0.001,0.001,-0.001,-0.001,0.001,0.001,0.001
-0.001,-0.001,0.001,0.001,-0.001,-0.001,0.001,0.001,-0.001,-0.001,0.001,0.001,-0.001,-0.001,0.001,0.001,-0.001,-0.001,0.001,0.001,-0.001,-0.001,0.001,0.001,-0.001,-0.001,0.001,0.001,-0.001,-0.001,0.001,0.001,-0.001,-0.001,0.001,0.001,-0.001,-0.001,0.001,0.001,-0.001,-0.001,0.001,0.001,-0.001,-0.001,0.001,0.001,-0.001,-0.001,0.001,0.001,-0.001,-0.001,0.001,0.001,-0.001,-0.001,0.001,0.001,-0.001,-0.001,0.001,0.001,-0.001,-0.001,0.00094316,0.001,-0.001,-0.001,0.00051186,0.001,-0.001,-0.001,0.00099181,0.001,-0.001,-0.001,0.00096647,0.001,-0.001,-0.001,0.00096784,0.001,-0.001,-0.001,0.0009615,0.001,-0.001,-0.00099837,0.00095864,0.001,-0.001,-0.0009379,0.001,0.001,-0.001,-0.00026893,0.001,0.001,0.001
-0.001,-0.001,0.00064773,0.001,-0.001,-0.00096348,0.00092022,0.001,-0.001,-0.00093628,0.00093481,0.001,-0.001,-0.00093539,0.0009353,0.001,-0.001,-0.00093536,0.00093533,0.001,-0.001,-0.00093535,0.00093531,0.001,-0.001,-0.00093536,0.00093528,0.001,-0.001,-0.00093532,0.00093527,0.001,-0.001,-0.00093529,0.00093528,0.001,-0.001,-0.00093531,0.00093529,0.001,-0.001,-0.00093538,0.00093529,0.001,-0.001,-0.0009354,0.0009353,0.001,-0.001,-0.00093535,0.00093535,0.001,-0.001,-0.00093524,0.0009355,0.001,-0.001,-0.00093339,0.00093732,0.001,-0.001,-0.00094619,0.00090263,0.001,-0.001,-0.001,6.2293e-05,0.00078375,-0.001,-0.001,0.00018276,0.00065781,-0.001,-0.00070265,0.00061902,0.00098828,-0.001,-0.00067357,0.00060862,0.00097144,-0.001,-0.00065874,0.0006116,0.00096956,-0.001,-0.00065213,0.00060771,0.00096311,-0.00099765,-0.00064375,0.0006099,0.00097313,-0.00095302,-0.00057307,0.000742,0.001,-0.00030891,0.00021057,0.001,0.001,0.001
-0.001,-0.001,0.001,0.001,-0.001,-0.001,0.001,0.001,-0.001,-0.001,0.001,0.001,-0.001,-0.001,0.001,0.001,-0.001,-0.001,0.001,0.001,-0.001,-0.001,0.001,0.001,-0.001,-0.001,0.001,0.001,-0.001,-0.001,0.001,0.001,-0.001,-0.001,0.001,0.001,-0.001,-0.001,0.001,0.001,-0.001,-0.001,0.001,0.001,-0.001,-0.001,0.001,0.001,-0.001,-0.001,0.001,0.001,-0.001,-0.001,0.001,0.001,-0.001,-0.001,0.001,0.001,-0.001,-0.001,0.001,0.001,-0.001,-0.001,0.00052907,0.001,-0.001,-0.001,0.0006694,0.001,-0.001,-0.001,0.00098796,0.001,-0.001,-0.001,0.00096766,0.001,-0.001,-0.001,0.00096806,0.001,-0.001,-0.001,0.00096074,0.001,-0.001,-0.00099718,0.00095865,0.001,-0.001,-0.0009369,0.001,0.001,-0.001,-0.00027493,0.001,0.001,0.001
-0.001,-0.001,0.001,0.001,-0.001,-0.001,0.001,0.001,-0.001,-0.001,0.001,0.001,-0.001,-0.001,0.001,0.001,-0.001,-0.001,0.001,0.001,-0.001,-0.001,0.001,0.001,-0.001,-0.001,0.001,0.001,-0.001,-0.001,0.001,0.001,-0.001,-0.001,0.001,0.001,-0.001,-0.001,0.001,0.001,-0.001,-0.001,0.001,0.001,-0.001,-0.001,0.001,0.001,-0.001,-0.001,0.001,0.001,-0.001,-0.001,0.001,0.001,-0.001,-0.001,0.001,0.001,-0.001,-0.001,0.001,0.001,-0.001,-0.001,0.001,0.001,-0.001,-0.001,0.001,0.001,-0.001,-0.001,0.001,0.001,-0.001,-0.001,0.001,0.001,-0.001,-0.001,0.001,0.001,-0.001,-0.001,0.001,0.001,-0.001,-0.001,0.001,0.001,-0.001,-0.001,0.001,0.001,-0.001,-0.001,0.001,0.001,0.001
-0.001,-0.001,0.001,0.001,-0.001,-0.001,0.001,0.001,-0.001,-0.001,0.001,0.001,-0.001,-0.001,0.001,0.001,-0.001,-0.001,0.001,0.001,-0.001,-0.001,0.001,0.001,-0.001,-0.001,0.001,0.001,-0.001,-0.001,0.001,0.001,-0.001,-0.001,0.001,0.001,-0.001,-0.001,0.001,0.001,-0.001,-0.001,0.001,0.001,-0.001,-0.001,0.001,0.001,-0.001,-0.001,0.001,0.001,-0.001,-0.001,0.001,0.001,-0.001,-0.001,0.001,0.001,-0.001,-0.001,0.001,0.001,-0.001,-0.001,0.00054907,0.001,-0.001,-0.001,0.00072937,0.001,-0.001,-0.001,0.00098747,0.001,-0.001,-0.001,0.0009672,0.001,-0.001,-0.001,0.00096715,0.001,-0.001,-0.001,0.00095959,0.001,-0.001,-0.00099553,0.00095817,0.001,-0.001,-0.00093602,0.001,0.001,-0.001,-0.00027535,0.001,0.001,0.001
-0.001,-0.001,0.00063377,0.001,-0.001,-0.00095545,0.0009118,0.001,-0.001,-0.00092799,0.00092649,0.001,-0.001,-0.00092708,0.000927,0.001,-0.001,-0.00092704,0.00092702,0.001,-0.001,-0.00092704,0.00092699,0.001,-0.001,-0.00092705,0.00092699,0.001,-0.001,-0.00092699,0.00092697,0.001,-0.001,-0.00092698,0.00092699,0.001,-0.001,-0.00092701,0.00092701,0.001,-0.001,-0.00092708,0.00092702,0.001,-0.001,-0.00092707,0.00092705,0.001,-0.001,-0.00092704,0.00092707,0.001,-0.001,-0.00092664,0.00092778,0.001,-0.001,-0.0009185,0.00093336,0.001,-0.001,-0.001,0.00074084,0.001,-0.001,-0.001,-8.4386e-05,0.00055561,-0.001,-0.00098614,0.0004152,0.00083888,-0.001,-0.00068855,0.00061584,0.00098231,-0.001,-0.00066886,0.00061003,0.00097148,-0.001,-0.00065635,0.00061118,0.00096818,-0.001,-0.00065085,0.00060655,0.00096154,-0.00099478,-0.00064126,0.0006101,0.00097253,-0.00095082,-0.00057178,0.00074077,0.001,-0.00031401,0.00020489,0.001,0.001,0.001
-0.001,-0.001,0.001,0.001,-0.001,-0.001,0.001,0.001,-0.001,-0.001,0.001,0.001,-0.001,-0.001,0.001,0.001,-0.001,-0.001,0.001,0.001,-0.001,-0.001,0.001,0.001,-0.001,-0.001,0.001,0.001,-0.001,-0.001,0.001,0.001,-0.001,-0.001,0.001,0.001,-0.001,-0.001,0.001,0.001,-0.001,-0.001,0.001,0.001,-0.001,-0.001,0.001,0.001,-0.001,-0.001,0.001,0.001,-0.001,-0.001,0.001,0.001,-0.001,-0.001,0.001,0.001,-0.001,-0.001,0.001,0.001,-0.001,-0.001,0.0003478,0.001,-0.001,-0.001,0.00086077,0.001,-0.001,-0.001,0.00097512,0.001,-0.001,-0.001,0.00096873,0.001,-0.001,-0.001,0.00096659,0.001,-0.001,-0.001,0.0009588,0.001,-0.001,-0.00099348,0.00095849,0.001,-0.001,-0.00093477,0.001,0.001,-0.001,-0.00027845,0.001,0.001,0.001
-0.001,-0.001,0.001,0.001,-0.001,-0.001,0.001,0.001,-0.001,-0.001,0.001,0.001,-0.001,-0.001,0.001,0.001,-0.001,-0.001,0.001,0.001,-0.001,-0.001,0.001,0.001,-0.001,-0.001,0.001,0.001,-0.001,-0.001,0.001,0.001,-0.001,-0.001,0.001,0.001,-0.001,-0.001,0.001,0.001,-0.001,-0.001,0.001,0.001,-0.001,-0.001,0.001,0.001,-0.001,-0.001,0.001,0.001,-0.001,-0.001,0.001,0.001,-0.001,-0.001,0.001,0.001,-0.001,-0.001,0.001,0.001,-0.001,-0.001,0.001,0.001,-0.001,-0.001,0.001,0.001,-0.001,-0.001,0.001,0.001,-0.001,-0.001,0.001,0.001,-0.001,-0.001,0.001,0.001,-0.001,-0.001,0.001,0.001,-0.001,-0.001,0.001,0.001,-0.001,-0.001,0.001,0.001,-0.001,-0.001,0.001,0.001,0.001
-0.001,-0.001,0.001,0.001,-0.001,-0.001,0.001,0.001,-0.001,-0.001,0.001,0.001,-0.001,-0.001,0.001,0.001,-0.001,-0.001,0.001,0.001,-0.001,-0.001,0.001,0.001,-0.001,-0.001,0.001,0.001,-0.001,-0.001,0.001,0.001,-0.001,-0.001,0.001,0.001,-0.001,-0.001,0.001,0.001,-0.001,-0.001,0.001,0.001,-0.001,-0.001,0.001,0.001,-0.001,-0.001,0.001,0.001,-0.001,-0.001,0.001,0.001,-0.001,-0.001,0.001,0.001,-0.001,-0.001,0.001,0.001,-0.001,-0.001,0.00039548,0.001,-0.001,-0.001,0.0009018,0.001,-0.001,-0.001,0.00097295,0.001,-0.001,-0.001,0.00096839,0.001,-0.001,-0.001,0.0009655,0.001,-0.001,-0.001,0.00095779,0.001,-0.001,-0.00099027,0.0009617,0.001,-0.001,-0.00093423,0.001,0.001,-0.001,-0.00029193,0.001,0.001,0.001
-0.001,-0.001,0.000628,0.001,-0.001,-0.00094651,0.00090415,0.001,-0.001,-0.00091972,0.0009183,0.001,-0.001,-0.00091886,0.00091876,0.001,-0.001,-0.00091882,0.00091878,0.001,-0.001,-0.00091883,0.00091876,0.001,-0.001,-0.00091882,0.00091877,0.001,-0.001,-0.00091877,0.00091878,0.001,-0.001,-0.00091877,0.00091881,0.001,-0.001,-0.0009188,0.00091881,0.001,-0.001,-0.00091886,0.00091881,0.001,-0.001,-0.00091886,0.00091882,0.001,-0.001,-0.00091879,0.00091888,0.001,-0.001,-0.00091809,0.00092025,0.001,-0.001,-0.00090136,0.0009296,0.001,-0.001,-0.001,0.00045574,0.001,-0.001,-0.001,-2.845e-05,0.00052033,-0.001,-0.00079301,0.00056139,0.00095037,-0.001,-0.00068339,0.00060947,0.00097493,-0.001,-0.00066469,0.00061148,0.00097164,-0.001,-0.00065469,0.00061008,0.00096635,-0.001,-0.00064941,0.00060535,0.00096051,-0.00098983,-0.00063464,0.00061844,0.00097988,-0.00095237,-0.00057057,0.00075271,0.001,-0.00035463,0.00015962,0.001,0.001,0.001
-0.001,-0.001,0.001,0.001,-0.001,-0.001,0.001,0.001,-0.001,-0.001,0.001,0.001,-0.001,-0.001,0.001,0.001,-0.001,-0.001,0.001,0.001,-0.001,-0.001,0.001,0.001,-0.001,-0.001,0.001,0.001,-0.001,-0.001,0.001,0.001,-0.001,-0.001,0.001,0.001,-0.001,-0.001,0.001,0.001,-0.001,-0.001,0.001,0.001,-0.001,-0.001,0.001,0.001,-0.001,-0.001,0.001,0.001,-0.001,-0.001,0.001,0.001,-0.001,-0.001,0.001,0.001,-0.001,-0.001,0.001,0.001,-0.001,-0.001,0.00044967,0.001,-0.001,-0.001,0.00096622,0.001,-0.001,-0.001,0.00096847,0.001,-0.001,-0.001,0.00096966,0.001,-0.001,-0.001,0.00096445,0.001,-0.001,-0.001,0.00095575,0.001,-0.001,-0.00098582,0.00097533,0.001,-0.001,-0.00094351,0.001,0.001,-0.001,-0.0003787,0.001,0.001,0.001
-0.001,-0.001,0.001,0.001,-0.001,-0.001,0.001,0.001,-0.001,-0.001,0.001,0.001,-0.001,-0.001,0.001,0.001,-0.001,-0.001,0.001,0.001,-0.001,-0.001,0.001,0.001,-0.001,-0.001,0.001,0.001,-0.001,-0.001,0.001,0.001,-0.001,-0.001,0.001,0.001,-0.001,-0.001,0.001,0.001,-0.001,-0.001,0.001,0.001,-0.001,-0.001,0.001,0.001,-0.001,-0.001,0.001,0.001,-0.001,-0.001,0.001,0.001,-0.001,-0.001,0.001,0.001,-0.001,-0.001,0.001,0.001,-0.001,-0.001,0.001,0.001,-0.001,-0.001,0.001,0.001,-0.001,-0.001,0.001,0.001,-0.001,-0.001,0.001,0.001,-0.001,-0.001,0.001,0.001,-0.001,-0.001,0.001,0.001,-0.001,-0.001,0.001,0.001,-0.001,-0.001,0.001,0.001,-0.001,-0.001,0.001,0.001,0.001
-0.001,-0.001,0.001,0.001,-0.001,-0.001,0.001,0.001,-0.001,-0.001,0.001,0.001,-0.001,-0.001,0.001,0.001,-0.001,-0.001,0.001,0.001,-0.001,-0.001,0.001,0.001,-0.001,-0.001,0.001,0.001,-0.001,-0.001,0.001,0.001,-0.001,-0.001,0.001,0.001,-0.001,-0.001,0.001,0.001,-0.001,-0.001,0.001,0.001,-0.001,-0.001,0.001,0.001,-0.001,-0.001,0.001,0.001,-0.001,-0.001,0.001,0.001,-0.001,-0.001,0.001,0.001,-0.001,-0.001,0.001,0.001,-0.001,-0.001,0.00051057,0.001,-0.001,-0.001,0.00098618,0.001,-0.001,-0.001,0.00096761,0.001,-0.001,-0.001,0.00096934,0.001,-0.001,-0.001,0.00096685,0.001,-0.001,-0.001,0.0009579,0.001,-0.001,-0.001,0.00092813,0.001,-0.001,-0.00098507,0.00099623,0.001,-0.001,-0.00039067,0.001,0.001,0.001
-0.001,-0.001,0.00071121,0.001,-0.001,-0.0009296,0.00090052,0.001,-0.001,-0.00091137,0.00091031,0.001,-0.001,-0.00091077,0.00091064,0.001,-0.001,-0.00091074,0.00091067,0.001,-0.001,-0.00091073,0.00091066,0.001,-0.001,-0.00091072,0.0009107,0.001,-0.001,-0.00091067,0.00091071,0.001,-0.001,-0.00091068,0.00091072,0.001,-0.001,-0.00091073,0.00091071,0.001,-0.001,-0.00091079,0.00091071,0.001,-0.001,-0.00091076,0.00091074,0.001,-0.001,-0.00091061,0.0009109,0.001,-0.001,-0.000909,0.00091258,0.001,-0.001,-0.00091615,0.0008876,0.001,-0.001,-0.001,0.00015088,0.00088189,-0.001,-0.001,0.00018458,0.00065831,-0.001,-0.00071153,0.00061517,0.00098665,-0.001,-0.00067706,0.00060865,0.00097267,-0.001,-0.00066065,0.00061228,0.00097178,-0.001,-0.00064927,0.00061668,0.00097147,-0.001,-0.0006507,0.00061437,0.00095297,-0.001,-0.00072227,0.00052771,0.00086605,-0.001,-0.00074217,0.00048134,0.001,-0.0004402,0.0001723,0.001,0.001,0.001
-0.001,-0.001,0.001,0.001,-0.001,-0.001,0.001,0.001,-0.001,-0.001,0.001,0.001,-0.001,-0.001,0.001,0.001,-0.001,-0.001,0.001,0.001,-0.001,-0.001,0.001,0.001,-0.001,-0.001,0.001,0.001,-0.001,-0.001,0.001,0.001,-0.001,-0.001,0.001,0.001,-0.001,-0.001,0.001,0.001,-0.001,-0.001,0.001,0.001,-0.001,-0.001,0.001,0.001,-0.001,-0.001,0.001,0.001,-0.001,-0.001,0.001,0.001,-0.001,-0.001,0.001,0.001,-0.001,-0.001,0.00062069,0.001,-0.001,-0.001,0.00067657,0.001,-0.001,-0.001,0.00098698,0.001,-0.001,-0.001,0.00096802,0.001,-0.001,-0.001,0.0009683,0.001,-0.001,-0.001,0.00097971,0.001,-0.001,-0.001,0.001,0.001,-0.001,-0.001,0.00084676,0.001,-0.001,-0.001,0.00065946,0.001,-0.001,-0.00031742,0.001,0.001,0.001
-0.001,-0.001,0.001,0.001,-0.001,-0.001,0.001,0.001,-0.001,-0.001,0.001,0.001,-0.001,-0.001,0.001,0.001,-0.001,-0.001,0.001,0.001,-0.001,-0.001,0.001,0.001,-0.001,-0.001,0.001,0.001,-0.001,-0.001,0.001,0.001,-0.001,-0.001,0.001,0.001,-0.001,-0.001,0.001,0.001,-0.001,-0.001,0.001,0.001,-0.001,-0.001,0.001,0.001,-0.001,-0.001,0.001,0.001,-0.001,-0.001,0.001,0.001,-0.001,-0.001,0.001,0.001,-0.001,-0.001,0.001,0.001,-0.001,-0.001,0.001,0.001,-0.001,-0.001,0.001,0.001,-0.001,-0.001,0.001,0.001,-0.001,-0.001,0.001,0.001,-0.001,-0.001,0.001,0.001,-0.001,-0.001,0.001,0.001,-0.001,-0.001,0.001,0.001,-0.001,-0.001,0.001,0.001,-0.001,-0.001,0.001,0.001,0.001
-0.001,-0.001,0.001,0.001,-0.001,-0.001,0.001,0.001,-0.001,-0.001,0.001,0.001,-0.001,-0.001,0.001,0.001,-0.001,-0.001,0.001,0.001,-0.001,-0.001,0.001,0.001,-0.001,-0.001,0.001,0.001,-0.001,-0.001,0.001,0.001,-0.001,-0.001,0.001,0.001,-0.001,-0.001,0.001,0.001,-0.001,-0.001,0.001,0.001,-0.001,-0.001,0.001,0.001,-0.001,-0.001,0.001,0.001,-0.001,-0.001,0.001,0.001,-0.001,-0.001,0.001,0.001,-0.001,-0.001,0.00062951,0.001,-0.001,-0.001,0.00074057,0.001,-0.001,-0.001,0.00098809,0.001,-0.001,-0.001,0.00097129,0.001,-0.001,-0.001,0.00097078,0.001,-0.001,-0.001,0.00092802,0.001,-0.001,-0.001,0.00089486,0.001,-0.001,-0.001,0.00072077,0.001,-0.001,-0.001,0.00049631,0.001,-0.001,-0.00012666,0.001,0.001,0.001
-0.001,-0.00094062,0.00083413,0.001,-0.001,-0.00091047,0.00089803,0.001,-0.001,-0.000903,0.00090248,0.001,-0.001,-0.00090273,0.00090265,0.001,-0.001,-0.00090269,0.00090267,0.001,-0.001,-0.00090268,0.00090269,0.001,-0.001,-0.00090267,0.00090273,0.001,-0.001,-0.00090262,0.00090273,0.001,-0.001,-0.00090266,0.00090271,0.001,-0.001,-0.0009027,0.0009027,0.001,-0.001,-0.00090275,0.00090268,0.001,-0.001,-0.00090273,0.00090271,0.001,-0.001,-0.00090236,0.00090336,0.001,-0.001,-0.00089508,0.00090838,0.001,-0.001,-0.001,0.00073802,0.001,-0.001,-0.001,-1.6078e-05,0.00061683,-0.001,-0.00096995,0.0004265,0.00084753,-0.001,-0.00069153,0.00061611,0.00098436,-0.001,-0.0006677,0.00061817,0.00098004,-0.001,-0.00066053,0.00062229,0.00096418,-0.001,-0.00074167,0.00051698,0.0008368,-0.001,-0.00089551,0.00023288,0.00064872,-0.001,-0.00083318,1.3916e-05,0.00037127,-0.00084979,-0.00052901,0.0002346,0.00065348,3.5592e-05,0.00048691,0.001,0.001,0.001
-0.001,-0.001,0.001,0.001,-0.001,-0.001,0.001,0.001,-0.001,-0.001,0.001,0.001,-0.001,-0.001,0.001,0.001,-0.001,-0.001,0.001,0.001,-0.001,-0.001,0.001,0.001,-0.001,-0.001,0.001,0.001,-0.001,-0.001,0.001,0.001,-0.001,-0.001,0.001,0.001,-0.001,-0.001,0.001,0.001,-0.001,-0.001,0.001,0.001,-0.001,-0.001,0.001,0.001,-0.001,-0.001,0.001,0.001,-0.001,-0.001,0.001,0.001,-0.001,-0.001,0.001,0.001,-0.001,-0.001,0.00041863,0.001,-0.001,-0.001,0.00087094,0.001,-0.001,-0.001,0.00097556,0.001,-0.001,-0.001,0.00098703,0.001,-0.001,-0.001,0.001,0.001,-0.001,-0.001,0.000843,0.001,-0.001,-0.001,0.00044662,0.001,-0.001,-0.001,0.00018506,0.001,-0.001,-0.00074248,0.00042293,0.001,-0.0004792,0.00034409,0.001,0.001,0.001
-0.001,-0.001,0.001,0.001,-0.001,-0.001,0.001,0.001,-0.001,-0.001,0.001,0.001,-0.001,-0.001,0.001,0.001,-0.001,-0.001,0.001,0.001,-0.001,-0.001,0.001,0.001,-0.001,-0.001,0.001,0.001,-0.001,-0.001,0.001,0.001,-0.001,-0.001,0.001,0.001,-0.001,-0.001,0.001,0.001,-0.001,-0.001,0.001,0.001,-0.001,-0.001,0.001,0.001,-0.001,-0.001,0.001,0.001,-0.001,-0.001,0.001,0.001,-0.001,-0.001,0.001,0.001,-0.001,-0.001,0.001,0.001,-0.001,-0.001,0.001,0.001,-0.001,-0.001,0.001,0.001,-0.001,-0.001,0.001,0.001,-0.001,-0.001,0.001,0.001,-0.001,-0.001,0.001,0.001,-0.001,-0.001,0.001,0.001,-0.001,-0.001,0.00085417,0.001,-0.001,-0.001,0.00086161,0.001,-0.001,-0.0002944,0.001,0.001,0.001
-0.001,-0.001,0.001,0.001,-0.001,-0.001,0.001,0.001,-0.001,-0.001,0.001,0.001,-0.001,-0.001,0.001,0.001,-0.001,-0.001,0.001,0.001,-0.001,-0.001,0.001,0.001,-0.001,-0.001,0.001,0.001,-0.001,-0.001,0.001,0.001,-0.001,-0.001,0.001,0.001,-0.001,-0.001,0.001,0.001,-0.001,-0.001,0.001,0.001,-0.001,-0.001,0.001,0.001,-0.001,-0.001,0.001,0.001,-0.001,-0.001,0.001,0.001,-0.001,-0.001,0.001,0.001,-0.001,-0.001,0.00045659,0.001,-0.001,-0.001,0.00091075,0.001,-0.001,-0.001,0.00097628,0.001,-0.001,-0.001,0.00093721,0.001,-0.001,-0.001,0.00091237,0.001,-0.001,-0.001,0.00072167,0.001,-0.001,-0.001,0.00025308,0.001,-0.001,-0.001,0.00014497,0.00091067,-0.001,-0.00061845,0.00046342,0.001,-0.0002783,0.00045878,0.001,0.001,0.001
-0.001,-0.00086855,0.00086975,0.001,-0.001,-0.00089912,0.00089188,0.001,-0.001,-0.00089496,0.00089454,0.001,-0.001,-0.00089477,0.00089468,0.001,-0.001,-0.00089474,0.00089471,0.001,-0.001,-0.00089472,0.00089473,0.001,-0.001,-0.0008947,0.00089477,0.001,-0.001,-0.00089466,0.00089477,0.001,-0.001,-0.00089468,0.00089476,0.001,-0.001,-0.00089471,0.00089473,0.001,-0.001,-0.00089475,0.00089473,0.001,-0.001,-0.00089474,0.00089478,0.001,-0.001,-0.00089407,0.00089602,0.001,-0.001,-0.00087938,0.00090361,0.001,-0.001,-0.001,0.00047128,0.001,-0.001,-0.001,2.9352e-05,0.00056777,-0.001,-0.00078561,0.00056832,0.00095663,-0.001,-0.00068373,0.00061946,0.00096897,-0.001,-0.00075272,0.00052371,0.00084501,-0.001,-0.00091204,0.00022883,0.0006565,-0.001,-0.00085515,-1.2053e-05,0.00033643,-0.00094319,-0.00068092,1.2158e-05,0.0002013,-0.00070209,-0.00059621,7.3714e-05,0.00031963,-0.00054676,-0.00032598,0.00037046,0.00076564,0.00018699,0.00072659,0.001,0.001,0.001
-0.001,-0.001,0.001,0.001,-0.001,-0.001,0.001,0.001,-0.001,-0.001,0.001,0.001,-0.001,-0.001,0.001,0.001,-0.001,-0.001,0.001,0.001,-0.001,-0.001,0.001,0.001,-0.001,-0.001,0.001,0.001,-0.001,-0.001,0.001,0.001,-0.001,-0.001,0.001,0.001,-0.001,-0.001,0.001,0.001,-0.001,-0.001,0.001,0.001,-0.001,-0.001,0.001,0.001,-0.001,-0.001,0.001,0.001,-0.001,-0.001,0.001,0.001,-0.001,-0.001,0.001,0.001,-0.001,-0.001,0.00050626,0.001,-0.001,-0.001,0.00097109,0.001,-0.001,-0.001,0.001,0.001,-0.001,-0.001,0.00085794,0.001,-0.001,-0.001,0.00045213,0.001,-0.001,-0.001,0.00016504,0.00097872,-0.001,-0.00086908,0.0002104,0.00082662,-0.001,-0.00062981,0.00034839,0.00091552,-0.001,-0.00044754,0.00058539,0.001,-0.00029695,0.00047018,0.001,0.001,0.001
-0.001,-0.001,0.001,0.001,-0.001,-0.001,0.001,0.001,-0.001,-0.001,0.001,0.001,-0.001,-0.001,0.001,0.001,-0.001,-0.001,0.001,0.001,-0.001,-0.001,0.001,0.001,-0.001,-0.001,0.001,0.001,-0.001,-0.001,0.001,0.001,-0.001,-0.001,0.001,0.001,-0.001,-0.001,0.001,0.001,-0.001,-0.001,0.001,0.001,-0.001,-0.001,0.001,0.001,-0.001,-0.001,0.001,0.001,-0.001,-0.001,0.001,0.001,-0.001,-0.001,0.001,0.001,-0.001,-0.001,0.001,0.001,-0.001,-0.001,0.001,0.001,-0.001,-0.001,0.001,0.001,-0.001,-0.001,0.001,0.001,-0.001,-0.001,0.001,0.001,-0.001,-0.001,0.00084757,0.001,-0.001,-0.001,0.00073451,0.001,-0.001,-0.001,0.0009178,0.001,-0.001,-0.0009226,0.001,0.001,-0.001,-0.00026529,0.001,0.001,0.001
-0.001,-0.001,0.001,0.001,-0.001,-0.001,0.001,0.001,-0.001,-0.001,0.001,0.001,-0.001,-0.001,0.001,0.001,-0.001,-0.001,0.001,0.001,-0.001,-0.001,0.001,0.001,-0.001,-0.001,0.001,0.001,-0.001,-0.001,0.001,0.001,-0.001,-0.001,0.001,0.001,-0.001,-0.001,0.001,0.001,-0.001,-0.001,0.001,0.001,-0.001,-0.001,0.001,0.001,-0.001,-0.001,0.001,0.001,-0.001,-0.001,0.001,0.001,-0.001,-0.001,0.001,0.001,-0.001,-0.001,0.00056448,0.001,-0.001,-0.001,0.00097716,0.001,-0.001,-0.001,0.00090117,0.001,-0.001,-0.001,0.00072026,0.001,-0.001,-0.001,0.00025915,0.001,-0.001,-0.001,0.00012601,0.00089584,-0.001,-0.00072542,0.00027165,0.0007945,-0.00099085,-0.0004887,0.00043393,0.00094293,-0.00093182,-0.00038751,0.00062266,0.001,-0.00027331,0.00047743,0.001,0.001,0.001
-0.001,-0.00085488,0.00086704,0.001,-0.001,-0.00089077,0.0008843,0.001,-0.001,-0.00088706,0.00088667,0.001,-0.001,-0.00088688,0.0008868,0.001,-0.001,-0.00088687,0.00088684,0.001,-0.001,-0.00088685,0.00088685,0.001,-0.001,-0.00088683,0.00088687,0.001,-0.001,-0.00088677,0.00088686,0.001,-0.001,-0.00088679,0.00088684,0.001,-0.001,-0.0008868,0.00088684,0.001,-0.001,-0.00088685,0.00088685,0.001,-0.001,-0.00088678,0.00088699,0.001,-0.001,-0.00088528,0.0008885,0.001,-0.001,-0.00089201,0.00086519,0.001,-0.001,-0.001,0.00019699,0.00089944,-0.001,-0.001,0.00023743,0.00069886,-0.001,-0.00073195,0.0005987,0.00092399,-0.001,-0.00097072,0.0002496,0.00065168,-0.001,-0.00097307,-8.1092e-05,0.00029634,-0.00097581,-0.00069071,3.7877e-06,0.00020274,-0.00071066,-0.00061091,5.652e-05,0.00029057,-0.00060511,-0.00043104,0.00017038,0.00037762,-0.00049973,-0.00030829,0.00026676,0.00045779,-0.00042696,-0.00020309,0.00045623,0.00082285,0.00021563,0.00074434,0.001,0.001,0.001
-0.001,-0.001,0.001,0.001,-0.001,-0.001,0.001,0.001,-0.001,-0.001,0.001,0.001,-0.001,-0.001,0.001,0.001,-0.001,-0.001,0.001,0.001,-0.001,-0.001,0.001,0.001,-0.001,-0.001,0.001,0.001,-0.001,-0.001,0.001,0.001,-0.001,-0.001,0.001,0.001,-0.001,-0.001,0.001,0.001,-0.001,-0.001,0.001,0.001,-0.001,-0.001,0.001,0.001,-0.001,-0.001,0.001,0.001,-0.001,-0.001,0.001,0.001,-0.001,-0.001,0.00066893,0.001,-0.001,-0.001,0.00072495,0.001,-0.001,-0.001,0.001,0.001,-0.001,-0.001,0.00050286,0.001,-0.001,-0.001,6.8208e-05,0.00091508,-0.001,-0.00087572,0.00020918,0.00082998,-0.001,-0.00064167,0.00033485,0.00089148,-0.001,-0.00054451,0.00040104,0.00092961,-0.001,-0.00048521,0.00044355,0.00096443,-0.00093024,-0.00038498,0.00061085,0.001,-0.00025311,0.00049394,0.001,0.001,0.001
-0.001,-0.001,0.001,0.001,-0.001,-0.001,0.001,0.001,-0.001,-0.001,0.001,0.001,-0.001,-0.001,0.001,0.001,-0.001,-0.001,0.001,0.001,-0.001,-0.001,0.001,0.001,-0.001,-0.001,0.001,0.001,-0.001,-0.001,0.001,0.001,-0.001,-0.001,0.001,0.001,-0.001,-0.001,0.001,0.001,-0.001,-0.001,0.001,0.001,-0.001,-0.001,0.001,0.001,-0.001,-0.001,0.001,0.001,-0.001,-0.001,0.001,0.001,-0.001,-0.001,0.001,0.001,-0.001,-0.001,0.001,0.001,-0.001,-0.001,0.001,0.001,-0.001,-0.001,0.001,0.001,-0.001,-0.001,0.00074236,0.001,-0.001,-0.001,0.00073771,0.001,-0.001,-0.001,0.00090994,0.001,-0.001,-0.001,0.00094363,0.001,-0.001,-0.00099099,0.00094326,0.001,-0.001,-0.00090254,0.001,0.001,-0.001,-0.00022908,0.001,0.001,0.001
-0.001,-0.001,0.001,0.001,-0.001,-0.001,0.001,0.001,-0.001,-0.001,0.001,0.001,-0.001,-0.001,0.001,0.001,-0.001,-0.001,0.001,0.001,-0.001,-0.001,0.001,0.001,-0.001,-0.001,0.001,0.001,-0.001,-0.001,0.001,0.001,-0.001,-0.001,0.001,0.001,-0.001,-0.001,0.001,0.001,-0.001,-0.001,0.001,0.001,-0.001,-0.001,0.001,0.001,-0.001,-0.001,0.001,0.001,-0.001,-0.001,0.001,0.001,-0.001,-0.001,0.00067516,0.001,-0.001,-0.001,0.00074731,0.001,-0.001,-0.001,0.00088664,0.001,-0.001,-0.001,0.00029579,0.001,-0.001,-0.001,3.7999e-06,0.00082628,-0.001,-0.00073072,0.00027168,0.00079562,-0.00099739,-0.00049675,0.0004234,0.00092144,-0.00098317,-0.00048017,0.00044285,0.00094916,-0.00098233,-0.00047626,0.00044449,0.00095813,-0.00092082,-0.00038341,0.00060513,0.001,-0.00024343,0.00049486,0.001,0.001,0.001
-0.001,-0.00083943,0.00086453,0.001,-0.001,-0.0008826,0.00087678,0.001,-0.001,-0.00087927,0.00087895,0.001,-0.001,-0.00087912,0.00087907,0.001,-0.001,-0.00087911,0.0008791,0.001,-0.001,-0.00087907,0.00087911,0.001,-0.001,-0.00087905,0.00087913,0.001,-0.001,-0.00087901,0.0008791,0.001,-0.001,-0.00087902,0.00087909,0.001,-0.001,-0.00087905,0.0008791,0.001,-0.001,-0.00087911,0.00087911,0.001,-0.001,-0.00087878,0.0008797,0.001,-0.001,-0.00087236,0.00088409,0.001,-0.001,-0.00098487,0.00073356,0.001,-0.001,-0.001,5.9501e-05,0.00065774,-0.001,-0.001,0.00035185,0.00071887,-0.001,-0.001,3.8806e-05,0.00046495,-0.001,-0.00096962,-0.00015542,0.00013146,-0.00084769,-0.00071112,-2.6308e-05,0.0002383,-0.00063098,-0.00043991,0.00016889,0.00037755,-0.00050461,-0.00031542,0.00025604,0.0004357,-0.00047592,-0.00029865,0.00026558,0.00044312,-0.00046834,-0.00029268,0.00026989,0.0004576,-0.00041677,-0.0001997,0.00044455,0.00080695,0.0002266,0.00075229,0.001,0.001,0.001
-0.001,-0.001,0.001,0.001,-0.001,-0.001,0.001,0.001,-0.001,-0.001,0.001,0.001,-0.001,-0.001,0.001,0.001,-0.001,-0.001,0.001,0.001,-0.001,-0.001,0.001,0.001,-0.001,-0.001,0.001,0.001,-0.001,-0.001,0.001,0.001,-0.001,-0.001,0.001,0.001,-0.001,-0.001,0.001,0.001,-0.001,-0.001,0.001,0.001,-0.001,-0.001,0.001,0.001,-0.001,-0.001,0.001,0.001,-0.001,-0.001,0.001,0.001,-0.001,-0.001,0.00051802,0.001,-0.001,-0.001,0.00078677,0.001,-0.001,-0.001,0.00026626,0.001,-0.001,-0.001,3.2191e-06,0.00072866,-0.001,-0.00074061,0.00026926,0.00085072,-0.001,-0.00055135,0.00040131,0.00093229,-0.001,-0.00049278,0.00043407,0.00094469,-0.0009798,-0.00047497,0.0004351,0.00093703,-0.00096201,-0.00046362,0.00043778,0.00094413,-0.00090477,-0.00037413,0.00059687,0.001,-0.00023122,0.00050543,0.001,0.001,0.001
-0.001,-0.001,0.001,0.001,-0.001,-0.001,0.001,0.001,-0.001,-0.001,0.001,0.001,-0.001,-0.001,0.001,0.001,-0.001,-0.001,0.001,0.001,-0.001,-0.001,0.001,0.001,-0.001,-0.001,0.001,0.001,-0.001,-0.001,0.001,0.001,-0.001,-0.001,0.001,0.001,-0.001,-0.001,0.001,0.001,-0.001,-0.001,0.001,0.001,-0.001,-0.001,0.001,0.001,-0.001,-0.001,0.001,0.001,-0.001,-0.001,0.001,0.001,-0.001,-0.001,0.001,0.001,-0.001,-0.001,0.001,0.001,-0.001,-0.001,0.001,0.001,-0.001,-0.001,0.00059616,0.001,-0.001,-0.001,0.00085865,0.001,-0.001,-0.001,0.00094773,0.001,-0.001,-0.001,0.00093764,0.001,-0.001,-0.00097749,0.00092754,0.001,-0.001,-0.00095743,0.00092241,0.001,-0.001,-0.0008769,0.001,0.001,-0.001,-0.00020625,0.001,0.001,0.001
-0.001,-0.001,0.001,0.001,-0.001,-0.001,0.001,0.001,-0.001,-0.001,0.001,0.001,-0.001,-0.001,0.001,0.001,-0.001,-0.001,0.001,0.001,-0.001,-0.001,0.001,0.001,-0.001,-0.001,0.001,0.001,-0.001,-0.001,0.001,0.001,-0.001,-0.001,0.001,0.001,-0.001,-0.001,0.001,0.001,-0.001,-0.001,0.001,0.001,-0.001,-0.001,0.001,0.001,-0.001,-0.001,0.001,0.001,-0.001,-0.001,0.001,0.001,-0.001,-0.001,0.00051221,0.001,-0.001,-0.001,0.00067537,0.001,-0.001,-0.001,4.3825e-05,0.001,-0.001,-0.001,0.00010062,0.00068588,-0.001,-0.00056154,0.00038416,0.0008965,-0.00099361,-0.00048331,0.00044408,0.00095189,-0.00098879,-0.00048334,0.00043547,0.00093908,-0.00096919,-0.00047179,0.00043179,0.00092741,-0.00095067,-0.000459,0.0004357,0.00093536,-0.00089485,-0.00037082,0.00059348,0.001,-0.00022381,0.00050515,0.001,0.001,0.001
-0.001,-0.00082652,0.00086059,0.001,-0.001,-0.00087456,0.00086929,0.001,-0.001,-0.00087152,0.00087131,0.001,-0.001,-0.00087138,0.00087142,0.001,-0.001,-0.00087138,0.00087142,0.001,-0.001,-0.00087134,0.00087142,0.001,-0.001,-0.00087132,0.00087143,0.001,-0.001,-0.00087129,0.00087141,0.001,-0.001,-0.0008713,0.0008714,0.001,-0.001,-0.00087134,0.0008714,0.001,-0.001,-0.00087137,0.00087142,0.001,-0.001,-0.00087076,0.00087248,0.001,-0.001,-0.00085642,0.00088172,0.001,-0.001,-0.001,0.00054449,0.001,-0.001,-0.001,-0.00013618,0.00038895,-0.001,-0.001,-0.00021568,0.00020721,-0.001,-0.00089768,-0.00013812,7.9299e-05,-0.00074066,-0.00059253,5.7727e-05,0.00030416,-0.00056247,-0.00035484,0.00023219,0.00042191,-0.00048419,-0.00030238,0.00026507,0.00044319,-0.00047243,-0.00029875,0.00026019,0.00043697,-0.00046315,-0.00029165,0.00025874,0.00043297,-0.00045325,-0.00028208,0.00026537,0.00044795,-0.00040444,-0.00019218,0.00043746,0.00079434,0.00023398,0.00075674,0.001,0.001,0.001
-0.001,-0.001,0.001,0.001,-0.001,-0.001,0.001,0.001,-0.001,-0.001,0.001,0.001,-0.001,-0.001,0.001,0.001,-0.001,-0.001,0.001,0.001,-0.001,-0.001,0.001,0.001,-0.001,-0.001,0.001,0.001,-0.001,-0.001,0.001,0.001,-0.001,-0.001,0.001,0.001,-0.001,-0.001,0.001,0.001,-0.001,-0.001,0.001,0.001,-0.001,-0.001,0.001,0.001,-0.001,-0.001,0.001,0.001,-0.001,-0.001,0.001,0.001,-0.001,-0.001,0.0002823,0.001,-0.001,-0.001,-5.6132e-06,0.00089231,-0.001,-0.001,7.6171e-05,0.00071399,-0.001,-0.00061927,0.00034817,0.00089727,-0.001,-0.0005132,0.00042332,0.00094026,-0.00098805,-0.00047936,0.00043426,0.00093754,-0.00096703,-0.00046956,0.00042891,0.00092482,-0.0009512,-0.00046052,0.00042544,0.00091496,-0.0009357,-0.0004494,0.00042969,0.00092394,-0.00088184,-0.00036296,0.00058667,0.001,-0.00021351,0.00051374,0.001,0.001,0.001
-0.001,-0.001,0.001,0.001,-0.001,-0.001,0.001,0.001,-0.001,-0.001,0.001,0.001,-0.001,-0.001,0.001,0.001,-0.001,-0.001,0.001,0.001,-0.001,-0.001,0.001,0.001,-0.001,-0.001,0.001,0.001,-0.001,-0.001,0.001,0.001,-0.001,-0.001,0.001,0.001,-0.001,-0.001,0.001,0.001,-0.001,-0.001,0.001,0.001,-0.001,-0.001,0.001,0.001,-0.001,-0.001,0.001,0.001,-0.001,-0.001,0.001,0.001,-0.001,-0.001,0.001,0.001,-0.001,-0.001,0.00070529,0.001,-0.001,-0.001,0.00063963,0.001,-0.001,-0.000987,0.00093612,0.001,-0.001,-0.001,0.00093743,0.001,-0.001,-0.00098309,0.00092748,0.001,-0.001,-0.00096358,0.00091655,0.001,-0.001,-0.00094786,0.00090715,0.001,-0.001,-0.00093155,0.00090376,0.001,-0.001,-0.00085496,0.00099169,0.001,-0.001,-0.0001859,0.001,0.001,0.001
-0.001,-0.001,0.001,0.001,-0.001,-0.001,0.001,0.001,-0.001,-0.001,0.001,0.001,-0.001,-0.001,0.001,0.001,-0.001,-0.001,0.001,0.001,-0.001,-0.001,0.001,0.001,-0.001,-0.001,0.001,0.001,-0.001,-0.001,0.001,0.001,-0.001,-0.001,0.001,0.001,-0.001,-0.001,0.001,0.001,-0.001,-0.001,0.001,0.001,-0.001,-0.001,0.001,0.001,-0.001,-0.001,0.001,0.001,-0.001,-0.001,0.001,0.001,-0.001,-0.001,0.00019506,0.001,-0.001,-0.001,-0.00013246,0.00085335,-0.001,-0.00083608,0.0001938,0.00073925,-0.00099613,-0.00047922,0.00044114,0.00094292,-0.00098973,-0.00048451,0.00043589,0.00094049,-0.00097395,-0.00047507,0.00043077,0.00092719,-0.00095507,-0.00046446,0.00042693,0.00091597,-0.00094032,-0.00045614,0.0004234,0.00090673,-0.00092583,-0.00044543,0.00042783,0.00091629,-0.00087311,-0.00035989,0.00058392,0.001,-0.00020722,0.00051395,0.001,0.001,0.001
-0.001,-0.00081539,0.00085567,0.001,-0.001,-0.00086675,0.00086185,0.001,-0.001,-0.00086392,0.00086375,0.001,-0.001,-0.00086381,0.00086385,0.001,-0.001,-0.00086379,0.00086385,0.001,-0.001,-0.00086374,0.00086386,0.001,-0.001,-0.00086373,0.00086388,0.001,-0.001,-0.00086371,0.00086386,0.001,-0.001,-0.00086373,0.00086386,0.001,-0.001,-0.00086378,0.00086386,0.001,-0.001,-0.00086396,0.00086346,0.001,-0.001,-0.00085783,0.00087193,0.001,-0.001,-0.000855,0.00087268,0.001,-0.001,-0.001,-2.3113e-05,0.00068638,-0.001,-0.001,-0.00056782,-8.6504e-05,-0.001,-0.0009862,-0.00021114,9.28e-05,-0.00070148,-0.00049777,0.00012423,0.00034823,-0.00050631,-0.00030752,0.0002635,0.00044133,-0.00047433,-0.00030013,0.00026021,0.00043723,-0.00046561,-0.00029396,0.00025754,0.0004319,-0.00045647,-0.00028719,0.00025598,0.00042749,-0.00044911,-0.00028196,0.0002542,0.00042394,-0.00044068,-0.00027326,0.00026123,0.00043957,-0.00039357,-0.00018521,0.00043181,0.00078362,0.00023977,0.00075974,0.001,0.001,0.001
-0.001,-0.001,0.001,0.001,-0.001,-0.001,0.001,0.001,-0.001,-0.001,0.001,0.001,-0.001,-0.001,0.001,0.001,-0.001,-0.001,0.001,0.001,-0.001,-0.001,0.001,0.001,-0.001,-0.001,0.001,0.001,-0.001,-0.001,0.001,0.001,-0.001,-0.001,0.001,0.001,-0.001,-0.001,0.001,0.001,-0.001,-0.001,0.001,0.001,-0.001,-0.001,0.001,0.001,-0.001,-0.001,0.001,0.001,-0.001,-0.001,0.00035574,0.001,-0.001,-0.001,-0.00028337,0.00061544,-0.001,-0.001,6.2392e-05,0.00069853,-0.001,-0.0005675,0.00038233,0.00091408,-0.001,-0.0004864,0.00043368,0.00093946,-0.00097147,-0.00047241,0.0004286,0.00092578,-0.00095446,-0.00046292,0.0004243,0.0009142,-0.00093924,-0.00045432,0.00042084,0.00090422,-0.00092647,-0.00044757,0.00041687,0.00089496,-0.00091232,-0.00043684,0.00042223,0.00090576,-0.00086091,-0.00035223,0.0005786,0.001,-0.00019939,0.00051928,0.001,0.001,0.001
-0.001,-0.001,0.001,0.001,-0.001,-0.001,0.001,0.001,-0.001,-0.001,0.001,0.001,-0.001,-0.001,0.001,0.001,-0.001,-0.001,0.001,0.001,-0.001,-0.001,0.001,0.001,-0.001,-0.001,0.001,0.001,-0.001,-0.001,0.001,0.001,-0.001,-0.001,0.001,0.001,-0.001,-0.001,0.001,0.001,-0.001,-0.001,0.001,0.001,-0.001,-0.001,0.001,0.001,-0.001,-0.001,0.001,0.001,-0.001,-0.001,0.001,0.001,-0.001,-0.001,0.00041107,0.001,-0.001,-0.001,0.00065249,0.001,-0.001,-0.00096815,0.00094435,0.001,-0.001,-0.00099055,0.00092933,0.001,-0.001,-0.00096887,0.00091666,0.001,-0.001,-0.00095096,0.00090638,0.001,-0.001,-0.00093618,0.00089729,0.001,-0.001,-0.00092409,0.00088763,0.001,-0.001,-0.00090827,0.0008865,0.001,-0.001,-0.00083414,0.00097575,0.001,-0.001,-0.00016802,0.001,0.001,0.001
-0.001,-0.001,0.001,0.001,-0.001,-0.001,0.001,0.001,-0.001,-0.001,0.001,0.001,-0.001,-0.001,0.001,0.001,-0.001,-0.001,0.001,0.001,-0.001,-0.001,0.001,0.001,-0.001,-0.001,0.001,0.001,-0.001,-0.001,0.001,0.001,-0.001,-0.001,0.001,0.001,-0.001,-0.001,0.001,0.001,-0.001,-0.001,0.001,0.001,-0.001,-0.001,0.001,0.001,-0.001,-0.001,0.001,0.001,-0.001,-0.001,0.0001962,0.001,-0.001,-0.001,-0.00027806,0.00063948,-0.001,-0.00080412,0.0002158,0.00076398,-0.00099135,-0.00047086,0.00044499,0.00094593,-0.00097906,-0.00047855,0.00043107,0.0009297,-0.00095969,-0.00046758,0.00042619,0.00091639,-0.00094297,-0.00045809,0.00042236,0.00090571,-0.00092911,-0.00045036,0.00041868,0.00089615,-0.00091706,-0.00044383,0.000415,0.00088759,-0.00090364,-0.00043348,0.00042038,0.00089867,-0.00085316,-0.00034969,0.00057578,0.001,-0.00019362,0.00051991,0.001,0.001,0.001
-0.001,-0.00080473,0.00085057,0.001,-0.001,-0.00085903,0.00085445,0.001,-0.001,-0.00085636,0.00085626,0.001,-0.001,-0.00085623,0.00085636,0.001,-0.001,-0.00085622,0.00085636,0.001,-0.001,-0.00085619,0.00085638,0.001,-0.001,-0.00085619,0.00085638,0.001,-0.001,-0.00085616,0.00085637,0.001,-0.001,-0.0008562,0.00085633,0.001,-0.001,-0.00085672,0.00085569,0.001,-0.001,-0.00084428,0.00087235,0.001,-0.001,-0.00089918,0.00081647,0.001,-0.001,-0.001,0.00013278,0.00092729,-0.001,-0.001,-0.00065863,-0.00015064,-0.001,-0.00099311,-0.00024849,7.6672e-05,-0.00071083,-0.00048623,0.000134,0.00035575,-0.00049862,-0.00030227,0.00026343,0.00043997,-0.0004676,-0.00029612,0.00025711,0.00043215,-0.00045867,-0.00028914,0.00025522,0.00042724,-0.00045056,-0.00028331,0.00025327,0.00042277,-0.00044368,-0.00027849,0.00025118,0.00041856,-0.00043716,-0.00027364,0.00024999,0.00041581,-0.00042971,-0.00026574,0.00025709,0.00043166,-0.00038407,-0.00017939,0.00042598,0.0007731,0.00024461,0.00076172,0.001,0.001,0.001
-0.001,-0.001,0.001,0.001,-0.001,-0.001,0.001,0.001,-0.001,-0.001,0.001,0.001,-0.001,-0.001,0.001,0.001,-0.001,-0.001,0.001,0.001,-0.001,-0.001,0.001,0.001,-0.001,-0.001,0.001,0.001,-0.001,-0.001,0.001,0.001,-0.001,-0.001,0.001,0.001,-0.001,-0.001,0.001,0.001,-0.001,-0.001,0.001,0.001,-0.001,-0.001,0.001,0.001,-0.001,-0.001,0.00046229,0.001,-0.001,-0.001,-0.00043079,0.00043665,-0.001,-0.0009382,9.9723e-05,0.00071731,-0.001,-0.00056687,0.0003781,0.00090532,-0.00099455,-0.00048123,0.00042803,0.0009279,-0.0009584,-0.00046587,0.00042349,0.00091466,-0.00094178,-0.00045606,0.00042031,0.00090443,-0.00092815,-0.00044878,0.00041624,0.00089427,-0.00091599,-0.00044242,0.00041195,0.00088438,-0.00090356,-0.00043512,0.00040997,0.00087777,-0.0008921,-0.00042633,0.00041499,0.00088899,-0.00084298,-0.00034387,0.00056921,0.001,-0.00018536,0.00052509,0.001,0.001,0.001
-0.001,-0.001,0.001,0.001,-0.001,-0.001,0.001,0.001,-0.001,-0.001,0.001,0.001,-0.001,-0.001,0.001,0.001,-0.001,-0.001,0.001,0.001,-0.001,-0.001,0.001,0.001,-0.001,-0.001,0.001,0.001,-0.001,-0.001,0.001,0.001,-0.001,-0.001,0.001,0.001,-0.001,-0.001,0.001,0.001,-0.001,-0.001,0.001,0.001,-0.001,-0.001,0.001,0.001,-0.001,-0.001,0.001,0.001,-0.001,-0.001,0.0001683,0.001,-0.001,-0.001,0.00071638,0.001,-0.001,-0.0009799,0.00092693,0.001,-0.001,-0.00098194,0.00091531,0.001,-0.001,-0.00095576,0.00090562,0.001,-0.001,-0.00093812,0.00089715,0.001,-0.001,-0.00092541,0.00088741,0.001,-0.001,-0.00091375,0.00087753,0.001,-0.001,-0.00090074,0.00087163,0.001,-0.001,-0.00088859,0.00087036,0.001,-0.001,-0.0008171,0.00095769,0.001,-0.001,-0.00014881,0.001,0.001,0.001
-0.001,-0.001,0.001,0.001,-0.001,-0.001,0.001,0.001,-0.001,-0.001,0.001,0.001,-0.001,-0.001,0.001,0.001,-0.001,-0.001,0.001,0.001,-0.001,-0.001,0.001,0.001,-0.001,-0.001,0.001,0.001,-0.001,-0.001,0.001,0.001,-0.001,-0.001,0.001,0.001,-0.001,-0.001,0.001,0.001,-0.001,-0.001,0.001,0.001,-0.001,-0.001,0.001,0.001,-0.001,-0.001,0.00022607,0.001,-0.001,-0.001,-0.00034598,0.00040296,-0.001,-0.00067743,0.00028724,0.0008094,-0.00098553,-0.00047538,0.00043433,0.00093309,-0.00097231,-0.00047648,0.00042301,0.00091652,-0.0009481,-0.0004616,0.00042089,0.00090547,-0.00093114,-0.00045167,0.00041813,0.000896,-0.00091845,-0.00044497,0.00041399,0.00088623,-0.0009068,-0.00043869,0.0004101,0.00087713,-0.00089509,-0.00043177,0.00040817,0.00087091,-0.00088447,-0.00042362,0.00041281,0.00088194,-0.00083572,-0.0003415,0.00056644,0.001,-0.00017995,0.00052556,0.001,0.001,0.001
-0.001,-0.00079452,0.00084518,0.001,-0.001,-0.00085134,0.00084707,0.001,-0.001,-0.00084884,0.00084879,0.001,-0.001,-0.00084872,0.00084888,0.001,-0.001,-0.00084873,0.00084886,0.001,-0.001,-0.00084867,0.00084887,0.001,-0.001,-0.00084867,0.00084888,0.001,-0.001,-0.00084866,0.00084884,0.001,-0.001,-0.00084901,0.00084844,0.001,-0.001,-0.00083672,0.00086224,0.001,-0.001,-0.00095887,0.00072391,0.001,-0.001,-0.001,-9.2699e-05,0.00068989,-0.001,-0.001,-0.00059145,-0.000111,-0.001,-0.00091535,-0.00022174,0.000113,-0.00067848,-0.00043054,0.00017443,0.00037972,-0.00049008,-0.0003028,0.00025741,0.00043324,-0.0004665,-0.00029668,0.00025118,0.00042526,-0.00045425,-0.00028632,0.00025163,0.00042187,-0.00044512,-0.00027964,0.00025049,0.00041799,-0.00043839,-0.00027509,0.0002483,0.00041379,-0.00043204,-0.00027031,0.00024709,0.00041058,-0.00042644,-0.00026626,0.00024599,0.00040812,-0.00042035,-0.00025975,0.00025222,0.00042349,-0.00037524,-0.00017394,0.0004203,0.00076284,0.00024895,0.00076321,0.001,0.001,0.001
-0.001,-0.001,0.001,0.001,-0.001,-0.001,0.001,0.001,-0.001,-0.001,0.001,0.001,-0.001,-0.001,0.001,0.001,-0.001,-0.001,0.001,0.001,-0.001,-0.001,0.001,0.001,-0.001,-0.001,0.001,0.001,-0.001,-0.001,0.001,0.001,-0.001,-0.001,0.001,0.001,-0.001,-0.001,0.001,0.001,-0.001,-0.001,0.001,0.001,-0.001,-0.001,0.00018813,0.001,-0.001,-0.001,-0.00039218,0.00040751,-0.001,-0.00081278,0.00018567,0.00077677,-0.001,-0.00054977,0.00039102,0.00091148,-0.00098723,-0.00048065,0.00042246,0.00091924,-0.0009552,-0.00046663,0.00041552,0.00090274,-0.00093335,-0.00045251,0.00041442,0.00089347,-0.00091789,-0.00044384,0.00041114,0.00088382,-0.0009054,-0.0004372,0.00040718,0.00087438,-0.00089313,-0.00042979,0.00040557,0.00086787,-0.00088409,-0.00042517,0.00040252,0.00086103,-0.00087421,-0.00041766,0.00040651,0.00087148,-0.00082456,-0.00033449,0.00056156,0.001,-0.0001732,0.00052959,0.001,0.001,0.001
-0.001,-0.001,0.001,0.001,-0.001,-0.001,0.001,0.001,-0.001,-0.001,0.001,0.001,-0.001,-0.001,0.001,0.001,-0.001,-0.001,0.001,0.001,-0.001,-0.001,0.001,0.001,-0.001,-0.001,0.001,0.001,-0.001,-0.001,0.001,0.001,-0.001,-0.001,0.001,0.001,-0.001,-0.001,0.001,0.001,-0.001,-0.001,0.001,0.001,-0.001,-0.001,0.001,0.001,-0.001,-0.001,0.00016694,0.001,-0.001,-0.001,0.00085251,0.001,-0.001,-0.0009993,0.00092008,0.001,-0.001,-0.00098045,0.00090778,0.001,-0.001,-0.00095445,0.0008929,0.001,-0.001,-0.00093053,0.00088576,0.001,-0.001,-0.00091573,0.00087668,0.001,-0.001,-0.00090333,0.00086747,0.001,-0.001,-0.00089012,0.00086257,0.001,-0.001,-0.00088225,0.00085507,0.001,-0.001,-0.00087133,0.00085257,0.001,-0.001,-0.00079802,0.00094314,0.001,-0.001,-0.00013261,0.001,0.001,0.001
-0.001,-0.001,0.001,0.001,-0.001,-0.001,0.001,0.001,-0.001,-0.001,0.001,0.001,-0.001,-0.001,0.001,0.001,-0.001,-0.001,0.001,0.001,-0.001,-0.001,0.001,0.001,-0.001,-0.001,0.001,0.001,-0.001,-0.001,0.001,0.001,-0.001,-0.001,0.001,0.001,-0.001,-0.001,0.001,0.001,-0.001,-0.001,0.001,0.001,-0.001,-0.001,-7.7626e-05,0.001,-0.001,-0.001,-0.00023193,0.00037424,-0.001,-0.00051901,0.00039281,0.00088683,-0.00098601,-0.00048309,0.00042805,0.00092805,-0.00097084,-0.00047677,0.00041859,0.00090986,-0.00094576,-0.00046251,0.00041364,0.00089511,-0.00092472,-0.00044928,0.00041193,0.00088559,-0.00090982,-0.00044104,0.00040838,0.0008758,-0.00089704,-0.00043394,0.00040508,0.00086712,-0.00088497,-0.00042658,0.00040371,0.00086107,-0.00087672,-0.00042263,0.00040021,0.0008541,-0.00086681,-0.0004149,0.00040463,0.00086498,-0.0008175,-0.00033207,0.00055911,0.001,-0.00016855,0.00052958,0.001,0.001,0.001
-0.001,-0.0007846,0.00083976,0.001,-0.001,-0.00084378,0.00083977,0.001,-0.001,-0.00084143,0.0008414,0.001,-0.001,-0.00084128,0.0008415,0.001,-0.001,-0.00084128,0.00084148,0.001,-0.001,-0.00084125,0.00084149,0.001,-0.001,-0.00084126,0.00084145,0.001,-0.001,-0.00084131,0.00084149,0.001,-0.001,-0.00083155,0.00085139,0.001,-0.001,-0.00092586,0.00073385,0.001,-0.001,-0.001,-0.00034572,0.00033048,-0.001,-0.001,-0.00054944,-0.0001507,-0.00096464,-0.00079716,-0.00013209,0.00016102,-0.00058643,-0.00034773,0.00023341,0.00041698,-0.00047957,-0.00030249,0.0002544,0.00043017,-0.00046617,-0.00029693,0.00024851,0.00042186,-0.00045393,-0.00028732,0.00024728,0.00041687,-0.00044355,-0.00027941,0.00024624,0.00041269,-0.00043545,-0.00027368,0.00024437,0.00040848,-0.000428,-0.00026797,0.00024364,0.00040555,-0.00042175,-0.00026323,0.00024299,0.00040288,-0.00041743,-0.00026066,0.00024086,0.00039993,-0.00041116,-0.00025355,0.00024803,0.00041608,-0.00036648,-0.00016834,0.00041537,0.00075323,0.00025195,0.00076351,0.001,0.001,0.001
-0.001,-0.001,0.001,0.001,-0.001,-0.001,0.001,0.001,-0.001,-0.001,0.001,0.001,-0.001,-0.001,0.001,0.001,-0.001,-0.001,0.001,0.001,-0.001,-0.001,0.001,0.001,-0.001,-0.001,0.001,0.001,-0.001,-0.001,0.001,0.001,-0.001,-0.001,0.001,0.001,-0.001,-0.001,0.001,0.001,-0.001,-0.001,-5.2918e-05,0.001,-0.001,-0.001,-0.00031774,0.00043827,-0.001,-0.0007072,0.00026311,0.0008278,-0.001,-0.00051688,0.00041374,0.00092414,-0.0009761,-0.00047673,0.00042096,0.00091557,-0.00095267,-0.00046573,0.00041304,0.00089836,-0.00093117,-0.0004526,0.00041027,0.00088695,-0.0009147,-0.00044368,0.00040558,0.00087506,-0.00089973,-0.00043544,0.00040139,0.00086445,-0.0008852,-0.00042651,0.00040004,0.00085761,-0.00087472,-0.00042067,0.00039758,0.00085066,-0.00086643,-0.00041674,0.00039381,0.00084338,-0.00085529,-0.00040742,0.00040039,0.00085661,-0.00080796,-0.00032634,0.00055404,0.001,-0.00016362,0.00053214,0.001,0.001,0.001
-0.001,-0.001,0.001,0.001,-0.001,-0.001,0.001,0.001,-0.001,-0.001,0.001,0.001,-0.001,-0.001,0.001,0.001,-0.001,-0.001,0.001,0.001,-0.001,-0.001,0.001,0.001,-0.001,-0.001,0.001,0.001,-0.001,-0.001,0.001,0.001,-0.001,-0.001,0.001,0.001,-0.001,-0.001,0.001,0.001,-0.001,-0.001,0.00077899,0.001,-0.001,-0.001,0.00028395,0.001,-0.001,-0.00093462,0.00092257,0.001,-0.001,-0.001,0.00091699,0.001,-0.001,-0.00097383,0.00090571,0.001,-0.001,-0.00095149,0.0008895,0.001,-0.001,-0.00092885,0.00088026,0.001,-0.001,-0.00091399,0.00086782,0.001,-0.001,-0.00089875,0.00085726,0.001,-0.001,-0.00088296,0.00085202,0.001,-0.001,-0.0008731,0.00084522,0.001,-0.001,-0.0008652,0.00083699,0.001,-0.001,-0.00085146,0.00083905,0.001,-0.001,-0.00078205,0.00092881,0.001,-0.001,-0.00011968,0.001,0.001,0.001
-0.001,-0.001,0.001,0.001,-0.001,-0.001,0.001,0.001,-0.001,-0.001,0.001,0.001,-0.001,-0.001,0.001,0.001,-0.001,-0.001,0.001,0.001,-0.001,-0.001,0.001,0.001,-0.001,-0.001,0.001,0.001,-0.001,-0.001,0.001,0.001,-0.001,-0.001,0.001,0.001,-0.001,-0.001,0.001,0.001,-0.001,-0.001,-0.00043465,0.001,-0.001,-0.001,-0.00011563,0.00047018,-0.00099488,-0.00046287,0.00044078,0.00093304,-0.00099173,-0.00048934,0.00042295,0.0009234,-0.00096526,-0.00047337,0.00041806,0.00090701,-0.00094262,-0.00046109,0.00041196,0.00089177,-0.00092238,-0.0004488,0.00040903,0.00088083,-0.00090759,-0.00044119,0.00040337,0.00086843,-0.00089274,-0.00043277,0.0003995,0.0008582,-0.00087846,-0.00042397,0.00039817,0.00085141,-0.00086855,-0.00041879,0.00039509,0.00084394,-0.00085994,-0.00041447,0.00039171,0.00083707,-0.00084847,-0.00040477,0.00039878,0.00085072,-0.0008019,-0.00032466,0.00055107,0.001,-0.00015948,0.00053193,0.001,0.001,0.001
-0.001,-0.00077475,0.00083441,0.001,-0.001,-0.00083635,0.00083255,0.001,-0.001,-0.00083419,0.00083407,0.001,-0.001,-0.00083402,0.00083419,0.001,-0.001,-0.000834,0.00083418,0.001,-0.001,-0.000834,0.00083416,0.001,-0.001,-0.00083397,0.00083424,0.001,-0.001,-0.00082986,0.0008383,0.001,-0.001,-0.00085465,0.00080123,0.001,-0.001,-0.001,-0.00016474,0.00059343,-0.001,-0.001,-0.00073067,-0.00033665,-0.00096522,-0.00074273,-6.5527e-05,0.00021572,-0.00054272,-0.00031336,0.00025988,0.00043598,-0.00047629,-0.00030427,0.00025097,0.00042734,-0.00046413,-0.00029503,0.00024821,0.00042064,-0.00045239,-0.00028643,0.00024614,0.00041509,-0.0004424,-0.00027895,0.00024458,0.00041029,-0.00043478,-0.00027404,0.00024134,0.00040483,-0.00042682,-0.00026786,0.00024023,0.00040129,-0.00041966,-0.00026244,0.0002395,0.00039825,-0.00041453,-0.00025913,0.00023739,0.00039457,-0.00040955,-0.00025555,0.00023616,0.0003924,-0.00040259,-0.00024754,0.00024449,0.00040929,-0.00035928,-0.00016439,0.00040932,0.00074281,0.00025402,0.00076327,0.001,0.001,0.001
-0.001,-0.001,0.001,0.001,-0.001,-0.001,0.001,0.001,-0.001,-0.001,0.001,0.001,-0.001,-0.001,0.001,0.001,-0.001,-0.001,0.001,0.001,-0.001,-0.001,0.001,0.001,-0.001,-0.001,0.001,0.001,-0.001,-0.001,0.001,0.001,-0.001,-0.001,0.001,0.001,-0.001,-0.001,0.00012678,0.001,-0.001,-0.001,-0.00050133,0.00026656,-0.001,-0.00069496,0.00028938,0.00085041,-0.001,-0.00049875,0.00042532,0.00093047,-0.00097106,-0.00047596,0.00041808,0.00091136,-0.00094922,-0.00046358,0.00041208,0.0008956,-0.00092815,-0.00045125,0.00040855,0.00088358,-0.00091168,-0.00044231,0.00040389,0.00087152,-0.00089739,-0.00043506,0.0003983,0.00085939,-0.00088228,-0.00042588,0.00039631,0.00085137,-0.00087067,-0.00041955,0.00039326,0.00084318,-0.00086109,-0.00041485,0.00038902,0.0008344,-0.00085065,-0.00040874,0.0003871,0.00082873,-0.00083966,-0.0003995,0.00039396,0.00084217,-0.00079382,-0.00032035,0.00054493,0.001,-0.00015418,0.0005347,0.001,0.001,0.001
-0.001,-0.001,0.001,0.001,-0.001,-0.001,0.001,0.001,-0.001,-0.001,0.001,0.001,-0.001,-0.001,0.001,0.001,-0.001,-0.001,0.001,0.001,-0.001,-0.001,0.001,0.001,-0.001,-0.001,0.001,0.001,-0.001,-0.001,0.001,0.001,-0.001,-0.001,0.001,0.001,-0.001,-0.001,0.001,0.001,-0.001,-0.001,8.1403e-05,0.001,-0.001,-0.00095231,0.00092445,0.001,-0.001,-0.001,0.00091768,0.001,-0.001,-0.00097082,0.00090183,0.001,-0.001,-0.00094775,0.00088704,0.001,-0.001,-0.00092608,0.00087698,0.001,-0.001,-0.00091085,0.00086505,0.001,-0.001,-0.00089681,0.00085279,0.001,-0.001,-0.00088058,0.00084638,0.001,-0.001,-0.00086998,0.00083818,0.001,-0.001,-0.00086082,0.00082878,0.001,-0.001,-0.00084931,0.00082336,0.001,-0.001,-0.00083669,0.00082521,0.001,-0.001,-0.00076909,0.0009125,0.001,-0.001,-0.00010632,0.001,0.001,0.001
-0.001,-0.001,0.001,0.001,-0.001,-0.001,0.001,0.001,-0.001,-0.001,0.001,0.001,-0.001,-0.001,0.001,0.001,-0.001,-0.001,0.001,0.001,-0.001,-0.001,0.001,0.001,-0.001,-0.001,0.001,0.001,-0.001,-0.001,0.001,0.001,-0.001,-0.001,0.001,0.001,-0.001,-0.001,-0.00012859,0.001,-0.001,-0.001,-0.00029359,0.00035446,-0.001,-0.00049331,0.00043276,0.00093645,-0.00099146,-0.00048826,0.00042219,0.00092131,-0.00096141,-0.00047175,0.00041619,0.00090363,-0.00093931,-0.00045919,0.00041083,0.00088905,-0.00091958,-0.0004475,0.00040732,0.00087772,-0.00090451,-0.00043959,0.00040204,0.0008656,-0.0008905,-0.00043207,0.00039703,0.0008543,-0.00087599,-0.00042321,0.00039505,0.00084647,-0.00086554,-0.00041791,0.0003912,0.00083771,-0.00085605,-0.00041324,0.00038704,0.00082907,-0.00084516,-0.00040662,0.00038572,0.00082396,-0.00083452,-0.00039786,0.00039208,0.00083689,-0.00078904,-0.00031936,0.00054181,0.001,-0.00015072,0.00053414,0.001,0.001,0.001
-0.001,-0.00076517,0.00082829,0.001,-0.001,-0.00082857,0.00082493,0.001,-0.001,-0.0008265,0.00082641,0.001,-0.001,-0.00082633,0.00082655,0.001,-0.001,-0.00082634,0.00082654,0.001,-0.001,-0.00082633,0.00082657,0.001,-0.001,-0.00082539,0.00082732,0.001,-0.001,-0.00081643,0.00083254,0.001,-0.001,-0.001,0.00012875,0.00081813,-0.001,-0.001,-0.00079108,-0.00032759,-0.001,-0.00091831,-0.00020155,0.00012581,-0.00059313,-0.00033578,0.00025106,0.00043341,-0.00047527,-0.00030367,0.00024972,0.00042544,-0.00046174,-0.00029371,0.00024701,0.0004185,-0.00045018,-0.00028501,0.0002452,0.00041316,-0.00044044,-0.00027795,0.00024321,0.0004081,-0.00043265,-0.00027276,0.00024028,0.00040274,-0.00042512,-0.00026724,0.00023836,0.00039854,-0.00041802,-0.00026183,0.00023732,0.00039505,-0.0004131,-0.00025883,0.00023471,0.00039086,-0.00040827,-0.00025543,0.00023283,0.00038766,-0.00040232,-0.00025058,0.00023301,0.00038652,-0.00039605,-0.00024367,0.0002403,0.00040246,-0.00035357,-0.0001618,0.00040289,0.00073245,0.0002557,0.00076248,0.001,0.001,0.001
-0.001,-0.001,0.001,0.001,-0.001,-0.001,0.001,0.001,-0.001,-0.001,0.001,0.001,-0.001,-0.001,0.001,0.001,-0.001,-0.001,0.001,0.001,-0.001,-0.001,0.001,0.001,-0.001,-0.001,0.001,0.001,-0.001,-0.001,0.001,0.001,-0.001,-0.001,0.00049341,0.001,-0.001,-0.001,-0.00060383,0.00020475,-0.001,-0.00081627,0.00019246,0.00077851,-0.001,-0.00050735,0.00041944,0.00092383,-0.00096529,-0.00047407,0.00041544,0.00090484,-0.00094256,-0.00046096,0.00040992,0.00088936,-0.00092174,-0.00044878,0.00040641,0.00087741,-0.00090556,-0.00044021,0.00040132,0.00086502,-0.00089096,-0.00043261,0.00039609,0.00085308,-0.00087629,-0.00042404,0.00039328,0.00084426,-0.00086459,-0.00041764,0.00039005,0.00083573,-0.00085599,-0.00041374,0.00038529,0.00082692,-0.00084653,-0.00040814,0.00038265,0.00082036,-0.00083597,-0.00040138,0.0003822,0.00081636,-0.00082674,-0.00039394,0.0003875,0.00082835,-0.00078124,-0.0003156,0.00053648,0.001,-0.00014527,0.00053604,0.001,0.001,0.001
-0.001,-0.001,0.001,0.001,-0.001,-0.001,0.001,0.001,-0.001,-0.001,0.001,0.001,-0.001,-0.001,0.001,0.001,-0.001,-0.001,0.001,0.001,-0.001,-0.001,0.001,0.001,-0.001,-0.001,0.001,0.001,-0.001,-0.001,0.001,0.001,-0.001,-0.001,0.001,0.001,-0.001,-0.001,-0.00010742,0.001,-0.001,-0.001,0.00085394,0.001,-0.001,-0.00099274,0.00091451,0.001,-0.001,-0.00096652,0.00089685,0.001,-0.001,-0.0009427,0.0008828,0.001,-0.001,-0.00092151,0.00087269,0.001,-0.001,-0.00090659,0.00086026,0.001,-0.001,-0.00089213,0.00084844,0.001,-0.001,-0.00087652,0.000841,0.001,-0.001,-0.00086585,0.00083249,0.001,-0.001,-0.00085832,0.00082222,0.001,-0.001,-0.00084726,0.00081613,0.001,-0.001,-0.00083567,0.00081296,0.001,-0.001,-0.00082571,0.00081281,0.001,-0.001,-0.00075806,0.00089882,0.001,-0.001,-9.6036e-05,0.001,0.001,0.001
-0.001,-0.001,0.001,0.001,-0.001,-0.001,0.001,0.001,-0.001,-0.001,0.001,0.001,-0.001,-0.001,0.001,0.001,-0.001,-0.001,0.001,0.001,-0.001,-0.001,0.001,0.001,-0.001,-0.001,0.001,0.001,-0.001,-0.001,0.001,0.001,-0.001,-0.001,0.00026926,0.001,-0.001,-0.001,-0.00045539,0.00021989,-0.001,-0.00054763,0.00038553,0.00089662,-0.00099107,-0.00048335,0.00042056,0.00091924,-0.00095781,-0.00046861,0.00041284,0.00090031,-0.00093581,-0.00045564,0.00040799,0.00088616,-0.00091646,-0.00044438,0.00040426,0.00087457,-0.00090159,-0.00043666,0.0003987,0.00086226,-0.00088719,-0.00042884,0.00039401,0.00085113,-0.00087309,-0.00042049,0.00039117,0.00084227,-0.00086317,-0.00041608,0.00038568,0.00083054,-0.00085747,-0.00041502,0.00037923,0.00082035,-0.0008468,-0.00040784,0.0003795,0.00081675,-0.00083385,-0.00039971,0.00038025,0.00081371,-0.00082421,-0.00039226,0.00038547,0.00082557,-0.00077847,-0.00031365,0.00053459,0.001,-0.00014303,0.00053582,0.001,0.001,0.001
-0.001,-0.00073923,0.00080697,0.001,-0.001,-0.00080641,0.00080262,0.001,-0.001,-0.00080434,0.00080426,0.001,-0.001,-0.00080417,0.00080441,0.001,-0.001,-0.00080418,0.00080442,0.001,-0.001,-0.00080414,0.0008044,0.001,-0.001,-0.00078412,0.00082357,0.001,-0.001,-0.001,0.00032482,0.00097647,-0.001,-0.001,-0.00071851,-0.00022899,-0.001,-0.001,-0.00035667,3.3343e-06,-0.00063405,-0.00036471,0.00021742,0.00039697,-0.00046029,-0.00029556,0.00024183,0.00040633,-0.00044169,-0.00028518,0.00023838,0.0003987,-0.00043012,-0.00027608,0.00023706,0.00039363,-0.00042069,-0.00026951,0.00023462,0.00038822,-0.00041297,-0.00026438,0.00023155,0.00038278,-0.00040519,-0.00025857,0.00022991,0.00037866,-0.00039826,-0.00025364,0.00022796,0.00037386,-0.00039491,-0.00025282,0.00022203,0.0003644,-0.00039987,-0.00025758,0.00021627,0.00036271,-0.00039813,-0.00025132,0.0002224,0.00036984,-0.00038847,-0.00024365,0.00022562,0.00037146,-0.00038152,-0.00023681,0.00023274,0.00038743,-0.00033859,-0.00015428,0.00039584,0.00071761,0.00027112,0.00076701,0.001,0.001,0.001
-0.001,-0.001,0.001,0.001,-0.001,-0.001,0.001,0.001,-0.001,-0.001,0.001,0.001,-0.001,-0.001,0.001,0.001,-0.001,-0.001,0.001,0.001,-0.001,-0.001,0.001,0.001,-0.001,-0.001,0.001,0.001,-0.001,-0.001,0.0006511,0.001,-0.001,-0.001,-0.00055135,0.00022642,-0.001,-0.00095275,3.7157e-05,0.00058719,-0.001,-0.0005004,0.00038416,0.00081887,-0.00086988,-0.00045026,0.00039087,0.0008066,-0.00084383,-0.0004363,0.00038508,0.0007906,-0.00082256,-0.00042346,0.0003823,0.00077921,-0.00080703,-0.00041571,0.00037641,0.00076601,-0.00079216,-0.00040794,0.00037108,0.0007539,-0.00077703,-0.000399,0.00036857,0.00074515,-0.00076526,-0.00039302,0.00036415,0.00073433,-0.00075974,-0.00039329,0.00035369,0.00071826,-0.00077649,-0.0004056,0.00034417,0.00072928,-0.00078838,-0.00039619,0.00035825,0.00075125,-0.00077648,-0.00038511,0.00036362,0.00075379,-0.00076562,-0.00037675,0.00036964,0.00076695,-0.00071911,-0.00029679,0.00052048,0.001,-7.4451e-05,0.00055469,0.001,0.001,0.001
-0.001,-0.001,0.001,0.001,-0.001,-0.001,0.001,0.001,-0.001,-0.001,0.001,0.001,-0.001,-0.001,0.001,0.001,-0.001,-0.001,0.001,0.001,-0.001,-0.001,0.001,0.001,-0.001,-0.001,0.001,0.001,-0.001,-0.001,0.001,0.001,-0.001,-0.001,-7.8666e-05,0.001,-0.001,-0.001,0.00069314,0.001,-0.001,-0.00095369,0.00088307,0.001,-0.001,-0.00093544,0.00086497,0.001,-0.001,-0.00091074,0.00085066,0.001,-0.001,-0.00088856,0.00084171,0.001,-0.001,-0.00087496,0.00082814,0.001,-0.001,-0.00086002,0.00081616,0.001,-0.001,-0.00084394,0.00080911,0.001,-0.001,-0.00083351,0.00079928,0.001,-0.001,-0.00083339,0.0007791,0.001,-0.001,-0.00085675,0.00075141,0.001,-0.001,-0.00083112,0.00077543,0.001,-0.001,-0.00081109,0.00078385,0.001,-0.001,-0.00079927,0.0007852,0.001,-0.001,-0.00072859,0.0008748,0.001,-0.001,-6.7008e-05,0.001,0.001,0.001
-0.001,-0.001,0.001,0.001,-0.001,-0.001,0.001,0.001,-0.001,-0.001,0.001,0.001,-0.001,-0.001,0.001,0.001,-0.001,-0.001,0.001,0.001,-0.001,-0.001,0.001,0.001,-0.001,-0.001,0.001,0.001,-0.001,-0.001,0.00039563,0.001,-0.001,-0.001,-0.00049615,0.00028767,-0.001,-0.00068662,0.00029227,0.00091789,-0.001,-0.00048518,0.00042474,0.001,-0.001,-0.00047096,0.00041633,0.0009938,-0.001,-0.00045799,0.00041149,0.00097963,-0.001,-0.00044613,0.00040882,0.00096893,-0.00099487,-0.0004396,0.00040261,0.00095597,-0.00098057,-0.00043193,0.00039792,0.00094498,-0.00096609,-0.00042322,0.00039595,0.00093729,-0.00095561,-0.00041865,0.00038925,0.00092109,-0.00095924,-0.0004337,0.00035393,0.00085543,-0.001,-0.00050056,0.00028273,0.00079062,-0.00095032,-0.00043893,0.00033941,0.00083149,-0.00088239,-0.00039856,0.00036854,0.00084586,-0.00086096,-0.00038635,0.00037664,0.00085954,-0.00081112,-0.00030124,0.00053859,0.001,-0.00016353,0.00054228,0.001,0.001,0.001
-0.001,-0.00075549,0.00085896,0.001,-0.001,-0.00085226,0.00084634,0.001,-0.001,-0.00084941,0.00084921,0.001,-0.001,-0.00084921,0.00084937,0.001,-0.001,-0.0008492,0.0008496,0.001,-0.001,-0.00083758,0.00086588,0.001,-0.001,-0.00095361,0.0006831,0.001,-0.001,-0.001,-0.00031651,-4.4633e-05,-0.001,-0.001,-0.00065325,-0.00026843,-0.00061886,-0.00037603,8.5069e-05,0.00022766,-0.00034461,-0.00022369,0.00017302,0.00027765,-0.00031123,-0.0002123,0.00017043,0.0002691,-0.00029924,-0.00020466,0.00016956,0.00026362,-0.00028894,-0.00019817,0.00016885,0.0002584,-0.00028147,-0.00019478,0.00016593,0.0002521,-0.00027362,-0.0001903,0.00016451,0.00024769,-0.00026598,-0.00018531,0.00016437,0.00024455,-0.00026004,-0.00018336,0.00015908,0.00022993,-0.00027626,-0.0002085,0.00011394,0.00014841,-0.00039682,-0.00031841,-4.1851e-06,0.00012556,-0.00036091,-0.00022636,8.8983e-05,0.00021666,-0.00028474,-0.00018165,0.00014964,0.00024728,-0.00026349,-0.00017062,0.00016233,0.00026591,-0.00021786,-8.2387e-05,0.00034516,0.00061683,0.00039818,0.00082119,0.001,0.001,0.001
-0.001,-0.001,0.001,0.001,-0.001,-0.001,0.001,0.001,-0.001,-0.001,0.001,0.001,-0.001,-0.001,0.001,0.001,-0.001,-0.001,0.001,0.001,-0.001,-0.001,0.001,0.001,-0.001,-0.001,0.001,0.001,-0.001,-0.001,-0.00029957,0.00099633,-0.001,-0.001,7.8544e-05,0.00097719,-0.001,-0.00063492,0.00053264,0.001,-0.001,-0.00060159,0.0005392,0.001,-0.001,-0.00058156,0.00053554,0.001,-0.001,-0.00056807,0.00053296,0.001,-0.001,-0.00056044,0.00052694,0.001,-0.001,-0.00055335,0.00052055,0.001,-0.001,-0.00054419,0.00051796,0.001,-0.001,-0.00053753,0.00051504,0.001,-0.001,-0.00053041,0.00051151,0.001,-0.001,-0.00058878,0.00042316,0.00097354,-0.001,-0.00096751,-3.7361e-05,0.00059757,-0.001,-0.00058641,0.00027205,0.00082307,-0.00094053,-0.00040998,0.00036453,0.00088035,-0.0009024,-0.00039221,0.00036431,0.00088735,-0.00085111,-0.00029781,0.00053494,0.001,-0.00014238,0.00057654,0.001,0.001,0.001
-0.001,-0.001,0.001,0.001,-0.001,-0.001,0.001,0.001,-0.001,-0.001,0.001,0.001,-0.001,-0.001,0.001,0.001,-0.001,-0.001,0.001,0.001,-0.001,-0.001,0.001,0.001,-0.001,-0.001,0.001,0.001,-0.001,-0.001,0.001,0.001,-0.001,-0.001,0.001,0.001,-0.001,-0.001,0.001,0.001,-0.001,-0.001,0.001,0.001,-0.001,-0.001,0.001,0.001,-0.001,-0.001,0.001,0.001,-0.001,-0.001,0.001,0.001,-0.001,-0.001,0.001,0.001,-0.001,-0.001,0.001,0.001,-0.001,-0.001,0.001,0.001,-0.001,-0.001,0.001,0.001,-0.001,-0.001,0.001,0.001,-0.001,-0.001,0.001,0.001,-0.001,-0.001,0.001,0.001,-0.001,-0.001,0.001,0.001,-0.001,-0.001,0.001,0.001,-0.001,-0.001,0.001,0.001,-0.001,-0.00095956,0.001,0.001,0.001
