-0.029908,-0.0051499,0.0045413,0.027943,-0.028024,-0.0046815,0.004673,0.028007,-0.02801,-0.0046759,0.0046757,0.028009,-0.028009,-0.0046757,0.0046758,0.028009,-0.028009,-0.0046762,0.0046748,0.028009,-0.027999,-0.0046552,0.0047211,0.028051,-0.028119,-0.0048529,0.0043474,0.027619,-0.027957,-0.0049752,0.0035716,0.02619,-0.026478,-0.0040883,0.0038289,0.02615,-0.026206,-0.0039194,0.0039208,0.026205,-0.02621,-0.0039277,0.0039074,0.026184,-0.02619,-0.0039183,0.0039031,0.026171,-0.026175,-0.0039113,0.0039002,0.026161,-0.026165,-0.0039072,0.003896,0.02615,-0.026154,-0.0039028,0.0038919,0.02614,-0.026143,-0.0038979,0.0038895,0.026133,-0.026135,-0.0038943,0.0038873,0.026127,-0.026125,-0.0038841,0.0039161,0.026249,-0.026298,-0.0039975,0.0036419,0.025271,-0.025678,-0.0044514,0.00093714,0.014214,-0.014647,-0.0017477,0.0011462,0.012452,-0.012517,-0.0012741,0.0012536,0.012468,-0.012478,-0.0012704,0.0012192,0.012297,-0.012296,-0.0012206,0.0012373,0.01227,-0.011774,-0.00052643,0.0033375,0.019011,0.016929
-0.0051411,-0.0011953,0.00061856,0.004167,-0.0042961,-0.00081376,0.00079277,0.004259,-0.0042632,-0.00080012,0.00079952,0.004262,-0.0042621,-0.00079969,0.00079972,0.0042621,-0.0042622,-0.00079976,0.00079976,0.0042633,-0.0042573,-0.00079106,0.00081337,0.0042637,-0.0043101,-0.0008859,0.00066138,0.0041215,-0.0043389,-0.00097931,0.00037252,0.0037834,-0.0039741,-0.00070357,0.00058365,0.0038359,-0.0038713,-0.0006434,0.00064075,0.0038634,-0.0038663,-0.00064558,0.00063705,0.0038578,-0.0038618,-0.0006444,0.00063784,0.0038549,-0.003858,-0.00064337,0.00063855,0.0038529,-0.0038555,-0.00064322,0.00063843,0.0038505,-0.0038531,-0.00064306,0.00063837,0.0038482,-0.0038504,-0.00064244,0.00063882,0.0038467,-0.0038483,-0.00064183,0.00063965,0.0038467,-0.0038425,-0.00063379,0.00065026,0.0038516,-0.0039322,-0.00077325,0.00043669,0.0035434,-0.0040537,-0.0013354,0,0.001267,-0.0017584,-0.00015378,0,0.0011526,-0.0012245,-0,0,0.0011934,-0.0012053,-0,0,0.001163,-0.0011601,-0,0,0.0012825,-0.00076158,-0,0.0014578,0.0049961,0.0026968
-0.0012985,-0.00030679,0,0.00055196,-0.0007318,-0,0,0.00067256,-0.00067834,-0,0,0.00067655,-0.00067675,-0,0,0.00067668,-0.00067671,-0,0,0.00067767,-0.00067459,-0,0,0.00067129,-0.00069984,-0,0,0.00060743,-0.00073662,-5.9013e-05,0,0.00053911,-0.00067349,-0,0,0.00060667,-0.00063162,-0,0,0.00062345,-0.00062549,-0,0,0.00062264,-0.00062551,-0,0,0.0006229,-0.00062512,-0,0,0.00062309,-0.00062499,-0,0,0.00062305,-0.00062492,-0,0,0.00062308,-0.00062471,-0,0,0.00062331,-0.00062437,-0,0,0.00062606,-0.00061816,-0,0,0.00060479,-0.00073426,-0.00012883,0,0.00026804,-0.00088423,-0.00048985,-0,0,-0.00013676,-0,0,0,-0,-0,0,0,-0,-0,0,0,-0,-0,0,5.8511e-05,-0,0,0.00090318,0.0022763,0.00026246
-0.0046414,-0.0010469,0.00038277,0.0035377,-0.0036889,-0.00063947,0.00061496,0.0036449,-0.0036497,-0.00062343,0.00062274,0.0036483,-0.0036485,-0.00062294,0.00062297,0.0036485,-0.0036485,-0.00062289,0.00062311,0.0036489,-0.0036476,-0.00062223,0.00062251,0.0036443,-0.003658,-0.00063851,0.0006029,0.0036315,-0.0036913,-0.00066798,0.00057179,0.0036451,-0.0037048,-0.00063305,0.00060467,0.0036814,-0.003693,-0.000618,0.00061576,0.0036891,-0.0036901,-0.00061724,0.00061559,0.0036893,-0.0036906,-0.00061703,0.00061566,0.0036898,-0.0036908,-0.00061679,0.00061576,0.0036902,-0.003691,-0.00061671,0.00061575,0.0036905,-0.0036913,-0.00061665,0.00061574,0.0036908,-0.0036915,-0.0006165,0.00061579,0.0036911,-0.0036915,-0.000616,0.00061672,0.0036939,-0.003684,-0.00059762,0.00064678,0.0037419,-0.0038886,-0.00092015,0.0001241,0.0027242,-0.0032962,-0.001134,0,0.00081895,-0.0012772,-0,0,0.0011053,-0.001148,-0,0,0.0010857,-0.0011,-0,0,0.0010633,-0.00106,-0,0,0.0011889,-0.00067847,-0,0.0013526,0.0044652,0.0020748
-0.027568,-0.00425,0.0035231,0.025347,-0.025468,-0.0036966,0.0036802,0.025437,-0.025441,-0.0036857,0.0036852,0.02544,-0.02544,-0.0036853,0.0036854,0.02544,-0.02544,-0.0036853,0.0036854,0.02544,-0.025439,-0.0036852,0.0036847,0.025438,-0.025443,-0.0036904,0.0036811,0.025434,-0.025457,-0.0037033,0.0036815,0.025442,-0.025464,-0.0037027,0.0036945,0.025456,-0.02546,-0.0036995,0.0036985,0.025459,-0.025459,-0.0036991,0.0036987,0.025459,-0.025459,-0.0036992,0.0036988,0.025459,-0.025459,-0.0036992,0.0036989,0.025459,-0.025459,-0.0036993,0.003699,0.025459,-0.02546,-0.0036994,0.0036991,0.025459,-0.02546,-0.0036994,0.0036992,0.02546,-0.02546,-0.0036991,0.0036999,0.025461,-0.025451,-0.0036789,0.0037929,0.025853,-0.026012,-0.0040737,0.0026557,0.021472,-0.022016,-0.0036662,0.00046215,0.01196,-0.012412,-0.0011942,0.0011148,0.012247,-0.012273,-0.0011556,0.0010869,0.012054,-0.012067,-0.0011112,0.0010641,0.011914,-0.011912,-0.0010634,0.0010827,0.011892,-0.011448,-0.00043247,0.0028168,0.017737,0.013851
-0.0047146,-0.0010388,0.00034769,0.0035842,-0.0037425,-0.00061632,0.00059049,0.0036961,-0.0037012,-0.00059941,0.00059863,0.0036997,-0.0036999,-0.00059887,0.00059889,0.0036999,-0.0036999,-0.00059886,0.0005989,0.0036999,-0.0036998,-0.00059888,0.00059846,0.003699,-0.0037014,-0.0006015,0.00059716,0.0036963,-0.0037057,-0.00060815,0.00059902,0.0036968,-0.0037059,-0.00060946,0.00060559,0.0037012,-0.0037033,-0.00060823,0.00060765,0.0037024,-0.0037027,-0.00060803,0.00060781,0.0037025,-0.0037027,-0.00060808,0.00060791,0.0037025,-0.0037027,-0.0006081,0.00060799,0.0037025,-0.0037027,-0.00060814,0.00060804,0.0037026,-0.0037027,-0.00060819,0.0006081,0.0037026,-0.0037027,-0.00060823,0.00060818,0.0037027,-0.0037025,-0.00060774,0.00060935,0.0037055,-0.0036941,-0.00058944,0.00063643,0.0037367,-0.0039432,-0.00098021,1.7025e-05,0.0027259,-0.0033192,-0.0010505,0,0.00086696,-0.0012638,-0,0,0.0011305,-0.0011529,-0,0,0.0010954,-0.0011102,-0,0,0.0010733,-0.0010706,-0,0,0.0011886,-0.00070821,-0,0.0012963,0.0044488,0.0020331
-0.0012629,-0.00034183,0,0.00046186,-0.00065938,-0,0,0.00059498,-0.00060128,-0,0,0.00059933,-0.00059953,-0,0,0.00059948,-0.00059948,-0,0,0.0005995,-0.00059945,-0,0,0.00059901,-0.00060031,-0,0,0.00059783,-0.00060282,-0,0,0.00059876,-0.00060354,-0,0,0.00060121,-0.00060231,-0,0,0.00060191,-0.00060199,-0,0,0.00060195,-0.00060201,-0,0,0.00060197,-0.00060203,-0,0,0.00060198,-0.00060205,-0,0,0.00060197,-0.00060205,-0,0,0.00060199,-0.00060205,-0,0,0.00060213,-0.00060177,-0,0,0.00060587,-0.00059328,-0,0,0.00055298,-0.00082733,-0.00030547,0,3.209e-06,-0.00067326,-0.00026206,0,0,-2.0344e-05,-0,0,0,-0,-0,0,0,-0,-0,0,0,-0,-0,0,4.0032e-05,-0,0,0.00078565,0.0021096,6.5689e-05
-0.0046495,-0.0010391,0.00034006,0.0035123,-0.0036727,-0.00061253,0.00058628,0.0036256,-0.0036308,-0.0005953,0.00059454,0.0036293,-0.0036295,-0.00059477,0.00059478,0.0036294,-0.0036294,-0.00059477,0.00059478,0.0036294,-0.0036294,-0.00059484,0.00059465,0.0036293,-0.0036298,-0.00059523,0.00059417,0.0036289,-0.0036309,-0.00059585,0.00059393,0.0036295,-0.0036314,-0.00059554,0.00059461,0.0036306,-0.003631,-0.00059516,0.00059497,0.0036309,-0.0036309,-0.00059511,0.000595,0.0036309,-0.0036309,-0.00059509,0.00059499,0.0036309,-0.0036309,-0.00059507,0.000595,0.0036309,-0.0036309,-0.00059506,0.00059503,0.0036309,-0.0036309,-0.00059507,0.00059506,0.0036309,-0.0036309,-0.00059505,0.00059509,0.0036311,-0.0036307,-0.00059454,0.00059606,0.0036336,-0.0036226,-0.00057575,0.00062577,0.0036663,-0.0039423,-0.0011262,0,0.0019937,-0.0025873,-0.00076005,0,0.00085292,-0.0011733,-0,0,0.0011297,-0.0011426,-0,0,0.0010872,-0.0011018,-0,0,0.0010672,-0.0010646,-0,0,0.00118,-0.00070571,-0,0.0012869,0.0044046,0.0019634
-0.027252,-0.0042022,0.0034646,0.025012,-0.025137,-0.0036442,0.0036268,0.025104,-0.025109,-0.0036326,0.0036321,0.025107,-0.025108,-0.0036322,0.0036323,0.025108,-0.025108,-0.0036322,0.0036322,0.025108,-0.025108,-0.0036323,0.0036322,0.025108,-0.025108,-0.0036324,0.003632,0.025107,-0.025108,-0.0036327,0.0036321,0.025108,-0.025108,-0.0036327,0.0036324,0.025108,-0.025108,-0.0036326,0.0036326,0.025108,-0.025108,-0.0036326,0.0036326,0.025108,-0.025108,-0.0036326,0.0036325,0.025108,-0.025108,-0.0036326,0.0036326,0.025108,-0.025108,-0.0036326,0.0036326,0.025108,-0.025108,-0.0036326,0.0036326,0.025108,-0.025108,-0.0036326,0.0036327,0.025108,-0.025108,-0.0036323,0.003633,0.025109,-0.0251,-0.0036133,0.0037384,0.025571,-0.025848,-0.0042312,0.0017905,0.017962,-0.018505,-0.0027874,0.00061929,0.011746,-0.012045,-0.0010993,0.0011376,0.012225,-0.012234,-0.0011492,0.0010816,0.012016,-0.012029,-0.001105,0.0010612,0.011887,-0.011885,-0.0010609,0.0010767,0.011857,-0.01143,-0.00044522,0.0027891,0.017641,0.013481
-0.004657,-0.0010366,0.000335,0.0035167,-0.0036777,-0.00060844,0.00058204,0.0036304,-0.0036355,-0.00059114,0.00059032,0.003634,-0.0036342,-0.00059059,0.00059058,0.0036342,-0.0036342,-0.0005906,0.00059058,0.0036342,-0.0036342,-0.00059062,0.00059054,0.0036342,-0.0036342,-0.00059069,0.00059048,0.0036341,-0.0036343,-0.00059082,0.00059054,0.0036341,-0.0036343,-0.00059087,0.00059067,0.0036342,-0.0036343,-0.00059082,0.00059074,0.0036343,-0.0036342,-0.00059082,0.00059076,0.0036343,-0.0036343,-0.00059081,0.00059076,0.0036343,-0.0036343,-0.00059079,0.00059077,0.0036343,-0.0036343,-0.00059077,0.00059079,0.0036342,-0.0036343,-0.00059078,0.0005908,0.0036342,-0.0036342,-0.00059073,0.00059091,0.0036345,-0.0036337,-0.00058996,0.00059176,0.0036344,-0.0036326,-0.00058319,0.00060186,0.0036523,-0.0039896,-0.0011735,0,0.0020022,-0.0025833,-0.00065436,0,0.00090435,-0.001153,-0,0,0.0011332,-0.001142,-0,0,0.0010881,-0.0011023,-0,0,0.0010678,-0.0010653,-0,0,0.0011794,-0.00070923,-0,0.0012798,0.0043993,0.0019559
-0.0012567,-0.00033749,0,0.00044502,-0.00064396,-0,0,0.00057909,-0.00058543,-0,0,0.00058348,-0.00058364,-0,0,0.00058361,-0.00058359,-0,0,0.00058362,-0.00058358,-0,0,0.00058361,-0.00058359,-0,0,0.00058357,-0.00058365,-0,0,0.00058358,-0.00058367,-0,0,0.00058365,-0.00058364,-0,0,0.00058369,-0.00058363,-0,0,0.00058369,-0.00058365,-0,0,0.00058368,-0.00058366,-0,0,0.00058365,-0.00058366,-0,0,0.00058364,-0.00058364,-0,0,0.00058365,-0.0005836,-0,0,0.00058416,-0.00058247,-0,0,0.00058371,-0.00059291,-0,0,0.00046436,-0.00088776,-0.00044352,0,0,-0.00041444,-0,0,0,-0,-0,0,0,-0,-0,0,0,-0,-0,0,0,-0,-0,0,3.5881e-05,-0,0,0.00077085,0.0020805,2.8733e-05
-0.0045852,-0.0010225,0.00032065,0.0034456,-0.0036068,-0.00059426,0.00056784,0.0035594,-0.0035646,-0.00057693,0.00057614,0.0035631,-0.0035633,-0.0005764,0.0005764,0.0035632,-0.0035632,-0.0005764,0.00057639,0.0035633,-0.0035632,-0.00057642,0.00057636,0.0035633,-0.0035632,-0.00057641,0.00057633,0.0035633,-0.0035633,-0.00057639,0.00057632,0.0035632,-0.0035633,-0.00057639,0.00057633,0.0035633,-0.0035633,-0.00057641,0.00057637,0.0035633,-0.0035632,-0.00057643,0.00057636,0.0035633,-0.0035632,-0.00057642,0.00057635,0.0035633,-0.0035632,-0.0005764,0.00057636,0.0035632,-0.0035632,-0.00057639,0.00057638,0.0035632,-0.0035632,-0.00057639,0.00057641,0.0035633,-0.0035632,-0.00057628,0.00057661,0.0035639,-0.0035616,-0.00057252,0.00058269,0.0035749,-0.0035929,-0.00061708,0.00050985,0.0033989,-0.0038078,-0.0012429,0,0.0012805,-0.0018316,-0.0003314,0,0.0010001,-0.0011641,-0,0,0.0011189,-0.0011295,-0,0,0.0010815,-0.001095,-0,0,0.0010612,-0.0010587,-0,0,0.0011726,-0.0007041,-0,0.0012689,0.0043595,0.0018912
-0.026904,-0.0041358,0.0033964,0.024662,-0.024787,-0.0035767,0.0035592,0.024754,-0.024759,-0.0035651,0.0035646,0.024757,-0.024758,-0.0035647,0.0035647,0.024758,-0.024758,-0.0035647,0.0035647,0.024758,-0.024758,-0.0035647,0.0035647,0.024758,-0.024758,-0.0035647,0.0035646,0.024758,-0.024758,-0.0035647,0.0035646,0.024758,-0.024758,-0.0035647,0.0035647,0.024758,-0.024758,-0.0035647,0.0035647,0.024758,-0.024758,-0.0035647,0.0035647,0.024758,-0.024758,-0.0035647,0.0035646,0.024758,-0.024757,-0.0035647,0.0035646,0.024758,-0.024758,-0.0035647,0.0035647,0.024758,-0.024758,-0.0035647,0.0035647,0.024758,-0.024757,-0.0035646,0.003565,0.024758,-0.024755,-0.0035604,0.0035822,0.024831,-0.024858,-0.0036226,0.0034579,0.024415,-0.024813,-0.0041806,0.00096159,0.014434,-0.014937,-0.0018494,0.00091563,0.012044,-0.012175,-0.0011302,0.0011187,0.012161,-0.012171,-0.0011355,0.0010766,0.011982,-0.011994,-0.0010981,0.001055,0.011854,-0.011853,-0.0010548,0.0010702,0.011824,-0.011402,-0.00044531,0.0027645,0.017545,0.013126
-0.0045898,-0.0010195,0.00031589,0.0034485,-0.0036099,-0.00059006,0.00056356,0.0035625,-0.0035676,-0.00057271,0.00057187,0.0035662,-0.0035663,-0.00057216,0.00057213,0.0035663,-0.0035663,-0.00057218,0.00057212,0.0035663,-0.0035662,-0.00057219,0.0005721,0.0035663,-0.0035662,-0.00057218,0.00057208,0.0035663,-0.0035662,-0.00057216,0.00057208,0.0035663,-0.0035662,-0.00057216,0.00057206,0.0035663,-0.0035662,-0.00057214,0.00057208,0.0035663,-0.0035663,-0.00057215,0.0005721,0.0035663,-0.0035663,-0.00057214,0.00057211,0.0035663,-0.0035663,-0.00057212,0.00057211,0.0035663,-0.0035663,-0.0005721,0.00057212,0.0035663,-0.0035663,-0.0005721,0.00057214,0.0035663,-0.0035661,-0.00057188,0.00057264,0.0035674,-0.0035633,-0.00056688,0.00057889,0.0035691,-0.0036194,-0.00065171,0.0004484,0.0033858,-0.0038457,-0.0012402,0,0.0013073,-0.001818,-0.00023799,0,0.0010402,-0.0011495,-0,0,0.0011182,-0.0011302,-0,0,0.001082,-0.0010952,-0,0,0.0010614,-0.001059,-0,0,0.0011721,-0.00070652,-0,0.0012626,0.0043537,0.0018846
-0.0012448,-0.00033059,0,0.00042611,-0.00062551,-0,0,0.00056053,-0.00056686,-0,0,0.00056493,-0.00056506,-0,0,0.00056505,-0.00056501,-0,0,0.00056507,-0.000565,-0,0,0.00056507,-0.00056499,-0,0,0.00056507,-0.00056499,-0,0,0.00056506,-0.000565,-0,0,0.00056506,-0.000565,-0,0,0.00056508,-0.00056502,-0,0,0.00056509,-0.00056504,-0,0,0.00056507,-0.00056504,-0,0,0.00056502,-0.00056503,-0,0,0.00056501,-0.00056503,-0,0,0.00056507,-0.00056488,-0,0,0.00056708,-0.00056035,-0,0,0.0005533,-0.00064018,-3.2225e-05,0,0.00029233,-0.00084027,-0.00044063,-0,0,-0.00017794,-0,0,0,-0,-0,0,0,-0,-0,0,0,-0,-0,0,0,-0,-0,0,3.2427e-05,-0,0,0.00075688,0.0020517,0
-0.0045185,-0.0010052,0.00030144,0.003378,-0.0035396,-0.00057575,0.00054925,0.0034921,-0.0034973,-0.0005584,0.00055756,0.0034958,-0.003496,-0.00055786,0.00055782,0.0034959,-0.0034959,-0.00055786,0.00055782,0.0034959,-0.0034959,-0.00055788,0.00055779,0.003496,-0.0034959,-0.00055785,0.00055775,0.003496,-0.0034959,-0.00055782,0.00055776,0.0034959,-0.0034959,-0.00055783,0.00055777,0.0034959,-0.0034959,-0.00055784,0.0005578,0.0034959,-0.0034959,-0.00055786,0.00055781,0.003496,-0.0034959,-0.00055786,0.00055779,0.0034959,-0.0034959,-0.00055783,0.0005578,0.0034959,-0.0034959,-0.0005578,0.00055783,0.0034959,-0.0034959,-0.0005578,0.00055786,0.003496,-0.0034958,-0.00055747,0.00055857,0.003498,-0.0034899,-0.00054332,0.00058211,0.003537,-0.0036398,-0.0007742,0.00021069,0.0028018,-0.003311,-0.0011097,0,0.00088968,-0.0013446,-3.5024e-05,0,0.0011084,-0.0011682,-0,0,0.0011047,-0.0011194,-0,0,0.0010761,-0.0010887,-0,0,0.0010546,-0.0010523,-0,0,0.0011654,-0.00070125,-0,0.0012519,0.0043145,0.0018205
-0.026558,-0.0040694,0.0033286,0.024314,-0.02444,-0.0035094,0.0034918,0.024407,-0.024411,-0.0034978,0.0034972,0.02441,-0.02441,-0.0034974,0.0034974,0.02441,-0.02441,-0.0034974,0.0034974,0.02441,-0.02441,-0.0034974,0.0034974,0.02441,-0.02441,-0.0034974,0.0034973,0.02441,-0.02441,-0.0034973,0.0034973,0.02441,-0.02441,-0.0034974,0.0034973,0.02441,-0.02441,-0.0034974,0.0034974,0.02441,-0.02441,-0.0034974,0.0034973,0.02441,-0.02441,-0.0034974,0.0034973,0.02441,-0.02441,-0.0034974,0.0034973,0.02441,-0.02441,-0.0034974,0.0034973,0.02441,-0.02441,-0.0034974,0.0034974,0.02441,-0.02441,-0.0034971,0.0034979,0.024412,-0.024403,-0.0034815,0.0035695,0.024713,-0.024829,-0.0037707,0.0027697,0.021659,-0.022144,-0.0036708,0.00054679,0.012281,-0.012726,-0.0012734,0.0011038,0.012269,-0.012307,-0.0011636,0.0010988,0.012102,-0.012116,-0.0011235,0.001072,0.011951,-0.011962,-0.0010921,0.0010485,0.01182,-0.011819,-0.0010483,0.0010637,0.011791,-0.011374,-0.00044483,0.0027405,0.01745,0.012773
-0.004523,-0.0010022,0.00029677,0.0033808,-0.0035426,-0.00057162,0.00054505,0.0034951,-0.0035003,-0.00055422,0.00055338,0.0034988,-0.0034989,-0.00055367,0.00055365,0.0034989,-0.0034989,-0.00055369,0.00055363,0.0034989,-0.0034989,-0.0005537,0.00055362,0.0034989,-0.0034989,-0.00055369,0.00055359,0.0034989,-0.0034989,-0.00055367,0.00055359,0.0034989,-0.0034989,-0.00055367,0.00055358,0.0034989,-0.0034989,-0.00055366,0.00055361,0.0034989,-0.0034989,-0.00055367,0.00055362,0.0034989,-0.0034989,-0.00055366,0.00055361,0.0034989,-0.0034989,-0.00055364,0.0005536,0.0034989,-0.0034989,-0.00055361,0.00055362,0.0034989,-0.0034989,-0.00055362,0.00055366,0.003499,-0.0034987,-0.00055321,0.00055459,0.0035013,-0.003492,-0.00053878,0.0005757,0.0035245,-0.0036842,-0.00083456,0.00011234,0.0027955,-0.0033277,-0.0010378,0,0.00093532,-0.001326,-0,0,0.001129,-0.001161,-0,0,0.0011044,-0.0011198,-0,0,0.0010766,-0.0010889,-0,0,0.0010549,-0.0010526,-0,0,0.001165,-0.00070358,-0,0.0012456,0.0043087,0.001814
-0.0012329,-0.0003237,0,0.00040739,-0.00060726,-0,0,0.00054215,-0.00054848,-0,0,0.00054655,-0.00054669,-0,0,0.00054668,-0.00054664,-0,0,0.00054669,-0.00054663,-0,0,0.00054671,-0.00054662,-0,0,0.00054671,-0.00054662,-0,0,0.00054669,-0.00054662,-0,0,0.00054668,-0.00054662,-0,0,0.0005467,-0.00054664,-0,0,0.00054672,-0.00054665,-0,0,0.0005467,-0.00054665,-0,0,0.00054665,-0.00054664,-0,0,0.00054664,-0.00054664,-0,0,0.00054675,-0.0005464,-0,0,0.00054989,-0.00053927,-0,0,0.0005072,-0.00073141,-0.00020479,0,4.3615e-05,-0.00064791,-0.00024111,0,0,-3.2825e-05,-0,0,0,-0,-0,0,0,-0,-0,0,0,-0,-0,0,0,-0,-0,0,2.9219e-05,-0,0,0.00074303,0.0020234,0
-0.0044529,-0.00098819,0.00028255,0.0033115,-0.0034734,-0.00055753,0.00053095,0.0034259,-0.0034311,-0.00054012,0.00053928,0.0034295,-0.0034297,-0.00053955,0.00053955,0.0034297,-0.0034297,-0.00053956,0.00053954,0.0034297,-0.0034297,-0.0005396,0.00053949,0.0034297,-0.0034297,-0.00053956,0.00053945,0.0034297,-0.0034297,-0.00053953,0.00053946,0.0034297,-0.0034296,-0.00053955,0.00053947,0.0034297,-0.0034297,-0.00053955,0.00053951,0.0034297,-0.0034297,-0.00053957,0.0005395,0.0034297,-0.0034297,-0.00053957,0.00053947,0.0034297,-0.0034297,-0.00053953,0.00053948,0.0034297,-0.0034297,-0.00053951,0.00053951,0.0034297,-0.0034297,-0.00053951,0.00053958,0.0034298,-0.0034294,-0.00053907,0.00054037,0.003432,-0.0034223,-0.0005223,0.00056756,0.0034642,-0.0036991,-0.00099803,0,0.0019909,-0.0025288,-0.000726,0,0.00088398,-0.0011903,-0,0,0.001136,-0.0011538,-0,0,0.0010946,-0.0011101,-0,0,0.0010704,-0.0010824,-0,0,0.0010481,-0.0010457,-0,0,0.0011592,-0.00069932,-0,0.0012349,0.0042702,0.0017509
-0.026219,-0.0040042,0.0032618,0.023972,-0.024099,-0.0034432,0.0034256,0.024065,-0.02407,-0.0034315,0.003431,0.024068,-0.024069,-0.0034311,0.0034312,0.024069,-0.024069,-0.0034311,0.0034311,0.024069,-0.024069,-0.0034311,0.0034311,0.024069,-0.024069,-0.0034311,0.0034311,0.024069,-0.024069,-0.0034311,0.0034311,0.024069,-0.024068,-0.0034311,0.0034311,0.024069,-0.024069,-0.0034311,0.0034311,0.024069,-0.024068,-0.0034312,0.0034311,0.024069,-0.024068,-0.0034312,0.0034311,0.024069,-0.024068,-0.0034311,0.0034311,0.024069,-0.024068,-0.0034311,0.0034311,0.024068,-0.024068,-0.0034311,0.0034312,0.024069,-0.024068,-0.0034308,0.0034314,0.024069,-0.024062,-0.0034139,0.0035258,0.024483,-0.024724,-0.0039566,0.0018161,0.017803,-0.018296,-0.0027225,0.00066517,0.011865,-0.012151,-0.001123,0.001143,0.012272,-0.012283,-0.0011596,0.0010884,0.012054,-0.012068,-0.0011133,0.0010668,0.011919,-0.01193,-0.001086,0.0010419,0.011787,-0.011786,-0.0010417,0.0010584,0.011762,-0.01135,-0.00044548,0.0027165,0.017357,0.012426
-0.0044574,-0.0009853,0.00027797,0.0033143,-0.0034765,-0.00055345,0.00052686,0.0034289,-0.003434,-0.00053603,0.00053521,0.0034325,-0.0034327,-0.00053548,0.00053548,0.0034327,-0.0034327,-0.00053548,0.00053546,0.0034327,-0.0034326,-0.0005355,0.00053544,0.0034327,-0.0034326,-0.00053548,0.00053541,0.0034327,-0.0034326,-0.00053547,0.00053541,0.0034326,-0.0034326,-0.00053546,0.00053541,0.0034326,-0.0034326,-0.00053545,0.00053543,0.0034327,-0.0034326,-0.00053547,0.00053543,0.0034327,-0.0034326,-0.00053547,0.00053542,0.0034327,-0.0034326,-0.00053545,0.00053542,0.0034326,-0.0034326,-0.00053543,0.00053543,0.0034327,-0.0034326,-0.00053541,0.00053554,0.0034329,-0.0034321,-0.00053474,0.00053627,0.0034327,-0.0034312,-0.00052872,0.00054541,0.0034493,-0.003748,-0.0010505,0,0.0019973,-0.0025265,-0.00061914,0,0.00093553,-0.0011707,-0,0,0.001141,-0.0011524,-0,0,0.0010951,-0.0011102,-0,0,0.0010708,-0.0010827,-0,0,0.0010484,-0.001046,-0,0,0.0011587,-0.0007016,-0,0.0012286,0.0042645,0.0017444
-0.0012212,-0.00031693,0,0.00038892,-0.00058927,-0,0,0.00052402,-0.00053037,-0,0,0.00052842,-0.00052858,-0,0,0.00052854,-0.00052854,-0,0,0.00052857,-0.00052851,-0,0,0.00052857,-0.0005285,-0,0,0.00052855,-0.00052849,-0,0,0.00052853,-0.00052849,-0,0,0.00052853,-0.0005285,-0,0,0.00052855,-0.00052851,-0,0,0.00052857,-0.00052852,-0,0,0.00052855,-0.00052852,-0,0,0.00052852,-0.00052852,-0,0,0.00052854,-0.00052848,-0,0,0.00052902,-0.00052747,-0,0,0.00052862,-0.0005369,-0,0,0.00042166,-0.0008009,-0.00035657,0,0,-0.00038337,-0,0,0,-0,-0,0,0,-0,-0,0,0,-0,-0,0,0,-0,-0,0,0,-0,-0,0,2.6327e-05,-0,0,0.00072912,0.0019953,0
-0.004388,-0.00097139,0.00026388,0.0032458,-0.003408,-0.00053951,0.00051288,0.0033604,-0.0033655,-0.00052206,0.00052124,0.003364,-0.0033642,-0.00052149,0.0005215,0.0033642,-0.0033642,-0.00052152,0.00052147,0.0033642,-0.0033641,-0.00052154,0.00052141,0.0033642,-0.0033641,-0.00052149,0.00052139,0.0033642,-0.0033642,-0.00052146,0.00052141,0.0033642,-0.0033641,-0.00052147,0.00052141,0.0033642,-0.0033642,-0.00052148,0.00052144,0.0033642,-0.0033642,-0.0005215,0.00052142,0.0033642,-0.0033642,-0.00052149,0.0005214,0.0033642,-0.0033641,-0.00052146,0.00052142,0.0033642,-0.0033641,-0.00052144,0.00052145,0.0033642,-0.0033641,-0.00052134,0.00052168,0.0033647,-0.0033627,-0.00051794,0.00052718,0.0033748,-0.0033909,-0.00055818,0.0004616,0.0032162,-0.0035853,-0.0011255,0,0.0012848,-0.0017868,-0.00030312,0,0.0010217,-0.0011759,-0,0,0.0011271,-0.0011395,-0,0,0.0010882,-0.0011027,-0,0,0.0010643,-0.001076,-0,0,0.0010417,-0.0010391,-0,0,0.0011537,-0.00069828,-0,0.0012178,0.0042262,0.0016821
-0.025883,-0.0039396,0.0031958,0.023634,-0.023761,-0.0033777,0.0033601,0.023727,-0.023732,-0.003366,0.0033655,0.02373,-0.023731,-0.0033656,0.0033656,0.023731,-0.023731,-0.0033656,0.0033656,0.023731,-0.023731,-0.0033656,0.0033656,0.023731,-0.023731,-0.0033656,0.0033656,0.023731,-0.023731,-0.0033656,0.0033656,0.023731,-0.023731,-0.0033656,0.0033656,0.023731,-0.023731,-0.0033656,0.0033656,0.023731,-0.023731,-0.0033656,0.0033656,0.023731,-0.02373,-0.0033656,0.0033655,0.023731,-0.02373,-0.0033656,0.0033655,0.023731,-0.02373,-0.0033656,0.0033656,0.023731,-0.02373,-0.0033655,0.0033658,0.023731,-0.023729,-0.0033617,0.0033815,0.023797,-0.023821,-0.0034179,0.0032695,0.023423,-0.023783,-0.003923,0.00099756,0.014329,-0.014783,-0.0018019,0.00094772,0.012127,-0.012246,-0.0011451,0.0011266,0.012208,-0.012219,-0.0011455,0.0010831,0.012018,-0.012031,-0.001106,0.0010608,0.011887,-0.011898,-0.0010797,0.0010354,0.011754,-0.011752,-0.0010347,0.001054,0.011738,-0.01133,-0.00044724,0.0026923,0.017265,0.012083
-0.0043924,-0.00096851,0.00025937,0.0032485,-0.0034111,-0.00053548,0.00050885,0.0033633,-0.0033685,-0.00051802,0.00051721,0.003367,-0.0033672,-0.00051746,0.00051747,0.0033671,-0.0033671,-0.00051748,0.00051745,0.0033671,-0.0033671,-0.00051749,0.00051743,0.0033671,-0.0033671,-0.00051746,0.00051741,0.0033671,-0.0033671,-0.00051745,0.00051742,0.0033671,-0.0033671,-0.00051745,0.00051741,0.0033671,-0.0033671,-0.00051745,0.00051742,0.0033671,-0.0033671,-0.00051746,0.00051742,0.0033671,-0.0033671,-0.00051746,0.0005174,0.0033671,-0.0033671,-0.00051743,0.0005174,0.0033671,-0.0033671,-0.00051741,0.00051743,0.0033671,-0.003367,-0.00051722,0.00051789,0.0033682,-0.0033644,-0.00051272,0.00052352,0.0033698,-0.0034151,-0.0005894,0.00040558,0.0032039,-0.0036215,-0.0011255,0,0.0013093,-0.0017746,-0.00021475,0,0.0010602,-0.0011621,-0,0,0.0011268,-0.00114,-0,0,0.0010889,-0.0011028,-0,0,0.0010646,-0.0010763,-0,0,0.001042,-0.0010393,-0,0,0.0011532,-0.00070054,-0,0.0012114,0.0042205,0.0016757
-0.0012096,-0.0003102,0,0.00037066,-0.00057147,-0,0,0.00050609,-0.00051246,-0,0,0.00051049,-0.00051067,-0,0,0.00051062,-0.00051062,-0,0,0.00051064,-0.0005106,-0,0,0.00051063,-0.00051059,-0,0,0.00051061,-0.00051058,-0,0,0.0005106,-0.00051059,-0,0,0.00051061,-0.00051058,-0,0,0.00051061,-0.00051058,-0,0,0.00051064,-0.00051059,-0,0,0.00051063,-0.0005106,-0,0,0.0005106,-0.00051059,-0,0,0.00051067,-0.00051046,-0,0,0.00051251,-0.00050637,-0,0,0.00050005,-0.00057855,-0,0,0.00026351,-0.00076115,-0.00036059,0,0,-0.00015988,-0,0,0,-0,-0,0,0,-0,-0,0,0,-0,-0,0,0,-0,-0,0,0,-0,-0,0,2.3692e-05,-0,0,0.00071511,0.0019673,0
-0.0043237,-0.00095471,0.00024544,0.0031806,-0.0033433,-0.00052167,0.000495,0.0032955,-0.0033007,-0.00050416,0.00050337,0.0032991,-0.0032993,-0.0005036,0.00050362,0.0032993,-0.0032993,-0.00050363,0.00050359,0.0032993,-0.0032993,-0.00050364,0.00050356,0.0032993,-0.0032993,-0.0005036,0.00050353,0.0032993,-0.0032993,-0.00050358,0.00050355,0.0032993,-0.0032993,-0.0005036,0.00050354,0.0032993,-0.0032993,-0.0005036,0.00050356,0.0032993,-0.0032993,-0.00050362,0.00050354,0.0032993,-0.0032993,-0.00050362,0.00050351,0.0032993,-0.0032993,-0.00050358,0.00050352,0.0032993,-0.0032992,-0.00050355,0.00050357,0.0032993,-0.0032991,-0.00050326,0.00050426,0.0033011,-0.0032939,-0.00049049,0.00052552,0.0033364,-0.0034294,-0.00069932,0.00018964,0.0026713,-0.0031333,-0.0010055,0,0.00093318,-0.001348,-3.2291e-05,0,0.0011205,-0.0011779,-0,0,0.0011127,-0.0011282,-0,0,0.0010826,-0.0010961,-0,0,0.0010579,-0.0010696,-0,0,0.0010354,-0.0010325,-0,0,0.0011488,-0.00069797,-0,0.0012005,0.0041823,0.001614
-0.02555,-0.0038756,0.0031304,0.023299,-0.023426,-0.0033129,0.0032952,0.023393,-0.023397,-0.0033011,0.0033006,0.023396,-0.023396,-0.0033007,0.0033007,0.023396,-0.023396,-0.0033007,0.0033007,0.023396,-0.023396,-0.0033007,0.0033007,0.023396,-0.023396,-0.0033007,0.0033007,0.023396,-0.023396,-0.0033007,0.0033007,0.023396,-0.023396,-0.0033007,0.0033007,0.023396,-0.023396,-0.0033007,0.0033007,0.023396,-0.023396,-0.0033008,0.0033007,0.023396,-0.023396,-0.0033007,0.0033006,0.023396,-0.023396,-0.0033007,0.0033006,0.023396,-0.023396,-0.0033007,0.0033007,0.023396,-0.023396,-0.0033005,0.0033012,0.023397,-0.023389,-0.0032864,0.0033659,0.02367,-0.023775,-0.0035479,0.0026427,0.020908,-0.021348,-0.0034568,0.00062516,0.01239,-0.012791,-0.0012852,0.0011148,0.012323,-0.01236,-0.0011743,0.0011066,0.012145,-0.01216,-0.0011325,0.0010784,0.011986,-0.011998,-0.0010996,0.0010544,0.011854,-0.011864,-0.0010733,0.0010291,0.011721,-0.011719,-0.0010278,0.0010504,0.011717,-0.011313,-0.00044992,0.0026679,0.017172,0.011744
-0.004328,-0.00095188,0.00024095,0.0031834,-0.0033462,-0.00051769,0.000491,0.0032984,-0.0033036,-0.0005002,0.00049936,0.0033021,-0.0033022,-0.00049965,0.00049962,0.0033022,-0.0033022,-0.00049966,0.00049961,0.0033022,-0.0033022,-0.00049967,0.0004996,0.0033022,-0.0033022,-0.00049963,0.00049958,0.0033022,-0.0033022,-0.00049962,0.00049959,0.0033022,-0.0033022,-0.00049963,0.00049958,0.0033022,-0.0033022,-0.00049962,0.0004996,0.0033022,-0.0033022,-0.00049963,0.00049959,0.0033022,-0.0033022,-0.00049963,0.00049957,0.0033022,-0.0033022,-0.0004996,0.00049958,0.0033022,-0.0033022,-0.00049957,0.00049963,0.0033023,-0.003302,-0.0004992,0.00050049,0.0033044,-0.003296,-0.0004863,0.00051934,0.0033253,-0.0034697,-0.00075361,0.00010035,0.0026658,-0.0031484,-0.00093984,0,0.00097471,-0.0013312,-0,0,0.0011393,-0.0011715,-0,0,0.0011125,-0.0011287,-0,0,0.0010832,-0.0010962,-0,0,0.0010582,-0.0010699,-0,0,0.0010358,-0.0010327,-0,0,0.0011483,-0.00070022,-0,0.0011942,0.0041766,0.0016077
-0.0011981,-0.00030356,0,0.00035259,-0.00055386,-0,0,0.00048836,-0.00049474,-0,0,0.00049278,-0.00049293,-0,0,0.0004929,-0.00049288,-0,0,0.0004929,-0.00049287,-0,0,0.00049289,-0.00049286,-0,0,0.00049288,-0.00049287,-0,0,0.00049288,-0.00049286,-0,0,0.00049287,-0.00049286,-0,0,0.00049289,-0.00049286,-0,0,0.00049291,-0.00049287,-0,0,0.0004929,-0.00049287,-0,0,0.00049287,-0.00049287,-0,0,0.00049299,-0.00049264,-0,0,0.00049588,-0.0004863,-0,0,0.00045669,-0.00065941,-0.00014321,0,3.6896e-05,-0.00058504,-0.00017817,0,0,-2.8006e-05,-0,0,0,-0,-0,0,0,-0,-0,0,0,-0,-0,0,0,-0,-0,0,0,-0,-0,0,2.1153e-05,-0,0,0.00070111,0.0019396,0
-0.0042603,-0.0009383,0.0002272,0.0031164,-0.0032794,-0.00050407,0.00047736,0.0032315,-0.0032367,-0.00048654,0.00048573,0.0032351,-0.0032353,-0.00048598,0.00048598,0.0032353,-0.0032353,-0.000486,0.00048597,0.0032353,-0.0032352,-0.00048601,0.00048594,0.0032353,-0.0032353,-0.00048598,0.00048591,0.0032353,-0.0032353,-0.00048597,0.00048593,0.0032353,-0.0032353,-0.00048598,0.00048592,0.0032353,-0.0032353,-0.00048598,0.00048594,0.0032353,-0.0032353,-0.00048601,0.00048592,0.0032353,-0.0032353,-0.000486,0.00048589,0.0032353,-0.0032352,-0.00048596,0.00048592,0.0032353,-0.0032352,-0.00048592,0.00048599,0.0032354,-0.003235,-0.00048546,0.00048693,0.0032377,-0.0032289,-0.0004708,0.00050992,0.0032637,-0.0034758,-0.00089942,0,0.0019303,-0.0024181,-0.00065545,0,0.00092447,-0.0012033,-0,0,0.0011448,-0.0011638,-0,0,0.0011023,-0.0011185,-0,0,0.001077,-0.0010897,-0,0,0.0010514,-0.0010631,-0,0,0.0010295,-0.0010261,-0,0,0.001144,-0.00069785,-0,0.0011832,0.0041388,0.0015468
-0.025221,-0.0038125,0.0030658,0.022969,-0.023096,-0.0032489,0.0032311,0.023062,-0.023067,-0.0032371,0.0032365,0.023065,-0.023066,-0.0032367,0.0032367,0.023066,-0.023066,-0.0032367,0.0032367,0.023066,-0.023066,-0.0032367,0.0032367,0.023066,-0.023066,-0.0032367,0.0032366,0.023066,-0.023066,-0.0032367,0.0032366,0.023066,-0.023066,-0.0032367,0.0032367,0.023066,-0.023066,-0.0032367,0.0032367,0.023066,-0.023066,-0.0032367,0.0032366,0.023066,-0.023065,-0.0032367,0.0032366,0.023066,-0.023065,-0.0032367,0.0032366,0.023066,-0.023065,-0.0032367,0.0032367,0.023066,-0.023065,-0.0032363,0.0032374,0.023068,-0.02306,-0.0032211,0.0033194,0.023426,-0.023642,-0.0037081,0.0017724,0.017381,-0.017829,-0.0025921,0.0007269,0.01199,-0.012249,-0.0011441,0.0011503,0.01232,-0.012333,-0.0011697,0.001096,0.012096,-0.01211,-0.0011219,0.0010733,0.011955,-0.011966,-0.0010934,0.0010479,0.011821,-0.011831,-0.0010666,0.0010232,0.01169,-0.011687,-0.0010211,0.001047,0.011696,-0.011297,-0.00045279,0.0026435,0.017081,0.01141
-0.0042654,-0.00093582,0.00022263,0.003119,-0.0032823,-0.00050015,0.0004734,0.0032344,-0.0032396,-0.0004826,0.00048178,0.003238,-0.0032382,-0.00048205,0.00048204,0.0032382,-0.0032382,-0.00048206,0.00048205,0.0032382,-0.0032381,-0.00048206,0.00048203,0.0032382,-0.0032382,-0.00048204,0.00048201,0.0032382,-0.0032382,-0.00048204,0.00048201,0.0032382,-0.0032382,-0.00048203,0.00048201,0.0032382,-0.0032382,-0.00048203,0.00048202,0.0032382,-0.0032382,-0.00048206,0.000482,0.0032382,-0.0032381,-0.00048206,0.00048198,0.0032382,-0.0032381,-0.00048203,0.000482,0.0032382,-0.0032381,-0.00048199,0.00048208,0.0032383,-0.0032378,-0.00048143,0.00048291,0.0032393,-0.0032353,-0.00047325,0.00049425,0.0032519,-0.0035171,-0.00094591,0,0.0019345,-0.0024173,-0.00056618,0,0.0009675,-0.0011874,-0,0,0.0011497,-0.0011625,-0,0,0.0011029,-0.0011187,-0,0,0.0010775,-0.00109,-0,0,0.0010517,-0.0010633,-0,0,0.0010299,-0.0010263,-0,0,0.0011435,-0.00070013,-0,0.0011767,0.0041325,0.0015407
-0.0011877,-0.0002977,0,0.00033459,-0.00053652,-0,0,0.00047082,-0.00047723,-0,0,0.00047525,-0.00047542,-0,0,0.00047537,-0.00047536,-0,0,0.00047537,-0.00047535,-0,0,0.00047536,-0.00047535,-0,0,0.00047536,-0.00047534,-0,0,0.00047534,-0.00047534,-0,0,0.00047534,-0.00047534,-0,0,0.00047537,-0.00047533,-0,0,0.00047538,-0.00047534,-0,0,0.00047537,-0.00047534,-0,0,0.00047536,-0.00047532,-0,0,0.00047566,-0.00047469,-0,0,0.00047634,-0.00047773,-0,0,0.00039062,-0.00072237,-0.00027746,0,0,-0.00036342,-0,0,0,-0,-0,0,0,-0,-0,0,0,-0,-0,0,0,-0,-0,0,0,-0,-0,0,0,-0,-0,0,1.8549e-05,-0,0,0.00068654,0.0019112,0
-0.0042049,-0.00092402,0.00020853,0.0030525,-0.0032162,-0.00048667,0.00045989,0.0031681,-0.0031733,-0.00046906,0.00046829,0.0031717,-0.003172,-0.00046851,0.00046855,0.0031719,-0.0031719,-0.00046853,0.00046853,0.0031719,-0.0031719,-0.00046854,0.00046849,0.0031719,-0.0031719,-0.00046853,0.00046846,0.003172,-0.0031719,-0.0004685,0.00046847,0.0031719,-0.0031719,-0.0004685,0.00046846,0.0031719,-0.0031719,-0.00046852,0.00046847,0.0031719,-0.0031719,-0.00046855,0.00046845,0.0031719,-0.0031719,-0.00046854,0.00046844,0.0031719,-0.0031719,-0.0004685,0.00046847,0.0031719,-0.0031718,-0.00046842,0.0004686,0.0031722,-0.003171,-0.00046655,0.0004716,0.0031777,-0.0031841,-0.00048386,0.00044241,0.0030941,-0.0034123,-0.0010133,0,0.0013823,-0.0018452,-0.00032373,0,0.0010252,-0.0011816,-0,0,0.0011364,-0.0011491,-0,0,0.0010949,-0.00111,-0,0,0.0010712,-0.0010834,-0,0,0.001045,-0.0010564,-0,0,0.0010246,-0.0010207,-0,0,0.0011392,-0.00069787,-0,0.0011642,0.0040885,0.0014746
-0.024898,-0.0037513,0.0030013,0.022641,-0.022769,-0.0031856,0.0031677,0.022735,-0.02274,-0.0031737,0.0031731,0.022738,-0.022739,-0.0031732,0.0031733,0.022739,-0.022739,-0.0031733,0.0031733,0.022739,-0.022739,-0.0031733,0.0031733,0.022739,-0.022739,-0.0031733,0.0031733,0.022739,-0.022739,-0.0031733,0.0031733,0.022739,-0.022739,-0.0031733,0.0031733,0.022739,-0.022739,-0.0031733,0.0031733,0.022739,-0.022739,-0.0031733,0.0031732,0.022739,-0.022739,-0.0031733,0.0031732,0.022739,-0.022739,-0.0031733,0.0031732,0.022739,-0.022738,-0.0031732,0.0031734,0.022739,-0.022737,-0.0031711,0.0031813,0.022772,-0.022784,-0.0031967,0.0031517,0.022711,-0.023018,-0.0037019,0.0011398,0.0147,-0.01511,-0.0018816,0.00093644,0.012148,-0.012276,-0.00115,0.0011367,0.012256,-0.012267,-0.0011556,0.0010894,0.012055,-0.012068,-0.0011131,0.0010677,0.011923,-0.011934,-0.0010873,0.0010413,0.011787,-0.011797,-0.0010597,0.0010184,0.011663,-0.01166,-0.0010156,0.0010433,0.011676,-0.011282,-0.00045596,0.0026183,0.016988,0.011087
-0.0042107,-0.00092215,0.00020371,0.003055,-0.0032192,-0.00048281,0.00045596,0.0031709,-0.0031762,-0.00046517,0.00046439,0.0031746,-0.0031748,-0.00046462,0.00046465,0.0031747,-0.0031748,-0.00046462,0.00046464,0.0031748,-0.0031748,-0.00046463,0.00046462,0.0031748,-0.0031748,-0.00046463,0.0004646,0.0031748,-0.0031748,-0.0004646,0.0004646,0.0031747,-0.0031748,-0.0004646,0.0004646,0.0031748,-0.0031748,-0.00046462,0.00046461,0.0031748,-0.0031747,-0.00046465,0.00046458,0.0031748,-0.0031747,-0.00046464,0.00046457,0.0031748,-0.0031747,-0.00046461,0.00046459,0.0031748,-0.0031747,-0.00046447,0.0004649,0.0031754,-0.003173,-0.00046179,0.000468,0.0031751,-0.0032017,-0.0005045,0.00040209,0.0030846,-0.003443,-0.0010193,0,0.0014003,-0.0018362,-0.00024939,0,0.0010579,-0.0011699,-0,0,0.0011364,-0.0011496,-0,0,0.0010956,-0.0011101,-0,0,0.0010716,-0.0010837,-0,0,0.0010454,-0.0010566,-0,0,0.0010249,-0.0010209,-0,0,0.0011387,-0.00069986,-0,0.0011584,0.0040822,0.0014689
-0.00118,-0.00029317,0,0.00031648,-0.00051942,-0,0,0.00045347,-0.00045987,-0,0,0.0004579,-0.00045806,-0,0,0.00045801,-0.000458,-0,0,0.00045801,-0.000458,-0,0,0.00045801,-0.00045799,-0,0,0.000458,-0.00045799,-0,0,0.00045799,-0.000458,-0,0,0.00045799,-0.00045801,-0,0,0.00045803,-0.00045799,-0,0,0.00045803,-0.000458,-0,0,0.00045803,-0.00045801,-0,0,0.00045804,-0.00045791,-0,0,0.00045929,-0.00045509,-0,0,0.0004516,-0.00050172,-0,0,0.00027263,-0.00070265,-0.00029807,0,0,-0.00017664,-0,0,0,-0,-0,0,0,-0,-0,0,0,-0,-0,0,0,-0,-0,0,0,-0,-0,0,0,-0,-0,0,1.582e-05,-0,0,0.0006736,0.0018843,0
-0.0041577,-0.00091246,0.00018925,0.0029892,-0.0031537,-0.00046946,0.00044263,0.0031054,-0.0031106,-0.0004518,0.00045104,0.0031091,-0.0031093,-0.00045125,0.00045129,0.0031092,-0.0031093,-0.00045127,0.00045127,0.0031092,-0.0031092,-0.00045128,0.00045122,0.0031093,-0.0031092,-0.00045126,0.00045121,0.0031093,-0.0031092,-0.00045123,0.00045122,0.0031092,-0.0031092,-0.00045124,0.00045122,0.0031092,-0.0031092,-0.00045126,0.00045122,0.0031093,-0.0031092,-0.00045128,0.00045121,0.0031093,-0.0031092,-0.00045127,0.0004512,0.0031093,-0.0031092,-0.00045123,0.00045121,0.0031093,-0.0031091,-0.00045099,0.00045169,0.0031105,-0.0031054,-0.00044188,0.00046681,0.0031361,-0.0031979,-0.00058252,0.00024064,0.0026786,-0.0030795,-0.00094991,0,0.0010201,-0.0014182,-7.0279e-05,0,0.0011162,-0.0011849,-0,0,0.001122,-0.0011374,-0,0,0.0010892,-0.0011031,-0,0,0.0010649,-0.001077,-0,0,0.0010386,-0.0010494,-0,0,0.0010206,-0.0010161,-0,0,0.0011336,-0.00069619,-0,0.0011509,0.00405,0.0013914
-0.02459,-0.0036938,0.0029375,0.022318,-0.022446,-0.0031228,0.003105,0.022412,-0.022416,-0.003111,0.0031105,0.022415,-0.022415,-0.0031106,0.0031106,0.022415,-0.022415,-0.0031106,0.0031106,0.022415,-0.022415,-0.0031106,0.0031106,0.022415,-0.022415,-0.0031106,0.0031106,0.022415,-0.022415,-0.0031106,0.0031106,0.022415,-0.022415,-0.0031106,0.0031106,0.022415,-0.022415,-0.0031106,0.0031106,0.022415,-0.022415,-0.0031106,0.0031105,0.022415,-0.022415,-0.0031106,0.0031105,0.022415,-0.022415,-0.0031106,0.0031105,0.022415,-0.022415,-0.0031104,0.0031109,0.022416,-0.02241,-0.0031002,0.0031565,0.022608,-0.022679,-0.0032792,0.0026784,0.0208,-0.021182,-0.0033828,0.00073792,0.012769,-0.013148,-0.0013725,0.0010995,0.012337,-0.012384,-0.0011782,0.0011166,0.012192,-0.012206,-0.0011422,0.0010845,0.012022,-0.012034,-0.0011064,0.0010614,0.01189,-0.011901,-0.0010809,0.0010348,0.011753,-0.011763,-0.0010521,0.001015,0.011641,-0.011637,-0.0010107,0.0010383,0.011651,-0.011261,-0.00045638,0.0026072,0.016956,0.010707
-0.0041629,-0.00090717,0.00018667,0.0029932,-0.003156,-0.00046528,0.00043891,0.0031083,-0.0031134,-0.00044791,0.00044717,0.0031119,-0.0031121,-0.00044738,0.00044742,0.003112,-0.0031121,-0.00044739,0.00044741,0.0031121,-0.0031121,-0.00044741,0.00044739,0.0031121,-0.0031121,-0.00044739,0.00044736,0.0031121,-0.0031121,-0.00044737,0.00044738,0.0031121,-0.0031121,-0.00044739,0.00044738,0.0031121,-0.0031121,-0.00044741,0.00044738,0.0031121,-0.003112,-0.00044743,0.00044735,0.0031121,-0.003112,-0.00044742,0.00044733,0.0031121,-0.003112,-0.00044738,0.00044736,0.0031121,-0.0031119,-0.00044707,0.00044806,0.0031138,-0.003107,-0.00043709,0.00046234,0.0031278,-0.0032308,-0.00062677,0.00016711,0.0026727,-0.0030965,-0.0009027,0,0.0010541,-0.0014041,-2.2222e-05,0,0.0011361,-0.0011782,-0,0,0.0011218,-0.0011379,-0,0,0.0010898,-0.0011032,-0,0,0.0010652,-0.0010772,-0,0,0.0010391,-0.001049,-0,0,0.0010214,-0.0010153,-0,0,0.0011313,-0.00070132,-0,0.0011384,0.0040434,0.0013875
-0.0011585,-0.00027877,0,0.00030235,-0.0005008,-0,0,0.00043651,-0.00044263,-0,0,0.00044075,-0.0004409,-0,0,0.00044086,-0.00044085,-0,0,0.00044087,-0.00044085,-0,0,0.00044087,-0.00044084,-0,0,0.00044085,-0.00044084,-0,0,0.00044084,-0.00044086,-0,0,0.00044085,-0.00044087,-0,0,0.00044088,-0.00044085,-0,0,0.00044089,-0.00044086,-0,0,0.00044087,-0.00044085,-0,0,0.00044092,-0.00044068,-0,0,0.00044345,-0.0004348,-0,0,0.00041665,-0.00056671,-4.3249e-05,0,8.3511e-05,-0.00056963,-0.00016773,0,0,-4.4142e-05,-0,0,0,-0,-0,0,0,-0,-0,0,0,-0,-0,0,0,-0,-0,0,0,-0,-0,0,0,-0,-0,0,1.9179e-05,-0,0,0.0006437,0.0018492,0
-0.0040675,-0.00088448,0.00018246,0.0029324,-0.0030894,-0.00045138,0.00042617,0.0030438,-0.0030486,-0.0004347,0.00043399,0.0030472,-0.0030474,-0.00043419,0.00043421,0.0030473,-0.0030473,-0.00043421,0.00043419,0.0030474,-0.0030473,-0.00043422,0.00043415,0.0030474,-0.0030473,-0.00043419,0.00043413,0.0030474,-0.0030473,-0.00043417,0.00043415,0.0030473,-0.0030473,-0.00043418,0.00043414,0.0030473,-0.0030473,-0.00043419,0.00043415,0.0030473,-0.0030473,-0.0004342,0.00043414,0.0030474,-0.0030473,-0.00043419,0.00043412,0.0030473,-0.0030473,-0.00043414,0.00043415,0.0030474,-0.0030472,-0.0004338,0.00043484,0.0030492,-0.0030406,-0.0004185,0.00045999,0.0030847,-0.0032457,-0.00075653,0,0.00204,-0.0024765,-0.00067501,0,0.00094309,-0.0012273,-0,0,0.0011499,-0.0011745,-0,0,0.0011101,-0.0011267,-0,0,0.0010838,-0.0010967,-0,0,0.0010584,-0.0010703,-0,0,0.0010319,-0.0010414,-0,0,0.0010391,-0.0010332,-0,0,0.0011805,-0.00078344,-0,0.0010924,0.0039464,0.0013807
-0.024211,-0.0036079,0.0028909,0.022009,-0.022123,-0.0030592,0.003044,0.022093,-0.022097,-0.003049,0.0030486,0.022096,-0.022096,-0.0030487,0.0030487,0.022096,-0.022096,-0.0030487,0.0030487,0.022096,-0.022096,-0.0030487,0.0030487,0.022096,-0.022096,-0.0030487,0.0030487,0.022096,-0.022096,-0.0030487,0.0030487,0.022096,-0.022096,-0.0030487,0.0030487,0.022096,-0.022096,-0.0030487,0.0030487,0.022096,-0.022096,-0.0030487,0.0030486,0.022096,-0.022096,-0.0030487,0.0030486,0.022096,-0.022096,-0.0030487,0.0030486,0.022096,-0.022096,-0.0030485,0.0030488,0.022096,-0.022088,-0.0030323,0.00313,0.022445,-0.022613,-0.0034296,0.0019289,0.017776,-0.018179,-0.0026699,0.00073768,0.012096,-0.012361,-0.0011701,0.0011543,0.012364,-0.012381,-0.0011794,0.0011035,0.012136,-0.012151,-0.0011302,0.0010799,0.011991,-0.012002,-0.0011,0.0010551,0.011857,-0.011867,-0.0010741,0.0010276,0.011717,-0.011729,-0.0010436,0.0010345,0.011728,-0.011733,-0.0010311,0.0010983,0.011948,-0.011605,-0.00058082,0.0024916,0.016612,0.010677
-0.0040257,-0.000821,0.00021029,0.0029544,-0.0030853,-0.00044419,0.00042372,0.0030472,-0.0030512,-0.00043078,0.0004302,0.00305,-0.0030502,-0.00043037,0.0004304,0.0030501,-0.0030502,-0.00043039,0.00043039,0.0030502,-0.0030501,-0.0004304,0.00043036,0.0030502,-0.0030501,-0.00043038,0.00043035,0.0030502,-0.0030502,-0.00043036,0.00043037,0.0030501,-0.0030501,-0.00043038,0.00043036,0.0030502,-0.0030501,-0.0004304,0.00043036,0.0030502,-0.0030501,-0.00043042,0.00043033,0.0030502,-0.0030501,-0.0004304,0.00043032,0.0030502,-0.0030501,-0.00043035,0.00043038,0.0030502,-0.0030498,-0.00042991,0.00043103,0.003051,-0.0030461,-0.00041983,0.00044634,0.0030733,-0.003286,-0.00080341,0,0.0020426,-0.0024781,-0.00059128,0,0.00098485,-0.0012117,-0,0,0.0011568,-0.0011726,-0,0,0.0011106,-0.0011269,-0,0,0.0010845,-0.0010963,-0,0,0.0010591,-0.0010699,-0,0,0.0010292,-0.0010497,-0,0,0.0010265,-0.0010568,-0,0,0.0011591,-0.00081459,-0,0.0010299,0.003976,0.0014394
-0.0008717,-0.00011754,0,0.00032662,-0.00046634,-0,0,0.00042078,-0.00042523,-0,0,0.00042388,-0.00042397,-0,0,0.00042395,-0.00042392,-0,0,0.00042395,-0.00042392,-0,0,0.00042395,-0.00042392,-0,0,0.00042392,-0.00042394,-0,0,0.00042393,-0.00042395,-0,0,0.00042394,-0.00042395,-0,0,0.00042396,-0.00042392,-0,0,0.00042395,-0.00042391,-0,0,0.00042394,-0.00042389,-0,0,0.00042416,-0.00042337,-0,0,0.00042511,-0.00042477,-0,0,0.00035622,-0.00063157,-0.00017829,0,0,-0.00035974,-0,0,0,-0,-0,0,0,-0,-0,0,0,-0,-0,0,0,-0,-0,0,0,-0,-0,0,0,-0,-0,0,0,-0,-0,0,0,-0,0,0.00046404,0.0016647,9.3321e-05
-0.0033567,-0.00062749,0.0002847,0.0029186,-0.0030112,-0.00042824,0.00041213,0.0029837,-0.0029869,-0.00041766,0.00041716,0.002986,-0.0029861,-0.00041732,0.00041732,0.0029861,-0.0029861,-0.00041734,0.0004173,0.0029861,-0.0029861,-0.00041734,0.00041726,0.0029861,-0.0029861,-0.00041731,0.00041725,0.0029861,-0.0029861,-0.00041729,0.00041727,0.0029861,-0.0029861,-0.0004173,0.00041726,0.0029861,-0.0029861,-0.00041731,0.00041727,0.0029861,-0.0029861,-0.00041732,0.00041725,0.0029861,-0.002986,-0.0004173,0.00041724,0.0029861,-0.002986,-0.0004172,0.00041736,0.0029863,-0.0029853,-0.00041554,0.00042,0.0029913,-0.0029956,-0.00042857,0.00039838,0.002925,-0.0031966,-0.00088965,0,0.0014191,-0.0018372,-0.00032187,0,0.001038,-0.0011953,-0,0,0.0011449,-0.0011592,-0,0,0.0011019,-0.0011174,-0,0,0.0010775,-0.0010888,-0,0,0.0010754,-0.0010879,-0,0,0.0010814,-0.0011322,-0,0,0.00086891,-0.0010089,-0,0,0.00062068,-0.00037572,-0,0.00061795,0.0027902,0.002533
-0.022622,-0.0032018,0.0029235,0.021738,-0.021793,-0.0029929,0.0029848,0.021778,-0.021781,-0.0029876,0.0029874,0.02178,-0.02178,-0.0029874,0.0029875,0.02178,-0.02178,-0.0029874,0.0029874,0.02178,-0.02178,-0.0029874,0.0029874,0.02178,-0.02178,-0.0029874,0.0029874,0.02178,-0.02178,-0.0029874,0.0029874,0.02178,-0.02178,-0.0029874,0.0029874,0.02178,-0.02178,-0.0029874,0.0029874,0.02178,-0.02178,-0.0029875,0.0029874,0.02178,-0.02178,-0.0029874,0.0029873,0.02178,-0.02178,-0.0029873,0.0029875,0.02178,-0.021779,-0.0029855,0.0029943,0.021809,-0.021818,-0.0030061,0.0029749,0.021781,-0.022047,-0.003454,0.0012097,0.014755,-0.015126,-0.0018792,0.00095427,0.012218,-0.012343,-0.0011642,0.0011449,0.012305,-0.012317,-0.0011655,0.0010962,0.012092,-0.012106,-0.0011204,0.0010736,0.011955,-0.011968,-0.0010923,0.0010729,0.011938,-0.011962,-0.0010976,0.0010841,0.012008,-0.01208,-0.0012021,0.00081309,0.010918,-0.011069,-0.0011209,0.00036733,0.0084864,-0.0083134,-0.00016404,0.0012902,0.010453,0.016746
-0.0033056,-0.00054987,0.00032009,0.002945,-0.0030055,-0.00042032,0.00041004,0.0029873,-0.0029895,-0.00041376,0.00041346,0.0029888,-0.0029889,-0.00041354,0.00041357,0.0029889,-0.0029889,-0.00041355,0.00041355,0.0029889,-0.0029889,-0.00041357,0.00041353,0.0029889,-0.0029889,-0.00041354,0.00041352,0.0029889,-0.0029889,-0.00041352,0.00041354,0.0029889,-0.0029889,-0.00041354,0.00041352,0.0029889,-0.0029889,-0.00041356,0.00041352,0.0029889,-0.0029889,-0.00041358,0.00041348,0.0029889,-0.0029888,-0.00041356,0.00041348,0.0029889,-0.0029888,-0.00041341,0.00041375,0.0029895,-0.0029873,-0.00041103,0.00041649,0.0029891,-0.0030119,-0.00044733,0.00036083,0.0029148,-0.0032296,-0.00090223,0,0.0014353,-0.0018291,-0.00024331,0,0.001073,-0.0011829,-0,0,0.0011456,-0.001159,-0,0,0.0011031,-0.0011168,-0,0,0.0010748,-0.0010976,-0,0,0.0010605,-0.0011184,-0,0,0.0010538,-0.0011709,-0,0,0.00081475,-0.00099759,-0,0,0.00052052,-0.00027689,-0,0.00061695,0.0028082,0.002623
-0.0005176,-0,0,0.00036054,-0.00042811,-0,0,0.00040549,-0.00040792,-0,0,0.00040717,-0.00040724,-0,0,0.00040722,-0.00040721,-0,0,0.00040722,-0.00040722,-0,0,0.00040721,-0.00040723,-0,0,0.00040719,-0.00040724,-0,0,0.0004072,-0.00040724,-0,0,0.0004072,-0.00040721,-0,0,0.00040722,-0.00040718,-0,0,0.00040721,-0.00040716,-0,0,0.00040724,-0.00040709,-0,0,0.00040834,-0.00040459,-0,0,0.00040164,-0.00044559,-0,0,0.00024367,-0.00062438,-0.00021711,0,0,-0.00016296,-0,0,0,-0,-0,0,0,-0,-0,0,0,-0,-0,0,0,-0,-0,0,0,-0,-0,0,0,-0,-0,0,0,-0,-0,0,0,-0,0,0.00038208,0.0015232,0.0004746
-0.0030623,-0.0004829,0.00033776,0.0028926,-0.0029378,-0.00040604,0.00039792,0.0029243,-0.002926,-0.00040082,0.00040058,0.0029255,-0.0029256,-0.00040063,0.00040066,0.0029256,-0.0029256,-0.00040065,0.00040063,0.0029256,-0.0029256,-0.00040065,0.00040061,0.0029256,-0.0029256,-0.00040063,0.0004006,0.0029256,-0.0029256,-0.00040061,0.00040062,0.0029256,-0.0029256,-0.00040063,0.00040061,0.0029256,-0.0029255,-0.00040064,0.0004006,0.0029256,-0.0029255,-0.00040064,0.00040058,0.0029256,-0.0029255,-0.00040062,0.00040058,0.0029256,-0.0029254,-0.0004004,0.00040098,0.0029267,-0.0029221,-0.00039223,0.00041453,0.0029497,-0.0030043,-0.00051718,0.00021356,0.0025422,-0.0028991,-0.00084672,0,0.0010509,-0.0014094,-6.4092e-05,0,0.0011287,-0.0011952,-0,0,0.0011302,-0.0011452,-0,0,0.0011201,-0.0011348,-0,0,0.0011287,-0.0011823,-0,0,0.00088112,-0.0010715,-8.2496e-05,0,0.00034837,-0.0006404,-0,0,0,-0.00010588,-0,0,0,-0,0,0.00067837,0.0025754,0.0029066
-0.021932,-0.0030317,0.0029012,0.021446,-0.021474,-0.0029295,0.0029255,0.021467,-0.021468,-0.002927,0.0029269,0.021468,-0.021468,-0.0029269,0.0029269,0.021468,-0.021468,-0.0029269,0.0029269,0.021468,-0.021468,-0.0029269,0.0029269,0.021468,-0.021468,-0.0029269,0.0029268,0.021468,-0.021468,-0.0029268,0.0029268,0.021468,-0.021468,-0.0029269,0.0029268,0.021468,-0.021468,-0.0029269,0.0029268,0.021468,-0.021468,-0.0029269,0.0029268,0.021468,-0.021468,-0.0029269,0.0029268,0.021468,-0.021468,-0.0029267,0.0029271,0.021468,-0.021463,-0.0029175,0.0029678,0.021639,-0.021703,-0.0030769,0.0025421,0.02003,-0.02037,-0.003169,0.00080123,0.012817,-0.013153,-0.0013697,0.0011139,0.012394,-0.012439,-0.0011891,0.0011242,0.012235,-0.012251,-0.0011497,0.0011164,0.012176,-0.012201,-0.0011441,0.001132,0.012255,-0.012329,-0.0012541,0.00083734,0.011085,-0.011278,-0.0012426,0.00015011,0.0076539,-0.0079539,-0.00076528,0,0.0043041,-0.0045066,-6.4739e-05,0,0.0033607,-0.0030052,-0,0.0013136,0.0086929,0.018313
-0.0030473,-0.00045956,0.00034435,0.0029018,-0.0029382,-0.00040107,0.0003947,0.0029272,-0.0029287,-0.00039704,0.00039685,0.0029282,-0.0029283,-0.0003969,0.00039692,0.0029283,-0.0029283,-0.00039691,0.0003969,0.0029283,-0.0029283,-0.00039692,0.00039687,0.0029283,-0.0029283,-0.00039689,0.00039687,0.0029283,-0.0029284,-0.00039687,0.0003969,0.0029283,-0.0029283,-0.00039688,0.00039688,0.0029283,-0.0029283,-0.0003969,0.00039686,0.0029283,-0.0029283,-0.00039692,0.00039683,0.0029283,-0.0029283,-0.00039691,0.00039684,0.0029284,-0.0029282,-0.00039659,0.00039746,0.0029298,-0.0029238,-0.00038765,0.00041025,0.0029424,-0.0030341,-0.0005565,0.00014736,0.0025367,-0.0029157,-0.00080592,0,0.0010817,-0.0013965,-1.754e-05,0,0.0011482,-0.001188,-0,0,0.0011273,-0.0011539,-0,0,0.0011057,-0.0011666,-0,0,0.0011004,-0.0012226,-9.1994e-06,0,0.00083212,-0.0010691,-6.1494e-05,0,0.00024751,-0.00054069,-0,0,0,-3.0867e-06,-0,0,0,-0,0,0.0007112,0.0025814,0.0029532
-0.00041763,-0,0,0.00035808,-0.00040533,-0,0,0.00038942,-0.00039111,-0,0,0.00039061,-0.00039063,-0,0,0.00039064,-0.00039062,-0,0,0.00039064,-0.00039063,-0,0,0.00039062,-0.00039064,-0,0,0.00039061,-0.00039066,-0,0,0.00039061,-0.00039065,-0,0,0.00039061,-0.00039063,-0,0,0.00039063,-0.0003906,-0,0,0.00039063,-0.0003906,-0,0,0.0003907,-0.00039046,-0,0,0.00039292,-0.00038524,-0,0,0.00036909,-0.00050251,-0,0,7.2183e-05,-0.00050711,-0.00010477,0,0,-3.6145e-05,-0,0,0,-0,-0,0,0,-0,-0,0,0,-0,-0,0,0,-0,-0,0,0,-0,-0,0,0,-0,-0,0,0,-0,-0,0,0,-0,0,0.00045627,0.0015525,0.00055552
-0.0029787,-0.00044484,0.00033423,0.0028405,-0.002875,-0.00038811,0.00038212,0.0028648,-0.0028661,-0.0003843,0.0003841,0.0028657,-0.0028657,-0.00038414,0.00038417,0.0028657,-0.0028658,-0.00038416,0.00038415,0.0028658,-0.0028657,-0.00038417,0.00038414,0.0028658,-0.0028658,-0.00038415,0.00038414,0.0028658,-0.0028658,-0.00038414,0.00038415,0.0028657,-0.0028657,-0.00038415,0.00038414,0.0028657,-0.0028657,-0.00038415,0.00038414,0.0028657,-0.0028657,-0.00038417,0.00038413,0.0028658,-0.0028657,-0.00038414,0.00038413,0.0028658,-0.0028656,-0.00038381,0.00038472,0.0028675,-0.0028598,-0.00037021,0.00040706,0.0028989,-0.003042,-0.00067055,0,0.0019705,-0.0023605,-0.00060221,0,0.00098254,-0.0012382,-0,0,0.0011648,-0.0011902,-0,0,0.0011644,-0.0012219,-5.8248e-06,0,0.00091771,-0.0011029,-0.00010204,0,0.00036596,-0.00066682,-0,0,0,-0.00013635,-0,0,0,-0,-0,0,0,-0,-0,0,0,-0,0,0.00070425,0.0025625,0.0028991
-0.021611,-0.0029656,0.0028464,0.021141,-0.021164,-0.0028691,0.002866,0.021158,-0.021159,-0.0028671,0.002867,0.021159,-0.021159,-0.002867,0.0028671,0.021159,-0.021159,-0.002867,0.002867,0.021159,-0.021159,-0.002867,0.002867,0.021159,-0.021159,-0.002867,0.002867,0.021159,-0.021159,-0.002867,0.002867,0.021159,-0.021159,-0.002867,0.002867,0.021159,-0.021159,-0.002867,0.002867,0.021159,-0.021159,-0.002867,0.002867,0.021159,-0.021159,-0.002867,0.002867,0.021159,-0.021159,-0.0028668,0.0028671,0.021159,-0.021152,-0.0028525,0.0029393,0.021469,-0.021619,-0.0032053,0.0018725,0.017323,-0.017682,-0.002531,0.00080122,0.012215,-0.01245,-0.0011881,0.0011677,0.012439,-0.012468,-0.0011993,0.0011643,0.01245,-0.012531,-0.0012917,0.00087632,0.011308,-0.011505,-0.0012846,0.00016697,0.0077908,-0.0080986,-0.00079645,0,0.0043341,-0.004566,-0.00010987,0,0.0031835,-0.0032765,-0,0,0.0032922,-0.0033029,-0,0,0.0034502,-0.0030235,-0,0.0013066,0.0085885,0.018058
-0.0029801,-0.00043898,0.00033175,0.002844,-0.0028773,-0.0003842,0.00037849,0.0028675,-0.0028687,-0.00038058,0.0003804,0.0028684,-0.0028684,-0.00038045,0.00038046,0.0028684,-0.0028684,-0.00038047,0.00038045,0.0028685,-0.0028684,-0.00038048,0.00038042,0.0028685,-0.0028684,-0.00038044,0.00038041,0.0028685,-0.0028685,-0.00038042,0.00038043,0.0028684,-0.0028684,-0.00038043,0.00038042,0.0028684,-0.0028684,-0.00038044,0.00038041,0.0028685,-0.0028684,-0.00038047,0.0003804,0.0028685,-0.0028684,-0.00038044,0.00038043,0.0028686,-0.0028681,-0.00038,0.00038101,0.0028693,-0.0028649,-0.00037106,0.00039459,0.002889,-0.0030778,-0.00071164,0,0.0019733,-0.0023613,-0.00052623,0,0.0010196,-0.0012253,-0,0,0.0011603,-0.0012166,-0,0,0.001132,-0.0012698,-3.7046e-05,0,0.0008686,-0.0011161,-7.7553e-05,0,0.00026332,-0.00056421,-0,0,0,-2.6861e-05,-0,0,0,-0,-0,0,0,-0,-0,0,0,-0,0,0.00069846,0.0025512,0.0029053
-0.0003929,-0,0,0.00034371,-0.00038799,-0,0,0.00037312,-0.00037465,-0,0,0.00037421,-0.00037422,-0,0,0.00037423,-0.00037422,-0,0,0.00037424,-0.00037423,-0,0,0.00037422,-0.00037424,-0,0,0.0003742,-0.00037422,-0,0,0.00037419,-0.00037422,-0,0,0.00037419,-0.00037421,-0,0,0.00037421,-0.00037419,-0,0,0.00037423,-0.00037418,-0,0,0.00037444,-0.00037372,-0,0,0.00037528,-0.00037499,-0,0,0.00031404,-0.00055838,-0.0001089,0,0,-0.00031761,-0,0,0,-0,-0,0,0,-0,-0,0,0,-0,-0,0,0,-0,-0,0,0,-0,-0,0,0,-0,-0,0,0,-0,-0,0,0,-0,-0,0,0,-0,0,0.00043933,0.0015167,0.00055035
-0.0029044,-0.0004223,0.00032145,0.0027829,-0.0028151,-0.00037154,0.00036595,0.0028057,-0.0028068,-0.00036798,0.00036779,0.0028065,-0.0028066,-0.00036784,0.00036787,0.0028065,-0.0028066,-0.00036785,0.00036785,0.0028066,-0.0028066,-0.00036786,0.00036786,0.0028066,-0.0028066,-0.00036785,0.00036785,0.0028066,-0.0028066,-0.00036783,0.00036786,0.0028065,-0.0028065,-0.00036785,0.00036785,0.0028065,-0.0028065,-0.00036785,0.00036785,0.0028065,-0.0028065,-0.00036787,0.00036783,0.0028066,-0.0028065,-0.0003678,0.00036789,0.0028068,-0.0028059,-0.00036629,0.00037025,0.0028113,-0.0028151,-0.0003779,0.00035083,0.0027519,-0.0029927,-0.00078661,0,0.0014155,-0.0017867,-0.00028126,0,0.0010923,-0.0012429,-0,0,0.0011646,-0.001311,-0.00018098,0,0.00049014,-0.00084375,-3.3079e-05,0,0,-0.00014723,-0,0,0,-0,-0,0,0,-0,-0,0,0,-0,-0,0,0,-0,-0,0,0,-0,0,0.00068035,0.0025077,0.0028658
-0.021274,-0.0028979,0.0027896,0.020837,-0.020858,-0.0028097,0.0028069,0.020853,-0.020854,-0.0028079,0.0028078,0.020854,-0.020854,-0.0028078,0.0028079,0.020854,-0.020854,-0.0028078,0.0028078,0.020854,-0.020854,-0.0028078,0.0028078,0.020854,-0.020854,-0.0028078,0.0028078,0.020854,-0.020854,-0.0028078,0.0028078,0.020854,-0.020854,-0.0028078,0.0028078,0.020854,-0.020854,-0.0028078,0.0028078,0.020854,-0.020854,-0.0028079,0.0028078,0.020854,-0.020854,-0.0028078,0.0028079,0.020854,-0.020853,-0.0028061,0.002814,0.02088,-0.020888,-0.0028244,0.0027962,0.020852,-0.021088,-0.0032208,0.0012299,0.014618,-0.014948,-0.0018197,0.0010242,0.012455,-0.012588,-0.0012337,0.0011773,0.012556,-0.012735,-0.0015173,0.00030275,0.0087951,-0.0091614,-0.001039,0,0.0042818,-0.0045591,-0.00010866,0,0.0032076,-0.0033018,-0,0,0.0033017,-0.0033309,-0,0,0.0033153,-0.0033292,-0,0,0.003226,-0.0032204,-0,0,0.0032572,-0.00283,-0,0.0012687,0.0083359,0.017921
-0.0029051,-0.00041599,0.00031916,0.0027865,-0.0028175,-0.0003677,0.00036234,0.0028083,-0.0028095,-0.00036431,0.00036414,0.0028092,-0.0028092,-0.00036418,0.0003642,0.0028092,-0.0028092,-0.00036421,0.00036419,0.0028092,-0.0028092,-0.00036421,0.00036416,0.0028092,-0.0028092,-0.00036418,0.00036416,0.0028093,-0.0028093,-0.00036416,0.00036417,0.0028092,-0.0028092,-0.00036416,0.00036416,0.0028092,-0.0028092,-0.00036419,0.00036415,0.0028093,-0.0028092,-0.00036422,0.00036415,0.0028093,-0.0028091,-0.00036409,0.00036437,0.0028098,-0.0028078,-0.00036194,0.00036681,0.0028096,-0.0028293,-0.00039369,0.00031783,0.0027434,-0.0030209,-0.00079609,0,0.0014271,-0.0017875,-0.00022609,0,0.0011049,-0.0012775,-6.0933e-06,0,0.0011284,-0.0013558,-0.00017784,0,0.00037331,-0.00074861,-0,0,0,-3.6377e-05,-0,0,0,-0,-0,0,0,-0,-0,0,0,-0,-0,0,0,-0,-0,0,0,-0,0,0.00067295,0.0024945,0.002873
-0.00036549,-0,0,0.00032936,-0.00037097,-0,0,0.00035696,-0.00035842,-0,0,0.00035799,-0.00035802,-0,0,0.00035803,-0.00035802,-0,0,0.00035802,-0.00035803,-0,0,0.000358,-0.00035802,-0,0,0.00035797,-0.00035801,-0,0,0.00035797,-0.000358,-0,0,0.00035797,-0.000358,-0,0,0.000358,-0.00035797,-0,0,0.00035804,-0.0003579,-0,0,0.00035902,-0.00035571,-0,0,0.00035331,-0.00039106,-0,0,0.00021459,-0.00054841,-0.00013831,0,0,-0.00016991,-0,0,0,-3.6697e-05,-0,0,0,-0,-0,0,0,-0,-0,0,0,-0,-0,0,0,-0,-0,0,0,-0,-0,0,0,-0,-0,0,0,-0,-0,0,0,-0,0,0.00041765,0.0014737,0.00054924
-0.0028325,-0.00040021,0.00030856,0.0027257,-0.0027559,-0.00035514,0.00034988,0.002747,-0.0027481,-0.00035181,0.00035163,0.0027478,-0.0027478,-0.00035168,0.00035171,0.0027478,-0.0027478,-0.0003517,0.0003517,0.0027478,-0.0027478,-0.00035169,0.0003517,0.0027478,-0.0027478,-0.00035168,0.0003517,0.0027478,-0.0027478,-0.00035166,0.0003517,0.0027478,-0.0027478,-0.00035168,0.00035169,0.0027478,-0.0027478,-0.00035168,0.00035169,0.0027478,-0.0027478,-0.0003517,0.00035167,0.0027479,-0.0027477,-0.00035149,0.00035204,0.0027489,-0.0027448,-0.00034435,0.0003638,0.0027689,-0.0028153,-0.0004519,0.00018837,0.0024131,-0.0027251,-0.00073869,0,0.0011325,-0.0014907,-0.00014409,0,0.0009466,-0.0012281,-0.00024704,0,0.00014487,-0.0005381,-0,0,0,-0,-0,0,0,-0,-0,0,0,-0,-0,0,0,-0,-0,0,0,-0,-0,0,0,-0,-0,0,0,-0,0,0.00065543,0.0024546,0.0028296
-0.020945,-0.0028322,0.002733,0.020535,-0.020555,-0.0027508,0.0027482,0.02055,-0.020551,-0.0027492,0.0027491,0.020551,-0.020551,-0.0027491,0.0027491,0.020551,-0.020551,-0.0027491,0.0027491,0.020551,-0.020551,-0.0027491,0.0027491,0.020551,-0.020551,-0.0027491,0.0027491,0.020551,-0.020551,-0.0027491,0.0027491,0.020551,-0.020551,-0.0027491,0.0027491,0.020551,-0.020551,-0.0027491,0.0027491,0.020551,-0.020551,-0.0027491,0.0027491,0.020551,-0.020551,-0.0027489,0.0027494,0.020552,-0.020547,-0.0027409,0.0027847,0.0207,-0.020752,-0.0028767,0.0024142,0.019294,-0.019595,-0.0029541,0.00092943,0.013158,-0.013512,-0.0015254,0.00090987,0.011748,-0.012046,-0.0014979,0,0.0065392,-0.0069203,-0.00062469,0,0.0033381,-0.0035368,-0,0,0.0032913,-0.003336,-0,0,0.0033399,-0.0033544,-0,0,0.0032373,-0.003248,-0,0,0.0031465,-0.0031554,-0,0,0.0030716,-0.0030651,-0,0,0.0031098,-0.0026859,-0,0.0012329,0.008114,0.017755
-0.002834,-0.00039467,0.00030598,0.002729,-0.0027583,-0.00035136,0.00034634,0.0027496,-0.0027508,-0.00034815,0.00034805,0.0027504,-0.0027505,-0.00034804,0.0003481,0.0027505,-0.0027505,-0.00034807,0.00034808,0.0027505,-0.0027505,-0.00034806,0.00034806,0.0027505,-0.0027505,-0.00034803,0.00034805,0.0027505,-0.0027505,-0.00034801,0.00034805,0.0027505,-0.0027505,-0.00034802,0.00034803,0.0027505,-0.0027505,-0.00034806,0.00034803,0.0027505,-0.0027505,-0.00034808,0.00034803,0.0027506,-0.0027503,-0.00034778,0.00034859,0.002752,-0.0027464,-0.00033959,0.00036056,0.0027647,-0.0028361,-0.000478,0.00014157,0.002403,-0.0027562,-0.00074071,0,0.0011269,-0.0015359,-0.00016684,0,0.00092228,-0.0012606,-0.00021632,0,4.6569e-05,-0.00041719,-0,0,0,-0,-0,0,0,-0,-0,0,0,-0,-0,0,0,-0,-0,0,0,-0,-0,0,0,-0,-0,0,0,-0,0,0.00064846,0.0024422,0.0028349
-0.00034172,-0,0,0.00031471,-0.00035434,-0,0,0.00034093,-0.00034238,-0,0,0.00034194,-0.00034199,-0,0,0.00034197,-0.00034199,-0,0,0.00034196,-0.00034198,-0,0,0.00034193,-0.00034198,-0,0,0.00034192,-0.00034196,-0,0,0.00034191,-0.00034196,-0,0,0.00034192,-0.00034196,-0,0,0.00034195,-0.00034193,-0,0,0.00034203,-0.00034175,-0,0,0.00034408,-0.00033672,-0,0,0.00032811,-0.00042653,-0,0,8.3415e-05,-0.00051776,-0.000145,0,0,-0.00011469,-0,0,0,-0,-0,0,0,-0,-0,0,0,-0,-0,0,0,-0,-0,0,0,-0,-0,0,0,-0,-0,0,0,-0,-0,0,0,-0,-0,0,0,-0,0,0.00039754,0.0014339,0.00054278
-0.002766,-0.00038022,0.00029489,0.0026688,-0.0026974,-0.00033898,0.000334,0.002689,-0.0026901,-0.00033582,0.00033567,0.0026898,-0.0026898,-0.00033571,0.00033575,0.0026898,-0.0026898,-0.00033571,0.00033575,0.0026898,-0.0026898,-0.00033571,0.00033575,0.0026898,-0.0026898,-0.0003357,0.00033574,0.0026898,-0.0026898,-0.0003357,0.00033575,0.0026898,-0.0026898,-0.0003357,0.00033573,0.0026898,-0.0026898,-0.00033571,0.00033574,0.0026898,-0.0026898,-0.00033573,0.00033573,0.0026899,-0.0026896,-0.00033537,0.00033613,0.0026911,-0.0026836,-0.00032234,0.00035669,0.0027224,-0.0028263,-0.00053954,2.2163e-05,0.0020961,-0.0025179,-0.00076503,0,0.00061415,-0.0012297,-0.00029891,0,0,-0.00026982,-0,0,0,-0,-0,0,0,-0,-0,0,0,-0,-0,0,0,-0,-0,0,0,-0,-0,0,0,-0,-0,0,0,-0,-0,0,0,-0,0,0.00063423,0.0024083,0.0027859
-0.020629,-0.0027696,0.0026764,0.020237,-0.020255,-0.0026927,0.0026903,0.020251,-0.020252,-0.0026911,0.0026911,0.020251,-0.020252,-0.002691,0.0026912,0.020252,-0.020252,-0.0026911,0.0026911,0.020252,-0.020252,-0.0026911,0.0026911,0.020252,-0.020252,-0.0026911,0.0026911,0.020252,-0.020252,-0.002691,0.0026911,0.020252,-0.020252,-0.0026911,0.0026911,0.020252,-0.020252,-0.0026911,0.0026911,0.020252,-0.020252,-0.0026911,0.0026911,0.020252,-0.020251,-0.0026907,0.0026909,0.02025,-0.020242,-0.0026767,0.0027535,0.020517,-0.020634,-0.002945,0.0020558,0.017891,-0.018321,-0.0028419,0.00033468,0.010626,-0.011207,-0.0014544,0,0.0046961,-0.0050755,-0.00024613,0,0.0030476,-0.0031706,-0,0,0.0033339,-0.0033545,-0,0,0.0032578,-0.0032699,-0,0,0.0031581,-0.003168,-0,0,0.0030758,-0.0030846,-0,0,0.0030048,-0.0030122,-0,0,0.002943,-0.0029355,-0,0,0.0029858,-0.0025645,-0,0.0012043,0.0079384,0.017546
-0.002768,-0.00037524,0.00029207,0.0026719,-0.0026999,-0.00033529,0.00033046,0.0026916,-0.0026927,-0.00033221,0.00033211,0.0026924,-0.0026925,-0.0003321,0.00033216,0.0026924,-0.0026925,-0.00033212,0.00033215,0.0026925,-0.0026925,-0.00033211,0.00033212,0.0026924,-0.0026925,-0.00033208,0.00033211,0.0026925,-0.0026925,-0.00033206,0.00033211,0.0026924,-0.0026925,-0.00033208,0.00033209,0.0026925,-0.0026925,-0.00033212,0.0003321,0.0026925,-0.0026924,-0.00033214,0.00033208,0.0026927,-0.0026916,-0.00033069,0.00033408,0.0026937,-0.0026863,-0.00032051,0.00034945,0.0027059,-0.0028812,-0.00061686,0,0.0020639,-0.0025764,-0.00074965,0,0.00056273,-0.0011875,-0.00026085,0,0,-0.00014148,-0,0,0,-0,-0,0,0,-0,-0,0,0,-0,-0,0,0,-0,-0,0,0,-0,-0,0,0,-0,-0,0,0,-0,-0,0,0,-0,0,0.00062764,0.0023966,0.0027901
-0.00032042,-0,0,0.00029994,-0.00033802,-0,0,0.00032513,-0.00032653,-0,0,0.00032609,-0.00032615,-0,0,0.00032611,-0.00032614,-0,0,0.0003261,-0.00032613,-0,0,0.00032608,-0.00032613,-0,0,0.00032607,-0.00032612,-0,0,0.00032607,-0.00032614,-0,0,0.00032608,-0.00032613,-0,0,0.00032612,-0.00032608,-0,0,0.00032634,-0.00032414,-0,0,0.00033196,-0.00032516,-0,0,0.00028,-0.00055135,-0.0001333,0,0,-0.00037156,-0.00010873,-0,0,-0,-0,-0,0,-0,-0,0,0,-0,-0,0,0,-0,-0,0,0,-0,-0,0,0,-0,-0,0,0,-0,-0,0,0,-0,-0,0,0,-0,-0,0,0,0,0,0.00037872,0.0013964,0.00053296
-0.0027013,-0.00036111,0.00028107,0.0026125,-0.0026399,-0.00032306,0.00031832,0.0026318,-0.0026329,-0.00032005,0.00031993,0.0026326,-0.0026326,-0.00031995,0.00032,0.0026326,-0.0026326,-0.00031995,0.00031998,0.0026326,-0.0026326,-0.00031994,0.00031999,0.0026326,-0.0026326,-0.00031994,0.00031998,0.0026326,-0.0026326,-0.00031993,0.00031999,0.0026326,-0.0026326,-0.00031993,0.00031998,0.0026326,-0.0026326,-0.00031995,0.00031999,0.0026327,-0.0026326,-0.00032008,0.00031908,0.002631,-0.0026288,-0.00031385,0.00033097,0.0026557,-0.0026556,-0.00031859,0.00035865,0.0026994,-0.0030095,-0.0009239,0,0.00081444,-0.0014957,-0.00056356,-0,0,-0.00023256,-0,0,0,-0,-0,0,0,-0,-0,0,0,-0,-0,0,0,-0,-0,0,0,-0,-0,0,0,-0,-0,0,0,-0,-0,0,0,-0,-0,0,0,-0,0,0.00061317,0.0023633,0.0027411
-0.020318,-0.0027083,0.0026204,0.019943,-0.01996,-0.0026354,0.0026331,0.019956,-0.019957,-0.0026339,0.0026339,0.019956,-0.019956,-0.0026338,0.0026339,0.019956,-0.019956,-0.0026338,0.0026339,0.019956,-0.019956,-0.0026339,0.0026339,0.019956,-0.019956,-0.0026338,0.0026339,0.019956,-0.019956,-0.0026338,0.0026339,0.019956,-0.019956,-0.0026338,0.0026339,0.019956,-0.019956,-0.0026339,0.0026339,0.019957,-0.019956,-0.0026337,0.0026316,0.019946,-0.019945,-0.0026281,0.0026585,0.020066,-0.02009,-0.0026664,0.0027635,0.020622,-0.020974,-0.003411,0.00049413,0.011803,-0.012492,-0.0018045,0,0.0041519,-0.0046025,-0.00015238,0,0.0030231,-0.0031289,-0,0,0.0032868,-0.003299,-0,0,0.0031804,-0.0031909,-0,0,0.0030865,-0.0030962,-0,0,0.0030089,-0.0030173,-0,0,0.0029415,-0.002949,-0,0,0.002876,-0.0028823,-0,0,0.0028254,-0.002817,-0,0,0.0028798,-0.0024612,-0,0.0011758,0.0077683,0.017337
-0.0027033,-0.0003563,0.00027823,0.0026155,-0.0026424,-0.00031943,0.00031481,0.0026344,-0.0026355,-0.00031647,0.0003164,0.0026351,-0.0026353,-0.00031636,0.00031645,0.0026352,-0.0026352,-0.00031638,0.00031643,0.0026352,-0.0026352,-0.00031638,0.00031641,0.0026352,-0.0026352,-0.00031636,0.00031639,0.0026352,-0.0026353,-0.00031633,0.00031639,0.0026352,-0.0026352,-0.00031636,0.00031637,0.0026352,-0.0026353,-0.00031645,0.00031637,0.0026357,-0.0026337,-0.00031418,0.00031881,0.0026323,-0.0026355,-0.00032023,0.000313,0.0026339,-0.0027226,-0.00040772,0.00020668,0.0026492,-0.0030994,-0.00094334,0,0.0007785,-0.0014548,-0.000403,-0,0,-8.4582e-05,-0,0,0,-0,-0,0,0,-0,-0,0,0,-0,-0,0,0,-0,-0,0,0,-0,-0,0,0,-0,-0,0,0,-0,-0,0,0,-0,-0,0,0,-0,0,0.00060662,0.0023517,0.0027449
-0.00029983,-0,0,0.00028525,-0.00032192,-0,0,0.00030947,-0.00031084,-0,0,0.00031039,-0.00031047,-0,0,0.00031041,-0.00031047,-0,0,0.0003104,-0.00031046,-0,0,0.00031039,-0.00031047,-0,0,0.00031039,-0.00031047,-0,0,0.00031037,-0.00031047,-0,0,0.00031036,-0.00031053,-0,0,0.0003109,-0.00030667,-0,0,0.00031691,-0.00032844,-0,0,0.00025446,-0.00046101,-8.974e-06,0,0,-0.00040278,-0.00018217,-0,0,-0,-0,-0,0,-0,-0,0,0,-0,-0,0,0,-0,-0,0,0,-0,-0,0,0,-0,-0,0,0,-0,-0,0,0,-0,-0,0,0,-0,-0,0,0,-0,-0,0,0,0,0,0.00036011,0.0013595,0.00052245
-0.0026377,-0.00034243,0.00026723,0.0025566,-0.0025829,-0.00030729,0.00030277,0.0025751,-0.0025762,-0.0003044,0.00030433,0.0025758,-0.0025759,-0.0003043,0.00030439,0.0025759,-0.0025759,-0.00030431,0.00030438,0.0025759,-0.0025759,-0.00030431,0.00030439,0.0025759,-0.0025759,-0.00030431,0.00030438,0.0025759,-0.0025759,-0.0003043,0.00030439,0.0025759,-0.0025759,-0.00030432,0.00030437,0.0025759,-0.002576,-0.00030487,0.00030267,0.0025728,-0.0025685,-0.0002912,0.000331,0.0026298,-0.0026528,-0.0003597,0.00027216,0.0025178,-0.0027997,-0.00081068,0,0.00081274,-0.0014782,-0.00059434,-0,0,-0.00012517,-0,0,0,-0,-0,0,0,-0,-0,0,0,-0,-0,0,0,-0,-0,0,0,-0,-0,0,0,-0,-0,0,0,-0,-0,0,0,-0,-0,0,0,-0,-0,0,0,-0,0,0.00059294,0.0023195,0.0026956
-0.020011,-0.0026477,0.0025647,0.01965,-0.019667,-0.0025785,0.0025764,0.019663,-0.019664,-0.0025771,0.0025771,0.019664,-0.019664,-0.0025771,0.0025772,0.019664,-0.019664,-0.0025771,0.0025772,0.019664,-0.019664,-0.0025771,0.0025771,0.019664,-0.019664,-0.0025771,0.0025771,0.019664,-0.019664,-0.0025771,0.0025771,0.019664,-0.019664,-0.0025771,0.0025772,0.019664,-0.019663,-0.0025774,0.0025725,0.019644,-0.019644,-0.0025654,0.0026412,0.019947,-0.020001,-0.0026979,0.0025403,0.019706,-0.020047,-0.0031819,0.00049243,0.011493,-0.012156,-0.0017941,0,0.0032952,-0.0037429,-0,0,0.0030713,-0.0031525,-0,0,0.003222,-0.0032362,-0,0,0.0031037,-0.0031145,-0,0,0.0030158,-0.003025,-0,0,0.0029458,-0.0029538,-0,0,0.0028794,-0.0028868,-0,0,0.0028142,-0.0028208,-0,0,0.0027639,-0.0027692,-0,0,0.0027197,-0.0027109,-0,0,0.0027713,-0.0023557,-0,0.0011487,0.0076054,0.017123
-0.0026399,-0.0003378,0.00026433,0.0025596,-0.0025853,-0.0003037,0.00029928,0.0025777,-0.0025787,-0.00030086,0.00030081,0.0025784,-0.0025785,-0.00030077,0.00030085,0.0025784,-0.0025785,-0.00030079,0.00030084,0.0025784,-0.0025785,-0.00030078,0.00030081,0.0025785,-0.0025785,-0.00030076,0.0003008,0.0025785,-0.0025785,-0.00030073,0.00030079,0.0025784,-0.0025785,-0.00030079,0.00030082,0.002579,-0.0025771,-0.00029914,0.00030155,0.0025707,-0.0025841,-0.00031148,0.00029132,0.0026004,-0.0027373,-0.00045862,8.7215e-05,0.0024591,-0.0028973,-0.00082026,0,0.00073922,-0.0013891,-0.00040246,-0,0,-0,-0,0,0,-0,-0,0,0,-0,-0,0,0,-0,-0,0,0,-0,-0,0,0,-0,-0,0,0,-0,-0,0,0,-0,-0,0,0,-0,-0,0,0,-0,-0,0,0,-0,0,0.00058656,0.0023082,0.0026991
-0.00027997,-0,0,0.00027058,-0.00030597,-0,0,0.00029391,-0.00029525,-0,0,0.0002948,-0.0002949,-0,0,0.00029482,-0.0002949,-0,0,0.00029482,-0.00029489,-0,0,0.00029481,-0.0002949,-0,0,0.00029481,-0.00029489,-0,0,0.00029478,-0.00029494,-0,0,0.00029554,-0.00029091,-0,0,0.00029458,-0.00033315,-0,0,0.00017802,-0.00046281,-5.4051e-05,0,0,-0.0002216,-3.1715e-05,-0,0,-0,-0,-0,0,-0,-0,0,0,-0,-0,0,0,-0,-0,0,0,-0,-0,0,0,-0,-0,0,0,-0,-0,0,0,-0,-0,0,0,-0,-0,0,0,-0,-0,0,0,-0,-0,0,0,0,0,0.00034208,0.0013234,0.00051108
-0.0025753,-0.00032419,0.00025331,0.002501,-0.0025263,-0.00029164,0.00028732,0.0025188,-0.0025198,-0.00028886,0.00028882,0.0025195,-0.0025196,-0.00028877,0.00028889,0.0025195,-0.0025196,-0.00028877,0.00028888,0.0025195,-0.0025196,-0.00028877,0.00028887,0.0025195,-0.0025196,-0.00028877,0.00028887,0.0025195,-0.0025196,-0.00028877,0.00028887,0.0025195,-0.0025196,-0.00028921,0.0002875,0.0025172,-0.0025118,-0.00027412,0.00031699,0.002574,-0.0026348,-0.00042014,0.00012267,0.0021824,-0.002557,-0.00084199,0,0.00036727,-0.0010849,-0.00029512,-0,0,-0,-0,0,0,-0,-0,0,0,-0,-0,0,0,-0,-0,0,0,-0,-0,0,0,-0,-0,0,0,-0,-0,0,0,-0,-0,0,0,-0,-0,0,0,-0,-0,0,0,-0,-0,0,0,-0,0,0.00057355,0.0022768,0.0026489
-0.019708,-0.002588,0.0025093,0.01936,-0.019376,-0.0025221,0.0025201,0.019372,-0.019373,-0.0025208,0.0025208,0.019373,-0.019373,-0.0025207,0.0025208,0.019373,-0.019373,-0.0025207,0.0025208,0.019373,-0.019373,-0.0025207,0.0025208,0.019373,-0.019373,-0.0025207,0.0025208,0.019373,-0.019373,-0.0025207,0.0025208,0.019373,-0.019373,-0.002521,0.0025168,0.019356,-0.019354,-0.0025064,0.0025946,0.019697,-0.019795,-0.0027322,0.0021674,0.018177,-0.018613,-0.0030154,0,0.0087351,-0.0094071,-0.0012565,0,0.0026236,-0.0029722,-0,0,0.0032049,-0.0032526,-0,0,0.0032013,-0.0032167,-0,0,0.003071,-0.0030837,-0,0,0.0029602,-0.0029708,-0,0,0.0028841,-0.0028926,-0,0,0.0028163,-0.0028238,-0,0,0.0027525,-0.0027589,-0,0,0.0027064,-0.0027119,-0,0,0.0026585,-0.0026635,-0,0,0.0026112,-0.002602,-0,0,0.0026747,-0.0022622,-0,0.0011216,0.0074496,0.016903
-0.0025775,-0.00031969,0.00025042,0.0025039,-0.0025287,-0.00028811,0.00028387,0.0025213,-0.0025223,-0.00028538,0.00028534,0.002522,-0.0025221,-0.00028527,0.0002854,0.002522,-0.0025221,-0.00028528,0.00028538,0.0025221,-0.0025221,-0.0002853,0.00028535,0.0025221,-0.0025221,-0.00028527,0.00028533,0.0025221,-0.0025221,-0.00028522,0.00028544,0.0025225,-0.0025209,-0.00028398,0.00028587,0.0025161,-0.0025245,-0.00029011,0.00028171,0.00254,-0.0027321,-0.00054438,0,0.00212,-0.0026435,-0.0008019,0,0.0002063,-0.00087961,-0.00011919,-0,0,-0,-0,0,0,-0,-0,0,0,-0,-0,0,0,-0,-0,0,0,-0,-0,0,0,-0,-0,0,0,-0,-0,0,0,-0,-0,0,0,-0,-0,0,0,-0,-0,0,0,-0,-0,0,0,-0,0,0.0005672,0.0022656,0.0026523
-0.00026064,-0,0,0.00025607,-0.00029021,-0,0,0.00027856,-0.00027986,-0,0,0.00027941,-0.00027953,-0,0,0.00027943,-0.00027954,-0,0,0.00027943,-0.00027953,-0,0,0.00027944,-0.00027953,-0,0,0.00027945,-0.00027954,-0,0,0.00028033,-0.00027622,-0,0,0.00027942,-0.00030776,-0,0,0.00015737,-0.00051179,-0.00015218,0,0,-0.00013017,-0,-0,0,-0,-0,-0,0,-0,-0,0,0,-0,-0,0,0,-0,-0,0,0,-0,-0,0,0,-0,-0,0,0,-0,-0,0,0,-0,-0,0,0,-0,-0,0,0,-0,-0,0,0,-0,-0,0,0,-0,-0,0,0,0,0,0.00032442,0.0012876,0.00049937
-0.0025141,-0.0003063,0.00023961,0.0024464,-0.0024707,-0.00027627,0.00027211,0.0024635,-0.0024645,-0.0002736,0.00027357,0.0024641,-0.0024643,-0.00027349,0.00027363,0.0024642,-0.0024643,-0.0002735,0.00027362,0.0024642,-0.0024643,-0.0002735,0.00027361,0.0024642,-0.0024643,-0.0002735,0.0002736,0.0024642,-0.0024643,-0.00027368,0.00027305,0.0024635,-0.0024582,-0.00026146,0.00029507,0.0025057,-0.0025517,-0.00037313,0.00014426,0.00219,-0.0026342,-0.0009895,-0,2.4885e-05,-0.00078666,-8.311e-05,-0,0,-0,-0,0,0,-0,-0,0,0,-0,-0,0,0,-0,-0,0,0,-0,-0,0,0,-0,-0,0,0,-0,-0,0,0,-0,-0,0,0,-0,-0,0,0,-0,-0,0,0,-0,-0,0,0,-0,-0,0,0,-0,0,0.00055565,0.0022338,0.0026032
-0.01941,-0.0025293,0.002455,0.019076,-0.019091,-0.0024667,0.0024648,0.019087,-0.019088,-0.0024655,0.0024655,0.019087,-0.019088,-0.0024654,0.0024655,0.019088,-0.019088,-0.0024654,0.0024655,0.019088,-0.019088,-0.0024654,0.0024655,0.019088,-0.019088,-0.0024654,0.0024655,0.019088,-0.019088,-0.0024655,0.0024634,0.019079,-0.019074,-0.0024526,0.0025228,0.019333,-0.019408,-0.0026266,0.00221,0.018258,-0.018764,-0.0032026,0,0.0066985,-0.007409,-0.0008332,0,0.0025435,-0.0028054,-0,0,0.0032946,-0.0033216,-0,0,0.0031724,-0.0031869,-0,0,0.0030515,-0.0030642,-0,0,0.002941,-0.0029521,-0,0,0.0028584,-0.002868,-0,0,0.0027763,-0.002785,-0,0,0.0027014,-0.0027087,-0,0,0.0026489,-0.0026548,-0,0,0.0026007,-0.0026063,-0,0,0.0025495,-0.002554,-0,0,0.0025168,-0.0025068,-0,0,0.0025849,-0.002177,0,0.0010905,0.0072896,0.01669
-0.0025162,-0.00030187,0.00023676,0.0024493,-0.0024731,-0.00027282,0.00026872,0.002466,-0.002467,-0.00027021,0.00027014,0.0024667,-0.0024668,-0.0002701,0.0002702,0.0024667,-0.0024668,-0.0002701,0.00027019,0.0024667,-0.0024668,-0.00027011,0.00027016,0.0024667,-0.0024668,-0.00027006,0.00027021,0.002467,-0.0024662,-0.0002695,0.0002705,0.0024649,-0.0024637,-0.00026485,0.00027828,0.00248,-0.0026295,-0.00048163,0,0.0021332,-0.0027204,-0.00098013,-0,0,-0.00058442,-0,0,0,-0,-0,0,0,-0,-0,0,0,-0,-0,0,0,-0,-0,0,0,-0,-0,0,0,-0,-0,0,0,-0,-0,0,0,-0,-0,0,0,-0,-0,0,0,-0,-0,0,0,-0,-0,0,0,-0,-0,0,0,-0,0,0.00054935,0.0022226,0.0026065
-0.00024144,-0,0,0.00024174,-0.00027464,-0,0,0.00026342,-0.00026466,-0,0,0.00026423,-0.00026433,-0,0,0.00026424,-0.00026434,-0,0,0.00026426,-0.00026433,-0,0,0.00026427,-0.00026432,-0,0,0.00026473,-0.00026288,-0,0,0.00026562,-0.0002711,-0,0,0.00019496,-0.00047263,-8.5214e-05,0,0,-0.00029169,-0.00014394,-0,0,-0,-0,0,0,-0,-0,0,0,-0,-0,0,0,-0,-0,0,0,-0,-0,0,0,-0,-0,0,0,-0,-0,0,0,-0,-0,0,0,-0,-0,0,0,-0,-0,0,0,-0,-0,0,0,-0,-0,0,0,-0,-0,0,0,0,0,0.00030708,0.0012519,0.00048792
-0.0024531,-0.00028852,0.00022599,0.0023921,-0.0024155,-0.00026103,0.000257,0.0024086,-0.0024095,-0.00025845,0.00025841,0.0024092,-0.0024093,-0.00025834,0.00025847,0.0024092,-0.0024093,-0.00025837,0.00025845,0.0024093,-0.0024093,-0.00025837,0.00025845,0.0024093,-0.0024093,-0.0002584,0.00025833,0.0024092,-0.0024067,-0.00025327,0.00026665,0.0024255,-0.0024396,-0.00028508,0.00023607,0.0023469,-0.0026969,-0.0008957,0,0.00037848,-0.0011848,-0.00040232,-0,0,-0,-0,0,0,-0,-0,0,0,-0,-0,0,0,-0,-0,0,0,-0,-0,0,0,-0,-0,0,0,-0,-0,0,0,-0,-0,0,0,-0,-0,0,0,-0,-0,0,0,-0,-0,0,0,-0,-0,0,0,-0,-0,0,0,-0,0,0.00053794,0.002191,0.0025578
-0.019114,-0.002471,0.0024009,0.018793,-0.018807,-0.0024117,0.0024098,0.018804,-0.018804,-0.0024105,0.0024105,0.018804,-0.018804,-0.0024104,0.0024105,0.018804,-0.018804,-0.0024104,0.0024105,0.018804,-0.018804,-0.0024104,0.0024105,0.018804,-0.018804,-0.0024105,0.0024099,0.018801,-0.018799,-0.0024047,0.0024319,0.018895,-0.018929,-0.0024671,0.0023966,0.018882,-0.01929,-0.0031785,0,0.0091422,-0.0098714,-0.0013753,0,0.0025209,-0.0028809,-0,0,0.0032957,-0.0033169,-0,0,0.0031544,-0.0031679,-0,0,0.0030314,-0.0030443,-0,0,0.0029236,-0.0029347,-0,0,0.0028397,-0.0028493,-0,0,0.0027593,-0.0027682,-0,0,0.00268,-0.0026879,-0,0,0.0026216,-0.0026282,-0,0,0.0025659,-0.0025723,-0,0,0.0025078,-0.0025136,-0,0,0.0024619,-0.0024661,-0,0,0.0024304,-0.0024208,-0,0,0.0024924,-0.0020897,0,0.0010597,0.0071299,0.016478
-0.0024554,-0.00028432,0.00022309,0.0023949,-0.0024178,-0.00025762,0.00025364,0.002411,-0.002412,-0.00025508,0.00025503,0.0024117,-0.0024118,-0.00025497,0.0002551,0.0024117,-0.0024118,-0.00025497,0.00025509,0.0024117,-0.0024118,-0.00025498,0.00025509,0.0024118,-0.0024116,-0.0002548,0.00025526,0.0024119,-0.0024083,-0.00024945,0.00026113,0.0024086,-0.0024954,-0.00036719,0.00010186,0.0022949,-0.0027968,-0.00093708,0,0.00022693,-0.00099783,-0.00020676,-0,0,-0,-0,0,0,-0,-0,0,0,-0,-0,0,0,-0,-0,0,0,-0,-0,0,0,-0,-0,0,0,-0,-0,0,0,-0,-0,0,0,-0,-0,0,0,-0,-0,0,0,-0,-0,0,0,-0,-0,0,0,-0,-0,0,0,-0,0,0.00053177,0.0021801,0.0025606
-0.00022312,-0,0,0.0002273,-0.00025918,-0,0,0.00024828,-0.00024949,-0,0,0.00024906,-0.00024917,-0,0,0.00024909,-0.00024919,-0,0,0.00024912,-0.00024917,-0,0,0.00024928,-0.00024875,-0,0,0.00025065,-0.00024586,-0,0,0.00021903,-0.00039938,-0,0,0,-0.00041871,-0.00022185,-0,0,-0,-0,-0,0,-0,-0,0,0,-0,-0,0,0,-0,-0,0,0,-0,-0,0,0,-0,-0,0,0,-0,-0,0,0,-0,-0,0,0,-0,-0,0,0,-0,-0,0,0,-0,-0,0,0,-0,-0,0,0,-0,-0,0,0,-0,-0,0,0,0,0,0.0002902,0.0012171,0.00047513
-0.0023942,-0.00027112,0.00021174,0.002338,-0.0023606,-0.00024555,0.00024164,0.0023539,-0.0023549,-0.00024306,0.000243,0.0023545,-0.0023546,-0.00024295,0.00024308,0.0023545,-0.0023546,-0.00024298,0.00024308,0.0023546,-0.0023546,-0.00024298,0.0002431,0.0023547,-0.0023539,-0.0002418,0.00024395,0.0023568,-0.0023547,-0.00023157,0.00027761,0.0024118,-0.0026496,-0.00072172,0,0.00084424,-0.0015277,-0.00067566,-0,0,-0,-0,0,0,-0,-0,0,0,-0,-0,0,0,-0,-0,0,0,-0,-0,0,0,-0,-0,0,0,-0,-0,0,0,-0,-0,0,0,-0,-0,0,0,-0,-0,0,0,-0,-0,0,0,-0,-0,0,0,-0,-0,0,0,-0,-0,0,0,-0,0,0.00052117,0.0021505,0.0025095
-0.018822,-0.0024133,0.0023463,0.018511,-0.018525,-0.0023564,0.0023546,0.018521,-0.018522,-0.0023553,0.0023553,0.018522,-0.018522,-0.0023552,0.0023553,0.018522,-0.018522,-0.0023552,0.0023553,0.018522,-0.018522,-0.0023552,0.0023552,0.018522,-0.01852,-0.0023535,0.002357,0.018529,-0.018541,-0.002356,0.002464,0.019051,-0.019342,-0.0029976,0.00057903,0.011779,-0.012464,-0.0019159,-0,0.0025441,-0.0029976,-0,0,0.0032148,-0.0032556,-0,0,0.0031352,-0.0031478,-0,0,0.0030102,-0.0030231,-0,0,0.0029042,-0.0029151,-0,0,0.0028206,-0.0028302,-0,0,0.0027389,-0.0027479,-0,0,0.0026605,-0.0026684,-0,0,0.0025999,-0.0026068,-0,0,0.0025444,-0.0025517,-0,0,0.0024859,-0.0024931,-0,0,0.0024346,-0.0024401,-0,0,0.0023966,-0.0024006,-0,0,0.0023614,-0.0023521,-0,0,0.0024182,-0.0020198,0,0.001032,0.0069897,0.016249
-0.0023937,-0.00026707,0.00020847,0.0023379,-0.0023606,-0.00024218,0.0002381,0.0023538,-0.0023548,-0.00023959,0.00023953,0.0023545,-0.0023546,-0.00023947,0.00023961,0.0023545,-0.0023546,-0.00023949,0.0002396,0.0023546,-0.0023546,-0.00023944,0.00023982,0.0023556,-0.0023513,-0.00023509,0.00024279,0.0023427,-0.0023943,-0.0002955,0.00017284,0.0023646,-0.0027596,-0.00080879,0,0.00077471,-0.0014709,-0.00049282,-0,0,-0,-0,0,0,-0,-0,0,0,-0,-0,0,0,-0,-0,0,0,-0,-0,0,0,-0,-0,0,0,-0,-0,0,0,-0,-0,0,0,-0,-0,0,0,-0,-0,0,0,-0,-0,0,0,-0,-0,0,0,-0,-0,0,0,-0,-0,0,0,-0,0,0.00051586,0.0021403,0.0025093
-0.00020045,-0,0,0.00020774,-0.00024016,-0,0,0.00022894,-0.00023029,-0,0,0.00022981,-0.00022994,-0,0,0.00022986,-0.00022995,-0,0,0.00022993,-0.00022988,-0,0,0.00023189,-0.00022281,-0,0,0.00021717,-0.00034102,-0,0,0,-0.00045743,-0.00020063,-0,0,-0,-0,-0,0,-0,-0,0,0,-0,-0,0,0,-0,-0,0,0,-0,-0,0,0,-0,-0,0,0,-0,-0,0,0,-0,-0,0,0,-0,-0,0,0,-0,-0,0,0,-0,-0,0,0,-0,-0,0,0,-0,-0,0,0,-0,-0,0,0,-0,-0,0,0,0,0,0.00027539,0.0011814,0.00045718
-0.0023296,-0.00023684,0.0001804,0.0022786,-0.0023027,-0.00021555,0.00021109,0.0022952,-0.0022964,-0.00021282,0.00021273,0.002296,-0.0022961,-0.00021271,0.00021282,0.002296,-0.0022961,-0.00021271,0.00021286,0.0022962,-0.002296,-0.00021287,0.00021172,0.0022948,-0.0022842,-0.00018636,0.00026512,0.0023914,-0.0025614,-0.0005887,0,0.0011199,-0.0017186,-0.00074415,-0,0,-0.00010231,-0,0,0,-0,-0,0,0,-0,-0,0,0,-0,-0,0,0,-0,-0,0,0,-0,-0,0,0,-0,-0,0,0,-0,-0,0,0,-0,-0,0,0,-0,-0,0,0,-0,-0,0,0,-0,-0,0,0,-0,-0,0,0,-0,-0,0,0,-0,-0,0,0,-0,0,0.00050764,0.0020954,0.0024599
-0.018492,-0.0023311,0.0022678,0.018196,-0.018214,-0.0022812,0.0022783,0.01821,-0.018211,-0.0022795,0.0022794,0.01821,-0.01821,-0.0022794,0.0022795,0.01821,-0.01821,-0.0022794,0.0022796,0.018211,-0.01821,-0.0022793,0.0022753,0.018193,-0.018188,-0.0022539,0.0024258,0.018846,-0.019054,-0.0027913,0.00096951,0.01322,-0.013842,-0.0021859,-0,0.003032,-0.003544,-0,0,0.0030667,-0.0031453,-0,0,0.0030864,-0.0030986,-0,0,0.0029585,-0.0029713,-0,0,0.0028508,-0.0028616,-0,0,0.0027703,-0.0027798,-0,0,0.0026859,-0.0026951,-0,0,0.0026064,-0.0026143,-0,0,0.0025459,-0.0025527,-0,0,0.0024875,-0.0024975,-0,0,0.0024255,-0.002458,-0,0,0.0023748,-0.0024088,-0,0,0.0023508,-0.0023621,-0,0,0.0023161,-0.002321,-0,0,0.0022815,-0.0022717,-0,0,0.0023429,-0.0019293,0,0.0010212,0.0068424,0.015995
-0.0022468,-0.00028096,0.00020186,0.0021981,-0.0022355,-0.00024973,0.00024229,0.0022241,-0.0022258,-0.000245,0.00024482,0.0022253,-0.0022254,-0.00024481,0.00024492,0.0022254,-0.0022254,-0.00024475,0.00024518,0.0022262,-0.0022233,-0.00024229,0.0002462,0.0022184,-0.0022323,-0.00025268,0.00024441,0.0022798,-0.0025786,-0.00072188,0,0.0010374,-0.0016832,-0.00064912,-0,0,-0,-0,0,0,-0,-0,0,0,-0,-0,0,0,-0,-0,0,0,-0,-0,0,0,-0,-0,0,0,-0,-0,0,0,-0,-0,0,0,-0,-0,0,0,-0,-0,0,0,-0,-0,0,0,-0,-0,0,0,-0,-0,0,0,-0,-0,0,0,-0,-0,0,0,-0,0,0.00056603,0.0021835,0.0023925
-0.0002945,-0,0,0.00023542,-0.00029898,-0,0,0.00027586,-0.00027846,-0,0,0.00027759,-0.00027774,-0,0,0.00027765,-0.00027778,-0,0,0.0002793,-0.00027231,-0,0,0.00028372,-0.00032973,-0,0,4.9331e-05,-0.00047987,-0.00021379,-0,0,-0.00010208,-0,-0,0,-0,-0,0,0,-0,-0,0,0,-0,-0,0,0,-0,-0,0,0,-0,-0,0,0,-0,-0,0,0,-0,-0,0,0,-0,-0,0,0,-0,-0,0,0,-0,-0,0,0,-0,-0,0,0,-0,-0,0,0,-0,-0,0,0,-0,-0,0,0,-0,-0,0,0,0,0,0.00043889,0.0013189,0.00062432
-0.0032298,-0.0006273,0.00036977,0.0030067,-0.0030777,-0.0004733,0.00046194,0.0030579,-0.0030603,-0.00046587,0.00046558,0.0030596,-0.0030598,-0.00046565,0.00046569,0.0030597,-0.0030599,-0.00046599,0.00046494,0.0030594,-0.0030484,-0.00044442,0.0005123,0.003133,-0.0032085,-0.00065577,0.00011114,0.0024129,-0.0028568,-0.00094939,-0,0.00012733,-0.00075442,-0,0,5.3765e-05,-0.00026317,-0,0,0.00020774,-0.00022674,-0,0,0.00018293,-0.00019515,-0,0,0.00016256,-0.00017283,-0,0,0.00014818,-0.00015687,-0,0,0.0001327,-0.00014101,-0,0,0.00011746,-0.00012495,-0,0,0.00010652,-0.00011271,-0,0,9.6937e-05,-0.00010095,-0,0,8.2972e-05,-0.00011235,-0,0,0,-0.00021436,-0,0,0,-0,-0,0,0,-0,-0,0,0,-0,-0,0,0,-0,-0,0,0,-0,0,0.00090637,0.0029345,0.002996
-0.022063,-0.0042327,0.0038362,0.02144,-0.021512,-0.0039549,0.0039476,0.0215,-0.021502,-0.0039501,0.00395,0.021501,-0.021501,-0.00395,0.00395,0.021501,-0.021501,-0.0039506,0.0039473,0.021488,-0.021477,-0.0039211,0.0040491,0.02195,-0.022024,-0.0042188,0.0033061,0.018764,-0.019175,-0.0042654,0.00079234,0.0080591,-0.0085035,-0.0016769,0.0010383,0.0067358,-0.006833,-0.0012027,0.0012114,0.0069036,-0.0069119,-0.0012245,0.0011741,0.0067544,-0.0067626,-0.0011919,0.0011543,0.0066464,-0.0066528,-0.0011678,0.0011403,0.0065683,-0.0065737,-0.0011517,0.001124,0.0064878,-0.0064931,-0.0011353,0.001108,0.0064086,-0.0064133,-0.0011179,0.0010971,0.0063493,-0.0063532,-0.0011052,0.001087,0.0062963,-0.0062976,-0.0010901,0.0010847,0.0062519,-0.0062846,-0.0011445,0.00096087,0.0060116,-0.0063223,-0.0016004,0,0.0043407,-0.0047398,-0.00061245,0.00018859,0.0042932,-0.0043674,-0.0003338,0.00030631,0.0043031,-0.0043144,-0.00032822,0.00028677,0.0042452,-0.0042428,-0.0002847,0.00032755,0.004313,-0.0037856,-0,0.0024394,0.010042,0.018271
