0,1.3878e-17,0,0,0,1.3878e-17,-1.3878e-17,0,0,1.3878e-17,-1.3878e-17,0,0,1.3878e-17,-1.3878e-17,0,0,1.3878e-17,-1.3878e-17,0,0,1.3878e-17,-1.3878e-17,0,0,1.3878e-17,0,0,0,1.3878e-17,6.9389e-18,0,0,0,6.9389e-18,0,0,0,0,0,0,0,0,0,0,0,0,0,0,0,0,0,0,0,0,0,0,0,0,0,0,0,0,0,0,0,0,0,0,0,0,0,0,0,6.9389e-18,0,0,0,0,0,0,0,6.9389e-18,0,0,-6.9389e-18,6.9389e-18,2.7756e-17,-2.7756e-17,-6.9389e-18,6.9389e-18,0,-2.7756e-17,-6.9389e-18,6.9389e-18,2.7756e-17,-2.7756e-17,0,0,0,0
0,-6.9389e-18,-1.7347e-18,0,0,1.7347e-18,-1.7347e-18,0,0,1.7347e-18,-1.7347e-18,0,0,1.7347e-18,-1.7347e-18,0,0,1.7347e-18,-1.7347e-18,0,0,1.7347e-18,-1.7347e-18,0,0,1.7347e-18,-1.7347e-18,0,0,1.7347e-18,-1.7347e-18,6.9389e-18,0,1.7347e-18,-1.7347e-18,6.9389e-18,0,1.7347e-18,-1.7347e-18,6.9389e-18,-6.9389e-18,1.7347e-18,-1.7347e-18,6.9389e-18,-6.9389e-18,1.7347e-18,-1.7347e-18,6.9389e-18,-6.9389e-18,1.7347e-18,-1.7347e-18,6.9389e-18,-6.9389e-18,1.7347e-18,-1.7347e-18,6.9389e-18,-6.9389e-18,1.7347e-18,-1.7347e-18,6.9389e-18,-6.9389e-18,1.7347e-18,-1.7347e-18,6.9389e-18,-6.9389e-18,1.7347e-18,-1.7347e-18,6.9389e-18,-6.9389e-18,1.7347e-18,-1.7347e-18,6.9389e-18,0,1.7347e-18,-1.7347e-18,6.9389e-18,0,0,0.00016781,6.9389e-18,0,0,0.00022352,6.9389e-18,-6.9389e-18,-0.00080287,0.00070343,6.9389e-18,-6.9389e-18,-0.0008215,0.00070261,6.9389e-18,-6.9389e-18,-0.00061274,0.0006082,6.9389e-18,1.7347e-18,-0.0010102,6.9389e-18,-1.3878e-17,0
-6.9389e-18,0,0.0019701,-1.7347e-18,1.7347e-18,-0.00044136,0.0007405,-1.7347e-18,1.7347e-18,-0.00064564,0.00065405,-1.7347e-18,1.7347e-18,-0.00065158,0.0006515,-1.7347e-18,1.7347e-18,-0.00065207,0.00064844,-1.7347e-18,1.7347e-18,-0.00068213,0.0006528,-1.7347e-18,1.7347e-18,-0.00027485,0.0010551,-1.7347e-18,1.7347e-18,0,0.00083711,-1.7347e-18,1.7347e-18,-0.00020376,0.00055621,-1.7347e-18,1.7347e-18,-0.00053589,0.00057112,-1.7347e-18,1.7347e-18,-0.00054256,0.00058176,-1.7347e-18,1.7347e-18,-0.00054718,0.00057878,-1.7347e-18,1.7347e-18,-0.00055234,0.00057576,-1.7347e-18,1.7347e-18,-0.00055353,0.00057637,-1.7347e-18,1.7347e-18,-0.0005546,0.00057681,-1.7347e-18,1.7347e-18,-0.0005577,0.00057488,-1.7347e-18,1.7347e-18,-0.00056371,0.0005639,-1.7347e-18,1.7347e-18,-0.00059138,0.00048739,-1.7347e-18,1.7347e-18,0,-0.00037029,-1.7347e-18,1.7347e-18,1.7347e-18,-0.0023338,-0.0022565,0,-0.0021487,0.00044057,0.00023539,-0.00071658,-0.0013943,0.0010434,0.00074703,-0.00092811,-0.0012859,0.0011047,0.00087353,-0.00073951,-0.00088196,0.0018255,0,0.0027296,0.00042274,-1.7347e-18,0,-1.7347e-18
1.3878e-17,-5.2042e-18,-1.7347e-18,6.9389e-18,-6.9389e-18,1.7347e-18,-1.7347e-18,6.9389e-18,-6.9389e-18,1.7347e-18,-1.7347e-18,6.9389e-18,-6.9389e-18,1.7347e-18,-1.7347e-18,6.9389e-18,-6.9389e-18,1.7347e-18,-1.7347e-18,6.9389e-18,-6.9389e-18,1.7347e-18,-1.7347e-18,6.9389e-18,-6.9389e-18,1.7347e-18,-1.7347e-18,6.9389e-18,-6.9389e-18,1.7347e-18,-1.7347e-18,6.9389e-18,-6.9389e-18,1.7347e-18,-1.7347e-18,6.9389e-18,-6.9389e-18,1.7347e-18,-1.7347e-18,6.9389e-18,-6.9389e-18,1.7347e-18,-1.7347e-18,6.9389e-18,-6.9389e-18,1.7347e-18,-1.7347e-18,6.9389e-18,-6.9389e-18,1.7347e-18,-1.7347e-18,6.9389e-18,-6.9389e-18,1.7347e-18,-1.7347e-18,6.9389e-18,-6.9389e-18,1.7347e-18,-1.7347e-18,6.9389e-18,-6.9389e-18,1.7347e-18,-1.7347e-18,6.9389e-18,-6.9389e-18,1.7347e-18,-1.7347e-18,6.9389e-18,-6.9389e-18,1.7347e-18,-1.7347e-18,6.9389e-18,0,1.7347e-18,0,0,-6.9389e-18,0,-0.0011061,-1.7347e-18,-6.9389e-18,-3.1986e-05,0.00055816,6.9389e-18,-6.9389e-18,-0.0007342,0.00089006,6.9389e-18,-6.9389e-18,-0.00089478,0.00094892,6.9389e-18,-6.9389e-18,-0.00082759,0.00064602,6.9389e-18,1.7347e-18,-0.00078936,0,0,0
0,0,6.9389e-18,0,0,-6.9389e-18,6.9389e-18,0,0,-6.9389e-18,6.9389e-18,0,0,-6.9389e-18,6.9389e-18,0,0,-6.9389e-18,6.9389e-18,0,0,-6.9389e-18,6.9389e-18,0,0,-6.9389e-18,6.9389e-18,0,0,-6.9389e-18,6.9389e-18,0,0,-6.9389e-18,6.9389e-18,0,0,-6.9389e-18,6.9389e-18,0,0,-6.9389e-18,6.9389e-18,0,0,-6.9389e-18,6.9389e-18,0,0,-6.9389e-18,6.9389e-18,0,0,-6.9389e-18,6.9389e-18,0,0,-6.9389e-18,6.9389e-18,0,0,-6.9389e-18,6.9389e-18,0,0,-6.9389e-18,6.9389e-18,0,0,-6.9389e-18,0,0,0,0,0,0,0,-6.9389e-18,-1.7347e-18,2.7756e-17,-2.7756e-17,-6.9389e-18,6.9389e-18,2.7756e-17,0,-6.9389e-18,6.9389e-18,2.7756e-17,-2.7756e-17,-6.9389e-18,6.9389e-18,2.7756e-17,-2.7756e-17,-6.9389e-18,6.9389e-18,0,0,1.7347e-18,0,0,0
1.3878e-17,-5.2042e-18,-1.7347e-18,6.9389e-18,-6.9389e-18,1.7347e-18,-1.7347e-18,6.9389e-18,-6.9389e-18,1.7347e-18,-1.7347e-18,6.9389e-18,-6.9389e-18,1.7347e-18,-1.7347e-18,6.9389e-18,-6.9389e-18,1.7347e-18,-1.7347e-18,6.9389e-18,-6.9389e-18,1.7347e-18,-1.7347e-18,6.9389e-18,-6.9389e-18,1.7347e-18,-1.7347e-18,6.9389e-18,-6.9389e-18,1.7347e-18,-1.7347e-18,6.9389e-18,-6.9389e-18,1.7347e-18,-1.7347e-18,6.9389e-18,-6.9389e-18,1.7347e-18,-1.7347e-18,6.9389e-18,-6.9389e-18,1.7347e-18,-1.7347e-18,6.9389e-18,-6.9389e-18,1.7347e-18,-1.7347e-18,6.9389e-18,-6.9389e-18,1.7347e-18,-1.7347e-18,6.9389e-18,-6.9389e-18,1.7347e-18,-1.7347e-18,6.9389e-18,-6.9389e-18,1.7347e-18,-1.7347e-18,6.9389e-18,-6.9389e-18,1.7347e-18,-1.7347e-18,6.9389e-18,-6.9389e-18,1.7347e-18,-1.7347e-18,6.9389e-18,-6.9389e-18,1.7347e-18,-1.7347e-18,6.9389e-18,0,0,0,0,-6.9389e-18,0,-0.00085649,0,-6.9389e-18,-0.00048148,0.0006397,6.9389e-18,-6.9389e-18,-0.00078025,0.00079085,6.9389e-18,-6.9389e-18,-0.00094158,0.00085185,6.9389e-18,-6.9389e-18,-0.00073225,0.00072934,6.9389e-18,1.7347e-18,-0.00037301,0,0,0
-6.9389e-18,0,0.00057052,-1.7347e-18,1.7347e-18,-0.00051942,0.00057829,-1.7347e-18,1.7347e-18,-0.0006264,0.00062223,-1.7347e-18,1.7347e-18,-0.00062428,0.00062416,-1.7347e-18,1.7347e-18,-0.00062433,0.00062416,-1.7347e-18,1.7347e-18,-0.00062475,0.00062294,-1.7347e-18,1.7347e-18,-0.00063255,0.00062667,-1.7347e-18,1.7347e-18,-0.00065868,0.00065,-1.7347e-18,1.7347e-18,-0.00068,0.0006748,-1.7347e-18,1.7347e-18,-0.00068368,0.00068172,-1.7347e-18,1.7347e-18,-0.00068403,0.00068272,-1.7347e-18,1.7347e-18,-0.00068439,0.00068351,-1.7347e-18,1.7347e-18,-0.00068449,0.00068413,-1.7347e-18,1.7347e-18,-0.00068478,0.00068454,-1.7347e-18,1.7347e-18,-0.00068499,0.00068496,-1.7347e-18,1.7347e-18,-0.0006852,0.00068539,-1.7347e-18,1.7347e-18,-0.00068051,0.00069305,-1.7347e-18,1.7347e-18,-0.00055459,0.00065806,-1.7347e-18,1.7347e-18,1.7347e-18,-0.0011082,0,1.7347e-18,1.7347e-18,-0.0017023,-0.0022762,0,-0.0018564,0.000934,0.00075241,-0.00083574,-0.0014045,0.0010797,0.00081887,-0.00096736,-0.0013268,0.0011584,0.00096623,-0.00083283,-0.00092936,0.0018841,0,0.0027037,0.00082916,-1.7347e-18,0,-1.7347e-18
0,1.7347e-18,-1.7347e-18,6.9389e-18,-6.9389e-18,1.7347e-18,-1.7347e-18,6.9389e-18,-6.9389e-18,1.7347e-18,-1.7347e-18,6.9389e-18,-6.9389e-18,1.7347e-18,-1.7347e-18,6.9389e-18,-6.9389e-18,1.7347e-18,-1.7347e-18,6.9389e-18,-6.9389e-18,1.7347e-18,-1.7347e-18,6.9389e-18,-6.9389e-18,1.7347e-18,-1.7347e-18,6.9389e-18,-6.9389e-18,1.7347e-18,-1.7347e-18,6.9389e-18,-6.9389e-18,1.7347e-18,-1.7347e-18,6.9389e-18,-6.9389e-18,1.7347e-18,-1.7347e-18,6.9389e-18,-6.9389e-18,1.7347e-18,-1.7347e-18,6.9389e-18,-6.9389e-18,1.7347e-18,-1.7347e-18,6.9389e-18,-6.9389e-18,1.7347e-18,-1.7347e-18,6.9389e-18,-6.9389e-18,1.7347e-18,-1.7347e-18,6.9389e-18,-6.9389e-18,1.7347e-18,-1.7347e-18,6.9389e-18,-6.9389e-18,1.7347e-18,-1.7347e-18,6.9389e-18,-6.9389e-18,1.7347e-18,-1.7347e-18,6.9389e-18,-6.9389e-18,1.7347e-18,-1.7347e-18,6.9389e-18,0,0,0.0013943,0,0,1.7347e-18,-0.00068193,0,-6.9389e-18,-0.00080734,0.00084807,6.9389e-18,-6.9389e-18,-0.00078572,0.00085062,6.9389e-18,-6.9389e-18,-0.0009455,0.00091164,6.9389e-18,-6.9389e-18,-0.00079048,0.0007332,6.9389e-18,1.7347e-18,-0.00049225,0,0,0
0,0,6.9389e-18,0,0,-6.9389e-18,6.9389e-18,0,0,-6.9389e-18,6.9389e-18,0,0,-6.9389e-18,6.9389e-18,0,0,-6.9389e-18,6.9389e-18,0,0,-6.9389e-18,6.9389e-18,0,0,-6.9389e-18,6.9389e-18,0,0,-6.9389e-18,6.9389e-18,0,0,-6.9389e-18,6.9389e-18,0,0,-6.9389e-18,6.9389e-18,0,0,-6.9389e-18,6.9389e-18,0,0,-6.9389e-18,6.9389e-18,0,0,-6.9389e-18,6.9389e-18,0,0,-6.9389e-18,6.9389e-18,0,0,-6.9389e-18,6.9389e-18,0,0,-6.9389e-18,6.9389e-18,0,0,-6.9389e-18,6.9389e-18,0,0,-6.9389e-18,6.9389e-18,0,0,0,0,0,0,0,-1.7347e-18,2.7756e-17,-2.7756e-17,-6.9389e-18,6.9389e-18,0,-2.7756e-17,-6.9389e-18,6.9389e-18,2.7756e-17,0,-6.9389e-18,6.9389e-18,2.7756e-17,-2.7756e-17,-6.9389e-18,6.9389e-18,0,-2.7756e-17,1.7347e-18,0,0,0
1.3878e-17,1.7347e-18,-1.7347e-18,6.9389e-18,-6.9389e-18,1.7347e-18,-1.7347e-18,6.9389e-18,-6.9389e-18,1.7347e-18,-1.7347e-18,6.9389e-18,-6.9389e-18,1.7347e-18,-1.7347e-18,6.9389e-18,-6.9389e-18,1.7347e-18,-1.7347e-18,6.9389e-18,-6.9389e-18,1.7347e-18,-1.7347e-18,6.9389e-18,-6.9389e-18,1.7347e-18,-1.7347e-18,6.9389e-18,-6.9389e-18,1.7347e-18,-1.7347e-18,6.9389e-18,-6.9389e-18,1.7347e-18,-1.7347e-18,6.9389e-18,-6.9389e-18,1.7347e-18,-1.7347e-18,6.9389e-18,-6.9389e-18,1.7347e-18,-1.7347e-18,6.9389e-18,-6.9389e-18,1.7347e-18,-1.7347e-18,6.9389e-18,-6.9389e-18,1.7347e-18,-1.7347e-18,6.9389e-18,-6.9389e-18,1.7347e-18,-1.7347e-18,6.9389e-18,-6.9389e-18,1.7347e-18,-1.7347e-18,6.9389e-18,-6.9389e-18,1.7347e-18,-1.7347e-18,6.9389e-18,-6.9389e-18,1.7347e-18,-1.7347e-18,6.9389e-18,-6.9389e-18,1.7347e-18,-1.7347e-18,6.9389e-18,0,0,0.0024639,0,0,1.7347e-18,-0.00055457,0,-6.9389e-18,-0.00092772,0.00090215,6.9389e-18,-6.9389e-18,-0.00079954,0.00084703,6.9389e-18,-6.9389e-18,-0.00095223,0.00090354,6.9389e-18,-6.9389e-18,-0.00078312,0.00074356,6.9389e-18,1.7347e-18,-0.00045059,0,0,0
-6.9389e-18,0,0.00059366,-1.7347e-18,1.7347e-18,-0.00060515,0.00065985,-1.7347e-18,1.7347e-18,-0.00070996,0.00070532,-1.7347e-18,1.7347e-18,-0.00070785,0.00070742,-1.7347e-18,1.7347e-18,-0.00070799,0.00070754,-1.7347e-18,1.7347e-18,-0.00070818,0.00070731,-1.7347e-18,1.7347e-18,-0.00070846,0.00070734,-1.7347e-18,1.7347e-18,-0.00070904,0.00070809,-1.7347e-18,1.7347e-18,-0.00070975,0.00070874,-1.7347e-18,1.7347e-18,-0.00070999,0.00070908,-1.7347e-18,1.7347e-18,-0.00071023,0.00070932,-1.7347e-18,1.7347e-18,-0.00071016,0.00070957,-1.7347e-18,1.7347e-18,-0.00070989,0.00070972,-1.7347e-18,1.7347e-18,-0.00070968,0.00070974,-1.7347e-18,1.7347e-18,-0.00070955,0.00070983,-1.7347e-18,1.7347e-18,-0.00070888,0.00071072,-1.7347e-18,1.7347e-18,-0.00069307,0.00071964,-1.7347e-18,1.7347e-18,-0.00065693,0.00051649,-1.7347e-18,1.7347e-18,1.7347e-18,-0.0019872,-0.00076548,1.7347e-18,-0.00031889,-0.00096185,-0.0011883,-0.00035124,-0.0016261,0.0010942,0.00087277,-0.00088699,-0.0013835,0.0011057,0.00084005,-0.0009869,-0.0013308,0.0011717,0.00097701,-0.00084542,-0.00094295,0.001892,0,0.0026478,0.00082113,-1.7347e-18,0,-1.7347e-18
1.3878e-17,1.7347e-18,-1.7347e-18,6.9389e-18,-6.9389e-18,1.7347e-18,-1.7347e-18,6.9389e-18,-6.9389e-18,1.7347e-18,-1.7347e-18,6.9389e-18,-6.9389e-18,1.7347e-18,-1.7347e-18,6.9389e-18,-6.9389e-18,1.7347e-18,-1.7347e-18,6.9389e-18,-6.9389e-18,1.7347e-18,-1.7347e-18,6.9389e-18,-6.9389e-18,1.7347e-18,-1.7347e-18,6.9389e-18,-6.9389e-18,1.7347e-18,-1.7347e-18,6.9389e-18,-6.9389e-18,1.7347e-18,-1.7347e-18,6.9389e-18,-6.9389e-18,1.7347e-18,-1.7347e-18,6.9389e-18,-6.9389e-18,1.7347e-18,-1.7347e-18,6.9389e-18,-6.9389e-18,1.7347e-18,-1.7347e-18,6.9389e-18,-6.9389e-18,1.7347e-18,-1.7347e-18,6.9389e-18,-6.9389e-18,1.7347e-18,-1.7347e-18,6.9389e-18,-6.9389e-18,1.7347e-18,-1.7347e-18,6.9389e-18,-6.9389e-18,1.7347e-18,-1.7347e-18,6.9389e-18,-6.9389e-18,1.7347e-18,-1.7347e-18,6.9389e-18,-6.9389e-18,1.7347e-18,-1.7347e-18,6.9389e-18,0,0,-0.00027218,6.9389e-18,0,1.7347e-18,-0.00010114,6.9389e-18,-6.9389e-18,-0.00082893,0.00087788,6.9389e-18,-6.9389e-18,-0.00083695,0.00086664,6.9389e-18,-6.9389e-18,-0.00096708,0.00091359,6.9389e-18,-6.9389e-18,-0.00079312,0.00075697,6.9389e-18,1.7347e-18,-0.0004766,0,0,0
0,0,6.9389e-18,0,0,-6.9389e-18,6.9389e-18,0,0,-6.9389e-18,6.9389e-18,0,0,-6.9389e-18,6.9389e-18,0,0,-6.9389e-18,6.9389e-18,0,0,-6.9389e-18,6.9389e-18,0,0,-6.9389e-18,6.9389e-18,0,0,-6.9389e-18,6.9389e-18,0,0,-6.9389e-18,6.9389e-18,0,0,-6.9389e-18,6.9389e-18,0,0,-6.9389e-18,6.9389e-18,0,0,-6.9389e-18,6.9389e-18,0,0,-6.9389e-18,6.9389e-18,0,0,-6.9389e-18,6.9389e-18,0,0,-6.9389e-18,6.9389e-18,0,0,-6.9389e-18,6.9389e-18,0,0,-6.9389e-18,6.9389e-18,0,0,-6.9389e-18,6.9389e-18,0,0,0,0,0,-2.7756e-17,0,0,0,-2.7756e-17,-6.9389e-18,6.9389e-18,2.7756e-17,-2.7756e-17,-6.9389e-18,6.9389e-18,2.7756e-17,-2.7756e-17,-6.9389e-18,6.9389e-18,2.7756e-17,-2.7756e-17,-6.9389e-18,6.9389e-18,2.7756e-17,-2.7756e-17,1.7347e-18,0,0,0
1.3878e-17,1.7347e-18,-1.7347e-18,6.9389e-18,-6.9389e-18,1.7347e-18,-1.7347e-18,6.9389e-18,-6.9389e-18,1.7347e-18,-1.7347e-18,6.9389e-18,-6.9389e-18,1.7347e-18,-1.7347e-18,6.9389e-18,-6.9389e-18,1.7347e-18,-1.7347e-18,6.9389e-18,-6.9389e-18,1.7347e-18,-1.7347e-18,6.9389e-18,-6.9389e-18,1.7347e-18,-1.7347e-18,6.9389e-18,-6.9389e-18,1.7347e-18,-1.7347e-18,6.9389e-18,-6.9389e-18,1.7347e-18,-1.7347e-18,6.9389e-18,-6.9389e-18,1.7347e-18,-1.7347e-18,6.9389e-18,-6.9389e-18,1.7347e-18,-1.7347e-18,6.9389e-18,-6.9389e-18,1.7347e-18,-1.7347e-18,6.9389e-18,-6.9389e-18,1.7347e-18,-1.7347e-18,6.9389e-18,-6.9389e-18,1.7347e-18,-1.7347e-18,6.9389e-18,-6.9389e-18,1.7347e-18,-1.7347e-18,6.9389e-18,-6.9389e-18,1.7347e-18,-1.7347e-18,6.9389e-18,-6.9389e-18,1.7347e-18,-1.7347e-18,6.9389e-18,-6.9389e-18,1.7347e-18,-1.7347e-18,6.9389e-18,0,0,0.00045726,6.9389e-18,0,0,4.8758e-05,6.9389e-18,-6.9389e-18,-0.00085093,0.00088083,6.9389e-18,-6.9389e-18,-0.00084714,0.00086158,6.9389e-18,-6.9389e-18,-0.00097261,0.00090549,6.9389e-18,-6.9389e-18,-0.00078495,0.0007643,6.9389e-18,-5.2042e-18,-0.00044571,0,0,0
-6.9389e-18,0,0.00058169,-1.7347e-18,1.7347e-18,-0.00071363,0.00068133,-1.7347e-18,1.7347e-18,-0.0007327,0.00072739,-1.7347e-18,1.7347e-18,-0.00073055,0.00072956,-1.7347e-18,1.7347e-18,-0.00073059,0.0007297,-1.7347e-18,1.7347e-18,-0.0007308,0.00072945,-1.7347e-18,1.7347e-18,-0.00073069,0.00072934,-1.7347e-18,1.7347e-18,-0.0007304,0.00072937,-1.7347e-18,1.7347e-18,-0.00073049,0.00072924,-1.7347e-18,1.7347e-18,-0.00073037,0.00072947,-1.7347e-18,1.7347e-18,-0.00073057,0.00072984,-1.7347e-18,1.7347e-18,-0.00073055,0.00073,-1.7347e-18,1.7347e-18,-0.00073024,0.00073008,-1.7347e-18,1.7347e-18,-0.00072974,0.00073027,-1.7347e-18,1.7347e-18,-0.00072963,0.00073045,-1.7347e-18,1.7347e-18,-0.00072711,0.0007343,-1.7347e-18,1.7347e-18,-0.00066186,0.00076907,-1.7347e-18,1.7347e-18,0,-0.00023929,-1.7347e-18,1.7347e-18,1.7347e-18,-0.0022249,-0.0020372,1.7347e-18,-0.0025439,0.00021479,2.9192e-05,-0.00063917,-0.0015027,0.0010919,0.00084349,-0.00091084,-0.0013727,0.0011165,0.00085029,-0.0010077,-0.0013269,0.0011711,0.00097573,-0.00084563,-0.00094245,0.0018916,0,0.0026228,0.00082757,-1.7347e-18,0,5.3353e-05
1.3878e-17,1.7347e-18,-1.7347e-18,6.9389e-18,-6.9389e-18,1.7347e-18,-1.7347e-18,6.9389e-18,-6.9389e-18,1.7347e-18,-1.7347e-18,6.9389e-18,-6.9389e-18,1.7347e-18,-1.7347e-18,6.9389e-18,-6.9389e-18,1.7347e-18,-1.7347e-18,6.9389e-18,-6.9389e-18,1.7347e-18,-1.7347e-18,6.9389e-18,-6.9389e-18,1.7347e-18,-1.7347e-18,6.9389e-18,-6.9389e-18,1.7347e-18,-1.7347e-18,6.9389e-18,-6.9389e-18,1.7347e-18,-1.7347e-18,6.9389e-18,-6.9389e-18,1.7347e-18,-1.7347e-18,6.9389e-18,-6.9389e-18,1.7347e-18,-1.7347e-18,6.9389e-18,-6.9389e-18,1.7347e-18,-1.7347e-18,6.9389e-18,-6.9389e-18,1.7347e-18,-1.7347e-18,6.9389e-18,-6.9389e-18,1.7347e-18,-1.7347e-18,6.9389e-18,-6.9389e-18,1.7347e-18,-1.7347e-18,6.9389e-18,-6.9389e-18,1.7347e-18,-1.7347e-18,6.9389e-18,-6.9389e-18,1.7347e-18,-1.7347e-18,6.9389e-18,-6.9389e-18,1.7347e-18,0,0,-6.9389e-18,0,-0.001074,6.9389e-18,-6.9389e-18,0,0.00039851,6.9389e-18,-6.9389e-18,-0.00073461,0.00084367,6.9389e-18,-6.9389e-18,-0.00087943,0.00087692,6.9389e-18,-6.9389e-18,-0.00098449,0.00091241,6.9389e-18,-6.9389e-18,-0.00079256,0.00077775,6.9389e-18,1.7347e-18,-0.00046771,6.9389e-18,0,0
0,0,6.9389e-18,0,0,-6.9389e-18,6.9389e-18,0,0,-6.9389e-18,6.9389e-18,0,0,-6.9389e-18,6.9389e-18,0,0,-6.9389e-18,6.9389e-18,0,0,-6.9389e-18,6.9389e-18,0,0,-6.9389e-18,6.9389e-18,0,0,-6.9389e-18,6.9389e-18,0,0,-6.9389e-18,6.9389e-18,0,0,-6.9389e-18,6.9389e-18,0,0,-6.9389e-18,6.9389e-18,0,0,-6.9389e-18,6.9389e-18,0,0,-6.9389e-18,6.9389e-18,0,0,-6.9389e-18,6.9389e-18,0,0,-6.9389e-18,6.9389e-18,0,0,-6.9389e-18,6.9389e-18,0,0,-6.9389e-18,6.9389e-18,0,0,0,0,0,0,-6.9389e-18,-1.7347e-18,2.7756e-17,0,-6.9389e-18,6.9389e-18,2.7756e-17,-2.7756e-17,-6.9389e-18,6.9389e-18,2.7756e-17,-2.7756e-17,-6.9389e-18,6.9389e-18,0,0,-6.9389e-18,6.9389e-18,2.7756e-17,0,-6.9389e-18,6.9389e-18,2.7756e-17,0,1.7347e-18,0,0,0
1.3878e-17,1.7347e-18,-1.7347e-18,6.9389e-18,-6.9389e-18,1.7347e-18,-1.7347e-18,6.9389e-18,-6.9389e-18,1.7347e-18,-1.7347e-18,6.9389e-18,-6.9389e-18,1.7347e-18,-1.7347e-18,6.9389e-18,-6.9389e-18,1.7347e-18,-1.7347e-18,6.9389e-18,-6.9389e-18,1.7347e-18,-1.7347e-18,6.9389e-18,-6.9389e-18,1.7347e-18,-1.7347e-18,6.9389e-18,-6.9389e-18,1.7347e-18,-1.7347e-18,6.9389e-18,-6.9389e-18,1.7347e-18,-1.7347e-18,6.9389e-18,-6.9389e-18,1.7347e-18,-1.7347e-18,6.9389e-18,-6.9389e-18,1.7347e-18,-1.7347e-18,6.9389e-18,-6.9389e-18,1.7347e-18,-1.7347e-18,6.9389e-18,-6.9389e-18,1.7347e-18,-1.7347e-18,6.9389e-18,-6.9389e-18,1.7347e-18,-1.7347e-18,6.9389e-18,-6.9389e-18,1.7347e-18,-1.7347e-18,6.9389e-18,-6.9389e-18,1.7347e-18,-1.7347e-18,6.9389e-18,-6.9389e-18,1.7347e-18,-1.7347e-18,6.9389e-18,-6.9389e-18,1.7347e-18,-1.7347e-18,0,-6.9389e-18,0,-0.00062457,6.9389e-18,-6.9389e-18,-0.00015757,0.00055083,6.9389e-18,-6.9389e-18,-0.00074469,0.00083916,6.9389e-18,-6.9389e-18,-0.0008882,0.00087142,6.9389e-18,-6.9389e-18,-0.0009889,0.00090382,6.9389e-18,-6.9389e-18,-0.00078447,0.00078437,6.9389e-18,1.7347e-18,-0.00044111,0,0,0
-6.9389e-18,0,0.00056281,-1.7347e-18,1.7347e-18,-0.00078962,0.00070059,-1.7347e-18,1.7347e-18,-0.00075279,0.00074742,-1.7347e-18,1.7347e-18,-0.0007504,0.00074969,-1.7347e-18,1.7347e-18,-0.00075055,0.00074972,-1.7347e-18,1.7347e-18,-0.00075079,0.00074948,-1.7347e-18,1.7347e-18,-0.00075061,0.00074925,-1.7347e-18,1.7347e-18,-0.00075032,0.00074921,-1.7347e-18,1.7347e-18,-0.00075041,0.00074908,-1.7347e-18,1.7347e-18,-0.00075035,0.00074938,-1.7347e-18,1.7347e-18,-0.00075046,0.00074965,-1.7347e-18,1.7347e-18,-0.00075046,0.00074962,-1.7347e-18,1.7347e-18,-0.00075012,0.00074972,-1.7347e-18,1.7347e-18,-0.00074961,0.00074999,-1.7347e-18,1.7347e-18,-0.0007496,0.00075028,-1.7347e-18,1.7347e-18,-0.00074566,0.00075601,-1.7347e-18,1.7347e-18,-0.00064181,0.00081009,-1.7347e-18,1.7347e-18,0,-0.00090556,0,1.7347e-18,1.7347e-18,-0.0016749,-0.002069,0,-0.0019244,0.00085879,0.00067841,-0.00078592,-0.0014352,0.0010853,0.0008229,-0.00093453,-0.0013634,0.0011242,0.00085782,-0.0010266,-0.0013245,0.001169,0.0009741,-0.0008445,-0.0009406,0.0018916,0,0.0025974,0.00082841,-1.7347e-18,0,0.00038983
0,1.7347e-18,-1.7347e-18,6.9389e-18,-6.9389e-18,1.7347e-18,-1.7347e-18,6.9389e-18,-6.9389e-18,1.7347e-18,-1.7347e-18,6.9389e-18,-6.9389e-18,1.7347e-18,-1.7347e-18,6.9389e-18,-6.9389e-18,1.7347e-18,-1.7347e-18,6.9389e-18,-6.9389e-18,1.7347e-18,-1.7347e-18,6.9389e-18,-6.9389e-18,1.7347e-18,-1.7347e-18,6.9389e-18,-6.9389e-18,1.7347e-18,-1.7347e-18,6.9389e-18,-6.9389e-18,1.7347e-18,-1.7347e-18,6.9389e-18,-6.9389e-18,1.7347e-18,-1.7347e-18,6.9389e-18,-6.9389e-18,1.7347e-18,-1.7347e-18,6.9389e-18,-6.9389e-18,1.7347e-18,-1.7347e-18,6.9389e-18,-6.9389e-18,1.7347e-18,-1.7347e-18,6.9389e-18,-6.9389e-18,1.7347e-18,-1.7347e-18,6.9389e-18,-6.9389e-18,1.7347e-18,-1.7347e-18,6.9389e-18,-6.9389e-18,1.7347e-18,-1.7347e-18,6.9389e-18,-6.9389e-18,1.7347e-18,-1.7347e-18,6.9389e-18,-6.9389e-18,1.7347e-18,0.0013994,0,0,1.7347e-18,-0.00062023,6.9389e-18,-6.9389e-18,-0.00069455,0.00079658,6.9389e-18,-6.9389e-18,-0.00075059,0.00084465,6.9389e-18,-6.9389e-18,-0.00091499,0.0008839,6.9389e-18,-6.9389e-18,-0.001001,0.00091069,6.9389e-18,-6.9389e-18,-0.00079035,0.00079381,6.9389e-18,1.7347e-18,-0.00046257,0,0,0
0,0,6.9389e-18,0,0,-6.9389e-18,6.9389e-18,0,0,-6.9389e-18,6.9389e-18,0,0,-6.9389e-18,6.9389e-18,0,0,-6.9389e-18,6.9389e-18,0,0,-6.9389e-18,6.9389e-18,0,0,-6.9389e-18,6.9389e-18,0,0,-6.9389e-18,6.9389e-18,0,0,-6.9389e-18,6.9389e-18,0,0,-6.9389e-18,6.9389e-18,0,0,-6.9389e-18,6.9389e-18,0,0,-6.9389e-18,6.9389e-18,0,0,-6.9389e-18,6.9389e-18,0,0,-6.9389e-18,6.9389e-18,0,0,-6.9389e-18,6.9389e-18,0,0,-6.9389e-18,6.9389e-18,0,0,-6.9389e-18,6.9389e-18,0,0,0,0,0,0,0,0,0,-2.7756e-17,-6.9389e-18,6.9389e-18,0,0,-6.9389e-18,6.9389e-18,2.7756e-17,-2.7756e-17,-6.9389e-18,6.9389e-18,2.7756e-17,0,-6.9389e-18,6.9389e-18,2.7756e-17,0,-6.9389e-18,6.9389e-18,0,-2.7756e-17,1.7347e-18,0,0,2.7756e-17
0,1.7347e-18,-1.7347e-18,6.9389e-18,-6.9389e-18,1.7347e-18,-1.7347e-18,6.9389e-18,-6.9389e-18,1.7347e-18,-1.7347e-18,6.9389e-18,-6.9389e-18,1.7347e-18,-1.7347e-18,6.9389e-18,-6.9389e-18,1.7347e-18,-1.7347e-18,6.9389e-18,-6.9389e-18,1.7347e-18,-1.7347e-18,6.9389e-18,-6.9389e-18,1.7347e-18,-1.7347e-18,6.9389e-18,-6.9389e-18,1.7347e-18,-1.7347e-18,6.9389e-18,-6.9389e-18,1.7347e-18,-1.7347e-18,6.9389e-18,-6.9389e-18,1.7347e-18,-1.7347e-18,6.9389e-18,-6.9389e-18,1.7347e-18,-1.7347e-18,6.9389e-18,-6.9389e-18,1.7347e-18,-1.7347e-18,6.9389e-18,-6.9389e-18,1.7347e-18,-1.7347e-18,6.9389e-18,-6.9389e-18,1.7347e-18,-1.7347e-18,6.9389e-18,-6.9389e-18,1.7347e-18,-1.7347e-18,6.9389e-18,-6.9389e-18,1.7347e-18,-1.7347e-18,6.9389e-18,-6.9389e-18,1.7347e-18,-1.7347e-18,6.9389e-18,-6.9389e-18,0,0.0024708,0,0,1.7347e-18,-0.00046794,6.9389e-18,-6.9389e-18,-0.00085139,0.00087693,6.9389e-18,-6.9389e-18,-0.00076369,0.00084158,6.9389e-18,-6.9389e-18,-0.00092252,0.0008778,6.9389e-18,-6.9389e-18,-0.0010053,0.00090226,6.9389e-18,-6.9389e-18,-0.00078202,0.00079938,6.9389e-18,1.7347e-18,-0.00043795,0,0,0
-6.9389e-18,0,0.00054426,-1.7347e-18,1.7347e-18,-0.00081097,0.00072,-1.7347e-18,1.7347e-18,-0.00077268,0.00076756,-1.7347e-18,1.7347e-18,-0.00077022,0.00076985,-1.7347e-18,1.7347e-18,-0.00077034,0.00076978,-1.7347e-18,1.7347e-18,-0.00077054,0.00076948,-1.7347e-18,1.7347e-18,-0.00077031,0.00076928,-1.7347e-18,1.7347e-18,-0.00077011,0.00076922,-1.7347e-18,1.7347e-18,-0.00077003,0.00076918,-1.7347e-18,1.7347e-18,-0.00076993,0.00076946,-1.7347e-18,1.7347e-18,-0.0007701,0.00076962,-1.7347e-18,1.7347e-18,-0.00077017,0.00076967,-1.7347e-18,1.7347e-18,-0.00076988,0.00076972,-1.7347e-18,1.7347e-18,-0.0007696,0.00076983,-1.7347e-18,1.7347e-18,-0.00076913,0.00077068,-1.7347e-18,1.7347e-18,-0.00075528,0.00077825,-1.7347e-18,1.7347e-18,-0.00089666,0.00058828,-1.7347e-18,1.7347e-18,1.7347e-18,-0.0018464,-0.00053082,1.7347e-18,-0.00057553,-0.00082058,-0.0010704,-0.00033197,-0.0016322,0.0010796,0.00085346,-0.00085167,-0.0013976,0.0010981,0.00083064,-0.00096119,-0.0013543,0.0011287,0.00086186,-0.0010449,-0.0013224,0.0011673,0.00097371,-0.0008412,-0.00093661,0.0018932,0,0.002571,0.00082783,-1.7347e-18,0,0.00072219
0,1.7347e-18,-1.7347e-18,6.9389e-18,-6.9389e-18,1.7347e-18,-1.7347e-18,6.9389e-18,-6.9389e-18,1.7347e-18,-1.7347e-18,6.9389e-18,-6.9389e-18,1.7347e-18,-1.7347e-18,6.9389e-18,-6.9389e-18,1.7347e-18,-1.7347e-18,6.9389e-18,-6.9389e-18,1.7347e-18,-1.7347e-18,6.9389e-18,-6.9389e-18,1.7347e-18,-1.7347e-18,6.9389e-18,-6.9389e-18,1.7347e-18,-1.7347e-18,6.9389e-18,-6.9389e-18,1.7347e-18,-1.7347e-18,6.9389e-18,-6.9389e-18,1.7347e-18,-1.7347e-18,6.9389e-18,-6.9389e-18,1.7347e-18,-1.7347e-18,6.9389e-18,-6.9389e-18,1.7347e-18,-1.7347e-18,6.9389e-18,-6.9389e-18,1.7347e-18,-1.7347e-18,6.9389e-18,-6.9389e-18,1.7347e-18,-1.7347e-18,6.9389e-18,-6.9389e-18,1.7347e-18,-1.7347e-18,6.9389e-18,-6.9389e-18,1.7347e-18,-1.7347e-18,6.9389e-18,-6.9389e-18,1.7347e-18,-1.7347e-18,6.9389e-18,-6.9389e-18,-6.9389e-18,-0.00017256,6.9389e-18,0,1.7347e-18,-3.121e-05,6.9389e-18,-6.9389e-18,-0.00078031,0.00086761,6.9389e-18,-6.9389e-18,-0.00080296,0.00085984,6.9389e-18,-6.9389e-18,-0.00093957,0.0008867,6.9389e-18,-6.9389e-18,-0.0010183,0.0009093,6.9389e-18,-6.9389e-18,-0.00078598,0.00080544,6.9389e-18,1.7347e-18,-0.00045861,0,0,0
0,-6.9389e-18,6.9389e-18,0,0,-6.9389e-18,6.9389e-18,0,0,-6.9389e-18,6.9389e-18,0,0,-6.9389e-18,6.9389e-18,0,0,-6.9389e-18,6.9389e-18,0,0,-6.9389e-18,6.9389e-18,0,0,-6.9389e-18,6.9389e-18,0,0,-6.9389e-18,6.9389e-18,0,0,-6.9389e-18,6.9389e-18,0,0,-6.9389e-18,6.9389e-18,0,0,-6.9389e-18,6.9389e-18,0,0,-6.9389e-18,6.9389e-18,0,0,-6.9389e-18,6.9389e-18,0,0,-6.9389e-18,6.9389e-18,0,0,-6.9389e-18,6.9389e-18,0,0,-6.9389e-18,6.9389e-18,0,0,-6.9389e-18,6.9389e-18,0,0,0,0,0,-2.7756e-17,0,0,2.7756e-17,-2.7756e-17,-6.9389e-18,6.9389e-18,0,0,-6.9389e-18,6.9389e-18,0,-2.7756e-17,-6.9389e-18,6.9389e-18,2.7756e-17,-2.7756e-17,-6.9389e-18,6.9389e-18,2.7756e-17,-2.7756e-17,-6.9389e-18,6.9389e-18,2.7756e-17,-2.7756e-17,1.7347e-18,0,0,2.7756e-17
0,1.7347e-18,-1.7347e-18,6.9389e-18,-6.9389e-18,1.7347e-18,-1.7347e-18,6.9389e-18,-6.9389e-18,1.7347e-18,-1.7347e-18,6.9389e-18,-6.9389e-18,1.7347e-18,-1.7347e-18,6.9389e-18,-6.9389e-18,1.7347e-18,-1.7347e-18,6.9389e-18,-6.9389e-18,1.7347e-18,-1.7347e-18,6.9389e-18,-6.9389e-18,1.7347e-18,-1.7347e-18,6.9389e-18,-6.9389e-18,1.7347e-18,-1.7347e-18,6.9389e-18,-6.9389e-18,1.7347e-18,-1.7347e-18,6.9389e-18,-6.9389e-18,1.7347e-18,-1.7347e-18,6.9389e-18,-6.9389e-18,1.7347e-18,-1.7347e-18,6.9389e-18,-6.9389e-18,1.7347e-18,-1.7347e-18,6.9389e-18,-6.9389e-18,1.7347e-18,-1.7347e-18,6.9389e-18,-6.9389e-18,1.7347e-18,-1.7347e-18,6.9389e-18,-6.9389e-18,1.7347e-18,-1.7347e-18,6.9389e-18,-6.9389e-18,1.7347e-18,-1.7347e-18,6.9389e-18,-6.9389e-18,1.7347e-18,-1.7347e-18,6.9389e-18,-6.9389e-18,0,0.00047086,6.9389e-18,0,0,0.00010598,6.9389e-18,-6.9389e-18,-0.00080559,0.00087231,6.9389e-18,-6.9389e-18,-0.00081366,0.00085536,6.9389e-18,-6.9389e-18,-0.00094491,0.00087922,6.9389e-18,-6.9389e-18,-0.0010225,0.00090123,6.9389e-18,-6.9389e-18,-0.00077737,0.00080994,6.9389e-18,1.7347e-18,-0.00043564,0,0,0
-6.9389e-18,0,0.00052622,-1.7347e-18,1.7347e-18,-0.00083225,0.00073933,-1.7347e-18,1.7347e-18,-0.00079238,0.00078749,-1.7347e-18,1.7347e-18,-0.00078985,0.00078969,-1.7347e-18,1.7347e-18,-0.00079005,0.00078968,-1.7347e-18,1.7347e-18,-0.0007902,0.00078955,-1.7347e-18,1.7347e-18,-0.00078998,0.00078934,-1.7347e-18,1.7347e-18,-0.00078976,0.00078927,-1.7347e-18,1.7347e-18,-0.00078973,0.00078915,-1.7347e-18,1.7347e-18,-0.00078968,0.00078939,-1.7347e-18,1.7347e-18,-0.00078985,0.0007895,-1.7347e-18,1.7347e-18,-0.00079001,0.00078936,-1.7347e-18,1.7347e-18,-0.00078968,0.00078941,-1.7347e-18,1.7347e-18,-0.00078936,0.00078965,-1.7347e-18,1.7347e-18,-0.00078727,0.00079319,-1.7347e-18,1.7347e-18,-0.00073032,0.00081856,-1.7347e-18,1.7347e-18,-0.00011904,-0.00018797,-1.7347e-18,1.7347e-18,1.7347e-18,-0.0020203,-0.0018207,0,-0.0024751,0.00027706,8.582e-05,-0.00061839,-0.0015053,0.0010876,0.00083646,-0.00088086,-0.0013833,0.0011104,0.00084282,-0.00098351,-0.001349,0.0011292,0.00086266,-0.0010627,-0.0013203,0.0011662,0.00097463,-0.00083626,-0.00093098,0.0018962,0,0.0025433,0.00082584,-1.7347e-18,0,0.001051
0,1.7347e-18,-1.7347e-18,6.9389e-18,-6.9389e-18,1.7347e-18,-1.7347e-18,6.9389e-18,-6.9389e-18,1.7347e-18,-1.7347e-18,6.9389e-18,-6.9389e-18,1.7347e-18,-1.7347e-18,6.9389e-18,-6.9389e-18,1.7347e-18,-1.7347e-18,6.9389e-18,-6.9389e-18,1.7347e-18,-1.7347e-18,6.9389e-18,-6.9389e-18,1.7347e-18,-1.7347e-18,6.9389e-18,-6.9389e-18,1.7347e-18,-1.7347e-18,6.9389e-18,-6.9389e-18,1.7347e-18,-1.7347e-18,6.9389e-18,-6.9389e-18,1.7347e-18,-1.7347e-18,6.9389e-18,-6.9389e-18,1.7347e-18,-1.7347e-18,6.9389e-18,-6.9389e-18,1.7347e-18,-1.7347e-18,6.9389e-18,-6.9389e-18,1.7347e-18,-1.7347e-18,6.9389e-18,-6.9389e-18,1.7347e-18,-1.7347e-18,6.9389e-18,-6.9389e-18,1.7347e-18,-1.7347e-18,6.9389e-18,-6.9389e-18,1.7347e-18,-1.7347e-18,6.9389e-18,-6.9389e-18,1.7347e-18,0,0,0,1.7347e-18,-0.00090327,6.9389e-18,-6.9389e-18,0,0.00042456,6.9389e-18,-6.9389e-18,-0.0007011,0.00084063,6.9389e-18,-6.9389e-18,-0.00084945,0.00087181,6.9389e-18,-6.9389e-18,-0.00095843,0.00088657,6.9389e-18,-6.9389e-18,-0.0010362,0.00090837,6.9389e-18,-6.9389e-18,-0.00078033,0.00081376,6.9389e-18,1.7347e-18,-0.000456,0,0,0
0,-6.9389e-18,6.9389e-18,0,0,-6.9389e-18,6.9389e-18,0,0,-6.9389e-18,6.9389e-18,0,0,-6.9389e-18,6.9389e-18,0,0,-6.9389e-18,6.9389e-18,0,0,-6.9389e-18,6.9389e-18,0,0,-6.9389e-18,6.9389e-18,0,0,-6.9389e-18,6.9389e-18,0,0,-6.9389e-18,6.9389e-18,0,0,-6.9389e-18,6.9389e-18,0,0,-6.9389e-18,6.9389e-18,0,0,-6.9389e-18,6.9389e-18,0,0,-6.9389e-18,6.9389e-18,0,0,-6.9389e-18,6.9389e-18,0,0,-6.9389e-18,6.9389e-18,0,0,-6.9389e-18,6.9389e-18,0,0,-6.9389e-18,0,0,0,-6.9389e-18,-1.7347e-18,2.7756e-17,0,-6.9389e-18,6.9389e-18,2.7756e-17,-2.7756e-17,-6.9389e-18,6.9389e-18,2.7756e-17,-2.7756e-17,-6.9389e-18,6.9389e-18,0,-2.7756e-17,-6.9389e-18,6.9389e-18,0,-2.7756e-17,-6.9389e-18,6.9389e-18,2.7756e-17,-2.7756e-17,-6.9389e-18,6.9389e-18,2.7756e-17,-2.7756e-17,1.7347e-18,0,0,2.7756e-17
0,1.7347e-18,-1.7347e-18,6.9389e-18,-6.9389e-18,1.7347e-18,-1.7347e-18,6.9389e-18,-6.9389e-18,1.7347e-18,-1.7347e-18,6.9389e-18,-6.9389e-18,1.7347e-18,-1.7347e-18,6.9389e-18,-6.9389e-18,1.7347e-18,-1.7347e-18,6.9389e-18,-6.9389e-18,1.7347e-18,-1.7347e-18,6.9389e-18,-6.9389e-18,1.7347e-18,-1.7347e-18,6.9389e-18,-6.9389e-18,1.7347e-18,-1.7347e-18,6.9389e-18,-6.9389e-18,1.7347e-18,-1.7347e-18,6.9389e-18,-6.9389e-18,1.7347e-18,-1.7347e-18,6.9389e-18,-6.9389e-18,1.7347e-18,-1.7347e-18,6.9389e-18,-6.9389e-18,1.7347e-18,-1.7347e-18,6.9389e-18,-6.9389e-18,1.7347e-18,-1.7347e-18,6.9389e-18,-6.9389e-18,1.7347e-18,-1.7347e-18,6.9389e-18,-6.9389e-18,1.7347e-18,-1.7347e-18,6.9389e-18,-6.9389e-18,1.7347e-18,-1.7347e-18,6.9389e-18,-6.9389e-18,1.7347e-18,0,0,0,1.7347e-18,-0.00049823,6.9389e-18,-6.9389e-18,-0.00013826,0.0005614,6.9389e-18,-6.9389e-18,-0.00071049,0.00083491,6.9389e-18,-6.9389e-18,-0.00085917,0.00086711,6.9389e-18,-6.9389e-18,-0.00096314,0.00087873,6.9389e-18,-6.9389e-18,-0.0010409,0.00090114,6.9389e-18,-6.9389e-18,-0.00077157,0.0008177,6.9389e-18,1.7347e-18,-0.00043362,6.9389e-18,0,0
-6.9389e-18,0,0.00050825,-1.7347e-18,1.7347e-18,-0.00085314,0.0007583,-1.7347e-18,1.7347e-18,-0.00081187,0.00080692,-1.7347e-18,1.7347e-18,-0.0008095,0.000809,-1.7347e-18,1.7347e-18,-0.00080959,0.00080915,-1.7347e-18,1.7347e-18,-0.00080958,0.00080906,-1.7347e-18,1.7347e-18,-0.00080932,0.00080889,-1.7347e-18,1.7347e-18,-0.00080913,0.00080886,-1.7347e-18,1.7347e-18,-0.00080915,0.00080878,-1.7347e-18,1.7347e-18,-0.00080908,0.00080896,-1.7347e-18,1.7347e-18,-0.00080935,0.00080899,-1.7347e-18,1.7347e-18,-0.00080948,0.00080885,-1.7347e-18,1.7347e-18,-0.00080908,0.00080906,-1.7347e-18,1.7347e-18,-0.00080872,0.00080944,-1.7347e-18,1.7347e-18,-0.00080509,0.0008148,-1.7347e-18,1.7347e-18,-0.00071641,0.00085004,-1.7347e-18,1.7347e-18,0,-0.00081383,-1.7347e-18,1.7347e-18,1.7347e-18,-0.0015238,-0.0018457,0,-0.0019074,0.00086518,0.00067805,-0.00075449,-0.0014438,0.0010813,0.00081826,-0.00090783,-0.0013718,0.00112,0.00085182,-0.0010032,-0.0013457,0.0011281,0.0008619,-0.0010802,-0.0013174,0.0011661,0.00097626,-0.00083045,-0.00092468,0.0018997,0,0.002515,0.00082326,-1.7347e-18,0,0.0013749
0,1.7347e-18,-1.7347e-18,6.9389e-18,-6.9389e-18,1.7347e-18,-1.7347e-18,6.9389e-18,-6.9389e-18,1.7347e-18,-1.7347e-18,6.9389e-18,-6.9389e-18,1.7347e-18,-1.7347e-18,6.9389e-18,-6.9389e-18,1.7347e-18,-1.7347e-18,6.9389e-18,-6.9389e-18,1.7347e-18,-1.7347e-18,6.9389e-18,-6.9389e-18,1.7347e-18,-1.7347e-18,6.9389e-18,-6.9389e-18,1.7347e-18,-1.7347e-18,6.9389e-18,-6.9389e-18,1.7347e-18,-1.7347e-18,6.9389e-18,-6.9389e-18,1.7347e-18,-1.7347e-18,6.9389e-18,-6.9389e-18,1.7347e-18,-1.7347e-18,6.9389e-18,-6.9389e-18,1.7347e-18,-1.7347e-18,6.9389e-18,-6.9389e-18,1.7347e-18,-1.7347e-18,6.9389e-18,-6.9389e-18,1.7347e-18,-1.7347e-18,6.9389e-18,-6.9389e-18,1.7347e-18,-1.7347e-18,6.9389e-18,-6.9389e-18,1.7347e-18,-1.7347e-18,6.9389e-18,-6.9389e-18,1.7347e-18,0.0013166,0,0,1.7347e-18,-0.00050352,6.9389e-18,-6.9389e-18,-0.00064138,0.00079052,6.9389e-18,-6.9389e-18,-0.0007178,0.00084141,6.9389e-18,-6.9389e-18,-0.0008876,0.00088054,6.9389e-18,-6.9389e-18,-0.00097537,0.00088549,6.9389e-18,-6.9389e-18,-0.0010534,0.0009084,6.9389e-18,-6.9389e-18,-0.00077457,0.00082151,6.9389e-18,1.7347e-18,-0.00045396,-1.7347e-18,0,0
0,-6.9389e-18,0,0,0,-6.9389e-18,6.9389e-18,0,0,-6.9389e-18,6.9389e-18,0,0,-6.9389e-18,6.9389e-18,0,0,-6.9389e-18,6.9389e-18,0,0,-6.9389e-18,6.9389e-18,0,0,-6.9389e-18,6.9389e-18,0,0,-6.9389e-18,6.9389e-18,0,0,-6.9389e-18,6.9389e-18,0,0,-6.9389e-18,6.9389e-18,0,0,-6.9389e-18,6.9389e-18,0,0,-6.9389e-18,6.9389e-18,0,0,-6.9389e-18,6.9389e-18,0,0,-6.9389e-18,6.9389e-18,0,0,-6.9389e-18,6.9389e-18,0,0,-6.9389e-18,6.9389e-18,0,0,-6.9389e-18,0,0,0,0,0,2.7756e-17,-2.7756e-17,-6.9389e-18,6.9389e-18,2.7756e-17,0,-6.9389e-18,6.9389e-18,0,-2.7756e-17,-6.9389e-18,6.9389e-18,2.7756e-17,-2.7756e-17,-6.9389e-18,6.9389e-18,2.7756e-17,-2.7756e-17,-6.9389e-18,6.9389e-18,2.7756e-17,-2.7756e-17,-6.9389e-18,6.9389e-18,2.7756e-17,0,1.7347e-18,0,0,2.7756e-17
0,1.7347e-18,-1.7347e-18,6.9389e-18,-6.9389e-18,1.7347e-18,-1.7347e-18,6.9389e-18,-6.9389e-18,1.7347e-18,-1.7347e-18,6.9389e-18,-6.9389e-18,1.7347e-18,-1.7347e-18,6.9389e-18,-6.9389e-18,1.7347e-18,-1.7347e-18,6.9389e-18,-6.9389e-18,1.7347e-18,-1.7347e-18,6.9389e-18,-6.9389e-18,1.7347e-18,-1.7347e-18,6.9389e-18,-6.9389e-18,1.7347e-18,-1.7347e-18,6.9389e-18,-6.9389e-18,1.7347e-18,-1.7347e-18,6.9389e-18,-6.9389e-18,1.7347e-18,-1.7347e-18,6.9389e-18,-6.9389e-18,1.7347e-18,-1.7347e-18,6.9389e-18,-6.9389e-18,1.7347e-18,-1.7347e-18,6.9389e-18,-6.9389e-18,1.7347e-18,-1.7347e-18,6.9389e-18,-6.9389e-18,1.7347e-18,-1.7347e-18,6.9389e-18,-6.9389e-18,1.7347e-18,-1.7347e-18,6.9389e-18,-6.9389e-18,1.7347e-18,-1.7347e-18,6.9389e-18,-6.9389e-18,1.7347e-18,0.0022383,0,0,1.7347e-18,-0.00038925,6.9389e-18,-6.9389e-18,-0.00078731,0.00086499,6.9389e-18,-6.9389e-18,-0.00073082,0.00083752,6.9389e-18,-6.9389e-18,-0.0008961,0.00087532,6.9389e-18,-6.9389e-18,-0.00097952,0.00087741,6.9389e-18,-6.9389e-18,-0.0010442,0.00090225,6.9389e-18,-6.9389e-18,-0.00076693,0.00082589,6.9389e-18,-5.2042e-18,-0.0004308,-1.7347e-18,0,0
-6.9389e-18,1.7347e-18,0.00049175,-1.7347e-18,1.7347e-18,-0.00087368,0.00077696,-1.7347e-18,1.7347e-18,-0.00083107,0.00082618,-1.7347e-18,1.7347e-18,-0.00082881,0.0008283,-1.7347e-18,1.7347e-18,-0.00082875,0.00082854,-1.7347e-18,1.7347e-18,-0.00082866,0.00082845,-1.7347e-18,1.7347e-18,-0.00082868,0.00082824,-1.7347e-18,1.7347e-18,-0.00082845,0.00082815,-1.7347e-18,1.7347e-18,-0.00082827,0.0008282,-1.7347e-18,1.7347e-18,-0.00082835,0.0008282,-1.7347e-18,1.7347e-18,-0.00082872,0.0008282,-1.7347e-18,1.7347e-18,-0.00082876,0.00082826,-1.7347e-18,1.7347e-18,-0.00082846,0.00082852,-1.7347e-18,1.7347e-18,-0.00082798,0.00082891,-1.7347e-18,1.7347e-18,-0.00081958,0.00083411,-1.7347e-18,1.7347e-18,-0.00087351,0.00071993,-1.7347e-18,1.7347e-18,1.7347e-18,-0.0014983,-0.00044085,1.7347e-18,-0.00071696,-0.00077891,-0.0010072,-0.0003153,-0.0016331,0.0010779,0.00084894,-0.0008209,-0.0014074,0.0010936,0.0008263,-0.00093718,-0.0013604,0.0011269,0.00085769,-0.0010218,-0.0013434,0.0011267,0.00086169,-0.0010766,-0.0013129,0.0011677,0.00097909,-0.00082506,-0.00091969,0.001902,0,0.0024862,0.00082269,-1.7347e-18,0,0.0016521
0,1.7347e-18,-1.7347e-18,0,-6.9389e-18,1.7347e-18,-1.7347e-18,6.9389e-18,-6.9389e-18,1.7347e-18,-1.7347e-18,6.9389e-18,-6.9389e-18,1.7347e-18,-1.7347e-18,6.9389e-18,-6.9389e-18,1.7347e-18,-1.7347e-18,6.9389e-18,-6.9389e-18,1.7347e-18,-1.7347e-18,6.9389e-18,-6.9389e-18,1.7347e-18,-1.7347e-18,6.9389e-18,-6.9389e-18,1.7347e-18,-1.7347e-18,6.9389e-18,-6.9389e-18,1.7347e-18,-1.7347e-18,6.9389e-18,-6.9389e-18,1.7347e-18,-1.7347e-18,6.9389e-18,-6.9389e-18,1.7347e-18,-1.7347e-18,6.9389e-18,-6.9389e-18,1.7347e-18,-1.7347e-18,6.9389e-18,-6.9389e-18,1.7347e-18,-1.7347e-18,6.9389e-18,-6.9389e-18,1.7347e-18,-1.7347e-18,6.9389e-18,-6.9389e-18,1.7347e-18,-1.7347e-18,6.9389e-18,-6.9389e-18,1.7347e-18,-1.7347e-18,0,-6.9389e-18,0,0.00010797,6.9389e-18,0,1.7347e-18,-3.596e-05,6.9389e-18,-6.9389e-18,-0.00076677,0.00087331,6.9389e-18,-6.9389e-18,-0.0007694,0.00085518,6.9389e-18,-6.9389e-18,-0.0009181,0.00088583,6.9389e-18,-6.9389e-18,-0.00099198,0.00088397,6.9389e-18,-6.9389e-18,-0.0010489,0.00091014,6.9389e-18,-6.9389e-18,-0.0007705,0.0008319,6.9389e-18,1.7347e-18,-0.00044696,5.2042e-18,0,0
0,-6.9389e-18,0,0,0,-6.9389e-18,6.9389e-18,0,0,-6.9389e-18,6.9389e-18,0,0,-6.9389e-18,6.9389e-18,0,0,-6.9389e-18,6.9389e-18,0,0,-6.9389e-18,6.9389e-18,0,0,-6.9389e-18,6.9389e-18,0,0,-6.9389e-18,6.9389e-18,0,0,-6.9389e-18,6.9389e-18,0,0,-6.9389e-18,6.9389e-18,0,0,-6.9389e-18,6.9389e-18,0,0,-6.9389e-18,6.9389e-18,0,0,-6.9389e-18,6.9389e-18,0,0,-6.9389e-18,6.9389e-18,0,0,-6.9389e-18,6.9389e-18,0,0,-6.9389e-18,6.9389e-18,0,0,0,6.9389e-18,0,0,0,0,2.7756e-17,-2.7756e-17,-6.9389e-18,6.9389e-18,0,-2.7756e-17,-6.9389e-18,6.9389e-18,2.7756e-17,0,-6.9389e-18,6.9389e-18,2.7756e-17,-2.7756e-17,-6.9389e-18,6.9389e-18,2.7756e-17,-2.7756e-17,-6.9389e-18,6.9389e-18,2.7756e-17,-2.7756e-17,-6.9389e-18,6.9389e-18,0,-2.7756e-17,1.7347e-18,0,0,2.7756e-17
0,1.7347e-18,-1.7347e-18,0,-6.9389e-18,1.7347e-18,-1.7347e-18,6.9389e-18,-6.9389e-18,1.7347e-18,-1.7347e-18,6.9389e-18,-6.9389e-18,1.7347e-18,-1.7347e-18,6.9389e-18,-6.9389e-18,1.7347e-18,-1.7347e-18,6.9389e-18,-6.9389e-18,1.7347e-18,-1.7347e-18,6.9389e-18,-6.9389e-18,1.7347e-18,-1.7347e-18,6.9389e-18,-6.9389e-18,1.7347e-18,-1.7347e-18,6.9389e-18,-6.9389e-18,1.7347e-18,-1.7347e-18,6.9389e-18,-6.9389e-18,1.7347e-18,-1.7347e-18,6.9389e-18,-6.9389e-18,1.7347e-18,-1.7347e-18,6.9389e-18,-6.9389e-18,1.7347e-18,-1.7347e-18,6.9389e-18,-6.9389e-18,1.7347e-18,-1.7347e-18,6.9389e-18,-6.9389e-18,1.7347e-18,-1.7347e-18,6.9389e-18,-6.9389e-18,1.7347e-18,-1.7347e-18,6.9389e-18,-6.9389e-18,1.7347e-18,-1.7347e-18,0,-6.9389e-18,0,0.00073238,6.9389e-18,0,0,7.5256e-05,6.9389e-18,-6.9389e-18,-0.00079277,0.00087749,6.9389e-18,-6.9389e-18,-0.00078046,0.00085044,6.9389e-18,-6.9389e-18,-0.00092441,0.00087934,6.9389e-18,-6.9389e-18,-0.00099615,0.00087637,6.9389e-18,-6.9389e-18,-0.0010386,0.00090626,6.9389e-18,-6.9389e-18,-0.00076451,0.0008369,6.9389e-18,1.7347e-18,-0.00042473,-1.7347e-18,0,0
1.7347e-18,0,0.00047494,-1.7347e-18,1.7347e-18,-0.00089441,0.00079508,-1.7347e-18,1.7347e-18,-0.00085017,0.00084504,-1.7347e-18,1.7347e-18,-0.00084779,0.00084726,-1.7347e-18,1.7347e-18,-0.00084763,0.00084746,-1.7347e-18,1.7347e-18,-0.00084761,0.00084733,-1.7347e-18,1.7347e-18,-0.00084758,0.00084725,-1.7347e-18,1.7347e-18,-0.00084725,0.00084714,-1.7347e-18,1.7347e-18,-0.00084716,0.00084726,-1.7347e-18,1.7347e-18,-0.00084726,0.00084731,-1.7347e-18,1.7347e-18,-0.00084763,0.00084734,-1.7347e-18,1.7347e-18,-0.00084756,0.00084749,-1.7347e-18,1.7347e-18,-0.0008474,0.00084759,-1.7347e-18,1.7347e-18,-0.00084565,0.00084992,-1.7347e-18,1.7347e-18,-0.00080687,0.00086732,-1.7347e-18,1.7347e-18,-0.00083055,0.00018631,-1.7347e-18,1.7347e-18,1.7347e-18,-0.001802,-0.0015064,0,-0.0026427,0.00017244,-2.0541e-05,-0.00057181,-0.0015176,0.001091,0.00083995,-0.00085373,-0.0013917,0.0011059,0.00083839,-0.00096251,-0.0013527,0.0011294,0.00085952,-0.00104,-0.0013409,0.0011256,0.0008628,-0.0010694,-0.0013047,0.0011718,0.00098311,-0.00081895,-0.00091557,0.0019007,0,0.0024628,0.0008272,-1.7347e-18,0,0.0019053
0,1.7347e-18,-1.7347e-18,0,0,1.7347e-18,-1.7347e-18,0,0,1.7347e-18,-1.7347e-18,0,0,1.7347e-18,-1.7347e-18,0,0,1.7347e-18,-1.7347e-18,0,0,1.7347e-18,-1.7347e-18,0,0,1.7347e-18,-1.7347e-18,0,0,1.7347e-18,-1.7347e-18,0,0,1.7347e-18,-1.7347e-18,0,0,1.7347e-18,-1.7347e-18,0,0,1.7347e-18,-1.7347e-18,0,0,1.7347e-18,-1.7347e-18,0,0,1.7347e-18,-1.7347e-18,0,0,1.7347e-18,-1.7347e-18,0,0,1.7347e-18,-1.7347e-18,0,-6.9389e-18,1.7347e-18,0,0,0,1.7347e-18,-0.00066625,6.9389e-18,-6.9389e-18,0,0.00038277,6.9389e-18,-6.9389e-18,-0.0006914,0.00084649,6.9389e-18,-6.9389e-18,-0.00081746,0.00086718,6.9389e-18,-6.9389e-18,-0.00093926,0.00088674,6.9389e-18,-6.9389e-18,-0.0010096,0.00088269,6.9389e-18,-6.9389e-18,-0.0010391,0.00091295,6.9389e-18,-6.9389e-18,-0.00076351,0.00084949,6.9389e-18,1.7347e-18,-0.00043475,-1.7347e-18,6.9389e-18,0
0,-6.9389e-18,0,0,0,0,0,0,0,0,0,0,0,0,0,0,0,0,0,0,0,0,0,0,0,0,0,0,0,0,0,0,0,0,0,0,0,0,0,0,0,0,0,0,0,0,0,0,0,0,0,0,0,0,0,0,0,0,6.9389e-18,0,0,-6.9389e-18,0,0,0,-6.9389e-18,0,0,0,-6.9389e-18,6.9389e-18,0,-2.7756e-17,-6.9389e-18,6.9389e-18,0,-2.7756e-17,-6.9389e-18,6.9389e-18,0,-2.7756e-17,-6.9389e-18,6.9389e-18,2.7756e-17,-2.7756e-17,-6.9389e-18,6.9389e-18,2.7756e-17,-2.7756e-17,-6.9389e-18,6.9389e-18,2.7756e-17,-2.7756e-17,-6.9389e-18,6.9389e-18,2.7756e-17,-2.7756e-17,1.7347e-18,0,0,2.7756e-17
0,1.7347e-18,-1.7347e-18,0,0,1.7347e-18,-1.7347e-18,0,0,1.7347e-18,-1.7347e-18,0,0,1.7347e-18,-1.7347e-18,0,0,1.7347e-18,-1.7347e-18,0,0,1.7347e-18,-1.7347e-18,0,0,1.7347e-18,-1.7347e-18,0,0,1.7347e-18,-1.7347e-18,0,0,1.7347e-18,-1.7347e-18,0,0,1.7347e-18,-1.7347e-18,0,0,1.7347e-18,-1.7347e-18,0,0,1.7347e-18,-1.7347e-18,0,0,1.7347e-18,-1.7347e-18,0,0,1.7347e-18,-1.7347e-18,0,0,1.7347e-18,-1.7347e-18,0,-6.9389e-18,1.7347e-18,-1.7347e-18,0,0,-5.2042e-18,-0.00027777,6.9389e-18,-6.9389e-18,0,0.00048399,6.9389e-18,-6.9389e-18,-0.00069926,0.00083918,6.9389e-18,-6.9389e-18,-0.00082763,0.00086318,6.9389e-18,-6.9389e-18,-0.00094385,0.00087943,6.9389e-18,-6.9389e-18,-0.0010138,0.00087572,6.9389e-18,-6.9389e-18,-0.0010223,0.00092939,6.9389e-18,-6.9389e-18,-0.00076474,0.00083098,6.9389e-18,1.7347e-18,-0.00046532,-1.7347e-18,6.9389e-18,0
1.7347e-18,0,0.00047748,-1.7347e-18,1.7347e-18,-0.00091281,0.00081587,-1.7347e-18,1.7347e-18,-0.00086868,0.00086388,-1.7347e-18,1.7347e-18,-0.00086642,0.00086588,-1.7347e-18,1.7347e-18,-0.00086633,0.00086605,-1.7347e-18,1.7347e-18,-0.00086631,0.00086595,-1.7347e-18,1.7347e-18,-0.00086622,0.00086594,-1.7347e-18,1.7347e-18,-0.00086593,0.00086596,-1.7347e-18,1.7347e-18,-0.00086584,0.00086611,-1.7347e-18,1.7347e-18,-0.00086597,0.00086608,-1.7347e-18,1.7347e-18,-0.00086632,0.00086606,-1.7347e-18,1.7347e-18,-0.00086626,0.00086614,-1.7347e-18,1.7347e-18,-0.00086591,0.00086637,-1.7347e-18,1.7347e-18,-0.00086291,0.00087089,-1.7347e-18,1.7347e-18,-0.00078224,0.00090354,-1.7347e-18,1.7347e-18,0,-0.00062764,-1.7347e-18,1.7347e-18,1.7347e-18,-0.0015286,-0.0016957,0,-0.0020119,0.00077472,0.00059222,-0.00071098,-0.0014591,0.00108,0.00081781,-0.00088232,-0.001379,0.0011172,0.00084939,-0.0009837,-0.0013481,0.0011282,0.00085858,-0.0010589,-0.0013378,0.0011235,0.00086659,-0.0010533,-0.0012799,0.0012115,0.001018,-0.00082963,-0.00092014,0.0019556,0,0.0022373,0.000658,-1.7347e-18,0,0.0020383
0,1.7347e-18,-1.7347e-18,0,0,1.7347e-18,-1.7347e-18,0,0,1.7347e-18,-1.7347e-18,0,0,1.7347e-18,-1.7347e-18,0,0,1.7347e-18,-1.7347e-18,0,0,1.7347e-18,-1.7347e-18,0,0,1.7347e-18,-1.7347e-18,0,0,1.7347e-18,-1.7347e-18,0,0,1.7347e-18,-1.7347e-18,0,0,1.7347e-18,-1.7347e-18,0,0,1.7347e-18,-1.7347e-18,0,0,1.7347e-18,-1.7347e-18,0,0,1.7347e-18,-1.7347e-18,0,0,1.7347e-18,-1.7347e-18,0,0,1.7347e-18,-1.7347e-18,0,-6.9389e-18,1.7347e-18,0.00089976,0,0,1.7347e-18,-0.00048169,6.9389e-18,-6.9389e-18,-0.00049836,0.00072901,6.9389e-18,-6.9389e-18,-0.00068652,0.0008374,6.9389e-18,-6.9389e-18,-0.00086141,0.00087775,6.9389e-18,-6.9389e-18,-0.00095804,0.00088323,6.9389e-18,-6.9389e-18,-0.0010295,0.00087283,6.9389e-18,-6.9389e-18,-0.0010286,0.00098254,6.9389e-18,-6.9389e-18,-0.00084219,0.00063788,6.9389e-18,0,-0.00079592,5.2042e-18,6.9389e-18,0
0,-6.9389e-18,0,0,0,0,0,0,0,0,0,0,0,0,0,0,0,0,0,0,0,0,0,0,0,0,0,0,0,0,0,0,0,0,0,0,0,0,0,0,0,0,0,0,0,0,0,0,0,0,0,0,0,0,0,0,0,0,0,0,0,-6.9389e-18,0,0,0,0,0,2.7756e-17,-2.7756e-17,-6.9389e-18,6.9389e-18,2.7756e-17,-2.7756e-17,-6.9389e-18,6.9389e-18,0,-2.7756e-17,-6.9389e-18,6.9389e-18,0,-2.7756e-17,-6.9389e-18,6.9389e-18,2.7756e-17,0,-6.9389e-18,6.9389e-18,2.7756e-17,-2.7756e-17,-6.9389e-18,6.9389e-18,0,-2.7756e-17,-6.9389e-18,6.9389e-18,2.7756e-17,0,0,0,0,2.7756e-17
-6.9389e-18,1.7347e-18,-1.7347e-18,0,0,1.7347e-18,-1.7347e-18,0,0,1.7347e-18,-1.7347e-18,0,0,1.7347e-18,-1.7347e-18,0,0,1.7347e-18,-1.7347e-18,0,0,1.7347e-18,-1.7347e-18,0,0,1.7347e-18,-1.7347e-18,0,0,1.7347e-18,-1.7347e-18,0,0,1.7347e-18,-1.7347e-18,0,0,1.7347e-18,-1.7347e-18,0,0,1.7347e-18,-1.7347e-18,0,0,1.7347e-18,-1.7347e-18,0,0,1.7347e-18,-1.7347e-18,0,0,1.7347e-18,-1.7347e-18,0,0,1.7347e-18,-1.7347e-18,0,-6.9389e-18,1.7347e-18,0.0017284,0,0,1.7347e-18,-0.00035002,6.9389e-18,-6.9389e-18,-0.00068728,0.00082866,6.9389e-18,-6.9389e-18,-0.00069847,0.00083298,6.9389e-18,-6.9389e-18,-0.0008709,0.00087404,6.9389e-18,-6.9389e-18,-0.00097133,0.00089467,6.9389e-18,-6.9389e-18,-0.0010342,0.00088033,6.9389e-18,-6.9389e-18,-0.0010251,0.00070952,6.9389e-18,-6.9389e-18,-0.0010021,0.0011423,6.9389e-18,-6.9389e-18,-0.0008367,-1.7347e-18,6.9389e-18,0
1.7347e-18,0,0.000617,-1.7347e-18,1.7347e-18,-0.00091014,0.00085195,-1.7347e-18,1.7347e-18,-0.00088646,0.00088293,-1.7347e-18,1.7347e-18,-0.00088513,0.00088432,-1.7347e-18,1.7347e-18,-0.00088501,0.00088459,-1.7347e-18,1.7347e-18,-0.00088492,0.00088455,-1.7347e-18,1.7347e-18,-0.00088477,0.00088476,-1.7347e-18,1.7347e-18,-0.00088446,0.00088474,-1.7347e-18,1.7347e-18,-0.00088448,0.00088477,-1.7347e-18,1.7347e-18,-0.00088473,0.00088466,-1.7347e-18,1.7347e-18,-0.00088506,0.00088465,-1.7347e-18,1.7347e-18,-0.00088492,0.00088481,-1.7347e-18,1.7347e-18,-0.0008842,0.0008854,-1.7347e-18,1.7347e-18,-0.00087682,0.00089028,-1.7347e-18,1.7347e-18,-0.00090659,0.00080437,-1.7347e-18,1.7347e-18,1.7347e-18,-0.0013595,5.6879e-05,1.7347e-18,-0.00066491,-0.00075438,-0.0010242,-0.00024621,-0.0016661,0.0010514,0.00082366,-0.00078601,-0.0014198,0.0010876,0.00082111,-0.00091445,-0.0013649,0.0011248,0.00085945,-0.0010151,-0.0013294,0.0011595,0.00088115,-0.0010505,-0.0013619,0.0011581,0.00077826,-0.00087226,-0.0017465,0.00082361,0.00051977,-0.0010838,-0.0019347,0.0007167,0.0017685,0.00071499,0.001027,-1.7347e-18,6.9389e-18,-1.7347e-18
-6.9389e-18,1.7347e-18,-1.7347e-18,0,0,1.7347e-18,-1.7347e-18,0,0,1.7347e-18,-1.7347e-18,0,0,1.7347e-18,-1.7347e-18,0,0,1.7347e-18,-1.7347e-18,0,0,1.7347e-18,-1.7347e-18,0,0,1.7347e-18,-1.7347e-18,0,0,1.7347e-18,-1.7347e-18,0,0,1.7347e-18,-1.7347e-18,0,0,1.7347e-18,-1.7347e-18,0,0,1.7347e-18,-1.7347e-18,0,0,1.7347e-18,-1.7347e-18,0,0,1.7347e-18,-1.7347e-18,0,0,1.7347e-18,-1.7347e-18,0,0,1.7347e-18,-1.7347e-18,0,-6.9389e-18,1.7347e-18,0.00026684,6.9389e-18,0,1.7347e-18,-9.7598e-06,6.9389e-18,-6.9389e-18,-0.00071001,0.00085682,6.9389e-18,-6.9389e-18,-0.00073636,0.00084667,6.9389e-18,-6.9389e-18,-0.00089757,0.00087529,6.9389e-18,-6.9389e-18,-0.0010179,0.00094628,6.9389e-18,-6.9389e-18,-0.0010056,0.0011044,6.9389e-18,-6.9389e-18,-0.00021734,0.00085114,0,-6.9389e-18,-0.00016283,0.00076081,-1.7347e-18,1.7347e-18,-0.00084602,-1.7347e-18,0,0
0,0,0,0,0,0,0,0,0,0,0,0,0,0,0,0,0,0,0,0,0,0,0,0,0,0,0,0,0,0,0,0,0,0,0,0,0,0,0,0,0,0,0,0,0,0,0,0,0,0,0,0,0,0,0,0,0,0,0,0,0,-6.9389e-18,6.9389e-18,0,0,0,6.9389e-18,2.7756e-17,-2.7756e-17,-6.9389e-18,6.9389e-18,2.7756e-17,0,-6.9389e-18,6.9389e-18,2.7756e-17,-2.7756e-17,-6.9389e-18,6.9389e-18,2.7756e-17,-2.7756e-17,-6.9389e-18,6.9389e-18,2.7756e-17,0,-6.9389e-18,6.9389e-18,0,-2.7756e-17,-6.9389e-18,6.9389e-18,2.7756e-17,-2.7756e-17,0,-1.7347e-18,0,0,1.7347e-18,5.2042e-18,2.7756e-17,0
0,1.7347e-18,-1.7347e-18,0,0,1.7347e-18,-1.7347e-18,0,0,1.7347e-18,-1.7347e-18,0,0,1.7347e-18,-1.7347e-18,0,0,1.7347e-18,-1.7347e-18,0,0,1.7347e-18,-1.7347e-18,0,0,1.7347e-18,-1.7347e-18,0,0,1.7347e-18,-1.7347e-18,0,0,1.7347e-18,-1.7347e-18,0,0,1.7347e-18,-1.7347e-18,0,0,1.7347e-18,-1.7347e-18,0,0,1.7347e-18,-1.7347e-18,0,0,1.7347e-18,-1.7347e-18,0,0,1.7347e-18,-1.7347e-18,0,0,1.7347e-18,-1.7347e-18,0,-6.9389e-18,-5.2042e-18,0.00085364,6.9389e-18,0,0,0.0001184,6.9389e-18,-6.9389e-18,-0.00074851,0.00086923,6.9389e-18,-6.9389e-18,-0.00075761,0.00086219,6.9389e-18,-6.9389e-18,-0.00090483,0.00088426,6.9389e-18,-6.9389e-18,-0.00086403,0.00064477,6.9389e-18,-6.9389e-18,-0.00064968,0.00075884,6.9389e-18,-6.9389e-18,-0.00010622,0.00038873,0,0,-0.00035198,-0.00027306,-1.7347e-18,1.7347e-18,0.00043517,-1.7347e-18,0,0
1.7347e-18,-0.00020885,0.00096563,-1.7347e-18,1.7347e-18,-0.00089895,0.00089255,-1.7347e-18,1.7347e-18,-0.00090358,0.00090222,-1.7347e-18,1.7347e-18,-0.00090335,0.00090287,-1.7347e-18,1.7347e-18,-0.00090316,0.00090306,-1.7347e-18,1.7347e-18,-0.00090306,0.00090319,-1.7347e-18,1.7347e-18,-0.00090291,0.00090338,-1.7347e-18,1.7347e-18,-0.00090261,0.00090334,-1.7347e-18,1.7347e-18,-0.00090281,0.00090318,-1.7347e-18,1.7347e-18,-0.00090305,0.00090305,-1.7347e-18,1.7347e-18,-0.00090335,0.00090298,-1.7347e-18,1.7347e-18,-0.00090326,0.00090311,-1.7347e-18,1.7347e-18,-0.00090155,0.00090531,-1.7347e-18,1.7347e-18,-0.00086695,0.00092083,-1.7347e-18,1.7347e-18,-0.0012201,0.00031218,0,1.7347e-18,1.7347e-18,-0.001652,-0.0012144,0,-0.0025502,0.00022466,1.2823e-05,-0.00054355,-0.0015232,0.0010858,0.00083696,-0.00083579,-0.0013846,0.0011348,0.00085926,-0.00091458,-0.001382,0.0011636,0.0007687,-0.00072059,-0.0018233,0.00071629,0.00024771,-0.0006825,-0.0028241,-0.00072533,0.00019298,-0.0017415,-0.0025253,-0.0018181,-0.0010413,-0.0019226,-0.00078229,8.3928e-05,0.00083465,0.0029959,0.0023149,-1.7347e-18,0,-1.7347e-18
0,1.7347e-18,-1.7347e-18,0,0,1.7347e-18,-1.7347e-18,0,0,1.7347e-18,-1.7347e-18,0,0,1.7347e-18,-1.7347e-18,0,0,1.7347e-18,-1.7347e-18,0,0,1.7347e-18,-1.7347e-18,0,0,1.7347e-18,-1.7347e-18,0,0,1.7347e-18,-1.7347e-18,0,0,1.7347e-18,-1.7347e-18,0,0,1.7347e-18,-1.7347e-18,0,0,1.7347e-18,-1.7347e-18,0,0,1.7347e-18,-1.7347e-18,0,0,1.7347e-18,-1.7347e-18,0,0,1.7347e-18,-1.7347e-18,0,0,1.7347e-18,0,0,0,1.7347e-18,-0.00051607,6.9389e-18,-6.9389e-18,0,0.00040945,6.9389e-18,-6.9389e-18,-0.00065747,0.0008359,6.9389e-18,-6.9389e-18,-0.00083138,0.00092622,6.9389e-18,-6.9389e-18,-0.00087718,0.0009728,6.9389e-18,-6.9389e-18,-3.4915e-05,0.00076627,0,-6.9389e-18,0,0.00019679,-1.7347e-18,1.7347e-18,-0.0011171,-0.00030576,0.0010968,1.7347e-18,-0.0019906,0.001046,0.00072731,0.00072249,0.00076255,-1.7347e-18,0,0
0,0,0,0,0,0,0,0,0,0,0,0,0,0,0,0,0,0,0,0,0,0,0,0,0,0,0,0,0,0,0,0,0,0,0,0,0,0,0,0,0,0,0,0,0,0,0,0,0,0,0,0,0,0,0,0,0,0,0,0,0,-6.9389e-18,0,0,0,-6.9389e-18,6.9389e-18,2.7756e-17,-2.7756e-17,-6.9389e-18,6.9389e-18,2.7756e-17,0,-6.9389e-18,6.9389e-18,0,-2.7756e-17,-6.9389e-18,6.9389e-18,2.7756e-17,0,-6.9389e-18,6.9389e-18,2.7756e-17,-2.7756e-17,-6.9389e-18,-1.7347e-18,2.7756e-17,-2.7756e-17,1.7347e-18,0.0020431,0,0,0,0.001362,6.9389e-18,6.9389e-18,-0.001807,5.2042e-18,1.3878e-17,0
0,1.7347e-18,-1.7347e-18,0,0,1.7347e-18,-1.7347e-18,0,0,1.7347e-18,-1.7347e-18,0,0,1.7347e-18,-1.7347e-18,0,0,1.7347e-18,-1.7347e-18,0,0,1.7347e-18,-1.7347e-18,0,0,1.7347e-18,-1.7347e-18,0,0,1.7347e-18,-1.7347e-18,0,0,1.7347e-18,-1.7347e-18,0,0,1.7347e-18,-1.7347e-18,0,0,1.7347e-18,-1.7347e-18,0,0,1.7347e-18,-1.7347e-18,0,0,1.7347e-18,-1.7347e-18,0,0,1.7347e-18,-1.7347e-18,0,0,1.7347e-18,0,0,0,1.7347e-18,-0.00018687,6.9389e-18,-6.9389e-18,0,0.00050509,6.9389e-18,-6.9389e-18,-0.00067565,0.00083954,6.9389e-18,-6.9389e-18,-0.00069412,0.00063267,6.9389e-18,-6.9389e-18,-0.00050984,0.00081893,6.9389e-18,-6.9389e-18,0,0.00042087,0,0,0,-0.0011319,-1.7347e-18,1.7347e-18,-0.0017026,-0.00046586,0.00086959,0,-0.0014749,0.0013941,0.001063,0.0018106,0.0011858,-1.7347e-18,0,0
1.7347e-18,-5.6458e-05,0.0011611,-1.7347e-18,1.7347e-18,-0.00090757,0.0009181,-1.7347e-18,1.7347e-18,-0.00092141,0.00092027,-1.7347e-18,1.7347e-18,-0.00092135,0.00092079,-1.7347e-18,1.7347e-18,-0.00092119,0.00092103,-1.7347e-18,1.7347e-18,-0.00092106,0.00092114,-1.7347e-18,1.7347e-18,-0.00092086,0.00092136,-1.7347e-18,1.7347e-18,-0.00092062,0.00092128,-1.7347e-18,1.7347e-18,-0.00092069,0.00092122,-1.7347e-18,1.7347e-18,-0.00092086,0.00092101,-1.7347e-18,1.7347e-18,-0.00092114,0.00092105,-1.7347e-18,1.7347e-18,-0.00092107,0.00092125,-1.7347e-18,1.7347e-18,-0.00091808,0.00092531,-1.7347e-18,1.7347e-18,-0.00084841,0.00094686,-1.7347e-18,1.7347e-18,-9.7262e-05,-0.00052265,-1.7347e-18,1.7347e-18,1.7347e-18,-0.0013711,-0.0014903,0,-0.0019686,0.0008002,0.00060691,-0.00068647,-0.0014683,0.0011059,0.00071812,-0.00057936,-0.0018525,0.00070773,0.00020295,-0.00050232,-0.0028766,-0.00079785,0.00019898,-0.0015986,-0.0026072,-0.0020014,-0.0012632,-0.0025377,-0.0016728,-0.0010447,-0.0017761,-0.0012516,-0.001992,-0.00027058,6.2623e-05,-0.0013374,-0.00090418,0.0015332,0.002973,0.0021455,0.0026804,-1.7347e-18,0,-1.7347e-18
0,1.7347e-18,-1.7347e-18,0,0,1.7347e-18,-1.7347e-18,0,0,1.7347e-18,-1.7347e-18,0,0,1.7347e-18,-1.7347e-18,0,0,1.7347e-18,-1.7347e-18,0,0,1.7347e-18,-1.7347e-18,0,0,1.7347e-18,-1.7347e-18,0,0,1.7347e-18,-1.7347e-18,0,0,1.7347e-18,-1.7347e-18,0,0,1.7347e-18,-1.7347e-18,0,0,1.7347e-18,-1.7347e-18,0,0,1.7347e-18,-1.7347e-18,0,0,1.7347e-18,-1.7347e-18,0,0,1.7347e-18,-1.7347e-18,0,0,1.7347e-18,0.00081612,0,0,1.7347e-18,-0.0003594,6.9389e-18,-6.9389e-18,-0.00047566,0.00073417,6.9389e-18,-6.9389e-18,-0.00068689,0.00092616,6.9389e-18,-6.9389e-18,0,0.00074401,6.9389e-18,-6.9389e-18,0,0.00020594,-1.7347e-18,-5.2042e-18,-0.00093243,-0.00042204,0.00095447,0,-0.0027601,-0.00018413,0.000766,-0.0011004,-0.0020749,0.00051438,0.0014149,-0.0018216,-0.0010379,0.0019655,0.00063609,0.0016243,0.0012929,-1.7347e-18,0,0
0,0,0,0,0,0,0,0,0,0,0,0,0,0,0,0,0,0,0,0,0,0,0,0,0,0,0,0,0,0,0,0,0,0,0,0,0,0,0,0,0,0,0,0,0,0,0,0,0,0,0,0,0,0,0,0,0,-6.9389e-18,0,0,0,0,0,2.7756e-17,0,-6.9389e-18,6.9389e-18,2.7756e-17,-2.7756e-17,-6.9389e-18,6.9389e-18,2.7756e-17,0,-6.9389e-18,0,2.7756e-17,-2.7756e-17,0,-1.7347e-18,2.7756e-17,0,-5.2042e-18,0.0020408,0,0,0,0.00083344,6.9389e-18,-6.9389e-18,-0.0018925,0.0014385,0,-6.9389e-18,-0.0014706,0.0015787,6.9389e-18,6.9389e-18,-0.001645,6.9389e-18,0,0
0,1.7347e-18,-1.7347e-18,0,0,1.7347e-18,-1.7347e-18,0,0,1.7347e-18,-1.7347e-18,0,0,1.7347e-18,-1.7347e-18,0,0,1.7347e-18,-1.7347e-18,0,0,1.7347e-18,-1.7347e-18,0,0,1.7347e-18,-1.7347e-18,0,0,1.7347e-18,-1.7347e-18,0,0,1.7347e-18,-1.7347e-18,0,0,1.7347e-18,-1.7347e-18,0,0,1.7347e-18,-1.7347e-18,0,0,1.7347e-18,-1.7347e-18,0,0,1.7347e-18,-1.7347e-18,0,0,1.7347e-18,-1.7347e-18,0,0,1.7347e-18,0.0015525,0,0,1.7347e-18,-0.00021945,6.9389e-18,-6.9389e-18,-0.00061511,0.00074497,6.9389e-18,-6.9389e-18,-0.00025934,0.00062627,6.9389e-18,-6.9389e-18,0,0.00043253,6.9389e-18,-6.9389e-18,0,-0.0011139,-1.7347e-18,1.7347e-18,-0.0015409,-0.00058535,0.00077014,0,-0.0021556,0.00023414,0.00064442,-0.0018851,-0.0013679,0.0010037,0.0015724,-0.001489,-0.00069308,0.0021925,0.00058078,0.0018032,0.0013659,-1.7347e-18,0,0
0,-6.7688e-05,0.0011978,-1.7347e-18,1.7347e-18,-0.00092444,0.000937,-1.7347e-18,1.7347e-18,-0.00093909,0.00093802,-1.7347e-18,1.7347e-18,-0.00093905,0.00093853,-1.7347e-18,1.7347e-18,-0.00093895,0.00093875,-1.7347e-18,1.7347e-18,-0.0009388,0.00093888,-1.7347e-18,1.7347e-18,-0.00093865,0.00093895,-1.7347e-18,1.7347e-18,-0.00093834,0.00093888,-1.7347e-18,1.7347e-18,-0.00093841,0.00093877,-1.7347e-18,1.7347e-18,-0.00093846,0.0009387,-1.7347e-18,1.7347e-18,-0.00093877,0.00093879,-1.7347e-18,1.7347e-18,-0.0009384,0.00093925,-1.7347e-18,1.7347e-18,-0.0009315,0.00094354,-1.7347e-18,1.7347e-18,-0.00096127,0.00085667,-1.7347e-18,1.7347e-18,0,-0.0012064,0.00011718,1.7347e-18,-0.001076,-0.00054773,-0.00084881,-0.00018271,-0.0017751,0.0009339,0.00037123,-2.6142e-05,-0.0031361,-0.0007254,-0.00018392,-0.00094285,-0.0032184,-0.0023841,-0.0014924,-0.0027606,-0.001703,-0.0011352,-0.0017936,-0.0012566,-0.0020604,-0.00038912,-0.0001601,-0.0017434,-0.0016095,0.00025195,0.00064913,-0.0014447,-0.0010577,0.00079651,0.0011875,-0.00095451,-0.00034549,0.0020323,0.0033871,0.0023184,0.0028535,-1.7347e-18,0,-1.7347e-18
0,1.7347e-18,-1.7347e-18,0,0,1.7347e-18,-1.7347e-18,0,0,1.7347e-18,-1.7347e-18,0,0,1.7347e-18,-1.7347e-18,0,0,1.7347e-18,-1.7347e-18,0,0,1.7347e-18,-1.7347e-18,0,0,1.7347e-18,-1.7347e-18,0,0,1.7347e-18,-1.7347e-18,0,0,1.7347e-18,-1.7347e-18,0,0,1.7347e-18,-1.7347e-18,0,0,1.7347e-18,-1.7347e-18,0,0,1.7347e-18,-1.7347e-18,0,0,1.7347e-18,-1.7347e-18,0,0,1.7347e-18,-1.7347e-18,0,0,1.7347e-18,0.00031911,6.9389e-18,0,0,0.0001118,6.9389e-18,-6.9389e-18,-0.0004715,0.00095304,6.9389e-18,-6.9389e-18,0,0.00023854,-1.7347e-18,1.7347e-18,0,-0.00074741,0.0006377,0,-0.0027953,-0.00021272,0.00076075,-0.0010346,-0.0021399,0.000414,0.0012224,-0.001648,-0.0016806,0.00081245,0.001501,-0.0019545,-0.0013312,0.0011244,0.0018321,-0.0015614,-0.00068631,0.0022046,0.00082671,0.0017797,0.0014535,-1.7347e-18,0,0
0,0,0,0,0,0,0,0,0,0,0,0,0,0,0,0,0,0,0,0,0,0,0,0,0,0,0,0,0,0,0,0,0,0,0,0,0,0,0,0,0,0,0,0,0,0,0,0,0,0,0,0,0,0,0,0,0,-6.9389e-18,6.9389e-18,0,0,0,6.9389e-18,2.7756e-17,0,-6.9389e-18,6.9389e-18,0,0,-6.9389e-18,-1.7347e-18,2.7756e-17,-2.7756e-17,0,0.0019433,0,0,0,0.00081751,6.9389e-18,0,-0.0018325,0.001373,6.9389e-18,-6.9389e-18,-0.0019338,0.0015963,6.9389e-18,0,-0.001866,0.0017138,0,-6.9389e-18,-0.0013865,0.0018801,6.9389e-18,0,-0.0015625,5.2042e-18,1.3878e-17,0
0,1.7347e-18,-1.7347e-18,0,0,1.7347e-18,-1.7347e-18,0,0,1.7347e-18,-1.7347e-18,0,0,1.7347e-18,-1.7347e-18,0,0,1.7347e-18,-1.7347e-18,0,0,1.7347e-18,-1.7347e-18,0,0,1.7347e-18,-1.7347e-18,0,0,1.7347e-18,-1.7347e-18,0,0,1.7347e-18,-1.7347e-18,0,0,1.7347e-18,-1.7347e-18,0,0,1.7347e-18,-1.7347e-18,0,0,1.7347e-18,-1.7347e-18,0,0,1.7347e-18,-1.7347e-18,0,0,1.7347e-18,-1.7347e-18,0,0,1.7347e-18,0.00080826,6.9389e-18,0,0,9.4414e-05,6.9389e-18,-6.9389e-18,0,0.00083457,6.9389e-18,-6.9389e-18,0,-0.0010049,-1.7347e-18,0,-0.00022598,-0.0011207,0.00042507,0,-0.0021923,0.00021575,0.00062266,-0.0019079,-0.0014148,0.00092088,0.0013972,-0.0018435,-0.0013097,0.0010652,0.0016191,-0.0018447,-0.001265,0.0011426,0.0017962,-0.0014944,-0.00067514,0.0021776,0.00087969,0.0018526,0.0014756,-1.7347e-18,0,0
0,-7.2427e-05,0.0012333,-1.7347e-18,1.7347e-18,-0.00094123,0.00095579,-1.7347e-18,1.7347e-18,-0.00095674,0.000956,-1.7347e-18,1.7347e-18,-0.00095678,0.00095646,-1.7347e-18,1.7347e-18,-0.00095672,0.00095665,-1.7347e-18,1.7347e-18,-0.0009565,0.00095676,-1.7347e-18,1.7347e-18,-0.00095634,0.00095685,-1.7347e-18,1.7347e-18,-0.00095612,0.00095668,-1.7347e-18,1.7347e-18,-0.00095618,0.00095663,-1.7347e-18,1.7347e-18,-0.0009563,0.00095661,-1.7347e-18,1.7347e-18,-0.00095664,0.00095665,-1.7347e-18,1.7347e-18,-0.00095513,0.00095859,-1.7347e-18,1.7347e-18,-0.00092452,0.00097181,-1.7347e-18,1.7347e-18,-0.0014461,0.00042364,0,1.7347e-18,1.7347e-18,-0.0014108,-0.0010802,0,-0.0026161,-0.00016255,-0.00067778,0,-0.0029239,-0.0018591,-0.00080466,-0.0014971,-0.0031837,-0.0022396,-0.0024441,-0.0018547,-0.0023747,-0.00079637,-0.00046124,-0.0019147,-0.001675,0.00022902,0.00063432,-0.0014715,-0.0011046,0.00071284,0.0010157,-0.0013024,-0.00099888,0.0007946,0.0010958,-0.0012625,-0.0009548,0.00086035,0.0012483,-0.00092419,-0.00033456,0.0020033,0.0033596,0.0023543,0.0029422,-1.7347e-18,0,-1.7347e-18
0,1.7347e-18,-1.7347e-18,0,0,1.7347e-18,-1.7347e-18,0,0,1.7347e-18,-1.7347e-18,0,0,1.7347e-18,-1.7347e-18,0,0,1.7347e-18,-1.7347e-18,0,0,1.7347e-18,-1.7347e-18,0,0,1.7347e-18,-1.7347e-18,0,0,1.7347e-18,-1.7347e-18,0,0,1.7347e-18,-1.7347e-18,0,0,1.7347e-18,-1.7347e-18,0,0,1.7347e-18,-1.7347e-18,0,0,1.7347e-18,-1.7347e-18,0,0,1.7347e-18,-1.7347e-18,0,0,1.7347e-18,0,0,0,1.7347e-18,-0.00023443,6.9389e-18,-6.9389e-18,0,0.00043002,6.9389e-18,-6.9389e-18,1.7347e-18,9.978e-05,0,1.7347e-18,-0.0013403,-0.0011442,4.6256e-05,-0.0002579,-0.002589,6.5208e-05,0.00097316,-0.0015795,-0.0017345,0.00079596,0.0014919,-0.0019121,-0.0013758,0.0010481,0.0016685,-0.0019043,-0.0012897,0.0010908,0.0017038,-0.0018608,-0.0012402,0.0011488,0.0018423,-0.0015263,-0.00066635,0.0021731,0.0010644,0.0018149,0.0015399,-1.7347e-18,0,0
0,0,0,0,0,0,0,0,0,0,0,0,0,0,0,0,0,0,0,0,0,0,0,0,0,0,0,0,0,0,0,0,0,0,0,0,0,0,0,0,0,0,0,0,0,0,0,0,0,0,0,0,0,0,0,0,0,0,0,0,0,-6.9389e-18,0,2.7756e-17,-2.7756e-17,-6.9389e-18,0.0013609,-1.3878e-17,-1.3878e-17,1.7347e-18,0.00094403,0,0,-0.0012129,0.0011294,6.9389e-18,-6.9389e-18,-0.0019333,0.0015908,0,-6.9389e-18,-0.0019043,0.0016611,6.9389e-18,-6.9389e-18,-0.0018515,0.001675,6.9389e-18,0,-0.0018011,0.0017139,-6.9389e-18,-6.9389e-18,-0.0013577,0.0020955,6.9389e-18,0,-0.0015201,5.2042e-18,1.3878e-17,0
0,1.7347e-18,-1.7347e-18,0,0,1.7347e-18,-1.7347e-18,0,0,1.7347e-18,-1.7347e-18,0,0,1.7347e-18,-1.7347e-18,0,0,1.7347e-18,-1.7347e-18,0,0,1.7347e-18,-1.7347e-18,0,0,1.7347e-18,-1.7347e-18,0,0,1.7347e-18,-1.7347e-18,0,0,1.7347e-18,-1.7347e-18,0,0,1.7347e-18,-1.7347e-18,0,0,1.7347e-18,-1.7347e-18,0,0,1.7347e-18,-1.7347e-18,0,0,1.7347e-18,-1.7347e-18,0,0,1.7347e-18,0,0,0,1.7347e-18,0.0001489,6.9389e-18,-6.9389e-18,0,0.00036753,0,-6.9389e-18,1.7347e-18,-0.0015048,0,1.7347e-18,-0.0022638,-0.00034312,-0.00010574,-0.0013552,-0.0017092,0.00070636,0.001234,-0.0019117,-0.001336,0.0010575,0.0016114,-0.0018684,-0.0013066,0.0010696,0.0016374,-0.0018295,-0.0012686,0.001078,0.0016445,-0.0017869,-0.0012148,0.0011397,0.0017861,-0.0014624,-0.00064929,0.0021557,0.0011041,0.0018715,0.0015537,-1.7347e-18,0,0
0,-8.3781e-05,0.0012625,-1.7347e-18,1.7347e-18,-0.00095784,0.00097418,-1.7347e-18,1.7347e-18,-0.00097391,0.00097385,-1.7347e-18,1.7347e-18,-0.00097405,0.00097424,-1.7347e-18,1.7347e-18,-0.00097405,0.0009743,-1.7347e-18,1.7347e-18,-0.00097379,0.00097434,-1.7347e-18,1.7347e-18,-0.00097368,0.00097438,-1.7347e-18,1.7347e-18,-0.0009735,0.00097425,-1.7347e-18,1.7347e-18,-0.00097357,0.00097417,-1.7347e-18,1.7347e-18,-0.00097376,0.00097415,-1.7347e-18,1.7347e-18,-0.00097397,0.00097416,-1.7347e-18,1.7347e-18,-0.00097127,0.00097728,-1.7347e-18,1.7347e-18,-0.00090332,0.0010056,-1.7347e-18,1.7347e-18,-0.00085585,-0.00020406,-1.7347e-18,1.7347e-18,1.7347e-18,-0.0022436,-0.0020366,1.7347e-18,-0.0019793,-0.003074,-0.0020624,-0.0021566,-0.0028337,-0.0015923,-0.0022343,-0.001854,-0.0021443,-0.00028438,0.00018743,-0.0017947,-0.0013288,0.00056404,0.00091917,-0.0013562,-0.0010249,0.0007843,0.0010866,-0.0012858,-0.00099599,0.00078404,0.0010877,-0.0012566,-0.00096765,0.00079029,0.0010929,-0.0012188,-0.00091643,0.0008573,0.0012372,-0.00089536,-0.00031322,0.0019845,0.0033331,0.0023747,0.0030082,-1.7347e-18,0,-1.7347e-18
0,1.7347e-18,-1.7347e-18,0,0,1.7347e-18,-1.7347e-18,0,0,1.7347e-18,-1.7347e-18,0,0,1.7347e-18,-1.7347e-18,0,0,1.7347e-18,-1.7347e-18,0,0,1.7347e-18,-1.7347e-18,0,0,1.7347e-18,-1.7347e-18,0,0,1.7347e-18,-1.7347e-18,0,0,1.7347e-18,-1.7347e-18,0,0,1.7347e-18,-1.7347e-18,0,0,1.7347e-18,-1.7347e-18,0,0,1.7347e-18,-1.7347e-18,0,0,1.7347e-18,-1.7347e-18,0,0,1.7347e-18,0,0,0,-5.2042e-18,-0.00051014,-1.7347e-18,-6.9389e-18,1.7347e-18,-0.00066688,0.00038276,1.7347e-18,-0.0030545,-0.000774,0.0002144,-0.0012541,-0.0021211,0.00048187,0.0012697,-0.0017982,-0.0015126,0.00096462,0.0016168,-0.0019441,-0.0013124,0.0010802,0.0016944,-0.0018856,-0.0012789,0.0010783,0.001688,-0.0018557,-0.0012519,0.0010808,0.0016893,-0.0018163,-0.001202,0.0011412,0.001826,-0.0014928,-0.00064185,0.0021527,0.0012593,0.0018393,0.0016028,-1.7347e-18,0,0
0,0,0,0,0,0,0,0,0,0,0,0,0,0,0,0,0,0,0,0,0,0,0,0,0,0,0,0,0,0,0,0,0,0,0,0,0,0,0,0,0,0,0,0,0,0,0,0,0,0,0,0,0,0,0,0,0,0,-1.7347e-18,0,0,0,0.0020141,-1.3878e-17,1.3878e-17,1.7347e-18,0.00068698,6.9389e-18,0,-0.0020186,0.0014717,0,0,-0.0018975,0.0016306,6.9389e-18,-6.9389e-18,-0.0018675,0.0016662,6.9389e-18,0,-0.0018332,0.0016644,-6.9389e-18,-6.9389e-18,-0.0018085,0.0016636,-6.9389e-18,-6.9389e-18,-0.0017646,0.001703,0,-6.9389e-18,-0.001332,0.0021909,-6.9389e-18,0,-0.0014745,5.2042e-18,0,0
0,1.7347e-18,-1.7347e-18,0,0,1.7347e-18,-1.7347e-18,0,0,1.7347e-18,-1.7347e-18,0,0,1.7347e-18,-1.7347e-18,0,0,1.7347e-18,-1.7347e-18,0,0,1.7347e-18,-1.7347e-18,0,0,1.7347e-18,-1.7347e-18,0,0,1.7347e-18,-1.7347e-18,0,0,1.7347e-18,-1.7347e-18,0,0,1.7347e-18,-1.7347e-18,0,0,1.7347e-18,-1.7347e-18,0,0,1.7347e-18,-1.7347e-18,0,0,1.7347e-18,-1.7347e-18,0,0,1.7347e-18,0.0010157,0,0,1.7347e-18,-0.00060896,-1.7347e-18,0,1.7347e-18,-0.0015593,0.00071629,0,-0.0025029,-6.4229e-05,0.0004284,-0.0020358,-0.0013874,0.0010005,0.0015272,-0.0018787,-0.001321,0.0010581,0.0016239,-0.0018431,-0.0012819,0.0010681,0.0016313,-0.0018075,-0.0012509,0.0010701,0.0016316,-0.0017855,-0.0012283,0.0010717,0.0016366,-0.0017528,-0.0011809,0.0011326,0.0017769,-0.0014366,-0.000626,0.0021386,0.0012935,0.0018889,0.0016226,-1.7347e-18,0,0
0,-9.9687e-05,0.0012871,-1.7347e-18,1.7347e-18,-0.00097482,0.00099213,-1.7347e-18,1.7347e-18,-0.00099128,0.00099135,-1.7347e-18,1.7347e-18,-0.00099148,0.0009917,-1.7347e-18,1.7347e-18,-0.00099139,0.00099179,-1.7347e-18,1.7347e-18,-0.00099113,0.00099185,-1.7347e-18,1.7347e-18,-0.00099104,0.00099196,-1.7347e-18,1.7347e-18,-0.00099094,0.00099186,-1.7347e-18,1.7347e-18,-0.00099099,0.00099178,-1.7347e-18,1.7347e-18,-0.00099125,0.00099171,-1.7347e-18,1.7347e-18,-0.00099229,0.00098956,-1.7347e-18,1.7347e-18,-0.00096485,0.001021,-1.7347e-18,1.7347e-18,-0.00095264,0.0010252,-1.7347e-18,1.7347e-18,1.7347e-18,-0.0025563,-0.00030232,1.7347e-18,1.7347e-18,-0.0042682,-0.0035713,-0.0018639,-0.0035181,-0.0017351,-0.0014672,-0.0022266,-0.0019562,7.6607e-06,0.00049162,-0.0015252,-0.0010881,0.00075228,0.0010588,-0.001299,-0.001006,0.00077835,0.0010817,-0.0012675,-0.00097916,0.00078107,0.0010816,-0.0012396,-0.00095365,0.00078395,0.0010803,-0.0012191,-0.00093462,0.00078559,0.0010835,-0.0011867,-0.00088691,0.00085267,0.0012273,-0.00086989,-0.00029271,0.0019703,0.0033108,0.0023907,0.0030644,-1.7347e-18,0,-1.7347e-18
0,0,-1.7347e-18,0,0,1.7347e-18,-1.7347e-18,0,0,1.7347e-18,-1.7347e-18,0,0,1.7347e-18,-1.7347e-18,0,0,1.7347e-18,-1.7347e-18,0,0,1.7347e-18,-1.7347e-18,0,0,1.7347e-18,-1.7347e-18,0,0,1.7347e-18,-1.7347e-18,0,0,1.7347e-18,-1.7347e-18,0,0,1.7347e-18,-1.7347e-18,0,0,1.7347e-18,-1.7347e-18,0,0,1.7347e-18,-1.7347e-18,0,0,1.7347e-18,-1.7347e-18,0,0,-5.2042e-18,-0.00051308,-1.7347e-18,-6.9389e-18,1.7347e-18,-0.0014753,-0.0007966,1.7347e-18,-0.0033309,-0.0008609,0.0002288,-0.0015985,-0.0019141,0.00067524,0.0014168,-0.0019946,-0.001363,0.0010604,0.0016827,-0.0018978,-0.0012896,0.0010729,0.001684,-0.001867,-0.0012624,0.0010723,0.001679,-0.0018379,-0.0012373,0.0010726,0.0016746,-0.0018155,-0.0012185,0.0010709,0.0016742,-0.0017797,-0.0011699,0.0011333,0.0018124,-0.0014623,-0.00061731,0.0021381,0.0014259,0.0018559,0.0016539,-1.7347e-18,0,0
0,0,0,0,0,0,0,0,0,0,0,0,0,0,0,0,0,0,0,0,0,0,0,0,0,0,0,0,0,0,0,0,0,0,0,0,0,0,0,0,0,0,0,0,0,0,0,0,0,0,0,0,0,-6.9389e-18,-1.7347e-18,0,-2.7756e-17,0,0.0011271,0,0,0,0.0005932,-6.9389e-18,-6.9389e-18,-0.0019684,0.0015623,0,-6.9389e-18,-0.0018956,0.0016566,6.9389e-18,-6.9389e-18,-0.0018448,0.0016589,6.9389e-18,-6.9389e-18,-0.0018166,0.0016566,6.9389e-18,-6.9389e-18,-0.0017941,0.0016541,-6.9389e-18,-6.9389e-18,-0.0017767,0.0016494,-6.9389e-18,6.9389e-18,-0.0017326,0.0016916,0,0,-0.0013059,0.0021791,0,0,-0.0014184,-1.7347e-18,-1.3878e-17,0
0,1.7347e-18,-1.7347e-18,0,0,1.7347e-18,-1.7347e-18,0,0,1.7347e-18,-1.7347e-18,0,0,1.7347e-18,-1.7347e-18,0,0,1.7347e-18,-1.7347e-18,0,0,1.7347e-18,-1.7347e-18,0,0,1.7347e-18,-1.7347e-18,0,0,1.7347e-18,-1.7347e-18,0,0,1.7347e-18,-1.7347e-18,0,0,1.7347e-18,-1.7347e-18,0,0,1.7347e-18,-1.7347e-18,0,0,1.7347e-18,-1.7347e-18,0,0,1.7347e-18,-1.7347e-18,0,0,0,-0.00037931,5.2042e-18,0,1.7347e-18,-0.001867,-0.00034242,0,-0.0026234,-2.4798e-05,0.00061097,-0.0020742,-0.0013597,0.0010472,0.0016082,-0.0018591,-0.0012972,0.0010617,0.0016273,-0.0018181,-0.0012617,0.0010635,0.0016248,-0.0017927,-0.0012363,0.0010639,0.0016246,-0.0017726,-0.0012161,0.0010627,0.001623,-0.0017549,-0.0011985,0.0010624,0.0016269,-0.0017238,-0.001152,0.0011245,0.0017669,-0.0014126,-0.00060442,0.0021235,0.0014589,0.0019025,0.0016792,1.7347e-18,0,0
0,-0.00011625,0.0013104,-1.7347e-18,1.7347e-18,-0.00099159,0.0010096,-1.7347e-18,1.7347e-18,-0.0010082,0.0010087,-1.7347e-18,1.7347e-18,-0.0010083,0.001009,-1.7347e-18,1.7347e-18,-0.0010082,0.0010091,-1.7347e-18,1.7347e-18,-0.001008,0.0010092,-1.7347e-18,1.7347e-18,-0.001008,0.0010092,-1.7347e-18,1.7347e-18,-0.0010078,0.0010091,-1.7347e-18,1.7347e-18,-0.001008,0.0010088,-1.7347e-18,1.7347e-18,-0.0010107,0.0010059,-1.7347e-18,1.7347e-18,-0.00095473,0.0010702,-1.7347e-18,1.7347e-18,-0.0012121,0.00085773,0,1.7347e-18,0,-0.0023174,0.0013197,1.7347e-18,1.7347e-18,-0.0046389,-0.0035968,-0.0017623,-0.0033111,-0.0017775,-0.0013501,-0.0024385,-0.0019896,3.6784e-05,0.00054791,-0.001502,-0.0010652,0.0007677,0.0010784,-0.0012768,-0.00098971,0.00077547,0.0010776,-0.0012486,-0.00096258,0.00077831,0.0010758,-0.0012257,-0.00094172,0.00077853,0.001073,-0.0012074,-0.00092505,0.00077717,0.0010698,-0.0011892,-0.00090716,0.00078032,0.0010743,-0.0011594,-0.00086254,0.00084622,0.0012162,-0.00084908,-0.00027694,0.001954,0.0032871,0.002403,0.0031143,-1.7347e-18,0,-1.7347e-18
0,0,-1.7347e-18,0,0,1.7347e-18,-1.7347e-18,0,0,1.7347e-18,-1.7347e-18,0,0,1.7347e-18,-1.7347e-18,0,0,1.7347e-18,-1.7347e-18,0,0,1.7347e-18,-1.7347e-18,0,0,1.7347e-18,-1.7347e-18,0,0,1.7347e-18,-1.7347e-18,0,0,1.7347e-18,-1.7347e-18,0,0,1.7347e-18,-1.7347e-18,0,0,1.7347e-18,-1.7347e-18,0,0,1.7347e-18,0,0,0,1.7347e-18,-3.9618e-05,-1.7347e-18,-6.9389e-18,1.7347e-18,-0.0020608,-0.001278,1.7347e-18,-0.0034094,-0.00075299,0.00032313,-0.0016327,-0.0019213,0.00067005,0.0014134,-0.002036,-0.0013482,0.001055,0.0016766,-0.001878,-0.0012736,0.0010658,0.0016751,-0.0018475,-0.0012449,0.0010681,0.0016717,-0.0018225,-0.0012247,0.0010651,0.0016652,-0.0018027,-0.001208,0.0010607,0.0016589,-0.0017803,-0.0011868,0.0010643,0.0016623,-0.001749,-0.0011442,0.0011235,0.0017977,-0.0014404,-0.00060112,0.002118,0.0015965,0.0018703,0.0017046,-1.7347e-18,0,0
0,0,0,0,0,0,0,0,0,0,0,0,0,0,0,0,0,0,0,0,0,0,0,0,0,0,0,0,0,0,0,0,0,0,0,0,0,0,0,0,0,0,0,0,0,0,0,0,0,-6.9389e-18,-1.7347e-18,2.7756e-17,-2.7756e-17,0,0.00035878,6.9389e-18,0,-0.00032288,0.00055008,6.9389e-18,-6.9389e-18,-0.00201,0.0015313,6.9389e-18,-6.9389e-18,-0.00189,0.0016387,-6.9389e-18,6.9389e-18,-0.0018285,0.0016488,0,0,-0.0017991,0.0016504,6.9389e-18,6.9389e-18,-0.0017813,0.0016448,0,-6.9389e-18,-0.0017653,0.001638,0,0,-0.0017439,0.0016402,0,0,-0.0017076,0.0016787,0,0,-0.0012885,0.0021602,0,0,-0.0013563,-1.7347e-18,1.3878e-17,0
0,0,-1.7347e-18,0,0,1.7347e-18,-1.7347e-18,0,0,1.7347e-18,-1.7347e-18,0,0,1.7347e-18,-1.7347e-18,0,0,1.7347e-18,-1.7347e-18,0,0,1.7347e-18,-1.7347e-18,0,0,1.7347e-18,-1.7347e-18,0,0,1.7347e-18,-1.7347e-18,0,0,1.7347e-18,-1.7347e-18,0,0,1.7347e-18,-1.7347e-18,0,0,1.7347e-18,-1.7347e-18,0,0,1.7347e-18,0,0,0,1.7347e-18,-0.00044998,-1.7347e-18,0,1.7347e-18,-0.00187,-0.0015273,-0.00049344,-0.0023028,0.00021368,0.00082498,-0.0020321,-0.0013698,0.0010177,0.0015871,-0.0018699,-0.0013026,0.0010399,0.00161,-0.0018102,-0.0012509,0.0010538,0.0016164,-0.0017791,-0.0012218,0.0010581,0.0016178,-0.00176,-0.0012046,0.0010546,0.0016139,-0.0017436,-0.0011883,0.0010522,0.0016125,-0.0017258,-0.0011691,0.0010558,0.0016182,-0.0016999,-0.0011301,0.0011128,0.0017526,-0.0013938,-0.00058924,0.0021035,0.0016285,0.0019141,0.001728,1.7347e-18,0,0
0,-0.00013342,0.0013321,-1.7347e-18,1.7347e-18,-0.001008,0.0010268,-1.7347e-18,1.7347e-18,-0.0010248,0.0010256,-1.7347e-18,1.7347e-18,-0.001025,0.0010259,-1.7347e-18,1.7347e-18,-0.001025,0.0010258,-1.7347e-18,1.7347e-18,-0.0010247,0.0010259,-1.7347e-18,1.7347e-18,-0.0010246,0.0010259,-1.7347e-18,1.7347e-18,-0.0010246,0.0010257,-1.7347e-18,1.7347e-18,-0.0010264,0.0010235,-1.7347e-18,1.7347e-18,-0.00097112,0.0010747,-1.7347e-18,1.7347e-18,-0.0015497,0.00056346,0,1.7347e-18,1.7347e-18,-0.0032413,0.00043915,1.7347e-18,1.7347e-18,-0.0045567,-0.0033008,-0.0023703,-0.0028947,-0.00151,-0.00085142,-0.0024895,-0.0017942,0.00022214,0.00067882,-0.0014497,-0.0010614,0.00074639,0.0010553,-0.0012857,-0.00099978,0.00075239,0.0010572,-0.0012436,-0.00095691,0.00076785,0.0010648,-0.0012145,-0.00093116,0.00077224,0.0010648,-0.001196,-0.00091537,0.00077034,0.0010613,-0.0011786,-0.00089814,0.00077205,0.0010607,-0.0011626,-0.00088316,0.00077429,0.0010639,-0.0011383,-0.00084489,0.00083518,0.0012021,-0.00083078,-0.00026268,0.0019376,0.0032629,0.002413,0.0031593,-1.7347e-18,0,-1.7347e-18
0,0,-1.7347e-18,0,0,1.7347e-18,-1.7347e-18,0,0,1.7347e-18,-1.7347e-18,0,0,1.7347e-18,-1.7347e-18,0,0,1.7347e-18,-1.7347e-18,0,0,1.7347e-18,-1.7347e-18,0,0,1.7347e-18,-1.7347e-18,0,0,1.7347e-18,-1.7347e-18,0,0,1.7347e-18,-1.7347e-18,0,0,0,-1.7347e-18,0,0,1.7347e-18,0,0,0,1.7347e-18,-5.7549e-05,-1.7347e-18,0,1.7347e-18,-0.0023901,-0.0011653,-0.00021112,-0.0031192,-0.00037973,0.00062885,-0.0016809,-0.0018021,0.00075993,0.0014689,-0.0020007,-0.0013445,0.0010367,0.001651,-0.0018848,-0.0012856,0.0010391,0.0016473,-0.0018412,-0.0012408,0.0010534,0.001655,-0.0018101,-0.0012148,0.001055,0.0016531,-0.0017898,-0.0011972,0.0010518,0.0016486,-0.0017677,-0.0011757,0.0010553,0.0016478,-0.001751,-0.0011627,0.0010537,0.0016477,-0.0017266,-0.0011257,0.0011082,0.0017802,-0.0014174,-0.00058152,0.0021025,0.0017494,0.001882,0.0017509,1.7347e-18,0,0
0,0,0,0,0,0,0,0,0,0,0,0,0,0,0,0,0,0,0,0,0,0,0,0,0,0,0,0,0,0,0,0,0,0,0,0,0,0,0,0,0,0,0,0,0,0,0.00070712,2.7756e-17,-2.7756e-17,-6.9389e-18,0.00030179,0,0,-0.0021429,0.0010366,0,-6.9389e-18,-0.0020229,0.0015424,6.9389e-18,0,-0.0018916,0.0016244,0,0,-0.0018396,0.0016234,6.9389e-18,6.9389e-18,-0.0017956,0.0016334,-6.9389e-18,-6.9389e-18,-0.0017722,0.0016317,0,0,-0.001754,0.0016271,0,0,-0.0017316,0.0016306,0,0,-0.0017215,0.0016256,0,0,-0.0016885,0.0016604,0,0,-0.001265,0.0021488,0,0,-0.0012944,-1.7347e-18,-1.3878e-17,0
0,0,-1.7347e-18,0,0,1.7347e-18,-1.7347e-18,0,0,1.7347e-18,-1.7347e-18,0,0,1.7347e-18,-1.7347e-18,0,0,1.7347e-18,-1.7347e-18,0,0,1.7347e-18,-1.7347e-18,0,0,1.7347e-18,-1.7347e-18,0,0,1.7347e-18,-1.7347e-18,0,0,1.7347e-18,-1.7347e-18,0,0,1.7347e-18,-1.7347e-18,0,0,1.7347e-18,0.00095255,0,0,1.7347e-18,-0.0015616,-1.7347e-18,-6.9389e-18,0,-0.0014037,-0.0014363,-0.0019146,-0.0017031,0.00069788,0.0012139,-0.0019562,-0.0013649,0.0010102,0.001583,-0.0018752,-0.0013082,0.0010257,0.0015961,-0.0018228,-0.0012635,0.0010307,0.0015984,-0.0017853,-0.001224,0.0010412,0.0016044,-0.0017581,-0.0012005,0.0010413,0.0016019,-0.0017362,-0.0011803,0.0010417,0.0016022,-0.0017153,-0.0011589,0.0010464,0.0016041,-0.0017035,-0.0011495,0.0010423,0.0016033,-0.0016792,-0.0011114,0.0010991,0.0017385,-0.0013723,-0.00056935,0.0020896,0.001779,0.0019211,0.0017716,-1.7347e-18,0,0
0,-0.00015065,0.0013533,0,1.7347e-18,-0.0010244,0.0010438,-1.7347e-18,1.7347e-18,-0.0010414,0.0010423,-1.7347e-18,1.7347e-18,-0.0010413,0.0010426,-1.7347e-18,1.7347e-18,-0.0010413,0.0010425,-1.7347e-18,1.7347e-18,-0.0010411,0.0010425,-1.7347e-18,1.7347e-18,-0.0010411,0.0010423,-1.7347e-18,1.7347e-18,-0.0010415,0.001042,-1.7347e-18,1.7347e-18,-0.00099733,0.0010759,-1.7347e-18,1.7347e-18,-0.0014466,0.00062992,0,1.7347e-18,1.7347e-18,-0.0041773,-0.0015763,1.7347e-18,-0.00040818,-0.0039996,-0.0037588,-0.0026408,-0.0027854,-0.0011334,-0.0005497,-0.0020559,-0.0013801,0.00054569,0.00089953,-0.001365,-0.0010413,0.00074238,0.0010477,-0.001289,-0.001004,0.00074111,0.0010448,-0.0012505,-0.00096652,0.00074938,0.0010473,-0.0012187,-0.00093619,0.00075579,0.0010489,-0.001195,-0.00091518,0.00075669,0.0010476,-0.0011729,-0.00089358,0.00076149,0.0010495,-0.0011539,-0.00087565,0.00076492,0.0010492,-0.0011429,-0.0008673,0.00076189,0.0010497,-0.0011177,-0.00082609,0.00082679,0.0011905,-0.00081125,-0.0002471,0.0019235,0.0032393,0.0024177,0.0031991,1.7347e-18,0,-1.7347e-18
0,0,-1.7347e-18,0,0,0,0,0,0,0,0,0,0,0,0,0,0,0,0,0,0,0,0,0,0,1.7347e-18,0,0,0,0,0,0,0,0,-1.7347e-18,0,0,1.7347e-18,0,0,0,1.7347e-18,0.0001224,0,1.7347e-18,1.7347e-18,-0.0023998,-0.0010317,-0.00093171,-0.0026942,-1.6576e-05,0.00086892,-0.0018071,-0.0015747,0.00092311,0.0015791,-0.0019429,-0.0013222,0.0010373,0.0016463,-0.0018851,-0.0012867,0.0010303,0.001636,-0.001844,-0.0012471,0.0010378,0.001636,-0.001812,-0.0012207,0.0010365,0.001632,-0.0017876,-0.0011982,0.001035,0.0016294,-0.0017607,-0.0011717,0.0010414,0.001632,-0.0017407,-0.0011546,0.0010418,0.0016299,-0.0017296,-0.0011455,0.0010372,0.0016296,-0.0017007,-0.0011014,0.0011003,0.0017673,-0.0013947,-0.00056438,0.0020865,0.0018944,0.0018843,0.0017913,1.7347e-18,0,0
0,0,0,0,0,0,0,0,0,0,0,0,0,0,0,0,0,0,0,0,0,0,0,0,0,0,0,0,0,0,0,0,0,0,0,0,0,0,0,0,0,0,0.0030852,1.3878e-17,-1.3878e-17,1.7347e-18,0.00025555,0,0,-0.0020487,0.0013222,6.9389e-18,-6.9389e-18,-0.0019136,0.0015826,0,-6.9389e-18,-0.0018744,0.0016267,6.9389e-18,6.9389e-18,-0.0018377,0.0016182,6.9389e-18,0,-0.0017993,0.0016228,-6.9389e-18,6.9389e-18,-0.0017782,0.0016147,0,0,-0.0017551,0.00161,0,0,-0.0017275,0.0016152,0,0,-0.001713,0.0016124,0,0,-0.0017034,0.0016059,0,0,-0.0016613,0.0016516,0,0,-0.0012475,0.0021356,0,0,-0.0012124,1.7347e-18,-1.3878e-17,0
0,0,-1.7347e-18,0,0,0,0,0,0,0,0,0,0,0,0,0,0,0,0,0,0,0,0,0,0,0,0,0,0,0,0,0,0,0,-1.7347e-18,0,0,1.7347e-18,0.00036236,0,0,-6.9389e-18,-0.0024761,0.0013329,1.7347e-18,-0.00096385,-0.0011879,-0.0008391,-0.002299,-0.0014593,0.00093903,0.0014629,-0.0019359,-0.0013625,0.0010105,0.0015885,-0.0018612,-0.0012966,0.0010279,0.0015947,-0.0018196,-0.0012613,0.0010266,0.0015938,-0.0017873,-0.0012266,0.0010325,0.0015965,-0.0017659,-0.0012077,0.0010257,0.0015895,-0.0017427,-0.0011845,0.0010259,0.0015894,-0.0017174,-0.0011586,0.0010321,0.0015921,-0.001701,-0.0011452,0.0010291,0.0015869,-0.001688,-0.001134,0.0010268,0.0015892,-0.0016571,-0.0010876,0.0010924,0.0017294,-0.0013558,-0.0005564,0.0020704,0.0019249,0.00192,0.0018106,-1.7347e-18,0,0
0,-0.00016748,0.0013741,0,1.7347e-18,-0.0010408,0.0010604,0,0,-0.0010581,0.0010585,0,0,-0.0010579,0.0010589,0,0,-0.0010578,0.0010589,0,0,-0.0010578,0.0010587,0,0,-0.0010578,0.0010588,0,0,-0.0010396,0.0010709,0,0,-0.001163,0.0009245,0,1.7347e-18,1.7347e-18,-0.00345,-7.3587e-06,1.7347e-18,1.7347e-18,-0.0041657,-0.0045262,-0.0030918,-0.0029822,-0.00093207,-0.00024556,-0.0018273,-0.0011923,0.00070051,0.0010179,-0.0013296,-0.0010376,0.00073547,0.0010431,-0.0012827,-0.00099665,0.0007421,0.0010434,-0.0012471,-0.00096437,0.00074575,0.0010427,-0.0012181,-0.00093672,0.00074938,0.001041,-0.0011982,-0.0009205,0.00074415,0.0010352,-0.0011761,-0.00089778,0.00074805,0.0010362,-0.0011543,-0.00087724,0.0007521,0.001036,-0.0011407,-0.00086628,0.0007487,0.0010316,-0.0011276,-0.00085339,0.00075034,0.0010365,-0.0010979,-0.00080735,0.00082004,0.001179,-0.00079744,-0.00023895,0.0019029,0.0032099,0.0024174,0.0032359,1.7347e-18,0,-1.7347e-18
0,0,0,0,0,1.7347e-18,0,0,0,0,0,0,0,1.7347e-18,0,0,0,0,0,0,0,0,0,0,0,1.7347e-18,0,0,0,0,0,0,0,1.7347e-18,0,0,0,1.7347e-18,-0.00052699,-1.7347e-18,0,1.7347e-18,-0.0025268,-0.0018768,-0.00082433,-0.0027225,8.9371e-05,0.0009942,-0.0019095,-0.0014602,0.0010058,0.0016383,-0.0019189,-0.0013169,0.0010304,0.0016388,-0.0018797,-0.0012806,0.0010298,0.0016333,-0.0018397,-0.0012445,0.0010336,0.0016305,-0.0018088,-0.0012189,0.0010315,0.0016239,-0.0017875,-0.0012011,0.001024,0.0016158,-0.0017605,-0.0011745,0.0010287,0.0016158,-0.0017383,-0.0011561,0.0010281,0.0016123,-0.0017255,-0.0011452,0.0010219,0.0016069,-0.0017093,-0.0011282,0.0010249,0.0016123,-0.0016773,-0.0010828,0.0010893,0.00175,-0.0013792,-0.00055579,0.0020626,0.0020457,0.0018845,0.0018304,-1.7347e-18,0,0
0,0,0,0,0,0,0,0,0,0,0,0,0,0,0,0,0,0,0,0,0,0,0,0,0,0,0,0,0,0,0,0,0,0,0,0,0,-6.9389e-18,0.00047392,2.7756e-17,-2.7756e-17,-6.9389e-18,9.1737e-05,0,0,-0.0021105,0.0013391,6.9389e-18,-6.9389e-18,-0.0019307,0.0016098,6.9389e-18,-6.9389e-18,-0.0018687,0.0016213,-6.9389e-18,6.9389e-18,-0.001832,0.0016167,6.9389e-18,6.9389e-18,-0.0017963,0.0016184,0,0,-0.0017748,0.0016112,0,0,-0.0017561,0.0016015,0,0,-0.0017289,0.0016049,0,0,-0.0017142,0.0016,0,0,-0.0017035,0.0015912,0,0,-0.0016841,0.0015935,0,0,-0.001644,0.0016378,0,0,-0.0012376,0.0021148,0,0,-0.0011306,-1.7347e-18,1.3878e-17,0
0,0,0,0,0,0,0,0,0,1.7347e-18,0,0,0,0,0,0,0,0,0,0,0,0,0,0,0,0,0,0,0,0,0,0,0,1.7347e-18,0,0,0,-6.9389e-18,-0.0015679,-1.7347e-18,0,-1.7347e-18,-0.0015419,-0.0013844,-0.0019929,-0.0016338,0.0008942,0.0014969,-0.0019403,-0.001354,0.0010167,0.0015944,-0.0018511,-0.0012915,0.0010238,0.0015906,-0.0018158,-0.0012565,0.0010249,0.0015916,-0.0017846,-0.0012241,0.0010284,0.0015928,-0.0017626,-0.0012043,0.0010227,0.0015862,-0.0017433,-0.0011852,0.0010183,0.0015831,-0.0017203,-0.0011603,0.0010225,0.0015841,-0.0017056,-0.001148,0.0010172,0.0015771,-0.0016934,-0.0011373,0.0010117,0.0015727,-0.0016743,-0.0011172,0.001018,0.0015816,-0.0016444,-0.0010743,0.0010796,0.001716,-0.0013487,-0.00055153,0.0020456,0.0020743,0.0019151,0.0018469,1.7347e-18,0,0
0,-0.00018264,0.0013897,0,0,-0.0010535,0.0010733,0,0,-0.0010708,0.0010713,0,1.7347e-18,-0.0010706,0.0010719,0,0,-0.0010706,0.0010718,0,0,-0.0010707,0.0010717,0,0,-0.001067,0.0010721,0,1.7347e-18,-0.0010332,0.0010797,0,1.7347e-18,-0.0003318,-0.0022363,0.00049664,1.7347e-18,1.7347e-18,-0.0049647,-0.0047494,-0.0023944,-0.0034807,-0.0014942,-0.0007214,-0.0021413,-0.0013424,0.00064108,0.0010036,-0.0013263,-0.0010338,0.00073251,0.0010376,-0.001272,-0.00099071,0.00073756,0.0010351,-0.0012384,-0.00095847,0.00074213,0.0010351,-0.0012104,-0.00093282,0.00074375,0.0010324,-0.00119,-0.00091544,0.00073976,0.0010265,-0.0011701,-0.0008962,0.00073972,0.0010245,-0.0011501,-0.00087666,0.00074194,0.0010221,-0.0011393,-0.00086834,0.00073618,0.001016,-0.0011289,-0.00085743,0.00073476,0.0010157,-0.0011103,-0.00083775,0.00074332,0.001025,-0.0010824,-0.00079653,0.00080759,0.0011618,-0.00078764,-0.00023588,0.0018787,0.003177,0.0024175,0.003269,-1.7347e-18,0,-1.7347e-18
0,0,0,0,0,1.7347e-18,0,0,0,0,0,0,0,0,0,0,0,0,0,0,0,0,0,0,0,0,0,0,0,0,0,0,0,1.7347e-18,-0.00018751,-1.7347e-18,-6.9389e-18,1.7347e-18,-0.0026132,-0.0022164,-8.0488e-05,-0.0032718,-0.00039431,0.00061127,-0.0018789,-0.0015489,0.00095941,0.0015999,-0.001892,-0.0013088,0.0010195,0.0016076,-0.0018469,-0.0012691,0.0010203,0.001602,-0.0018073,-0.0012334,0.0010242,0.0015992,-0.0017779,-0.0012096,0.0010202,0.0015918,-0.0017558,-0.0011905,0.0010141,0.0015839,-0.0017309,-0.0011668,0.001015,0.0015806,-0.0017105,-0.0011498,0.0010124,0.0015744,-0.0017053,-0.0011444,0.0010034,0.0015707,-0.0016974,-0.0011306,0.0010048,0.0015759,-0.0016758,-0.001108,0.0010143,0.001586,-0.0016478,-0.001069,0.0010721,0.0017175,-0.0013545,-0.00054776,0.0020359,0.0021735,0.0018997,0.0018654,-1.7347e-18,0,0
0,0,0,0,0,0,0,0,0,0,0,0,0,0,0,0,0,0,0,0,0,0,0,0,0,0,0,0,0,0,0,0,0,0,-1.7347e-18,2.7756e-17,0,0,-0.00056071,0,0,-0.002114,0.0010245,6.9389e-18,-6.9389e-18,-0.001962,0.0015843,6.9389e-18,0,-0.0018547,0.0016047,6.9389e-18,-6.9389e-18,-0.0018149,0.0016023,-6.9389e-18,-6.9389e-18,-0.0017805,0.0016036,0,0,-0.0017601,0.0015949,0,0,-0.0017403,0.0015865,0,0,-0.0017156,0.0015862,0,0,-0.0017038,0.0015775,0,0,-0.0017038,0.0015642,0,0,-0.0016867,0.0015692,0,0,-0.0016621,0.0015794,0,0,-0.0016282,0.0016178,0,0,-0.0012233,0.002093,0,0,-0.0010599,-1.7347e-18,1.3878e-17,0
0,0,0,0,0,0,0,0,0,0,0,0,0,0,0,0,0,0,0,0,0,0,0,0,0,0,0,0,0,1.7347e-18,0,0,0,1.7347e-18,-0.00017637,-1.7347e-18,0,1.7347e-18,-0.0018823,-0.002143,-0.0015733,-0.0018969,0.00064008,0.0012878,-0.0019974,-0.0013525,0.0009981,0.0015941,-0.0018465,-0.0012747,0.0010066,0.0015879,-0.0018118,-0.001238,0.0010098,0.0015902,-0.0017816,-0.0012074,0.0010119,0.0015896,-0.0017606,-0.0011884,0.0010052,0.0015827,-0.00174,-0.0011681,0.001002,0.0015799,-0.0017188,-0.001146,0.0010018,0.0015754,-0.0017103,-0.0011419,0.00098355,0.0015458,-0.0017247,-0.0011553,0.00096427,0.0015316,-0.0017077,-0.0011322,0.00098404,0.0015559,-0.0016677,-0.0010991,0.0010024,0.0015729,-0.0016361,-0.0010592,0.0010602,0.0017041,-0.0013411,-0.00053629,0.0020251,0.0021891,0.0019134,0.001875,1.7347e-18,0,0
0,-6.5165e-05,0.0012943,0,0,-0.00095159,0.00097254,0,0,-0.0009703,0.00097101,-1.7347e-18,0,-0.00097018,0.0009716,0,0,-0.0009702,0.00097158,0,0,-0.00097012,0.0009692,0,0,-0.00088793,0.0010282,0,1.7347e-18,-0.0011264,-0.0012034,0.00075875,1.7347e-18,1.7347e-18,-0.0050579,-0.0041562,-0.0015956,-0.0029981,-0.0021821,-0.001442,-0.0023431,-0.0015037,0.00041629,0.00074203,-0.0012171,-0.00097984,0.000664,0.00088562,-0.0011167,-0.00092327,0.00067029,0.00088148,-0.0010829,-0.00088915,0.000677,0.00088229,-0.0010559,-0.00086571,0.00067626,0.00087763,-0.0010363,-0.0008489,0.00067167,0.00087166,-0.0010152,-0.00082821,0.00067298,0.00086985,-0.00099603,-0.00081149,0.00066972,0.00085889,-0.00099759,-0.00081955,0.00064039,0.0008162,-0.001055,-0.00085998,0.00062097,0.00083426,-0.0010732,-0.00083846,0.00066793,0.00090274,-0.0010279,-0.00079837,0.0006976,0.00093124,-0.00099293,-0.00075519,0.00076264,0.0010698,-0.00069565,-0.00019099,0.0018365,0.0030866,0.0025188,0.0033235,-1.7347e-18,0,-1.7347e-18
0,0,0,0,0,0,0,0,0,0,0,0,0,0,0,0,0,0,0,0,0,0,-1.7347e-18,0,0,0,0,0,0,1.7347e-18,0.0001424,6.9389e-18,0,1.7347e-18,-0.0023387,-0.0025315,1.7347e-18,-0.0035583,-0.0011824,-0.00064791,-0.0019946,-0.001497,0.00067356,0.00077078,-0.0011393,-0.0011172,0.00081774,0.00083055,-0.0010673,-0.001068,0.00081981,0.00082375,-0.0010258,-0.0010295,0.0008263,0.00082157,-0.00099754,-0.0010088,0.00081893,0.00081081,-0.00097547,-0.0009897,0.00081241,0.00080256,-0.00094851,-0.00096427,0.00081475,0.00079926,-0.00092718,-0.00094956,0.00080535,0.00077922,-0.0009454,-0.0009725,0.00076033,0.0007318,-0.0011158,-0.0010611,0.000744,0.00089035,-0.0012795,-0.0010469,0.00083874,0.0010854,-0.0012542,-0.00099754,0.00088746,0.0011436,-0.0012159,-0.00095182,0.00095132,0.0012843,-0.00091687,-0.00042263,0.0019212,0.002337,0.0023872,0.0019883,1.7347e-18,0,0
0,0,0,0,0,0,0,0,0,0,0,0,0,0,0,0,0,0,0,0,0,0,0,0,0,0,0,0,0,0,0,0,0,0,-0.00066067,0,-6.9389e-18,-0.00064762,0.00024507,0,-6.9389e-18,-0.0017239,0.0012941,-6.9389e-18,6.9389e-18,-0.0015928,0.0013396,0,-6.9389e-18,-0.0015477,0.0013376,0,0,-0.0015099,0.0013421,0,0,-0.0014933,0.0013297,0,0,-0.001473,0.0013208,0,0,-0.0014464,0.0013224,0,0,-0.0014358,0.001308,0,0,-0.0014792,0.0012416,0,0,-0.0016191,0.0011791,0,0,-0.001569,0.0013144,0,0,-0.0015035,0.0013933,0,0,-0.0014585,0.0014433,0,0,-0.001041,0.0019243,0,0,-0.00097567,-1.7347e-18,0,0
0,0,0,0,0,0,0,0,0,0,0,0,0,1.7347e-18,0,0,0,0,0,0,0,0,-1.7347e-18,0,0,0,0,0,0,1.7347e-18,-0.00084231,6.9389e-18,0,1.7347e-18,-0.0022211,-0.0022466,-0.0001003,-0.0023162,3.9584e-06,0.0014218,-0.0017111,-0.0012284,0.00084099,0.0019929,-0.0018697,-0.0011177,0.00086146,0.0021212,-0.0020539,-0.0010817,0.00086497,0.0021229,-0.0022181,-0.0010484,0.00087221,0.0021238,-0.0022861,-0.001035,0.00086306,0.0021131,-0.0022667,-0.0010173,0.00085951,0.0021106,-0.0022429,-0.0009932,0.00086481,0.0021127,-0.0022299,-0.00098933,0.00083914,0.0020576,-0.0022941,-0.0010818,0.00066286,0.0017052,-0.0024467,-0.0013271,0.00042325,0.001428,-0.0022755,-0.0011404,0.00063015,0.0016236,-0.0019335,-0.0009658,0.00080329,0.0017366,-0.0018277,-0.00089464,0.00088602,0.0018816,-0.0015108,-0.00034439,0.0019046,0.0018707,0.0016133,0.001648,-1.7347e-18,0,0
0,0.00018572,0.0018461,-1.7347e-18,1.7347e-18,-0.0010637,0.0011215,-1.7347e-18,1.7347e-18,-0.0011122,0.0011136,-1.7347e-18,1.7347e-18,-0.0011128,0.0011139,-1.7347e-18,1.7347e-18,-0.0011125,0.0011121,-1.7347e-18,1.7347e-18,-0.0010865,0.0012071,-1.7347e-18,1.7347e-18,-0.0013668,0.0005296,0,1.7347e-18,1.7347e-18,-0.002772,-0.0048473,1.7347e-18,-0.0011093,-0.0050754,-0.0043439,-0.0013818,-0.00075262,-0.0012188,-0.0011613,0.00030401,0.00026496,-0.00055747,-0.00077544,0.00055449,0.00033451,-0.00054139,-0.00080528,0.00061191,0.00035499,-0.0005327,-0.0008217,0.00065939,0.00037709,-0.00052097,-0.00084187,0.00069512,0.00038232,-0.00052276,-0.0008689,0.00073141,0.00039118,-0.00052073,-0.00088386,0.00076638,0.00040712,-0.00051204,-0.00089492,0.00079076,0.00039984,-0.00053887,-0.00096875,0.00070608,0.00032683,-0.00069722,-0.0014166,0.00028068,0.00033991,-0.00084023,-0.0011975,0.00029881,0.00030028,-0.00079347,-0.00085045,0.00050643,0.00030317,-0.00047645,-0.00070006,0.00060974,0.00036617,-0.00035211,-0.00053675,0.00090761,0.00092733,0.00080176,0.001425,0.0036556,0.0034286,-1.7347e-18,6.9389e-18,-1.7347e-18
0,1.7347e-18,-1.7347e-18,0,0,1.7347e-18,-1.7347e-18,0,0,1.7347e-18,-1.7347e-18,0,0,1.7347e-18,-1.7347e-18,0,0,1.7347e-18,-1.7347e-18,0,0,1.7347e-18,-1.7347e-18,0,0,1.7347e-18,0,0,0,0,-0.0027251,-3.6695e-05,1.7347e-18,-0.00046128,-0.0015372,-0.00022806,0,-0.0010797,0.00046859,0,0,-0.0008877,0.00060258,0,0,-0.00081052,0.00062174,0,0,-0.00077475,0.00063035,0,0,-0.00075954,0.00062244,0,0,-0.00074581,0.0006123,0,0,-0.00072295,0.00061543,0,0,-0.00070769,0.00061457,0,0,-0.00069769,0.00061091,0,0,-0.00089983,0.00029237,-4.3949e-06,0,-0.0019286,-0.0021053,-0.00023574,-0.0011238,-0.00037297,-0.0010801,0.0010358,-0.0016261,0.00050031,-0.00075203,0.0013069,-0.0014254,0.0006237,-0.00071231,0.0013969,-0.0011113,0.0012104,0.00032497,0.00087914,0.0018828,0.002407,-1.7347e-18,0,0
0,-6.9389e-18,6.9389e-18,0,0,-6.9389e-18,6.9389e-18,0,0,-6.9389e-18,6.9389e-18,0,0,-6.9389e-18,6.9389e-18,0,0,-6.9389e-18,6.9389e-18,0,0,-6.9389e-18,6.9389e-18,0,0,0,0,0,0,-6.9389e-18,-1.7347e-18,1.3878e-17,-1.3878e-17,0,5.2042e-18,0,-1.3878e-17,-6.9389e-18,6.9389e-18,1.3878e-17,0,-6.9389e-18,5.2042e-18,-1.3878e-17,0,-5.2042e-18,5.2042e-18,-1.3878e-17,-1.3878e-17,-5.2042e-18,5.2042e-18,0,-1.3878e-17,-5.2042e-18,5.2042e-18,-1.3878e-17,0,-5.2042e-18,5.2042e-18,-1.3878e-17,1.3878e-17,-5.2042e-18,5.2042e-18,-1.3878e-17,0,-5.2042e-18,5.2042e-18,0,0,-5.2042e-18,5.2042e-18,0,0,-5.2042e-18,-1.7347e-18,-1.3878e-17,1.3878e-17,0,0.00092291,-6.9389e-18,1.3878e-17,1.7347e-18,0,-6.9389e-18,6.9389e-18,1.7347e-18,-1.7347e-18,-6.9389e-18,-6.9389e-18,1.7347e-18,-1.7347e-18,6.9389e-18,0,0,-1.7347e-18,0,-6.9389e-18,-0.0047899,0,0,0
