-0.44151,-0.074085,0.071031,0.42982,-0.43017,-0.071408,0.07144,0.43028,-0.43029,-0.071433,0.071435,0.43029,-0.43029,-0.071433,0.071435,0.43029,-0.43029,-0.071442,0.071422,0.43029,-0.43014,-0.071117,0.07196,0.43075,-0.43165,-0.073867,0.067748,0.42652,-0.43131,-0.077305,0.058042,0.41327,-0.41749,-0.065226,0.061944,0.4143,-0.41516,-0.063113,0.06314,0.41516,-0.41524,-0.063244,0.062959,0.41497,-0.41506,-0.063114,0.062907,0.41486,-0.41493,-0.063021,0.06287,0.41478,-0.41484,-0.062966,0.062814,0.41469,-0.41475,-0.06291,0.062761,0.4146,-0.41465,-0.062844,0.06273,0.41454,-0.41458,-0.062797,0.062701,0.41449,-0.41446,-0.06262,0.063177,0.41655,-0.41727,-0.064441,0.059152,0.4018,-0.40825,-0.07301,0.018325,0.22865,-0.23538,-0.031081,0.021112,0.20167,-0.2027,-0.023063,0.022772,0.20206,-0.20222,-0.023025,0.022203,0.19944,-0.1994,-0.022255,0.022052,0.19779,-0.19267,-0.01801,0.043353,0.26149,0.27872
-0.073761,-0.015632,0.012665,0.06499,-0.065922,-0.013106,0.013059,0.065667,-0.0657,-0.013081,0.013078,0.06569,-0.065692,-0.013079,0.013079,0.065691,-0.065693,-0.01308,0.013079,0.065706,-0.065631,-0.012989,0.013199,0.065694,-0.066242,-0.013864,0.011932,0.064224,-0.066897,-0.015136,0.0093938,0.061169,-0.063501,-0.012187,0.011143,0.062065,-0.062502,-0.01158,0.011555,0.062402,-0.062443,-0.011592,0.011507,0.062352,-0.0624,-0.011552,0.01149,0.062328,-0.062365,-0.011522,0.011477,0.062311,-0.062342,-0.011504,0.01146,0.062289,-0.062319,-0.011486,0.011443,0.062268,-0.062295,-0.011466,0.011432,0.062256,-0.062275,-0.011448,0.011428,0.062266,-0.062197,-0.011334,0.01155,0.062416,-0.063507,-0.01311,0.0096002,0.057644,-0.065095,-0.021642,0,0.021853,-0.030618,-0.0039476,0,0.020766,-0.022143,-0.00011185,0,0.021575,-0.021842,-7.0163e-05,0,0.02114,-0.021037,-0,0.00041154,0.022758,-0.01532,-0,0.017605,0.070953,0.045035
-0.016698,-0.0040072,0,0.010384,-0.012212,-0.0013781,0.0010378,0.011663,-0.011743,-0.0011723,0.0011612,0.011722,-0.011725,-0.0011651,0.0011655,0.011724,-0.011724,-0.001164,0.001169,0.011735,-0.011698,-0.0011411,0.0011863,0.011652,-0.012036,-0.0016186,0.00047875,0.010987,-0.012523,-0.0021581,0,0.010279,-0.011867,-0.00059272,0,0.011041,-0.011375,-0.00011738,5.9999e-05,0.01127,-0.011304,-0.00011288,5.5121e-05,0.011263,-0.011304,-0.0001145,6.9008e-05,0.011268,-0.011299,-0.00011368,8.0287e-05,0.011271,-0.011298,-0.00011778,8.5362e-05,0.011272,-0.011298,-0.00012207,9.0495e-05,0.011273,-0.011296,-0.00012276,9.8249e-05,0.011277,-0.011291,-0.00011656,0.00011934,0.011315,-0.01119,-0,0.00025867,0.011152,-0.012837,-0.0033182,0,0.0059824,-0.014696,-0.010839,-0,0,-0.0051395,-0,0,0,-0.00056872,-0,0,0,-7.5961e-05,-0,0,0,-0,-0,0,0.0036195,-0,0,0.014549,0.032944,0.009264
-0.071481,-0.013144,0.0088759,0.0596,-0.060868,-0.010007,0.0099105,0.060516,-0.06056,-0.0099507,0.0099475,0.060547,-0.06055,-0.0099482,0.0099488,0.060549,-0.060549,-0.009948,0.0099498,0.060554,-0.060537,-0.0099347,0.0099302,0.060498,-0.060679,-0.010128,0.0099088,0.060313,-0.061091,-0.010836,0.010218,0.060395,-0.061139,-0.011005,0.010841,0.060823,-0.060979,-0.011015,0.010994,0.060927,-0.060943,-0.011016,0.011005,0.06093,-0.060948,-0.011028,0.011019,0.060936,-0.06095,-0.011037,0.01103,0.06094,-0.060953,-0.011045,0.011039,0.060943,-0.060956,-0.011053,0.011048,0.060947,-0.060958,-0.01106,0.011056,0.060952,-0.060957,-0.011063,0.011071,0.060988,-0.060854,-0.010889,0.011591,0.061847,-0.063685,-0.014231,0.0044243,0.046667,-0.054807,-0.017082,0,0.015306,-0.023479,-0.0017315,0,0.020387,-0.0214,-0.00046421,0,0.020234,-0.020544,-0.00022134,0,0.019923,-0.019802,-0,0.00064852,0.021676,-0.014238,-0,0.017427,0.067509,0.0363
-0.42702,-0.066265,0.059005,0.40687,-0.40797,-0.060714,0.060642,0.40789,-0.40792,-0.060673,0.060672,0.40792,-0.40792,-0.060672,0.060673,0.40792,-0.40792,-0.060672,0.060673,0.40792,-0.40792,-0.060669,0.060664,0.40791,-0.40797,-0.060727,0.060653,0.40792,-0.40821,-0.060925,0.060742,0.40815,-0.40842,-0.060983,0.060925,0.40837,-0.40843,-0.06098,0.06097,0.40841,-0.40842,-0.060978,0.060974,0.40842,-0.40843,-0.060981,0.060977,0.40842,-0.40843,-0.060983,0.06098,0.40843,-0.40843,-0.060985,0.060983,0.40843,-0.40844,-0.060987,0.060986,0.40843,-0.40844,-0.060989,0.060988,0.40844,-0.40844,-0.060987,0.060996,0.40845,-0.40827,-0.060586,0.062592,0.41493,-0.41729,-0.06744,0.044434,0.3463,-0.35475,-0.061481,0.013508,0.19681,-0.20321,-0.021753,0.020794,0.20117,-0.20171,-0.021407,0.020377,0.1982,-0.19844,-0.020696,0.020009,0.19602,-0.19596,-0.019995,0.019915,0.19473,-0.1893,-0.015273,0.040406,0.25923,0.23621
-0.072275,-0.014572,0.0099496,0.059871,-0.06129,-0.011333,0.011214,0.060889,-0.060938,-0.011264,0.011259,0.060924,-0.060926,-0.011261,0.011261,0.060926,-0.060926,-0.011261,0.011261,0.060927,-0.060925,-0.011261,0.011257,0.060918,-0.060942,-0.011269,0.011244,0.0609,-0.061001,-0.011286,0.011235,0.060932,-0.061025,-0.011272,0.01125,0.060988,-0.061009,-0.011261,0.011256,0.061002,-0.061004,-0.011259,0.011257,0.061003,-0.061005,-0.011259,0.011257,0.061003,-0.061005,-0.011258,0.011258,0.061004,-0.061005,-0.011258,0.011258,0.061004,-0.061006,-0.011258,0.011258,0.061005,-0.061006,-0.011258,0.011258,0.061006,-0.061003,-0.011253,0.011268,0.061046,-0.060884,-0.011056,0.011728,0.061675,-0.06444,-0.015882,0.0046487,0.04608,-0.054679,-0.01729,0,0.016526,-0.023341,-0.0007414,0,0.020975,-0.021508,-0.00030239,0,0.020468,-0.020791,-7.1781e-05,0,0.020165,-0.020052,-0,0.00045183,0.021788,-0.014694,-0,0.016875,0.067588,0.035701
-0.016802,-0.0036263,0,0.009374,-0.011571,-0.00013843,0,0.010911,-0.011003,-0,0,0.010978,-0.010981,-0,0,0.010981,-0.010981,-0,0,0.010981,-0.010981,-0,0,0.010975,-0.010992,-0,0,0.010963,-0.011026,-0,0,0.010978,-0.011038,-0,0,0.011011,-0.011025,-0,0,0.011021,-0.011022,-0,0,0.011021,-0.011022,-0,0,0.011022,-0.011023,-0,0,0.011022,-0.011023,-0,0,0.011022,-0.011023,-0,0,0.011022,-0.011023,-0,0,0.011024,-0.011018,-0,0,0.011075,-0.010883,-0,0.00010646,0.010591,-0.014103,-0.0063749,0,0.0014409,-0.011887,-0.00809,-0,0,-0.0029817,-0,0,0,-0.00033433,-0,0,0,-0.00013123,-0,0,0,-0,-0,0,0.0034304,-0,0,0.014418,0.031149,0.0069842
-0.071369,-0.014102,0.0094198,0.058853,-0.060291,-0.010803,0.01068,0.059883,-0.059933,-0.01073,0.010726,0.059918,-0.059921,-0.010727,0.010727,0.05992,-0.059921,-0.010727,0.010727,0.059921,-0.05992,-0.010728,0.010726,0.059919,-0.059926,-0.010735,0.010729,0.059915,-0.059943,-0.010761,0.010752,0.059924,-0.05995,-0.010783,0.010777,0.05994,-0.059946,-0.010787,0.010785,0.059944,-0.059944,-0.010787,0.010786,0.059945,-0.059944,-0.010787,0.010786,0.059945,-0.059944,-0.010787,0.010787,0.059945,-0.059945,-0.010788,0.010787,0.059944,-0.059945,-0.010788,0.010788,0.059945,-0.059945,-0.010788,0.010789,0.059947,-0.059942,-0.010784,0.010798,0.059983,-0.059826,-0.010574,0.011315,0.060665,-0.064453,-0.017269,0,0.034653,-0.043981,-0.011875,0,0.016116,-0.021798,-0.00045693,0,0.020961,-0.021328,-0.00034955,0,0.02033,-0.020648,-0.00012173,0,0.020063,-0.01995,-0,0.00051195,0.021654,-0.014629,-0,0.016814,0.067123,0.034581
-0.42224,-0.065639,0.058179,0.40179,-0.40296,-0.059981,0.059895,0.40287,-0.4029,-0.059932,0.059929,0.4029,-0.4029,-0.059929,0.059931,0.4029,-0.4029,-0.05993,0.05993,0.4029,-0.4029,-0.05993,0.059929,0.4029,-0.4029,-0.059932,0.059929,0.4029,-0.40291,-0.059938,0.059934,0.40291,-0.40291,-0.059943,0.05994,0.40291,-0.40292,-0.059944,0.059943,0.40292,-0.40292,-0.059944,0.059943,0.40292,-0.40292,-0.059944,0.059942,0.40292,-0.40292,-0.059943,0.059942,0.40292,-0.40292,-0.059943,0.059943,0.40292,-0.40292,-0.059944,0.059944,0.40292,-0.40292,-0.059944,0.059944,0.40292,-0.40291,-0.059939,0.059947,0.40292,-0.40277,-0.059531,0.061799,0.41064,-0.41503,-0.07066,0.03146,0.29087,-0.2995,-0.047325,0.015183,0.19347,-0.19768,-0.020466,0.021126,0.20092,-0.20113,-0.021344,0.020337,0.19765,-0.19789,-0.020644,0.020005,0.19564,-0.19558,-0.019989,0.019891,0.19428,-0.18904,-0.01536,0.040232,0.25836,0.23017
-0.071438,-0.014318,0.0096131,0.058864,-0.060318,-0.011022,0.010896,0.059905,-0.059956,-0.010948,0.010942,0.059941,-0.059943,-0.010944,0.010944,0.059943,-0.059943,-0.010945,0.010944,0.059943,-0.059943,-0.010945,0.010944,0.059943,-0.059943,-0.010945,0.010943,0.059943,-0.059945,-0.010945,0.010943,0.059944,-0.059946,-0.010946,0.010944,0.059945,-0.059945,-0.010945,0.010944,0.059946,-0.059945,-0.010945,0.010944,0.059947,-0.059946,-0.010945,0.010944,0.059946,-0.059946,-0.010945,0.010944,0.059946,-0.059946,-0.010944,0.010945,0.059946,-0.059946,-0.010944,0.010945,0.059946,-0.059945,-0.010944,0.010946,0.059949,-0.059936,-0.010931,0.010943,0.059945,-0.059945,-0.01093,0.0114,0.060307,-0.065217,-0.019232,0,0.034345,-0.043692,-0.011077,0,0.017233,-0.021444,-0.00016186,0,0.021081,-0.021329,-0.00030818,0,0.020367,-0.020671,-0.00010201,0,0.02009,-0.019979,-0,0.00048588,0.021656,-0.014706,-0,0.016776,0.067031,0.034452
-0.016619,-0.003679,0,0.0090772,-0.011316,-0.00013856,0,0.010644,-0.010738,-0,0,0.010713,-0.010715,-0,0,0.010715,-0.010715,-0,0,0.010715,-0.010714,-0,0,0.010715,-0.010715,-0,0,0.010714,-0.010715,-0,0,0.010715,-0.010716,-0,0,0.010716,-0.010716,-0,0,0.010717,-0.010716,-0,0,0.010717,-0.010716,-0,0,0.010716,-0.010716,-0,0,0.010716,-0.010716,-0,0,0.010716,-0.010716,-0,0,0.010716,-0.010715,-0,0,0.010723,-0.010697,-0,0,0.010721,-0.010888,-0.00019054,0,0.0092134,-0.014959,-0.0093289,-0,0,-0.0092498,-0.0037939,0,0,-0.0017661,-0,0,0,-0.0002297,-0,0,0,-0.00011319,-0,0,0,-0,-0,0,0.0033726,-0,0,0.014303,0.030779,0.0065034
-0.070425,-0.013874,0.0091462,0.057813,-0.059272,-0.010562,0.010435,0.058857,-0.058909,-0.010487,0.010482,0.058894,-0.058896,-0.010483,0.010484,0.058896,-0.058896,-0.010484,0.010484,0.058896,-0.058896,-0.010484,0.010483,0.058896,-0.058896,-0.010484,0.010483,0.058896,-0.058897,-0.010484,0.010483,0.058896,-0.058896,-0.010485,0.010484,0.058897,-0.058896,-0.010486,0.010485,0.058897,-0.058896,-0.010486,0.010485,0.058897,-0.058896,-0.010486,0.010485,0.058897,-0.058895,-0.010486,0.010485,0.058896,-0.058896,-0.010485,0.010485,0.058896,-0.058896,-0.010485,0.010486,0.058896,-0.058895,-0.010485,0.010488,0.058905,-0.058874,-0.010452,0.010588,0.05909,-0.059303,-0.010831,0.0096254,0.056638,-0.062513,-0.019033,0,0.022753,-0.032275,-0.0061363,0,0.018508,-0.021774,-0.00035468,0,0.020835,-0.021105,-0.00027373,0,0.02025,-0.020544,-9.5951e-05,0,0.019973,-0.019862,-0,0.00048236,0.021537,-0.014614,-0,0.016627,0.066518,0.033366
-0.41689,-0.064636,0.057124,0.3963,-0.39749,-0.058946,0.058857,0.39739,-0.39743,-0.058895,0.058893,0.39742,-0.39742,-0.058893,0.058894,0.39742,-0.39742,-0.058893,0.058893,0.39742,-0.39742,-0.058894,0.058893,0.39742,-0.39742,-0.058893,0.058892,0.39742,-0.39742,-0.058893,0.058892,0.39742,-0.39742,-0.058893,0.058892,0.39742,-0.39742,-0.058894,0.058893,0.39742,-0.39742,-0.058894,0.058892,0.39742,-0.39742,-0.058893,0.058892,0.39742,-0.39742,-0.058893,0.058892,0.39742,-0.39742,-0.058893,0.058893,0.39742,-0.39742,-0.058893,0.058893,0.39742,-0.39742,-0.058892,0.058896,0.39743,-0.39738,-0.05881,0.059189,0.39863,-0.39901,-0.05979,0.05738,0.39258,-0.39898,-0.070271,0.01967,0.2353,-0.24326,-0.032454,0.018461,0.198,-0.20006,-0.021042,0.020873,0.19993,-0.20013,-0.021129,0.020256,0.19712,-0.19733,-0.020536,0.019909,0.19513,-0.19507,-0.019893,0.019792,0.19377,-0.18859,-0.015314,0.039917,0.2572,0.22423
-0.070461,-0.014025,0.0092854,0.057806,-0.059273,-0.010714,0.010585,0.058856,-0.058907,-0.010638,0.010632,0.058893,-0.058894,-0.010635,0.010634,0.058894,-0.058894,-0.010635,0.010634,0.058895,-0.058893,-0.010635,0.010634,0.058895,-0.058893,-0.010635,0.010633,0.058895,-0.058893,-0.010635,0.010633,0.058894,-0.058893,-0.010635,0.010633,0.058894,-0.058893,-0.010634,0.010633,0.058895,-0.058894,-0.010635,0.010634,0.058895,-0.058894,-0.010634,0.010634,0.058895,-0.058894,-0.010634,0.010634,0.058894,-0.058894,-0.010634,0.010634,0.058894,-0.058894,-0.010634,0.010634,0.058894,-0.058892,-0.010631,0.010639,0.05891,-0.058849,-0.010564,0.010704,0.058968,-0.059705,-0.011692,0.0096863,0.056112,-0.062946,-0.020483,0,0.02323,-0.032143,-0.0048857,0,0.019417,-0.021443,-0.00026804,0,0.020842,-0.021132,-0.00024747,0,0.020274,-0.020557,-8.0125e-05,0,0.019989,-0.01988,-0,0.00046353,0.021535,-0.014665,-0,0.016571,0.066413,0.033252
-0.016387,-0.0036712,0,0.0087543,-0.011015,-5.4125e-05,0,0.010337,-0.010431,-0,0,0.010406,-0.010408,-0,0,0.010408,-0.010407,-0,0,0.010408,-0.010407,-0,0,0.010408,-0.010407,-0,0,0.010408,-0.010407,-0,0,0.010408,-0.010407,-0,0,0.010408,-0.010407,-0,0,0.010409,-0.010408,-0,0,0.010409,-0.010408,-0,0,0.010408,-0.010408,-0,0,0.010408,-0.010408,-0,0,0.010407,-0.010408,-0,0,0.010408,-0.010405,-0,0,0.010436,-0.010332,-0,0,0.010299,-0.011618,-0.0020629,0,0.0063531,-0.014233,-0.010139,-0,0,-0.0056521,-0,0,0,-0.00090064,-0,0,0,-0.00021223,-0,0,0,-8.5419e-05,-0,0,0,-0,-0,0,0.0033206,-0,0,0.01414,0.030371,0.006026
-0.069454,-0.013586,0.0088238,0.056762,-0.058234,-0.010259,0.01013,0.057816,-0.057867,-0.010183,0.010177,0.057852,-0.057854,-0.01018,0.010179,0.057854,-0.057854,-0.01018,0.010179,0.057855,-0.057853,-0.01018,0.010179,0.057855,-0.057853,-0.01018,0.010178,0.057855,-0.057854,-0.010179,0.010178,0.057854,-0.057853,-0.010179,0.010178,0.057854,-0.057854,-0.01018,0.010179,0.057854,-0.057854,-0.01018,0.010179,0.057855,-0.057854,-0.01018,0.010179,0.057854,-0.057853,-0.01018,0.010179,0.057853,-0.057853,-0.010179,0.010179,0.057853,-0.057854,-0.010179,0.01018,0.057854,-0.057852,-0.010176,0.010186,0.05788,-0.057773,-0.010043,0.010582,0.058553,-0.059864,-0.01232,0.0054512,0.047631,-0.054961,-0.01682,0,0.016413,-0.024653,-0.0022628,0,0.020431,-0.021826,-0.00044349,0,0.020609,-0.02094,-0.00021766,0,0.020168,-0.020443,-7.6015e-05,0,0.019869,-0.019761,-0,0.00045775,0.021416,-0.014571,-0,0.01642,0.065905,0.032175
-0.41156,-0.063629,0.056065,0.39085,-0.39205,-0.057905,0.057815,0.39195,-0.39198,-0.057853,0.057851,0.39198,-0.39198,-0.057852,0.057852,0.39198,-0.39198,-0.057852,0.057852,0.39198,-0.39198,-0.057852,0.057851,0.39198,-0.39198,-0.057851,0.05785,0.39198,-0.39198,-0.057851,0.05785,0.39198,-0.39198,-0.057851,0.057851,0.39198,-0.39198,-0.057852,0.057851,0.39198,-0.39198,-0.057852,0.057851,0.39198,-0.39198,-0.057852,0.05785,0.39198,-0.39198,-0.057851,0.05785,0.39198,-0.39198,-0.057851,0.057851,0.39198,-0.39198,-0.057851,0.057852,0.39198,-0.39198,-0.057849,0.057858,0.39199,-0.39185,-0.057541,0.059079,0.39696,-0.39869,-0.062508,0.046374,0.34926,-0.3569,-0.061767,0.0146,0.20185,-0.20828,-0.023075,0.02071,0.20153,-0.20228,-0.021582,0.020604,0.19901,-0.19926,-0.020941,0.020178,0.19664,-0.19684,-0.02044,0.019806,0.1946,-0.19454,-0.019791,0.019691,0.19326,-0.18812,-0.015262,0.039592,0.25604,0.21835
-0.069499,-0.01374,0.0089577,0.056754,-0.058235,-0.010408,0.010277,0.057814,-0.057865,-0.01033,0.010325,0.057851,-0.057852,-0.010327,0.010327,0.057852,-0.057852,-0.010327,0.010326,0.057852,-0.057851,-0.010328,0.010326,0.057853,-0.057851,-0.010327,0.010326,0.057853,-0.057851,-0.010327,0.010326,0.057852,-0.057851,-0.010327,0.010326,0.057852,-0.057851,-0.010327,0.010326,0.057853,-0.057852,-0.010327,0.010326,0.057853,-0.057852,-0.010327,0.010326,0.057852,-0.057852,-0.010327,0.010326,0.057852,-0.057851,-0.010326,0.010326,0.057851,-0.057851,-0.010326,0.010327,0.057852,-0.057849,-0.010323,0.010335,0.057885,-0.057755,-0.010167,0.010681,0.058345,-0.060538,-0.013898,0.0056625,0.047026,-0.054861,-0.017183,0,0.017535,-0.024473,-0.001241,0,0.020924,-0.021656,-0.0003958,0,0.02062,-0.020964,-0.0001949,0,0.02019,-0.020457,-6.2723e-05,0,0.019885,-0.019778,-0,0.0004404,0.021415,-0.01462,-0,0.016356,0.065791,0.032102
-0.016237,-0.0036806,0,0.0084331,-0.010716,-0,0,0.010033,-0.010127,-0,0,0.010102,-0.010104,-0,0,0.010104,-0.010103,-0,0,0.010104,-0.010103,-0,0,0.010104,-0.010103,-0,0,0.010104,-0.010103,-0,0,0.010104,-0.010103,-0,0,0.010104,-0.010103,-0,0,0.010104,-0.010104,-0,0,0.010105,-0.010104,-0,0,0.010104,-0.010104,-0,0,0.010104,-0.010104,-0,0,0.010103,-0.010103,-0,0,0.010105,-0.010099,-0,0,0.010147,-0.0099862,-0,0,0.0097319,-0.012752,-0.0050446,0,0.0020294,-0.011636,-0.0076849,-0,0,-0.0031136,-0,0,0,-0.00044339,-0,0,0,-0.00019119,-0,0,0,-6.1432e-05,-0,0,0,-0,-0,0,0.0032717,-0,0,0.013956,0.029889,0.0054819
-0.068509,-0.013308,0.008503,0.055727,-0.057213,-0.00996,0.0098284,0.05679,-0.056841,-0.0098821,0.0098764,0.056827,-0.056829,-0.0098784,0.0098785,0.056828,-0.056829,-0.0098787,0.0098783,0.056829,-0.056828,-0.0098793,0.0098774,0.05683,-0.056828,-0.0098786,0.0098767,0.05683,-0.056828,-0.0098781,0.009877,0.056829,-0.056828,-0.0098785,0.0098771,0.056829,-0.056828,-0.0098786,0.0098779,0.056829,-0.056828,-0.009879,0.0098777,0.05683,-0.056828,-0.0098789,0.0098771,0.056829,-0.056828,-0.0098783,0.0098774,0.056829,-0.056828,-0.009878,0.009878,0.056828,-0.056828,-0.0098781,0.0098788,0.05683,-0.056825,-0.0098743,0.0098855,0.05686,-0.056725,-0.0096919,0.010355,0.057504,-0.060715,-0.015258,0,0.034729,-0.043015,-0.011389,0,0.016533,-0.022107,-0.00063879,0,0.021042,-0.021526,-0.00039858,0,0.020447,-0.020791,-0.00017201,0,0.020081,-0.020342,-5.817e-05,0,0.019765,-0.019657,-0,0.00043976,0.021312,-0.014542,-0,0.016205,0.065292,0.031042
-0.40632,-0.06264,0.055024,0.38549,-0.3867,-0.056881,0.056789,0.38659,-0.38663,-0.056828,0.056826,0.38662,-0.38663,-0.056826,0.056827,0.38663,-0.38663,-0.056826,0.056827,0.38663,-0.38663,-0.056827,0.056826,0.38663,-0.38663,-0.056826,0.056825,0.38663,-0.38663,-0.056826,0.056825,0.38663,-0.38663,-0.056826,0.056826,0.38663,-0.38663,-0.056827,0.056826,0.38663,-0.38663,-0.056827,0.056826,0.38663,-0.38663,-0.056827,0.056825,0.38663,-0.38662,-0.056826,0.056825,0.38663,-0.38663,-0.056826,0.056826,0.38663,-0.38663,-0.056826,0.056827,0.38663,-0.38662,-0.056822,0.056827,0.38663,-0.3865,-0.05646,0.058483,0.39352,-0.39734,-0.066196,0.03179,0.28841,-0.29623,-0.046312,0.015687,0.19532,-0.19938,-0.020843,0.021219,0.20165,-0.20192,-0.02151,0.020448,0.19825,-0.1985,-0.020781,0.020092,0.19615,-0.19634,-0.020343,0.019702,0.19407,-0.19402,-0.019686,0.019607,0.19281,-0.18773,-0.015226,0.039269,0.25492,0.21256
-0.068554,-0.013461,0.0086356,0.055719,-0.057214,-0.010107,0.0099743,0.056789,-0.05684,-0.010028,0.010023,0.056825,-0.056827,-0.010025,0.010025,0.056827,-0.056827,-0.010025,0.010025,0.056827,-0.056827,-0.010025,0.010024,0.056828,-0.056826,-0.010025,0.010024,0.056827,-0.056826,-0.010025,0.010024,0.056827,-0.056826,-0.010025,0.010024,0.056827,-0.056826,-0.010025,0.010024,0.056827,-0.056827,-0.010025,0.010024,0.056827,-0.056827,-0.010025,0.010024,0.056827,-0.056827,-0.010024,0.010024,0.056827,-0.056826,-0.010024,0.010024,0.056827,-0.056826,-0.010024,0.010025,0.05683,-0.056818,-0.010013,0.010022,0.056827,-0.056827,-0.010015,0.010428,0.057147,-0.061514,-0.017303,0,0.034319,-0.042793,-0.010576,0,0.01772,-0.02175,-0.00025824,0,0.021197,-0.0215,-0.00035703,0,0.020474,-0.020805,-0.00015149,0,0.020101,-0.020357,-4.5311e-05,0,0.019783,-0.019673,-0,0.00042498,0.021311,-0.014589,-0,0.01614,0.06518,0.03097
-0.016089,-0.0036902,0,0.008116,-0.010422,-0,0,0.0097328,-0.009827,-0,0,0.0098018,-0.0098043,-0,0,0.009804,-0.0098038,-0,0,0.0098043,-0.0098033,-0,0,0.0098042,-0.0098032,-0,0,0.0098039,-0.009803,-0,0,0.0098036,-0.009803,-0,0,0.0098036,-0.0098032,-0,0,0.009804,-0.0098033,-0,0,0.0098043,-0.0098037,-0,0,0.009804,-0.0098038,-0,0,0.0098035,-0.0098035,-0,0,0.0098039,-0.0098028,-0,0,0.0098105,-0.0097867,-0,0,0.0098082,-0.0099602,-0,0,0.008429,-0.013719,-0.0081993,-0,0,-0.008672,-0.0033135,0,0,-0.0017462,-0,0,0,-0.00028393,-0,0,0,-0.00015469,-0,0,0,-3.9521e-05,-0,0,0,-0,-0,0,0.0032274,-0,0,0.01377,0.029412,0.0049449
-0.067574,-0.013033,0.0081854,0.054703,-0.056203,-0.0096639,0.0095302,0.055776,-0.055828,-0.0095845,0.009579,0.055812,-0.055815,-0.0095806,0.009581,0.055814,-0.055814,-0.0095811,0.0095803,0.055815,-0.055814,-0.0095815,0.0095793,0.055816,-0.055814,-0.0095806,0.0095789,0.055816,-0.055814,-0.0095801,0.0095793,0.055815,-0.055814,-0.0095804,0.0095793,0.055815,-0.055814,-0.0095807,0.0095799,0.055815,-0.055814,-0.009581,0.0095796,0.055815,-0.055814,-0.0095808,0.0095793,0.055815,-0.055814,-0.0095803,0.0095796,0.055814,-0.055814,-0.00958,0.0095801,0.055814,-0.055814,-0.0095794,0.0095826,0.055821,-0.055795,-0.00955,0.0096731,0.055989,-0.056182,-0.0098928,0.008803,0.053772,-0.059098,-0.017242,0,0.022829,-0.031553,-0.005735,0,0.018859,-0.021961,-0.00041586,0,0.020959,-0.021266,-0.00031804,0,0.020351,-0.020672,-0.0001407,0,0.019985,-0.02024,-3.9379e-05,0,0.019663,-0.01955,-0,0.00042852,0.021222,-0.014525,-0,0.015987,0.064682,0.029923
-0.40114,-0.061661,0.053993,0.38018,-0.38141,-0.055869,0.055775,0.3813,-0.38133,-0.055814,0.055812,0.38133,-0.38133,-0.055812,0.055813,0.38133,-0.38133,-0.055812,0.055813,0.38133,-0.38133,-0.055813,0.055812,0.38133,-0.38133,-0.055812,0.055811,0.38133,-0.38133,-0.055812,0.055812,0.38133,-0.38133,-0.055812,0.055812,0.38133,-0.38133,-0.055813,0.055812,0.38133,-0.38133,-0.055813,0.055811,0.38133,-0.38133,-0.055813,0.055811,0.38133,-0.38133,-0.055812,0.055811,0.38133,-0.38133,-0.055812,0.055812,0.38133,-0.38133,-0.055811,0.055815,0.38134,-0.3813,-0.055738,0.056078,0.38242,-0.38277,-0.056618,0.054448,0.37697,-0.38279,-0.066129,0.020047,0.23363,-0.24088,-0.031734,0.018845,0.19928,-0.2012,-0.021279,0.021001,0.20067,-0.20089,-0.021287,0.02036,0.1977,-0.19793,-0.020665,0.019996,0.19564,-0.19583,-0.020243,0.019598,0.19355,-0.19349,-0.019577,0.019539,0.19244,-0.18741,-0.015204,0.038943,0.25379,0.20684
-0.067618,-0.013184,0.0083169,0.054695,-0.056204,-0.0098092,0.0096748,0.055775,-0.055826,-0.0097293,0.0097238,0.055812,-0.055813,-0.0097255,0.0097258,0.055813,-0.055813,-0.0097259,0.0097254,0.055814,-0.055813,-0.0097262,0.0097251,0.055814,-0.055813,-0.0097257,0.0097248,0.055813,-0.055813,-0.0097255,0.0097249,0.055813,-0.055813,-0.0097255,0.0097248,0.055813,-0.055813,-0.0097256,0.009725,0.055813,-0.055813,-0.0097256,0.009725,0.055814,-0.055813,-0.0097256,0.0097247,0.055813,-0.055813,-0.0097252,0.0097248,0.055813,-0.055813,-0.0097249,0.0097251,0.055813,-0.055811,-0.009723,0.009729,0.055828,-0.055773,-0.0096633,0.0097848,0.055874,-0.056558,-0.010653,0.0088648,0.053281,-0.059525,-0.018647,0,0.023298,-0.031468,-0.0045295,0,0.019736,-0.021651,-0.00032217,0,0.020976,-0.021292,-0.00028984,0,0.020379,-0.020685,-0.00012512,0,0.020003,-0.020256,-2.679e-05,0,0.019681,-0.019565,-0,0.00041618,0.021221,-0.014572,-0,0.01592,0.06457,0.029851
-0.015942,-0.0036994,0,0.0078026,-0.010131,-0,0,0.0094359,-0.0095308,-0,0,0.0095052,-0.0095079,-0,0,0.0095074,-0.0095073,-0,0,0.0095076,-0.009507,-0,0,0.0095074,-0.0095068,-0,0,0.0095071,-0.0095067,-0,0,0.009507,-0.0095068,-0,0,0.0095071,-0.0095068,-0,0,0.0095072,-0.0095067,-0,0,0.0095076,-0.009507,-0,0,0.0095074,-0.0095071,-0,0,0.009507,-0.0095068,-0,0,0.0095081,-0.0095045,-0,0,0.0095332,-0.0094394,-0,0,0.0093896,-0.010681,-0.0016508,0,0.0057826,-0.013112,-0.0090543,-0,0,-0.0052419,-0,0,0,-0.00090188,-0,0,0,-0.00025337,-0,0,0,-0.00012365,-0,0,0,-1.9564e-05,-0,0,0,-0,-0,0,0.0031867,-0,0,0.013581,0.028937,0.0044136
-0.066647,-0.01276,0.0078713,0.053689,-0.055203,-0.0093704,0.009235,0.054771,-0.054823,-0.0092893,0.0092844,0.054808,-0.054811,-0.0092855,0.0092861,0.05481,-0.05481,-0.0092862,0.0092854,0.054811,-0.054809,-0.0092863,0.0092848,0.054811,-0.05481,-0.0092855,0.0092843,0.054811,-0.05481,-0.0092852,0.0092847,0.05481,-0.05481,-0.0092856,0.0092846,0.054811,-0.05481,-0.0092858,0.0092851,0.054811,-0.05481,-0.009286,0.0092846,0.054811,-0.05481,-0.0092859,0.0092841,0.054811,-0.05481,-0.0092853,0.0092844,0.05481,-0.054809,-0.009285,0.0092851,0.054811,-0.054808,-0.0092829,0.0092919,0.054834,-0.054737,-0.0091641,0.0096456,0.055435,-0.056636,-0.011179,0.004993,0.04554,-0.052237,-0.015289,0,0.017152,-0.024709,-0.0021884,0,0.020638,-0.021975,-0.00048129,0,0.020732,-0.021082,-0.00025576,0,0.020268,-0.020566,-0.00011856,0,0.019885,-0.020137,-1.9848e-05,0,0.019565,-0.019445,-0,0.0004223,0.021143,-0.014519,-0,0.015766,0.064075,0.028816
-0.39601,-0.060691,0.052972,0.37493,-0.37616,-0.054866,0.05477,0.37605,-0.37609,-0.05481,0.054808,0.37608,-0.37609,-0.054808,0.054809,0.37608,-0.37609,-0.054808,0.054808,0.37609,-0.37609,-0.054808,0.054808,0.37609,-0.37608,-0.054808,0.054808,0.37609,-0.37609,-0.054807,0.054808,0.37608,-0.37608,-0.054808,0.054808,0.37608,-0.37608,-0.054809,0.054808,0.37608,-0.37608,-0.054809,0.054807,0.37609,-0.37608,-0.054809,0.054807,0.37609,-0.37608,-0.054808,0.054807,0.37608,-0.37608,-0.054808,0.054807,0.37608,-0.37608,-0.054806,0.054814,0.3761,-0.37597,-0.054529,0.055915,0.38058,-0.38216,-0.059001,0.044424,0.33745,-0.3444,-0.058369,0.015507,0.20352,-0.20938,-0.023287,0.020888,0.20238,-0.20311,-0.021751,0.02073,0.19969,-0.19995,-0.021083,0.02028,0.1972,-0.19741,-0.020564,0.019895,0.19512,-0.19531,-0.02014,0.019499,0.19304,-0.19297,-0.019469,0.019483,0.19212,-0.18714,-0.015195,0.038615,0.25266,0.20119
-0.066691,-0.012909,0.0080008,0.053681,-0.055204,-0.0095142,0.0093777,0.05477,-0.054822,-0.0094329,0.0094271,0.054808,-0.054809,-0.0094295,0.009429,0.054809,-0.054809,-0.0094298,0.0094289,0.054809,-0.054808,-0.0094299,0.0094286,0.054809,-0.054808,-0.0094292,0.0094283,0.054809,-0.054808,-0.0094291,0.0094286,0.054809,-0.054809,-0.0094293,0.0094283,0.054809,-0.054809,-0.0094291,0.0094287,0.054809,-0.054809,-0.0094292,0.0094286,0.05481,-0.054809,-0.0094293,0.0094283,0.054809,-0.054809,-0.0094288,0.0094285,0.054808,-0.054809,-0.0094284,0.0094291,0.05481,-0.054807,-0.0094248,0.0094363,0.054839,-0.054722,-0.0092874,0.0097422,0.055243,-0.057251,-0.012599,0.0051914,0.044989,-0.052148,-0.015624,0,0.018183,-0.02455,-0.0012596,0,0.02109,-0.021824,-0.0004365,0,0.020746,-0.021106,-0.00023075,0,0.020292,-0.020579,-0.00010462,0,0.019902,-0.020153,-6.1689e-06,0,0.019582,-0.019458,-0,0.00041131,0.021142,-0.014564,-0,0.015699,0.063964,0.028745
-0.015796,-0.0037082,0,0.0074924,-0.0098431,-0,0,0.0091424,-0.0092377,-0,0,0.0092121,-0.0092146,-0,0,0.0092142,-0.0092138,-0,0,0.0092141,-0.0092136,-0,0,0.0092139,-0.0092135,-0,0,0.0092137,-0.0092136,-0,0,0.0092137,-0.0092136,-0,0,0.0092136,-0.0092136,-0,0,0.0092139,-0.0092135,-0,0,0.0092143,-0.0092138,-0,0,0.0092141,-0.0092138,-0,0,0.0092136,-0.0092137,-0,0,0.0092155,-0.0092095,-0,0,0.0092545,-0.0091104,-0,0,0.0088392,-0.011717,-0.00438,0,0.0018322,-0.010749,-0.0068001,-0,0,-0.0029502,-0,0,0,-0.00048229,-0,0,0,-0.00022636,-0,0,0,-9.7723e-05,-0,0,0,-0,-0,0,0,-0,-0,0,0.0031471,-0,0,0.013391,0.028467,0.0038892
-0.065733,-0.012491,0.0075618,0.052689,-0.054216,-0.0090814,0.0089442,0.05378,-0.053833,-0.0089991,0.0089939,0.053817,-0.05382,-0.0089954,0.0089957,0.053819,-0.053819,-0.0089959,0.0089953,0.05382,-0.053819,-0.0089961,0.0089948,0.05382,-0.053819,-0.0089955,0.0089943,0.053821,-0.05382,-0.0089953,0.0089946,0.05382,-0.053819,-0.0089955,0.0089945,0.05382,-0.053819,-0.0089957,0.0089949,0.05382,-0.053819,-0.0089961,0.0089945,0.053821,-0.053819,-0.008996,0.0089941,0.05382,-0.053819,-0.0089953,0.0089946,0.053819,-0.053819,-0.0089948,0.0089955,0.05382,-0.053816,-0.0089909,0.0090048,0.053853,-0.05373,-0.008835,0.0094012,0.054375,-0.0573,-0.013793,0,0.033742,-0.041302,-0.010345,0,0.017186,-0.022328,-0.00069695,0,0.021181,-0.021685,-0.00043861,0,0.020567,-0.020926,-0.00020603,0,0.020183,-0.020464,-9.9851e-05,0,0.019782,-0.020033,-0,0,0.019471,-0.019342,-0,0.00041701,0.021067,-0.014515,-0,0.015545,0.063474,0.027727
-0.39095,-0.059734,0.051965,0.36975,-0.37099,-0.053876,0.053779,0.37088,-0.37091,-0.053819,0.053816,0.37091,-0.37091,-0.053817,0.053818,0.37091,-0.37091,-0.053817,0.053818,0.37091,-0.37091,-0.053817,0.053817,0.37091,-0.37091,-0.053817,0.053817,0.37091,-0.37091,-0.053817,0.053817,0.37091,-0.37091,-0.053817,0.053817,0.37091,-0.37091,-0.053818,0.053817,0.37091,-0.37091,-0.053818,0.053816,0.37091,-0.37091,-0.053818,0.053815,0.37091,-0.37091,-0.053817,0.053816,0.37091,-0.37091,-0.053817,0.053816,0.37091,-0.37091,-0.053813,0.053826,0.37094,-0.37081,-0.053492,0.055256,0.37691,-0.38034,-0.062196,0.03111,0.28177,-0.2889,-0.044282,0.016433,0.19725,-0.20098,-0.02119,0.021345,0.20241,-0.2027,-0.02167,0.02057,0.19891,-0.19917,-0.020916,0.020197,0.19671,-0.19691,-0.020466,0.019791,0.1946,-0.19478,-0.020035,0.019404,0.19255,-0.19247,-0.019364,0.019429,0.1918,-0.18688,-0.015187,0.038289,0.25155,0.19562
-0.065778,-0.012638,0.007689,0.05268,-0.054217,-0.0092234,0.0090852,0.053779,-0.053832,-0.0091408,0.0091352,0.053817,-0.053818,-0.0091373,0.0091373,0.053818,-0.053818,-0.0091374,0.0091373,0.053818,-0.053818,-0.0091374,0.009137,0.053818,-0.053818,-0.0091372,0.0091366,0.053819,-0.053818,-0.0091371,0.0091367,0.053818,-0.053818,-0.009137,0.0091367,0.053818,-0.053818,-0.0091371,0.0091369,0.053819,-0.053818,-0.0091375,0.0091366,0.053819,-0.053818,-0.0091374,0.0091362,0.053819,-0.053818,-0.009137,0.0091365,0.053818,-0.053818,-0.0091365,0.0091372,0.05382,-0.053812,-0.0091292,0.0091404,0.053833,-0.05379,-0.0090829,0.0094845,0.054096,-0.057981,-0.015528,0,0.033363,-0.041141,-0.0097162,0,0.018212,-0.022044,-0.00034101,0,0.021334,-0.021662,-0.0003971,0,0.020597,-0.020942,-0.00018315,0,0.020205,-0.020479,-8.7132e-05,0,0.019799,-0.020048,-0,0,0.019489,-0.019355,-0,0.00040526,0.021064,-0.014561,-0,0.015478,0.063362,0.027663
-0.015645,-0.0037176,0,0.0071844,-0.009559,-0,0,0.008852,-0.008948,-0,0,0.0089222,-0.0089247,-0,0,0.0089242,-0.0089239,-0,0,0.008924,-0.0089237,-0,0,0.0089238,-0.0089237,-0,0,0.0089237,-0.0089235,-0,0,0.0089235,-0.0089236,-0,0,0.0089235,-0.0089237,-0,0,0.008924,-0.0089235,-0,0,0.0089243,-0.0089238,-0,0,0.0089241,-0.0089238,-0,0,0.008924,-0.0089234,-0,0,0.0089281,-0.0089131,-0,0,0.0089378,-0.0089781,-0,0,0.0078476,-0.012594,-0.0071068,0,0,-0.0081225,-0.0032227,0,0,-0.0017384,-0,0,0,-0.00032425,-0,0,0,-0.00018563,-0,0,0,-7.4803e-05,-0,0,0,-0,-0,0,0,-0,-0,0,0.0031057,-0,0,0.0132,0.028009,0.0034021
-0.064863,-0.012235,0.0072547,0.051697,-0.05324,-0.0087948,0.008656,0.052799,-0.052852,-0.008711,0.0087063,0.052836,-0.052839,-0.0087074,0.0087083,0.052838,-0.052839,-0.0087079,0.0087078,0.052839,-0.052838,-0.008708,0.008707,0.052839,-0.052838,-0.0087078,0.0087065,0.05284,-0.052839,-0.0087073,0.0087068,0.052839,-0.052838,-0.0087074,0.0087067,0.052839,-0.052838,-0.0087078,0.0087069,0.052839,-0.052838,-0.0087082,0.0087065,0.05284,-0.052838,-0.008708,0.0087064,0.052839,-0.052838,-0.0087074,0.0087068,0.052839,-0.052838,-0.0087067,0.0087083,0.052843,-0.052827,-0.0086906,0.0087557,0.052934,-0.053005,-0.0088248,0.0084041,0.051806,-0.056445,-0.015693,0,0.024527,-0.032507,-0.0059254,0,0.01894,-0.022029,-0.0004252,0,0.021105,-0.021421,-0.00036044,0,0.020455,-0.020789,-0.00016617,0,0.020092,-0.020363,-8.2017e-05,0,0.01968,-0.019926,-0,0,0.019395,-0.019256,-0,0.00040712,0.020989,-0.014512,-0,0.015316,0.062842,0.026738
-0.38593,-0.058791,0.050966,0.36461,-0.36587,-0.052896,0.052798,0.36575,-0.36579,-0.052838,0.052836,0.36578,-0.36579,-0.052835,0.052838,0.36579,-0.36579,-0.052836,0.052837,0.36579,-0.36579,-0.052836,0.052837,0.36579,-0.36579,-0.052836,0.052836,0.36579,-0.36579,-0.052836,0.052836,0.36579,-0.36579,-0.052836,0.052836,0.36579,-0.36579,-0.052837,0.052836,0.36579,-0.36579,-0.052837,0.052835,0.36579,-0.36578,-0.052837,0.052834,0.36579,-0.36578,-0.052836,0.052835,0.36579,-0.36578,-0.052835,0.052837,0.36579,-0.36577,-0.052796,0.052971,0.36634,-0.3665,-0.05316,0.05264,0.36576,-0.37076,-0.062605,0.021835,0.23944,-0.24615,-0.033057,0.018773,0.19963,-0.20164,-0.021354,0.021158,0.20143,-0.20166,-0.021444,0.020462,0.19827,-0.19851,-0.020779,0.020106,0.19621,-0.19641,-0.020368,0.019688,0.19407,-0.19425,-0.019927,0.019327,0.19213,-0.19204,-0.019277,0.019372,0.19149,-0.18662,-0.015178,0.037961,0.25044,0.19011
-0.064916,-0.012383,0.0073772,0.051687,-0.053241,-0.0089358,0.0087955,0.052798,-0.052851,-0.0088512,0.0088463,0.052835,-0.052838,-0.0088476,0.0088483,0.052837,-0.052838,-0.0088477,0.0088481,0.052837,-0.052837,-0.0088479,0.0088478,0.052838,-0.052837,-0.0088478,0.0088473,0.052838,-0.052838,-0.0088474,0.0088475,0.052837,-0.052837,-0.0088475,0.0088474,0.052837,-0.052837,-0.0088479,0.0088477,0.052838,-0.052837,-0.0088484,0.0088471,0.052838,-0.052837,-0.0088481,0.0088469,0.052838,-0.052837,-0.0088478,0.0088472,0.052838,-0.052836,-0.0088461,0.0088498,0.052847,-0.052811,-0.0088083,0.0088729,0.052854,-0.053265,-0.0093922,0.0084807,0.051437,-0.056834,-0.016907,0,0.024779,-0.032398,-0.0050274,0,0.019694,-0.021774,-0.00033384,0,0.02113,-0.021447,-0.00033084,0,0.020485,-0.020803,-0.00014831,0,0.020112,-0.020379,-6.9396e-05,0,0.019699,-0.019939,-0,0,0.019411,-0.019266,-0,0.00039425,0.020985,-0.014553,-0,0.015258,0.062738,0.02667
-0.01553,-0.00374,0,0.006876,-0.0092783,-0,0,0.0085647,-0.0086607,-0,0,0.008635,-0.0086374,-0,0,0.0086369,-0.0086366,-0,0,0.0086369,-0.0086367,-0,0,0.0086368,-0.0086365,-0,0,0.0086365,-0.0086365,-0,0,0.0086365,-0.0086367,-0,0,0.0086365,-0.008637,-0,0,0.0086371,-0.0086366,-0,0,0.0086372,-0.0086369,-0,0,0.0086371,-0.008637,-0,0,0.0086374,-0.008635,-0,0,0.0086543,-0.0085902,-0,0,0.0085657,-0.009397,-0.00065286,0,0.0058872,-0.012289,-0.0080957,-0,0,-0.005386,-0,0,0,-0.0010015,-0,0,0,-0.00028543,-0,0,0,-0.00014949,-0,0,0,-5.3612e-05,-0,0,0,-0,-0,0,0,-0,-0,0,0.0030613,-0,0,0.013042,0.027591,0.0029125
-0.06409,-0.012006,0.0069452,0.050716,-0.052273,-0.0085115,0.0083712,0.051829,-0.051882,-0.0084266,0.0084221,0.051866,-0.051869,-0.008423,0.008424,0.051868,-0.051869,-0.0084234,0.0084234,0.051869,-0.051868,-0.0084236,0.0084226,0.051869,-0.051868,-0.0084232,0.0084223,0.051869,-0.051869,-0.0084228,0.0084225,0.051869,-0.051868,-0.0084231,0.0084225,0.051869,-0.051868,-0.0084235,0.0084227,0.051869,-0.051868,-0.0084237,0.0084225,0.051869,-0.051868,-0.0084234,0.0084223,0.051869,-0.051868,-0.0084229,0.0084224,0.051869,-0.051867,-0.0084208,0.0084271,0.051885,-0.051817,-0.008338,0.0086785,0.052317,-0.053111,-0.0096801,0.0055477,0.045542,-0.051396,-0.014553,0,0.018597,-0.025819,-0.0026495,0,0.020557,-0.022085,-0.00049125,0,0.02088,-0.02123,-0.00029566,0,0.02037,-0.020678,-0.00014001,0,0.019993,-0.02026,-6.2677e-05,0,0.019579,-0.019813,-0,0,0.019333,-0.019181,-0,0.0003801,0.020893,-0.014487,-0,0.015184,0.062399,0.025585
-0.38112,-0.057898,0.049979,0.35954,-0.36081,-0.051927,0.051828,0.36069,-0.36072,-0.051868,0.051866,0.36072,-0.36072,-0.051865,0.051867,0.36072,-0.36072,-0.051866,0.051867,0.36072,-0.36072,-0.051867,0.051866,0.36072,-0.36072,-0.051866,0.051866,0.36072,-0.36072,-0.051866,0.051866,0.36072,-0.36072,-0.051866,0.051866,0.36072,-0.36072,-0.051867,0.051866,0.36072,-0.36072,-0.051867,0.051865,0.36072,-0.36072,-0.051866,0.051865,0.36072,-0.36072,-0.051866,0.051865,0.36072,-0.36072,-0.051864,0.051869,0.36073,-0.36063,-0.051666,0.052641,0.36387,-0.36495,-0.054688,0.045088,0.33576,-0.34185,-0.057271,0.016845,0.20939,-0.21509,-0.024732,0.020733,0.20261,-0.20349,-0.021811,0.020884,0.20042,-0.20069,-0.021235,0.02038,0.19775,-0.19797,-0.020673,0.020006,0.19569,-0.19589,-0.020265,0.019584,0.19354,-0.19371,-0.019806,0.019266,0.19177,-0.19167,-0.019195,0.019289,0.19109,-0.18629,-0.015144,0.037877,0.25029,0.18364
-0.06411,-0.012146,0.007106,0.050729,-0.052267,-0.0086494,0.0085114,0.051829,-0.051881,-0.0085646,0.0085602,0.051865,-0.051868,-0.0085611,0.008562,0.051867,-0.051868,-0.0085613,0.0085617,0.051868,-0.051868,-0.0085616,0.0085613,0.051868,-0.051867,-0.0085614,0.0085609,0.051868,-0.051868,-0.008561,0.0085613,0.051867,-0.051867,-0.0085614,0.0085613,0.051868,-0.051867,-0.0085618,0.0085613,0.051868,-0.051867,-0.0085622,0.0085607,0.051868,-0.051867,-0.0085619,0.0085604,0.051868,-0.051867,-0.0085614,0.0085607,0.051868,-0.051865,-0.0085583,0.0085669,0.051891,-0.051796,-0.0084476,0.008774,0.052156,-0.05363,-0.010747,0.0056704,0.04506,-0.051394,-0.015058,0,0.019407,-0.025783,-0.0017251,0,0.02102,-0.021929,-0.00045013,0,0.020894,-0.021257,-0.00026957,0,0.020397,-0.020691,-0.00012621,0,0.020011,-0.020276,-5.0198e-05,0,0.0196,-0.019814,-0,0,0.019348,-0.019164,-0,0.00042504,0.020851,-0.014582,-0,0.015024,0.062302,0.025546
-0.015269,-0.0036631,0,0.0066222,-0.0089811,-0,0,0.0082838,-0.008376,-0,0,0.0083513,-0.0083536,-0,0,0.0083532,-0.0083529,-0,0,0.0083533,-0.0083529,-0,0,0.0083531,-0.0083528,-0,0,0.0083528,-0.0083528,-0,0,0.0083527,-0.0083532,-0,0,0.0083529,-0.0083533,-0,0,0.0083534,-0.0083531,-0,0,0.0083535,-0.0083532,-0,0,0.0083532,-0.008353,-0,0,0.0083539,-0.0083497,-0,0,0.0083877,-0.0082572,-0,0,0.0080817,-0.010415,-0.0030458,0,0.002601,-0.010406,-0.0067157,-0,0,-0.0031238,-0,0,0,-0.0005715,-0,0,0,-0.00025738,-0,0,0,-0.00011991,-0,0,0,-3.1301e-05,-0,0,0,-0,-0,0,0,-0,-0,0,0.003092,-0,0,0.012535,0.027233,0.0026684
-0.062816,-0.011573,0.0066996,0.049808,-0.051296,-0.0082233,0.0080923,0.050873,-0.050923,-0.0081452,0.0081409,0.050908,-0.050911,-0.008142,0.0081425,0.05091,-0.05091,-0.0081424,0.008142,0.050911,-0.05091,-0.0081426,0.0081413,0.050911,-0.05091,-0.0081421,0.0081409,0.050911,-0.05091,-0.0081417,0.0081413,0.05091,-0.05091,-0.008142,0.0081412,0.05091,-0.05091,-0.0081421,0.0081414,0.050911,-0.05091,-0.0081423,0.0081413,0.050911,-0.05091,-0.0081421,0.008141,0.05091,-0.050909,-0.0081414,0.0081413,0.050911,-0.050908,-0.0081384,0.0081469,0.050935,-0.050818,-0.0079848,0.0085624,0.051568,-0.053763,-0.011619,0.00083572,0.035585,-0.042249,-0.010504,0,0.01748,-0.022708,-0.00092331,0,0.021238,-0.021867,-0.00048001,0,0.020689,-0.021056,-0.00023753,0,0.020289,-0.020574,-0.00011665,0,0.01989,-0.020154,-3.7493e-05,0,0.019464,-0.01969,-0,0,0.019654,-0.019516,-0,0.00083543,0.021848,-0.015826,-0,0.014671,0.060946,0.025448
-0.37559,-0.056665,0.049216,0.35469,-0.35578,-0.050957,0.050878,0.35569,-0.35572,-0.050909,0.050908,0.35571,-0.35572,-0.050908,0.050909,0.35572,-0.35572,-0.050908,0.050909,0.35572,-0.35572,-0.050909,0.050908,0.35572,-0.35572,-0.050908,0.050907,0.35572,-0.35572,-0.050908,0.050908,0.35572,-0.35572,-0.050908,0.050908,0.35572,-0.35572,-0.050908,0.050908,0.35572,-0.35572,-0.050909,0.050907,0.35572,-0.35572,-0.050908,0.050907,0.35572,-0.35571,-0.050908,0.050907,0.35572,-0.35571,-0.050905,0.050907,0.3557,-0.35558,-0.050579,0.052305,0.36147,-0.36411,-0.057577,0.03342,0.28808,-0.2945,-0.045571,0.016601,0.1989,-0.20273,-0.021583,0.021418,0.20309,-0.20345,-0.021823,0.02069,0.19955,-0.19982,-0.021047,0.020302,0.19727,-0.19747,-0.02057,0.019902,0.19516,-0.19535,-0.020156,0.019457,0.19295,-0.1932,-0.019734,0.019601,0.19321,-0.19341,-0.019688,0.020586,0.19622,-0.19207,-0.016995,0.036658,0.24555,0.18317
-0.061899,-0.011327,0.0073054,0.050065,-0.051201,-0.0083416,0.0082467,0.050882,-0.050919,-0.0082811,0.008278,0.050908,-0.05091,-0.0082786,0.0082793,0.050909,-0.05091,-0.0082789,0.008279,0.05091,-0.050909,-0.0082792,0.0082785,0.05091,-0.05091,-0.0082788,0.0082783,0.05091,-0.05091,-0.0082786,0.0082787,0.05091,-0.050909,-0.0082789,0.0082786,0.05091,-0.050909,-0.0082792,0.0082787,0.05091,-0.050909,-0.0082796,0.0082781,0.05091,-0.050909,-0.0082793,0.0082778,0.05091,-0.050908,-0.0082785,0.0082783,0.050911,-0.050905,-0.0082723,0.0082791,0.050919,-0.050864,-0.0082042,0.008644,0.051309,-0.054427,-0.01331,0.0008742,0.035154,-0.042011,-0.010134,0,0.018511,-0.02244,-0.00046919,0,0.021436,-0.021827,-0.00043897,0,0.020717,-0.021074,-0.00021273,0,0.020315,-0.020578,-8.8665e-05,0,0.019903,-0.020152,-3.9887e-05,0,0.019381,-0.019921,-0.00017212,0,0.019541,-0.020376,-0,0,0.02187,-0.016775,-0,0.01404,0.061454,0.026212
-0.011388,-0.0017757,0,0.0068962,-0.0084987,-0,0,0.0080244,-0.0080892,-0,0,0.0080721,-0.0080734,-0,0,0.0080734,-0.0080728,-0,0,0.0080733,-0.0080728,-0,0,0.0080731,-0.0080729,-0,0,0.0080727,-0.0080732,-0,0,0.0080729,-0.0080734,-0,0,0.0080731,-0.0080733,-0,0,0.0080735,-0.0080729,-0,0,0.0080733,-0.0080728,-0,0,0.008073,-0.0080722,-0,0,0.0080759,-0.0080638,-0,0,0.008089,-0.0080993,-0,0,0.0071938,-0.011298,-0.005719,0,0,-0.0079801,-0.0031819,0,0,-0.0018407,-0,0,0,-0.00037814,-0,0,0,-0.00021305,-0,0,0,-7.3959e-05,-0,0,0,-6.8712e-05,-0,0,0,-0.00058365,-0,0,0,-0.00073703,-0,0,0.00078143,-0,0,0.0089283,0.027243,0.0075122
-0.053258,-0.0084223,0.0071612,0.049335,-0.050186,-0.0079045,0.0078305,0.049937,-0.04997,-0.0078659,0.0078628,0.049961,-0.049962,-0.0078638,0.007864,0.049962,-0.049962,-0.0078643,0.0078634,0.049963,-0.049962,-0.0078643,0.0078629,0.049963,-0.049962,-0.0078638,0.0078626,0.049963,-0.049962,-0.0078635,0.0078631,0.049962,-0.049962,-0.0078636,0.007863,0.049962,-0.049962,-0.0078639,0.0078631,0.049963,-0.049961,-0.007864,0.0078627,0.049963,-0.049961,-0.0078636,0.0078626,0.049962,-0.049961,-0.0078625,0.0078638,0.049965,-0.049952,-0.0078482,0.0079054,0.050046,-0.050093,-0.0079438,0.0076396,0.04916,-0.053115,-0.013722,0,0.025128,-0.032326,-0.0058749,0,0.019124,-0.022248,-0.00050684,0,0.021231,-0.021587,-0.00040123,0,0.020562,-0.020906,-0.00018676,0,0.020183,-0.020457,-5.3141e-05,0,0.020181,-0.02051,-0.000181,8.4473e-06,0.020343,-0.021379,-0.0016575,0,0.016555,-0.018731,-0.002324,0,0.011068,-0.0075279,-0,0.0097361,0.041292,0.043976
-0.3561,-0.051342,0.049497,0.35033,-0.35077,-0.049975,0.049946,0.35075,-0.35077,-0.049961,0.04996,0.35076,-0.35077,-0.04996,0.049961,0.35076,-0.35077,-0.04996,0.04996,0.35077,-0.35076,-0.04996,0.04996,0.35077,-0.35077,-0.04996,0.049959,0.35077,-0.35077,-0.04996,0.049959,0.35077,-0.35076,-0.04996,0.049959,0.35077,-0.35076,-0.04996,0.049959,0.35077,-0.35076,-0.049961,0.049959,0.35077,-0.35076,-0.04996,0.049958,0.35077,-0.35076,-0.049959,0.04996,0.35077,-0.35075,-0.049924,0.050074,0.35124,-0.35137,-0.050215,0.049888,0.35113,-0.35547,-0.058528,0.022832,0.24034,-0.24641,-0.033026,0.018981,0.20071,-0.20271,-0.021577,0.02129,0.20219,-0.20243,-0.021599,0.020568,0.19885,-0.19909,-0.020892,0.020186,0.19668,-0.19698,-0.020511,0.02021,0.19651,-0.1971,-0.020733,0.020744,0.19794,-0.1992,-0.022052,0.01696,0.18085,-0.18311,-0.019863,0.01002,0.14179,-0.13965,-0.0092961,0.015223,0.14998,0.28497
-0.052103,-0.0082312,0.0078835,0.049663,-0.050065,-0.0080149,0.0079881,0.049948,-0.049966,-0.0079998,0.0079991,0.04996,-0.049962,-0.0079988,0.0079996,0.049962,-0.049962,-0.0079992,0.0079991,0.049962,-0.049962,-0.0079994,0.0079987,0.049962,-0.049962,-0.007999,0.0079985,0.049963,-0.049963,-0.0079987,0.0079991,0.049962,-0.049962,-0.007999,0.0079988,0.049962,-0.049962,-0.0079995,0.0079986,0.049963,-0.049961,-0.0079998,0.0079981,0.049963,-0.049961,-0.0079995,0.0079978,0.049963,-0.04996,-0.0079975,0.0080002,0.049971,-0.049938,-0.0079636,0.0080196,0.049974,-0.050331,-0.0084701,0.0077092,0.048793,-0.053562,-0.015055,0,0.025385,-0.03225,-0.0049461,0,0.01994,-0.021983,-0.00038537,0,0.021273,-0.021597,-0.00035304,0,0.020589,-0.020902,-0.00018276,0,0.020099,-0.0207,-0.00038783,0,0.020013,-0.021521,-0.00083221,0,0.020134,-0.022845,-0.0026013,0,0.016693,-0.020024,-0.0021375,0,0.012051,-0.0086282,-0,0.0089927,0.043799,0.045896
-0.0071205,-0,0,0.0073448,-0.007962,-0,0,0.0077727,-0.0078041,-0,0,0.007796,-0.0077967,-0,0,0.0077967,-0.0077962,-0,0,0.0077965,-0.0077965,-0,0,0.0077963,-0.0077967,-0,0,0.0077959,-0.0077969,-0,0,0.0077962,-0.0077969,-0,0,0.0077962,-0.0077965,-0,0,0.0077965,-0.0077959,-0,0,0.0077962,-0.0077955,-0,0,0.0077967,-0.0077943,-0,0,0.0078114,-0.0077545,-0,0,0.0077341,-0.0084647,-0.00024394,0,0.0053381,-0.011174,-0.0069903,-0,0,-0.0050775,-0,0,0,-0.001022,-0,0,0,-0.00030366,-0,0,0,-0.00023088,-0,0,0,-0.00078692,-0,0,0,-0.0016968,-0,0,0,-0.0021237,-0,0,0,-0,-0,0,0,0,0,0.0097077,0.025467,0.012814
-0.04892,-0.0070603,0.0075517,0.048816,-0.049097,-0.0075926,0.007578,0.049014,-0.049029,-0.0075897,0.007589,0.049024,-0.049026,-0.0075889,0.0075895,0.049025,-0.049026,-0.0075891,0.0075887,0.049026,-0.049025,-0.0075892,0.0075885,0.049026,-0.049026,-0.0075889,0.0075883,0.049026,-0.049026,-0.0075886,0.0075887,0.049025,-0.049025,-0.0075889,0.0075885,0.049026,-0.049025,-0.0075891,0.0075885,0.049026,-0.049025,-0.0075891,0.0075881,0.049026,-0.049025,-0.0075888,0.0075879,0.049026,-0.049024,-0.0075868,0.0075916,0.04904,-0.048979,-0.0075128,0.0078161,0.049426,-0.050129,-0.0087024,0.0050232,0.043382,-0.048623,-0.01299,0,0.019105,-0.025663,-0.0025421,0,0.020761,-0.022245,-0.00053064,0,0.020999,-0.021363,-0.00028528,0,0.02088,-0.021256,-0.00032054,0.0001474,0.021088,-0.022195,-0.0019091,0,0.016775,-0.019724,-0.0038514,0,0.0066088,-0.011467,-0.0026128,0,2.5373e-05,-0.0045487,-0,0,0.0025216,-0,0,0.011852,0.038104,0.050498
-0.34703,-0.049078,0.049053,0.34573,-0.34583,-0.049016,0.049021,0.34586,-0.34587,-0.049023,0.049024,0.34587,-0.34587,-0.049023,0.049024,0.34587,-0.34587,-0.049023,0.049023,0.34587,-0.34587,-0.049023,0.049023,0.34587,-0.34587,-0.049023,0.049022,0.34587,-0.34587,-0.049022,0.049023,0.34587,-0.34587,-0.049023,0.049023,0.34587,-0.34587,-0.049023,0.049023,0.34587,-0.34587,-0.049024,0.049022,0.34587,-0.34587,-0.049023,0.049021,0.34587,-0.34587,-0.049021,0.049024,0.34588,-0.34579,-0.048844,0.049713,0.34868,-0.34964,-0.051526,0.042982,0.32363,-0.32909,-0.053852,0.017562,0.2101,-0.21522,-0.024695,0.020944,0.2035,-0.20435,-0.021983,0.020995,0.20107,-0.20144,-0.021417,0.020907,0.20023,-0.20084,-0.02146,0.021497,0.20181,-0.20313,-0.022875,0.017317,0.18353,-0.18649,-0.021504,0.0071873,0.12926,-0.13355,-0.012859,0,0.074961,-0.078373,-0.0031281,0,0.059337,-0.054204,-0,0.015389,0.12406,0.31129
-0.048564,-0.0071488,0.0078565,0.048912,-0.04906,-0.0077185,0.007719,0.049017,-0.049027,-0.0077228,0.0077227,0.049024,-0.049025,-0.0077223,0.0077229,0.049024,-0.049025,-0.0077227,0.0077224,0.049025,-0.049025,-0.0077228,0.0077219,0.049025,-0.049025,-0.0077222,0.0077219,0.049025,-0.049026,-0.0077219,0.0077224,0.049025,-0.049025,-0.0077222,0.0077221,0.049025,-0.049025,-0.0077226,0.0077218,0.049025,-0.049024,-0.0077229,0.0077213,0.049026,-0.049024,-0.0077226,0.0077212,0.049026,-0.049023,-0.0077192,0.0077266,0.049046,-0.048962,-0.0076214,0.0079082,0.049274,-0.050608,-0.0096147,0.0051288,0.042933,-0.048652,-0.013511,0,0.019872,-0.025641,-0.0016529,0,0.021211,-0.022087,-0.00048094,0,0.020922,-0.021613,-0.00058432,0,0.020718,-0.022245,-0.0010514,0,0.020838,-0.023649,-0.0029614,0,0.016896,-0.021135,-0.0037762,0,0.0078023,-0.012719,-0.00057428,0,0,-0.002743,-0,0,0.0018251,-0,0,0.012231,0.039339,0.051245
-0.0057396,-0,0,0.0072912,-0.0076076,-0,0,0.0075072,-0.0075264,-0,0,0.0075218,-0.0075218,-0,0,0.0075222,-0.0075218,-0,0,0.0075221,-0.0075221,-0,0,0.0075218,-0.0075222,-0,0,0.0075215,-0.0075225,-0,0,0.0075217,-0.0075224,-0,0,0.0075217,-0.007522,-0,0,0.0075218,-0.0075215,-0,0,0.0075219,-0.0075215,-0,0,0.0075229,-0.0075189,-0,0,0.0075522,-0.0074374,-0,0,0.0072532,-0.009463,-0.0024778,0,0.0023344,-0.00953,-0.0058309,0,0,-0.0029149,-0,0,0,-0.00060732,-0,0,0,-0.00095643,-0,0,0,-0.0019516,-0,0,0,-0.0024054,-0,-0,0,-0,-0,0,0,-0,-0,0,0,-0,-0,0,0,0,0,0.011478,0.026375,0.014169
-0.047592,-0.006717,0.0074516,0.047999,-0.048129,-0.0073113,0.0073141,0.048093,-0.048101,-0.007318,0.0073175,0.048098,-0.048099,-0.0073173,0.0073178,0.048099,-0.0481,-0.0073176,0.0073173,0.0481,-0.048099,-0.0073177,0.0073172,0.0481,-0.0481,-0.0073174,0.0073172,0.0481,-0.0481,-0.0073172,0.0073176,0.048099,-0.048099,-0.0073176,0.0073173,0.048099,-0.048099,-0.0073175,0.0073174,0.0481,-0.048099,-0.0073177,0.0073171,0.0481,-0.048099,-0.0073174,0.0073168,0.048101,-0.048097,-0.0073145,0.0073215,0.048122,-0.048018,-0.0071797,0.0076859,0.048673,-0.050648,-0.010356,0.00080524,0.034454,-0.040454,-0.0094415,0,0.018133,-0.022892,-0.00093164,0,0.021466,-0.022157,-0.00053982,9.8235e-05,0.021609,-0.022797,-0.0019789,0,0.017365,-0.020347,-0.0040579,0,0.0068939,-0.011911,-0.002894,0,0,-0.005282,-0,0,0,-0.0019886,-0,0,0,-0.00026427,-0,0,0.0031229,-0,0,0.0126,0.038908,0.050447
-0.34216,-0.048116,0.048186,0.34095,-0.34099,-0.048085,0.048098,0.34103,-0.34103,-0.048097,0.048098,0.34103,-0.34103,-0.048097,0.048098,0.34103,-0.34104,-0.048097,0.048097,0.34104,-0.34103,-0.048097,0.048097,0.34104,-0.34103,-0.048097,0.048096,0.34104,-0.34104,-0.048097,0.048097,0.34104,-0.34103,-0.048097,0.048097,0.34104,-0.34103,-0.048097,0.048097,0.34104,-0.34103,-0.048098,0.048096,0.34104,-0.34103,-0.048097,0.048096,0.34104,-0.34103,-0.048094,0.048096,0.34103,-0.34092,-0.047806,0.049334,0.34614,-0.3485,-0.053997,0.032565,0.28096,-0.2867,-0.043405,0.017352,0.20073,-0.2042,-0.021899,0.021623,0.20425,-0.20496,-0.022283,0.021936,0.20478,-0.20624,-0.023504,0.017876,0.18704,-0.19009,-0.022299,0.0074813,0.13141,-0.13585,-0.013334,0,0.0754,-0.079521,-0.0040433,0,0.056999,-0.059007,-0.00013223,0,0.059399,-0.059652,-0,0.00060109,0.061729,-0.055133,-0,0.015807,0.12317,0.30708
-0.047566,-0.0068513,0.0076044,0.048011,-0.048123,-0.0074421,0.0074472,0.048092,-0.0481,-0.0074496,0.0074494,0.048097,-0.048098,-0.0074492,0.0074496,0.048098,-0.048098,-0.0074496,0.0074493,0.048099,-0.048098,-0.0074497,0.0074487,0.048099,-0.048098,-0.0074491,0.0074486,0.048099,-0.048099,-0.0074487,0.007449,0.048099,-0.048098,-0.0074489,0.0074487,0.048099,-0.048098,-0.0074492,0.0074485,0.048099,-0.048098,-0.0074496,0.0074484,0.048099,-0.048098,-0.0074492,0.0074483,0.048101,-0.048094,-0.007443,0.007449,0.048107,-0.04806,-0.0073848,0.0077674,0.04844,-0.05124,-0.01185,0.00084781,0.034086,-0.040226,-0.0091432,0,0.019043,-0.022685,-0.00060895,0,0.02138,-0.022901,-0.00137,0,0.021208,-0.024296,-0.0032601,0,0.017349,-0.021826,-0.0040232,0,0.0080599,-0.01318,-0.00079762,0,0,-0.0033741,-0,0,0,-0,-0,0,0,-0,-0,0,0.0032639,-0,0,0.012489,0.039008,0.050492
-0.0053708,-0,0,0.0070487,-0.0073251,-0,0,0.0072375,-0.007254,-0,0,0.0072503,-0.0072502,-0,0,0.0072506,-0.0072504,-0,0,0.0072507,-0.0072506,-0,0,0.0072504,-0.0072506,-0,0,0.0072499,-0.0072504,-0,0,0.0072498,-0.0072503,-0,0,0.0072498,-0.0072502,-0,0,0.00725,-0.0072499,-0,0,0.0072503,-0.0072497,-0,0,0.0072533,-0.0072423,-0,0,0.0072644,-0.0072753,-0,0,0.0064334,-0.010249,-0.0048656,0,0,-0.0072102,-0.0025115,0,0,-0.0019237,-0,0,0,-0.0022624,-0,0,0,-0.0032379,-0,-0,0,-0,-0,0,0,-0,-0,0,0,-0,-0,0,0,-0,-0,0,0,-0,-0,0,0,0,0,0.011471,0.026175,0.014056
-0.046486,-0.0064004,0.0072071,0.047101,-0.047206,-0.0070413,0.0070467,0.047177,-0.047185,-0.0070491,0.0070487,0.047182,-0.047183,-0.0070485,0.0070491,0.047183,-0.047184,-0.0070488,0.0070488,0.047184,-0.047183,-0.007049,0.0070489,0.047183,-0.047183,-0.0070487,0.0070488,0.047183,-0.047184,-0.0070484,0.0070491,0.047183,-0.047183,-0.0070488,0.0070488,0.047183,-0.047183,-0.0070488,0.0070489,0.047183,-0.047183,-0.0070492,0.0070484,0.047184,-0.047182,-0.0070486,0.0070488,0.047187,-0.047174,-0.0070354,0.0070857,0.047259,-0.0473,-0.0071233,0.0068405,0.046451,-0.049989,-0.012177,0,0.0251,-0.031552,-0.0053162,0,0.020013,-0.023114,-0.00098132,6.7941e-05,0.021642,-0.023988,-0.004719,0,0.0093743,-0.015111,-0.004585,0,0,-0.0055651,-0,0,0,-0.0021019,-0,0,0,-0.00082156,-0,0,0,-6.2625e-05,-0,0,0,-0,-0,0,0.0030993,-0,0,0.012446,0.038032,0.049977
-0.33707,-0.047111,0.047299,0.33618,-0.3362,-0.047168,0.047183,0.33624,-0.33625,-0.04718,0.047182,0.33625,-0.33625,-0.04718,0.047182,0.33625,-0.33625,-0.047181,0.047181,0.33625,-0.33625,-0.047181,0.047181,0.33625,-0.33625,-0.047181,0.04718,0.33625,-0.33625,-0.04718,0.047181,0.33625,-0.33625,-0.047181,0.047181,0.33625,-0.33625,-0.047181,0.047181,0.33625,-0.33625,-0.047182,0.04718,0.33625,-0.33625,-0.04718,0.04718,0.33625,-0.33623,-0.047149,0.047282,0.33667,-0.33679,-0.047409,0.047102,0.33653,-0.34038,-0.054738,0.023099,0.23819,-0.24368,-0.032179,0.019871,0.20443,-0.20686,-0.022743,0.022255,0.20671,-0.20946,-0.026505,0.0098776,0.14736,-0.15277,-0.017107,0,0.074476,-0.079385,-0.0040456,0,0.057358,-0.059418,-0.00023826,0,0.05948,-0.060318,-2.6641e-05,0,0.060018,-0.060396,-0,0,0.058707,-0.058425,-0,0.00035191,0.058709,-0.051973,-0,0.015161,0.11961,0.30487
-0.046455,-0.00653,0.0073576,0.047112,-0.047201,-0.0071709,0.007178,0.047176,-0.047183,-0.0071797,0.0071795,0.047181,-0.047182,-0.0071794,0.0071797,0.047182,-0.047182,-0.0071799,0.0071795,0.047183,-0.047182,-0.0071799,0.007179,0.047183,-0.047182,-0.0071792,0.0071789,0.047183,-0.047183,-0.0071789,0.0071791,0.047182,-0.047182,-0.0071791,0.0071789,0.047182,-0.047182,-0.0071796,0.0071788,0.047183,-0.047182,-0.00718,0.0071786,0.047183,-0.047181,-0.0071783,0.0071802,0.04719,-0.047161,-0.0071479,0.0071977,0.047195,-0.047505,-0.0075908,0.0069107,0.046131,-0.050367,-0.013323,0,0.02528,-0.031706,-0.0048711,0,0.020417,-0.024155,-0.0022082,0,0.021191,-0.02559,-0.0054528,0,0.0098947,-0.01646,-0.0028884,0,0,-0.0036192,-0,0,0,-0,-0,0,0,-0,-0,0,0,-0,-0,0,0,-0,-0,0,0.0029646,-0,0,0.012265,0.038078,0.050018
-0.0049795,-0,0,0.0068073,-0.0070474,-0,0,0.0069701,-0.0069857,-0,0,0.006982,-0.0069822,-0,0,0.0069825,-0.0069823,-0,0,0.0069824,-0.0069825,-0,0,0.0069819,-0.0069822,-0,0,0.0069814,-0.0069821,-0,0,0.0069814,-0.006982,-0,0,0.0069814,-0.006982,-0,0,0.0069819,-0.0069816,-0,0,0.0069824,-0.0069803,-0,0,0.0069957,-0.0069456,-0,0,0.0069291,-0.0075605,-0,0,0.0047855,-0.010096,-0.0059065,0,0,-0.0052201,-0.0003749,0,0,-0.0036994,-0.0008882,0,0,-0.0029447,-0,-0,0,-0,-0,-0,0,-0,-0,0,0,-0,-0,0,0,-0,-0,0,0,-0,-0,0,0,-0,-0,0,0,0,0,0.011275,0.025804,0.013956
-0.04542,-0.0060943,0.0069616,0.046208,-0.046292,-0.0067734,0.0067805,0.046269,-0.046275,-0.0067824,0.0067819,0.046274,-0.046274,-0.006782,0.0067824,0.046274,-0.046275,-0.0067823,0.0067823,0.046274,-0.046275,-0.0067822,0.0067824,0.046274,-0.046275,-0.0067819,0.0067822,0.046274,-0.046275,-0.0067817,0.0067824,0.046274,-0.046274,-0.0067821,0.0067821,0.046274,-0.046274,-0.0067822,0.0067823,0.046274,-0.046274,-0.0067825,0.0067818,0.046275,-0.046272,-0.0067808,0.0067853,0.046288,-0.046234,-0.0067164,0.0069794,0.046623,-0.047221,-0.0077501,0.0045345,0.041317,-0.045969,-0.011435,0,0.020508,-0.026996,-0.00386,0,0.017796,-0.022555,-0.0060816,0,0.003311,-0.010058,-0.0030844,0,0,-0.0035783,-0,0,0,-0.0010309,-0,0,0,-0.00013335,-0,0,0,-0,-0,0,0,-0,-0,0,0,-0,-0,0,0.0028206,-0,0,0.012202,0.037191,0.04942
-0.33209,-0.046134,0.046413,0.33145,-0.33145,-0.046258,0.046275,0.3315,-0.3315,-0.046272,0.046273,0.3315,-0.3315,-0.046272,0.046273,0.3315,-0.3315,-0.046272,0.046273,0.3315,-0.3315,-0.046272,0.046272,0.3315,-0.3315,-0.046272,0.046272,0.3315,-0.3315,-0.046271,0.046272,0.3315,-0.3315,-0.046272,0.046272,0.3315,-0.3315,-0.046272,0.046272,0.3315,-0.3315,-0.046273,0.046271,0.3315,-0.3315,-0.04627,0.046275,0.33151,-0.33144,-0.046116,0.04687,0.33393,-0.33472,-0.048409,0.040981,0.31203,-0.31695,-0.050512,0.019217,0.21556,-0.22125,-0.027218,0.018457,0.19397,-0.19858,-0.025746,0.0028179,0.11122,-0.11723,-0.010686,0,0.05945,-0.063081,-0.0011274,0,0.059211,-0.060407,-4.604e-05,0,0.060407,-0.060818,-5.2369e-07,0,0.058829,-0.059077,-0,0,0.057381,-0.057564,-0,0,0.056234,-0.055921,-0,0.00011277,0.056357,-0.049644,-0,0.014549,0.1165,0.30215
-0.045404,-0.0062245,0.0071059,0.046216,-0.046288,-0.0069015,0.0069111,0.046268,-0.046275,-0.0069113,0.0069122,0.046273,-0.046275,-0.0069111,0.0069122,0.046274,-0.046275,-0.0069116,0.0069118,0.046274,-0.046274,-0.0069115,0.0069113,0.046274,-0.046274,-0.006911,0.0069112,0.046274,-0.046275,-0.0069105,0.0069113,0.046274,-0.046274,-0.0069109,0.006911,0.046274,-0.046274,-0.0069117,0.006911,0.046274,-0.046273,-0.0069118,0.0069107,0.046275,-0.046271,-0.0069087,0.0069153,0.046294,-0.046215,-0.0068174,0.0070791,0.046524,-0.047546,-0.0084058,0.0046021,0.040898,-0.046391,-0.01278,0,0.020581,-0.028346,-0.005026,0,0.017911,-0.024107,-0.0061073,0,0.0042493,-0.010284,-0.00024157,0,0,-0.00094277,-0,0,0,-0,-0,0,0,-0,-0,0,0,-0,-0,0,0,-0,-0,0,0,-0,-0,0,0.0027145,-0,0,0.012032,0.03722,0.049439
-0.0046337,-0,0,0.006561,-0.0067754,-0,0,0.006705,-0.0067203,-0,0,0.0067165,-0.0067171,-0,0,0.006717,-0.0067172,-0,0,0.0067168,-0.006717,-0,0,0.0067161,-0.0067169,-0,0,0.0067158,-0.0067165,-0,0,0.0067157,-0.0067166,-0,0,0.0067159,-0.0067166,-0,0,0.0067163,-0.0067161,-0,0,0.0067176,-0.0067131,-0,0,0.0067444,-0.0066341,-0,0,0.0065553,-0.0081798,-0.0013427,0,0.0025664,-0.0097326,-0.0069927,-0,0,-0.006451,-0.0027768,-0,0,-0.001715,-0,-0,0,-0,-0,0,0,-0,-0,0,0,-0,-0,0,0,-0,-0,0,0,-0,-0,0,0,-0,-0,0,0,-0,-0,0,0,0,0,0.011079,0.025457,0.013797
-0.044431,-0.005811,0.0067122,0.045322,-0.04539,-0.0065091,0.0065182,0.045371,-0.045378,-0.0065191,0.0065191,0.045376,-0.045377,-0.0065189,0.0065197,0.045376,-0.045377,-0.0065191,0.0065197,0.045376,-0.045377,-0.006519,0.0065196,0.045376,-0.045377,-0.0065189,0.0065196,0.045376,-0.045377,-0.0065188,0.0065196,0.045376,-0.045377,-0.006519,0.0065194,0.045376,-0.045377,-0.0065191,0.0065195,0.045377,-0.045376,-0.0065194,0.0065191,0.045378,-0.045373,-0.006517,0.006521,0.045392,-0.045291,-0.0063911,0.0068491,0.045925,-0.047344,-0.0085746,0.0023959,0.036508,-0.042896,-0.012118,0,0.012178,-0.02163,-0.0075358,-0,0,-0.0073529,-0.00052844,0,0,-0.0019997,-0,0,0,-0.00048225,-0,0,0,-0,-0,0,0,-0,-0,0,0,-0,-0,0,0,-0,-0,0,0,-0,-0,0,0.0025943,-0,0,0.011952,0.036516,0.048732
-0.32728,-0.045201,0.045528,0.32677,-0.32676,-0.04536,0.045378,0.32681,-0.32681,-0.045374,0.045376,0.32681,-0.32681,-0.045374,0.045376,0.32681,-0.32681,-0.045374,0.045376,0.32681,-0.32681,-0.045374,0.045375,0.32681,-0.32681,-0.045374,0.045375,0.32681,-0.32681,-0.045373,0.045375,0.32681,-0.32681,-0.045374,0.045375,0.32681,-0.32681,-0.045375,0.045375,0.32681,-0.32681,-0.045375,0.045374,0.32681,-0.32681,-0.04537,0.045366,0.32677,-0.32666,-0.045098,0.046431,0.33116,-0.33304,-0.04975,0.035567,0.29033,-0.29707,-0.047854,0.011688,0.17624,-0.18498,-0.024773,0,0.081122,-0.087722,-0.0059019,0,0.054832,-0.057411,-0,0,0.06017,-0.06082,-4.7086e-05,0,0.059137,-0.05944,-0,0,0.05756,-0.05778,-0,0,0.056242,-0.056435,-0,0,0.05511,-0.055259,-0,0,0.054173,-0.053838,-0,0,0.05438,-0.047683,-0,0.014114,0.11406,0.2987
-0.044424,-0.0059411,0.0068502,0.045327,-0.045387,-0.006636,0.0066464,0.04537,-0.045377,-0.0066463,0.006647,0.045375,-0.045376,-0.0066459,0.0066471,0.045376,-0.045377,-0.0066465,0.0066468,0.045376,-0.045376,-0.0066463,0.0066463,0.045376,-0.045376,-0.0066457,0.0066461,0.045376,-0.045377,-0.0066453,0.0066461,0.045376,-0.045376,-0.0066458,0.0066459,0.045376,-0.045376,-0.0066464,0.006646,0.045376,-0.045375,-0.0066468,0.0066458,0.04538,-0.045362,-0.0066262,0.0066494,0.045398,-0.045303,-0.0065294,0.0069033,0.045605,-0.048387,-0.010886,0.0020257,0.035671,-0.043962,-0.013992,0,0.012763,-0.022781,-0.0067167,-0,0,-0.0056148,-0,0,0,-0,-0,0,0,-0,-0,0,0,-0,-0,0,0,-0,-0,0,0,-0,-0,0,0,-0,-0,0,0,-0,-0,0,0.0025033,-0,0,0.011837,0.036488,0.048726
-0.0043191,-0,0,0.0063128,-0.0065082,-0,0,0.0064435,-0.0064581,-0,0,0.0064543,-0.0064549,-0,0,0.0064546,-0.0064549,-0,0,0.0064542,-0.0064547,-0,0,0.0064538,-0.0064546,-0,0,0.0064536,-0.0064545,-0,0,0.0064537,-0.0064548,-0,0,0.0064538,-0.0064547,-0,0,0.0064544,-0.0064542,-0,0,0.006456,-0.0064217,-0,0,0.0065438,-0.0064527,-0,0,0.0058628,-0.010262,-0.0060276,-0,0,-0.010705,-0.0072695,-0,-0,-0.0025122,-0,-0,0,-0,-0,0,0,-0,-0,0,0,-0,-0,0,0,-0,-0,0,0,-0,-0,0,0,-0,-0,0,0,-0,-0,0,0,-0,-0,0,0,0,0,0.010889,0.025128,0.013601
-0.043468,-0.0055348,0.0064623,0.044444,-0.044502,-0.0062486,0.0062593,0.044486,-0.044493,-0.0062594,0.0062599,0.04449,-0.044491,-0.0062594,0.0062603,0.044491,-0.044492,-0.0062594,0.0062601,0.044491,-0.044491,-0.0062593,0.0062601,0.04449,-0.044491,-0.0062593,0.00626,0.044491,-0.044491,-0.0062592,0.0062602,0.04449,-0.044491,-0.0062592,0.0062601,0.044491,-0.044491,-0.0062596,0.0062601,0.044492,-0.04449,-0.0062625,0.0062459,0.044464,-0.044437,-0.0062002,0.0064199,0.044841,-0.044864,-0.0062615,0.0068853,0.045656,-0.050321,-0.014212,0,0.01488,-0.026105,-0.011513,-0,0,-0.0075345,-0.0003567,0,0,-0.0014276,-0,0,0,-6.6366e-05,-0,0,0,-0,-0,0,0,-0,-0,0,0,-0,-0,0,0,-0,-0,0,0,-0,-0,0,0,-0,-0,0,0.0024027,-0,0,0.011666,0.035881,0.04803
-0.32255,-0.044284,0.044652,0.32215,-0.32214,-0.044474,0.044492,0.32218,-0.32219,-0.044488,0.044491,0.32219,-0.32219,-0.044489,0.044491,0.32219,-0.32219,-0.044489,0.04449,0.32219,-0.32219,-0.044489,0.04449,0.32219,-0.32219,-0.044489,0.04449,0.32219,-0.32219,-0.044488,0.04449,0.32219,-0.32219,-0.044489,0.04449,0.32219,-0.32219,-0.04449,0.04449,0.32219,-0.32218,-0.044489,0.044447,0.32201,-0.32201,-0.044379,0.044915,0.32397,-0.32438,-0.044919,0.046884,0.33346,-0.33902,-0.057193,0.013616,0.1947,-0.2052,-0.031069,0,0.072096,-0.080314,-0.0047957,0,0.054612,-0.05696,-0,0,0.059527,-0.059949,-0,0,0.057915,-0.058155,-0,0,0.056412,-0.056623,-0,0,0.055169,-0.055354,-0,0,0.054091,-0.054256,-0,0,0.053043,-0.053169,-0,0,0.052287,-0.051932,-0,0,0.052693,-0.04601,-0,0.013772,0.1116,0.29521
-0.043465,-0.0056642,0.0065978,0.044449,-0.044499,-0.0063744,0.0063859,0.044485,-0.044492,-0.006385,0.0063863,0.044489,-0.044491,-0.0063848,0.0063863,0.04449,-0.044491,-0.0063852,0.0063859,0.04449,-0.04449,-0.0063851,0.0063856,0.04449,-0.044491,-0.0063848,0.0063853,0.044491,-0.044491,-0.0063843,0.0063853,0.04449,-0.044491,-0.0063849,0.006385,0.04449,-0.044491,-0.0063868,0.0063864,0.044497,-0.044465,-0.0063495,0.0063728,0.04446,-0.044532,-0.0064607,0.0064329,0.04439,-0.046028,-0.0082945,0.0064632,0.044626,-0.0519,-0.017144,0,0.01546,-0.026885,-0.0090266,-0,0,-0.0047612,-0,0,0,-0,-0,0,0,-0,-0,0,0,-0,-0,0,0,-0,-0,0,0,-0,-0,0,0,-0,-0,0,0,-0,-0,0,0,-0,-0,0,0.0023155,-0,0,0.011591,0.035811,0.048013
-0.0040133,-0,0,0.0060662,-0.0062445,-0,0,0.0061843,-0.0061986,-0,0,0.0061945,-0.0061955,-0,0,0.0061947,-0.0061955,-0,0,0.0061944,-0.0061954,-0,0,0.0061942,-0.0061956,-0,0,0.0061942,-0.0061955,-0,0,0.006194,-0.0061957,-0,0,0.0061937,-0.0061969,-0,0,0.006199,-0.0061318,-0,0,0.0063113,-0.0065148,-0,0,0.0052859,-0.0091189,-0.0045124,0,0,-0.012007,-0.0084834,-0,-0,-0.0027443,-0,-0,0,-0,-0,0,0,-0,-0,0,0,-0,-0,0,0,-0,-0,0,0,-0,-0,0,0,-0,-0,0,0,-0,-0,0,0,-0,-0,0,0,-0,-0,0,0,0,0,0.010691,0.024806,0.0134
-0.042524,-0.0052633,0.006213,0.043573,-0.043621,-0.00599,0.0060023,0.043608,-0.043615,-0.0060014,0.0060026,0.043612,-0.043614,-0.0060014,0.0060028,0.043612,-0.043614,-0.0060016,0.0060028,0.043612,-0.043614,-0.0060016,0.0060028,0.043612,-0.043614,-0.0060015,0.0060027,0.043613,-0.043614,-0.0060014,0.0060029,0.043612,-0.043614,-0.0060018,0.0060027,0.043613,-0.043614,-0.0060086,0.0059758,0.043563,-0.043513,-0.0058695,0.006401,0.044446,-0.044779,-0.0066029,0.0055978,0.042909,-0.04715,-0.012267,0,0.014196,-0.025039,-0.012608,-0,0,-0.0067496,-0,0,0,-0.0013777,-0,0,0,-0,-0,0,0,-0,-0,0,0,-0,-0,0,0,-0,-0,0,0,-0,-0,0,0,-0,-0,0,0,-0,-0,0,0,-0,-0,0,0.0022044,-0,0,0.011396,0.035258,0.047311
-0.31787,-0.043379,0.043783,0.31757,-0.31755,-0.043595,0.043615,0.3176,-0.3176,-0.04361,0.043612,0.3176,-0.3176,-0.04361,0.043612,0.3176,-0.3176,-0.043611,0.043612,0.3176,-0.3176,-0.043611,0.043612,0.3176,-0.3176,-0.04361,0.043611,0.3176,-0.3176,-0.04361,0.043611,0.3176,-0.3176,-0.04361,0.043612,0.3176,-0.3176,-0.043619,0.043531,0.31729,-0.3173,-0.043377,0.044728,0.32219,-0.3231,-0.045555,0.043303,0.31914,-0.32438,-0.053133,0.013091,0.1896,-0.19987,-0.03071,0,0.057982,-0.066313,-0.0025667,0,0.055385,-0.057454,-0,0,0.058492,-0.058939,-0,0,0.05668,-0.056922,-0,0,0.055276,-0.055478,-0,0,0.054157,-0.054333,-0,0,0.053094,-0.053256,-0,0,0.052047,-0.052189,-0,0,0.051246,-0.051351,-0,0,0.05059,-0.050229,-0,0,0.050961,-0.044298,-0,0.013485,0.10923,0.29165
-0.042521,-0.0053921,0.0063461,0.043577,-0.043619,-0.006115,0.0061278,0.043607,-0.043614,-0.0061262,0.0061278,0.043611,-0.043613,-0.0061262,0.0061276,0.043612,-0.043613,-0.0061265,0.0061273,0.043612,-0.043613,-0.0061264,0.0061269,0.043612,-0.043613,-0.006126,0.0061267,0.043612,-0.043613,-0.0061256,0.0061266,0.043612,-0.043613,-0.0061269,0.0061279,0.043619,-0.043588,-0.0060933,0.0060859,0.043505,-0.043762,-0.0063896,0.0063736,0.043747,-0.046215,-0.009068,0.0050295,0.041862,-0.048759,-0.015288,0,0.014955,-0.025781,-0.0089585,-0,0,-0.0025954,-0,0,0,-0,-0,0,0,-0,-0,0,0,-0,-0,0,0,-0,-0,0,0,-0,-0,0,0,-0,-0,0,0,-0,-0,0,0,-0,-0,0,0,-0,-0,0,0.0021199,-0,0,0.011321,0.035189,0.047292
-0.0037161,-0,0,0.0058199,-0.005983,-0,0,0.0059268,-0.0059407,-0,0,0.0059365,-0.0059377,-0,0,0.0059369,-0.0059379,-0,0,0.0059367,-0.0059377,-0,0,0.0059365,-0.005938,-0,0,0.0059365,-0.0059378,-0,0,0.0059359,-0.0059389,-0,0,0.005944,-0.0058727,-0,0,0.0059567,-0.0066108,-0,0,0.0039552,-0.0095518,-0.0059523,-0,0,-0.010386,-0.0061896,-0,-0,-0.0013813,-0,-0,0,-0,-0,0,0,-0,-0,0,0,-0,-0,0,0,-0,-0,0,0,-0,-0,0,0,-0,-0,0,0,-0,-0,0,0,-0,-0,0,0,-0,-0,0,0,-0,-0,0,0,0,0,0.010495,0.024495,0.013192
-0.041595,-0.0049962,0.0059639,0.042707,-0.042747,-0.0057332,0.0057467,0.042736,-0.042743,-0.0057451,0.0057468,0.042739,-0.042741,-0.005745,0.0057471,0.04274,-0.042742,-0.0057452,0.005747,0.04274,-0.042742,-0.0057452,0.005747,0.04274,-0.042742,-0.0057452,0.0057469,0.04274,-0.042741,-0.0057453,0.0057469,0.04274,-0.042742,-0.0057508,0.0057243,0.042701,-0.042637,-0.0056037,0.0061846,0.0436,-0.044432,-0.0070331,0.0033956,0.037931,-0.043285,-0.013077,0,0.0066878,-0.017836,-0.0093036,-0,0,-0.0048715,-0,0,0,-0.0011231,-0,0,0,-0,-0,0,0,-0,-0,0,0,-0,-0,0,0,-0,-0,0,0,-0,-0,0,0,-0,-0,0,0,-0,-0,0,0,-0,-0,0,0,-0,-0,0,0.0020265,-0,0,0.011135,0.034652,0.046574
-0.31323,-0.042484,0.042918,0.31302,-0.31299,-0.042723,0.042743,0.31304,-0.31305,-0.042737,0.04274,0.31304,-0.31305,-0.042738,0.042741,0.31304,-0.31305,-0.042738,0.04274,0.31304,-0.31305,-0.042738,0.04274,0.31305,-0.31305,-0.042738,0.042739,0.31305,-0.31305,-0.042737,0.04274,0.31305,-0.31304,-0.042745,0.042669,0.31277,-0.31275,-0.042455,0.044015,0.31832,-0.31995,-0.04634,0.037498,0.2952,-0.3017,-0.049922,0.0051542,0.14586,-0.15627,-0.020381,0,0.047421,-0.053505,-0.00014186,0,0.057766,-0.059184,-0,0,0.058188,-0.058619,-0,0,0.056154,-0.056433,-0,0,0.054377,-0.054607,-0,0,0.053163,-0.053349,-0,0,0.052078,-0.052242,-0,0,0.051055,-0.051194,-0,0,0.050319,-0.050441,-0,0,0.049555,-0.049652,-0,0,0.048845,-0.048476,-0,0,0.049424,-0.042779,-0,0.013201,0.10697,0.28799
-0.041594,-0.0051238,0.006095,0.042711,-0.042745,-0.0058568,0.0058707,0.042735,-0.042741,-0.0058685,0.0058703,0.042738,-0.042741,-0.0058683,0.0058704,0.042739,-0.042741,-0.0058686,0.0058702,0.042739,-0.042741,-0.0058688,0.0058697,0.04274,-0.042741,-0.0058683,0.0058692,0.04274,-0.042741,-0.0058679,0.0058707,0.042747,-0.04272,-0.0058404,0.0058325,0.042653,-0.042832,-0.0060442,0.0061299,0.042835,-0.046194,-0.01042,0.0024909,0.036561,-0.044768,-0.014984,-0,0.00742,-0.018226,-0.004914,-0,0,-0.00060355,-0,0,0,-0,-0,0,0,-0,-0,0,0,-0,-0,0,0,-0,-0,0,0,-0,-0,0,0,-0,-0,0,0,-0,-0,0,0,-0,-0,0,0,-0,-0,0,0,-0,-0,0,0.0019476,-0,0,0.011061,0.034581,0.046553
-0.0034257,-0,0,0.0055762,-0.0057247,-0,0,0.0056728,-0.0056859,-0,0,0.0056819,-0.0056835,-0,0,0.0056821,-0.0056838,-0,0,0.0056821,-0.0056836,-0,0,0.0056823,-0.0056837,-0,0,0.0056824,-0.0056838,-0,0,0.0056928,-0.0056301,-0,0,0.0056962,-0.0061903,-0,0,0.0036782,-0.010249,-0.0079361,-0,0,-0.0087938,-0.0045317,-0,-0,-0,-0,-0,0,-0,-0,0,0,-0,-0,0,0,-0,-0,0,0,-0,-0,0,0,-0,-0,0,0,-0,-0,0,0,-0,-0,0,0,-0,-0,0,0,-0,-0,0,0,-0,-0,0,0,-0,-0,0,0,0,0,0.010304,0.02418,0.01298
-0.040681,-0.0047339,0.0057195,0.041857,-0.041889,-0.0054818,0.005496,0.04188,-0.041886,-0.005494,0.0054958,0.041883,-0.041885,-0.0054937,0.0054963,0.041883,-0.041886,-0.0054941,0.0054961,0.041883,-0.041886,-0.005494,0.005496,0.041884,-0.041886,-0.0054942,0.0054958,0.041884,-0.041886,-0.0054965,0.005485,0.041869,-0.041805,-0.0053846,0.0058319,0.042535,-0.043164,-0.0064743,0.0036947,0.037961,-0.044619,-0.015592,-0,0.0013704,-0.014314,-0.0066661,-0,0,-0.0034136,-0,0,0,-0.0006453,-0,0,0,-0,-0,0,0,-0,-0,0,0,-0,-0,0,0,-0,-0,0,0,-0,-0,0,0,-0,-0,0,0,-0,-0,0,0,-0,-0,0,0,-0,-0,0,0,-0,-0,0,0.0018548,-0,0,0.010886,0.034033,0.045854
-0.30868,-0.041605,0.04207,0.30856,-0.30852,-0.041866,0.041887,0.30857,-0.30857,-0.041882,0.041885,0.30857,-0.30857,-0.041882,0.041885,0.30857,-0.30857,-0.041882,0.041884,0.30857,-0.30857,-0.041882,0.041884,0.30857,-0.30857,-0.041882,0.041884,0.30857,-0.30857,-0.041886,0.041846,0.30842,-0.30836,-0.041638,0.042855,0.31256,-0.31379,-0.044596,0.03817,0.29648,-0.30441,-0.054028,0,0.11281,-0.12452,-0.013808,0,0.046198,-0.051071,-0,0,0.059432,-0.060371,-7.8194e-05,0,0.057757,-0.058116,-0,0,0.055841,-0.056121,-0,0,0.054069,-0.054311,-0,0,0.052751,-0.052959,-0,0,0.051433,-0.051621,-0,0,0.05023,-0.050387,-0,0,0.049391,-0.049521,-0,0,0.04862,-0.048741,-0,0,0.0478,-0.047888,-0,0,0.04733,-0.046949,-0,0,0.047997,-0.041388,-0,0.012891,0.1047,0.28446
-0.040679,-0.0048602,0.005849,0.041861,-0.041886,-0.0056044,0.0056187,0.041879,-0.041885,-0.0056167,0.005618,0.041883,-0.041885,-0.0056165,0.0056182,0.041883,-0.041885,-0.0056165,0.0056182,0.041883,-0.041885,-0.0056167,0.0056177,0.041884,-0.041884,-0.0056161,0.005618,0.041887,-0.041876,-0.005604,0.0056008,0.041854,-0.041867,-0.0056113,0.0058309,0.042012,-0.044582,-0.0092341,0.0032595,0.037051,-0.046272,-0.017832,-0,0.0013011,-0.013586,-0.0023319,-0,0,-0,-0,0,0,-0,-0,0,0,-0,-0,0,0,-0,-0,0,0,-0,-0,0,0,-0,-0,0,0,-0,-0,0,0,-0,-0,0,0,-0,-0,0,0,-0,-0,0,0,-0,-0,0,0,-0,-0,0,0.0017737,-0,0,0.010813,0.03396,0.045833
-0.0031375,-0,0,0.0053356,-0.0054693,-0,0,0.0054222,-0.0054344,-0,0,0.0054306,-0.0054319,-0,0,0.0054307,-0.0054322,-0,0,0.0054311,-0.0054321,-0,0,0.0054311,-0.0054319,-0,0,0.0054367,-0.0054091,-0,0,0.0054512,-0.0055669,-0,0,0.0043566,-0.0092636,-0.0062383,-0,0,-0.011228,-0.0079813,-0,-0,-0,-0,-0,0,-0,-0,0,0,-0,-0,0,0,-0,-0,0,0,-0,-0,0,0,-0,-0,0,0,-0,-0,0,0,-0,-0,0,0,-0,-0,0,0,-0,-0,0,0,-0,-0,0,0,-0,-0,0,0,-0,-0,0,0,0,0,0.010117,0.023862,0.012771
-0.039772,-0.0044725,0.0054759,0.041013,-0.041036,-0.0052316,0.0052462,0.041029,-0.041035,-0.0052441,0.0052457,0.041033,-0.041035,-0.0052439,0.0052461,0.041033,-0.041035,-0.0052443,0.0052459,0.041033,-0.041035,-0.0052444,0.0052458,0.041033,-0.041035,-0.0052451,0.0052426,0.041031,-0.041001,-0.0052019,0.0053713,0.041282,-0.041492,-0.0055024,0.004979,0.040228,-0.045601,-0.013792,0,0.0069295,-0.019347,-0.010551,-0,0,-0.003694,-0,0,0,-0.00036851,-0,0,0,-0,-0,0,0,-0,-0,0,0,-0,-0,0,0,-0,-0,0,0,-0,-0,0,0,-0,-0,0,0,-0,-0,0,0,-0,-0,0,0,-0,-0,0,0,-0,-0,0,0,-0,-0,0,0.0016696,-0,0,0.010639,0.033411,0.04514
-0.30415,-0.04073,0.041226,0.30412,-0.30408,-0.041015,0.041036,0.30413,-0.30413,-0.041031,0.041033,0.30413,-0.30413,-0.041031,0.041033,0.30413,-0.30413,-0.041031,0.041033,0.30413,-0.30413,-0.041031,0.041032,0.30413,-0.30413,-0.041032,0.04102,0.30408,-0.30404,-0.040927,0.041386,0.3056,-0.30619,-0.041922,0.041111,0.30614,-0.31242,-0.052853,0.0061095,0.1524,-0.16374,-0.02284,0,0.046102,-0.05237,-0,0,0.059522,-0.060312,-2.9286e-05,0,0.057482,-0.057799,-0,0,0.055516,-0.055798,-0,0,0.053789,-0.05403,-0,0,0.052448,-0.052657,-0,0,0.051159,-0.051353,-0,0,0.049885,-0.050056,-0,0,0.048951,-0.049098,-0,0,0.048058,-0.048197,-0,0,0.047125,-0.04725,-0,0,0.046392,-0.046473,-0,0,0.045941,-0.045565,-0,0,0.046523,-0.03996,-0,0.012583,0.10242,0.28095
-0.039773,-0.0045957,0.0056001,0.041015,-0.041033,-0.0053505,0.005365,0.041028,-0.041034,-0.0053628,0.0053644,0.041031,-0.041034,-0.0053626,0.0053648,0.041032,-0.041034,-0.0053627,0.0053647,0.041032,-0.041033,-0.0053629,0.0053643,0.041033,-0.041031,-0.0053595,0.0053599,0.041033,-0.04099,-0.0053071,0.0054097,0.040948,-0.042529,-0.0073808,0.004707,0.039288,-0.047309,-0.017057,-0,0.0077614,-0.019943,-0.0063161,-0,0,-0.00076174,-0,0,0,-0,-0,0,0,-0,-0,0,0,-0,-0,0,0,-0,-0,0,0,-0,-0,0,0,-0,-0,0,0,-0,-0,0,0,-0,-0,0,0,-0,-0,0,0,-0,-0,0,0,-0,-0,0,0,-0,-0,0,0.0015938,-0,0,0.010564,0.033333,0.045111
-0.0028616,-0,0,0.0050928,-0.0052149,-0,0,0.005171,-0.0051829,-0,0,0.005179,-0.0051805,-0,0,0.0051793,-0.0051809,-0,0,0.0051799,-0.0051807,-0,0,0.0051816,-0.0051746,-0,0,0.0051969,-0.0051371,-0,0,0.0047087,-0.0080433,-0.0036539,0,0,-0.011565,-0.0092423,-0,-0,-0.0012093,-0,-0,0,-0,-0,0,0,-0,-0,0,0,-0,-0,0,0,-0,-0,0,0,-0,-0,0,0,-0,-0,0,0,-0,-0,0,0,-0,-0,0,0,-0,-0,0,0,-0,-0,0,0,-0,-0,0,0,-0,-0,0,0,-0,-0,0,0,0,0,0.0099299,0.023533,0.01254
-0.038892,-0.00422,0.0052309,0.040168,-0.040185,-0.0049822,0.0049974,0.04018,-0.040186,-0.0049951,0.0049966,0.040183,-0.040185,-0.0049949,0.0049972,0.040183,-0.040185,-0.0049955,0.0049972,0.040184,-0.040185,-0.0049958,0.0049967,0.040184,-0.040175,-0.0049893,0.0050074,0.040211,-0.040208,-0.0048831,0.0055471,0.041119,-0.044765,-0.011129,0,0.015232,-0.026441,-0.013745,-0,0,-0.0051509,-0,0,0,-0.00060646,-0,0,0,-0,-0,0,0,-0,-0,0,0,-0,-0,0,0,-0,-0,0,0,-0,-0,0,0,-0,-0,0,0,-0,-0,0,0,-0,-0,0,0,-0,-0,0,0,-0,-0,0,0,-0,-0,0,0,-0,-0,0,0.001494,-0,0,0.010395,0.0328,0.044357
-0.29967,-0.039847,0.040358,0.29968,-0.29964,-0.040145,0.040166,0.29969,-0.29969,-0.040161,0.040163,0.29969,-0.29969,-0.040161,0.040163,0.29969,-0.29969,-0.040162,0.040163,0.29969,-0.29969,-0.040162,0.040161,0.29968,-0.29966,-0.040135,0.040181,0.29981,-0.30003,-0.040094,0.042151,0.30855,-0.3132,-0.05051,0.014627,0.19426,-0.20493,-0.033056,-0,0.046166,-0.053967,-0.00025593,0,0.058012,-0.059271,-0,0,0.057114,-0.057428,-0,0,0.055124,-0.055405,-0,0,0.053425,-0.053664,-0,0,0.05209,-0.0523,-0,0,0.050779,-0.050974,-0,0,0.04952,-0.049693,-0,0,0.048549,-0.048706,-0,0,0.047659,-0.047833,-0,0,0.046729,-0.046898,-0,0,0.045919,-0.046042,-0,0,0.045319,-0.045398,-0,0,0.044806,-0.044438,-0,0,0.045315,-0.038789,-0,0.012279,0.10037,0.27712
-0.038851,-0.004225,0.0052407,0.040127,-0.040143,-0.0049919,0.0050062,0.040138,-0.040144,-0.0050049,0.0050064,0.040141,-0.040144,-0.0050046,0.0050071,0.040142,-0.040144,-0.0050049,0.0050068,0.040143,-0.040143,-0.0050047,0.0050075,0.040155,-0.040095,-0.0049378,0.0049573,0.039952,-0.040933,-0.0061539,0.0052042,0.040045,-0.046651,-0.01495,0,0.015468,-0.027146,-0.010345,-0,0,-0.0015058,-0,0,0,-0,-0,0,0,-0,-0,0,0,-0,-0,0,0,-0,-0,0,0,-0,-0,0,0,-0,-0,0,0,-0,-0,0,0,-0,-0,0,0,-0,-0,0,0,-0,-0,0,0,-0,-0,0,0,-0,-0,0,0,-0,-0,0,0.0014649,-0,0,0.010285,0.032599,0.044272
-0.0024986,-0,0,0.0047649,-0.0048855,-0,0,0.0048407,-0.004854,-0,0,0.0048496,-0.0048514,-0,0,0.0048505,-0.0048518,-0,0,0.0048518,-0.0048504,-0,0,0.0048703,-0.0047467,-0,0,0.0046758,-0.0069191,-0.0017862,0,0,-0.010864,-0.0086668,-0,-0,-0.0030544,-0.0010508,-0,0,-0,-0,0,0,-0,-0,0,0,-0,-0,0,0,-0,-0,0,0,-0,-0,0,0,-0,-0,0,0,-0,-0,0,0,-0,-0,0,0,-0,-0,0,0,-0,-0,0,0,-0,-0,0,0,-0,-0,0,0,-0,-0,0,0,-0,-0,0,0,0,0,0.0096685,0.022861,0.012179
-0.037757,-0.0038702,0.0049657,0.039145,-0.039165,-0.004699,0.0047147,0.03916,-0.039167,-0.0047132,0.0047145,0.039164,-0.039166,-0.0047133,0.0047151,0.039165,-0.039166,-0.0047135,0.0047159,0.039167,-0.039163,-0.0047143,0.0046919,0.039127,-0.039036,-0.0045153,0.00553,0.040664,-0.04319,-0.0091784,0,0.020193,-0.029891,-0.01344,-0,0,-0.006019,-0,0,0,-3.152e-05,-0,0,0,-0,-0,0,0,-0,-0,0,0,-0,-0,0,0,-0,-0,0,0,-0,-0,0,0,-0,-0,0,0,-0,-0,0,0,-0,-0,0,0,-0,-0,0,0,-0,-0,0,0,-0,-0,0,0,-0,-0,0,0,-0,-0,0,0.00089426,-0,0,0.01004,0.031361,0.043399
-0.29376,-0.03804,0.038738,0.29417,-0.29415,-0.038556,0.038575,0.29421,-0.29421,-0.038577,0.038578,0.29421,-0.29422,-0.038577,0.038579,0.29421,-0.29422,-0.038577,0.038581,0.29422,-0.2942,-0.038562,0.038498,0.2939,-0.29391,-0.038289,0.041125,0.30462,-0.3081,-0.047636,0.019565,0.21642,-0.22588,-0.036707,-0,0.052735,-0.0617,-0.0020338,0,0.054151,-0.056207,-0,0,0.055045,-0.055384,-0,0,0.053028,-0.053305,-0,0,0.051299,-0.051533,-0,0,0.050012,-0.050217,-0,0,0.048655,-0.04885,-0,0,0.047376,-0.047545,-0,0,0.046406,-0.046554,-0,0,0.045461,-0.045694,-0,0,0.044504,-0.045204,-0,0,0.043994,-0.044705,-0,0,0.043788,-0.044056,-0,0,0.043287,-0.043387,-0,0,0.042794,-0.042417,-0,0,0.043299,-0.036667,-0,0.011817,0.096654,0.27296
-0.035492,-0.0032254,0.0045066,0.03741,-0.037514,-0.0041855,0.0041848,0.037496,-0.037509,-0.0041845,0.0041852,0.037505,-0.037508,-0.0041838,0.0041856,0.037506,-0.037508,-0.0041835,0.0041883,0.03752,-0.037465,-0.0041557,0.0042192,0.037368,-0.037705,-0.0042993,0.0039191,0.03857,-0.043441,-0.010971,0,0.01876,-0.029532,-0.011748,-0,0,-0.0040665,-0,0,0,-0.00094626,-0,0,0.00013116,-0.0005077,-0,0,0,-0.00028454,-0,0,0,-8.7141e-05,-0,0,0,-0,-0,0,0,-0,-0,0,0,-0,-0,0,0,-0,-0,0,0,-0,-0,0,0,-0.00013285,-0,0,0,-0,-0,0,0,-0,-0,0,0,-0,-0,0,0,-0,-0,0,0.0020152,-0,0,0.010008,0.031042,0.043408
-0.0037091,-0,0,0.0061916,-0.006401,-0,0,0.006301,-0.006324,-0,0,0.0063165,-0.0063188,-0,0,0.0063176,-0.0063192,-0,0,0.0063353,-0.0062492,-0,0,0.0064759,-0.007029,-0,0,0.0027084,-0.0090028,-0.006822,-0,-0,-0.0058548,-0.0051431,-0,-0,-0,-0,0,0,-0,-0,0,0,-0,-0,0,0,-0,-0,0,0,-0,-0,0,0,-0,-0,0,0,-0,-0,0,0,-0,-0,0,0,-0,-0,0,0,-0,-0,0,0,-0,-0,-0,0,-0,-0,0,0,-0,-0,0,0,-0,-0,0,0,-0,-0,0,0,0,0,0.0088967,0.023279,0.013397
-0.041778,-0.0065857,0.0085581,0.044631,-0.044781,-0.0080887,0.0081255,0.044759,-0.044768,-0.0081178,0.0081192,0.044765,-0.044767,-0.0081183,0.0081193,0.044765,-0.044769,-0.0081239,0.0081056,0.044753,-0.044613,-0.007875,0.0087294,0.045955,-0.046858,-0.010219,0.0038346,0.035054,-0.04186,-0.016025,-0,0,-0.011141,-0.0025998,0,0,-0.0039139,-0,0,0.0026412,-0.0031553,-0,0,0.0024031,-0.0026628,-0,0,0.0021426,-0.0023507,-0,0,0.0019562,-0.0021321,-0,0,0.001749,-0.0019162,-0,0,0.0015439,-0.001695,-0,0,0.0014009,-0.0015265,-0,0,0.0012724,-0.0013652,-0,0,0.0010628,-0.0015713,-0,0,0,-0.0036183,-0,-0,0,-0.0013169,-0,0,0,-0,-0,0,0,-0,-0,0,0,-0,-0,0,0.0024047,-0,0,0.011034,0.038333,0.05039
-0.31013,-0.057112,0.058033,0.31641,-0.3166,-0.058165,0.058217,0.31674,-0.31675,-0.05821,0.058213,0.31675,-0.31675,-0.058211,0.058213,0.31675,-0.31676,-0.058224,0.058161,0.31653,-0.31636,-0.057744,0.059952,0.32384,-0.32491,-0.062503,0.047403,0.2747,-0.28114,-0.06203,0.0094576,0.10691,-0.11425,-0.022179,0.013287,0.086562,-0.088399,-0.015636,0.015773,0.089533,-0.089739,-0.016002,0.015224,0.087206,-0.087366,-0.015522,0.014959,0.085514,-0.085636,-0.015177,0.014765,0.084288,-0.084392,-0.01495,0.014535,0.083022,-0.083123,-0.014718,0.014311,0.081775,-0.081866,-0.01447,0.01416,0.080846,-0.080919,-0.014291,0.014016,0.08001,-0.08004,-0.014073,0.013993,0.079248,-0.07974,-0.014741,0.012565,0.07675,-0.08127,-0.020385,0.0013911,0.060995,-0.066018,-0.0086101,0.0046573,0.06144,-0.062324,-0.0061433,0.0058416,0.061511,-0.061653,-0.0060625,0.00565,0.06076,-0.060673,-0.00561,0.0059319,0.060755,-0.054415,-0,0.024627,0.11166,0.302
