-0.45123,-0.083475,-0.025023,-0.083388,-0.44822,-0.083972,-0.025669,-0.08405,-0.44866,-0.084075,-0.025722,-0.084079,-0.44868,-0.084078,-0.025724,-0.084079,-0.44868,-0.084076,-0.025715,-0.084058,-0.44864,-0.084123,-0.025995,-0.084756,-0.44981,-0.084402,-0.024399,-0.080214,-0.44251,-0.078099,-0.015931,-0.064579,-0.41668,-0.062697,-0.0096585,-0.060459,-0.41269,-0.060035,-0.0085022,-0.060088,-0.41284,-0.060042,-0.0083898,-0.059841,-0.41246,-0.059799,-0.0082364,-0.059653,-0.41218,-0.059622,-0.0081238,-0.059516,-0.41199,-0.059489,-0.0080273,-0.059382,-0.41178,-0.059355,-0.007932,-0.059251,-0.41158,-0.059227,-0.0078488,-0.059147,-0.41143,-0.059127,-0.0077776,-0.059051,-0.41128,-0.059012,-0.0077261,-0.059353,-0.41349,-0.059732,-0.0084013,-0.057954,-0.40211,-0.058947,-0.0075786,-0.025736,-0.23253,-0.027773,-0.0006392,-0.021528,-0.20243,-0.021871,-0,-0.02179,-0.20227,-0.021895,-0,-0.021261,-0.19956,-0.021195,-0,-0.020584,-0.19561,-0.018257,-0.0012571,-0.027006,-0.21754
-0.07637,-0.019306,-0.0076814,-0.018377,-0.072983,-0.019273,-0.0079865,-0.019268,-0.073271,-0.019314,-0.0080519,-0.019315,-0.073283,-0.019316,-0.008054,-0.019316,-0.073283,-0.019315,-0.0080502,-0.019312,-0.073282,-0.019349,-0.0081833,-0.019543,-0.073585,-0.019379,-0.0074093,-0.017807,-0.071045,-0.016671,-0.0036928,-0.012249,-0.06314,-0.011506,-0.00011574,-0.010703,-0.061727,-0.0106,-0,-0.010597,-0.061729,-0.01059,-0,-0.010524,-0.061614,-0.010517,-0,-0.01047,-0.06153,-0.010465,-0,-0.01043,-0.06147,-0.010426,-0,-0.010391,-0.061408,-0.010387,-0,-0.010353,-0.061348,-0.010349,-0,-0.010323,-0.061302,-0.010318,-0,-0.010295,-0.061245,-0.010239,-0,-0.0103,-0.061564,-0.010894,-0.0011019,-0.011072,-0.062734,-0.012336,-0.0008148,-0.0040345,-0.028144,-0.002666,-0,-0.00065008,-0.02118,-0.00010236,-0,-0.00031017,-0.021291,-0.0003,-0,-0.00021265,-0.020711,-0.00016215,-0,-0,-0.019016,-0.00096649,-0,-0.0025891,-0.040598
0.06491,0.010127,0,0.0078958,0.057112,0.0084553,0,0.0084004,0.057252,0.0084358,0,0.0084353,0.05726,0.0084356,0,0.008436,0.057261,0.0084357,0,0.0084361,0.057255,0.0084151,0,0.0083947,0.057241,0.0085973,0,0.0087372,0.058063,0.0094954,0,0.010198,0.060314,0.011042,0,0.011118,0.060901,0.011297,0,0.011298,0.060956,0.011317,0,0.011325,0.060991,0.011347,0,0.011352,0.06102,0.01137,0,0.011373,0.061042,0.011387,0,0.011391,0.061063,0.011405,0,0.011409,0.061083,0.011421,0,0.011424,0.061099,0.011433,7.5202e-07,0.011438,0.061111,0.011448,0.00025084,0.011995,0.062689,0.011841,0,0.0057228,0.046407,0.0062961,0,0,0.018844,0,0,0,0.021158,0,0,0,0.020572,0,0,0,0.020096,0,0,0,0.018613,0,0,0.0020432,0.037875
0.41729,0.061755,0.0086344,0.058764,0.40603,0.058933,0.008226,0.058957,0.40633,0.058969,0.0082462,0.05897,0.40634,0.05897,0.0082469,0.058971,0.40634,0.05897,0.0082469,0.05897,0.40634,0.058958,0.0082237,0.058958,0.40637,0.059072,0.0084728,0.059217,0.40683,0.059708,0.0096189,0.060143,0.40789,0.060618,0.01064,0.060724,0.40827,0.060822,0.010857,0.060833,0.40832,0.060843,0.01088,0.060849,0.40834,0.060862,0.010909,0.060867,0.40836,0.060877,0.010931,0.060881,0.40837,0.060889,0.010949,0.060893,0.40838,0.0609,0.010967,0.060904,0.40839,0.060911,0.010982,0.060914,0.4084,0.060919,0.010995,0.06092,0.40838,0.060963,0.011266,0.062267,0.41535,0.061743,0.0085347,0.048544,0.34818,0.048239,0.0033625,0.018454,0.19996,0.020223,0,0.02047,0.20126,0.020945,0,0.020224,0.19819,0.020298,0,0.019778,0.19587,0.01972,0,0.019173,0.19222,0.017164,0.00020236,0.02566,0.21738
-0.41886,-0.064122,-0.012429,-0.061485,-0.40848,-0.061804,-0.012423,-0.06185,-0.40885,-0.061867,-0.012457,-0.06187,-0.40886,-0.061869,-0.012458,-0.06187,-0.40886,-0.061869,-0.012458,-0.06187,-0.40887,-0.061874,-0.012466,-0.061873,-0.40886,-0.06183,-0.012371,-0.06178,-0.4088,-0.061593,-0.011954,-0.061461,-0.40868,-0.061285,-0.011574,-0.061249,-0.40863,-0.061212,-0.011493,-0.061207,-0.40862,-0.061203,-0.011484,-0.061201,-0.40862,-0.061197,-0.011474,-0.061194,-0.40862,-0.061192,-0.011467,-0.06119,-0.40861,-0.061187,-0.011461,-0.061186,-0.40861,-0.061183,-0.011454,-0.061182,-0.40861,-0.061179,-0.011448,-0.061178,-0.40861,-0.061175,-0.011441,-0.061169,-0.40858,-0.061184,-0.011655,-0.062518,-0.41577,-0.06292,-0.011362,-0.051147,-0.35137,-0.0513,-0.0071091,-0.021474,-0.20176,-0.021885,-0.00076311,-0.02151,-0.20171,-0.021504,-0.00036447,-0.020766,-0.1985,-0.020852,-0.00026081,-0.020326,-0.19618,-0.020276,-0,-0.019748,-0.19269,-0.018082,-0.0018867,-0.026714,-0.21836
-0.06786,-0.012388,-0.0014418,-0.010821,-0.061318,-0.0116,-0.00084239,-0.011561,-0.061539,-0.011604,-0.00090018,-0.011604,-0.061549,-0.011605,-0.00090224,-0.011605,-0.06155,-0.011605,-0.00090246,-0.011605,-0.06155,-0.011606,-0.00090531,-0.011604,-0.061547,-0.011597,-0.00086295,-0.011577,-0.061515,-0.01154,-0.00068298,-0.011498,-0.061452,-0.011464,-0.00051564,-0.011448,-0.061425,-0.011442,-0.00047987,-0.011439,-0.06142,-0.011438,-0.00047559,-0.011438,-0.061419,-0.011436,-0.00047154,-0.011436,-0.061417,-0.011435,-0.00046855,-0.011435,-0.061417,-0.011434,-0.00046606,-0.011434,-0.061416,-0.011433,-0.00046344,-0.011433,-0.061415,-0.011432,-0.0004609,-0.011432,-0.061414,-0.011428,-0.00045447,-0.011431,-0.061401,-0.0114,-0.00058145,-0.011862,-0.062946,-0.01261,-0.003103,-0.0088599,-0.053499,-0.010707,-0,-0.0023523,-0.021154,-0.00013849,-0,-0.00035532,-0.021358,-0.0001655,-0,-0.0001078,-0.020702,-4.3698e-05,-0,-0,-0.020216,-0,-0,-0,-0.018848,-0.00057848,-0,-0.0027048,-0.039144
0.065944,0.011377,0,0.0097501,0.059229,0.01051,0,0.010466,0.059437,0.010507,0,0.010507,0.059447,0.010508,0,0.010508,0.059447,0.010508,0,0.010508,0.059447,0.010508,0,0.010508,0.059451,0.010518,0,0.010517,0.059469,0.010553,0,0.010553,0.059499,0.010586,0,0.010586,0.059516,0.010595,0,0.010595,0.059519,0.010596,0,0.010596,0.059519,0.010597,0,0.010597,0.05952,0.010598,0,0.010598,0.05952,0.010599,0,0.010599,0.059521,0.010599,0,0.010599,0.059522,0.0106,0,0.0106,0.059522,0.010599,0,0.0106,0.059508,0.010565,0,0.011096,0.061169,0.010819,0,0.0024277,0.03564,0.003231,0,0,0.019173,0,0,0,0.021072,0,0,0,0.020465,0,0,0,0.020025,0,0,0,0.01863,0.00018614,0,0.0023724,0.038347
0.413,0.06213,0.010593,0.059352,0.40229,0.059616,0.010438,0.059653,0.40264,0.059669,0.010467,0.059671,0.40265,0.05967,0.010468,0.059671,0.40265,0.059671,0.010468,0.059671,0.40265,0.059671,0.010468,0.059671,0.40265,0.059676,0.01048,0.059679,0.40266,0.059698,0.010521,0.059703,0.40269,0.059721,0.01056,0.059723,0.4027,0.059728,0.01057,0.059728,0.4027,0.059729,0.010572,0.059729,0.4027,0.059729,0.010573,0.05973,0.4027,0.05973,0.010574,0.05973,0.4027,0.05973,0.010575,0.059731,0.4027,0.059731,0.010575,0.059731,0.4027,0.059732,0.010576,0.059732,0.4027,0.059733,0.010578,0.059727,0.40266,0.059714,0.010757,0.061241,0.41121,0.060639,0.0072475,0.037313,0.29353,0.038006,0.0017338,0.01842,0.19578,0.019897,0,0.020973,0.20093,0.021133,0,0.020411,0.19774,0.020498,0,0.020015,0.19559,0.019962,0,0.019409,0.19204,0.017631,0.00099489,0.026181,0.21742
-0.41341,-0.0626,-0.011279,-0.059845,-0.40277,-0.060125,-0.011166,-0.060165,-0.40313,-0.06018,-0.011196,-0.060183,-0.40314,-0.060182,-0.011197,-0.060183,-0.40314,-0.060182,-0.011197,-0.060183,-0.40314,-0.060183,-0.011197,-0.060182,-0.40314,-0.06018,-0.011193,-0.060179,-0.40314,-0.060172,-0.01118,-0.060171,-0.40313,-0.060164,-0.011167,-0.060164,-0.40313,-0.060162,-0.011163,-0.060162,-0.40313,-0.060162,-0.011163,-0.060161,-0.40313,-0.060161,-0.011163,-0.060161,-0.40313,-0.060162,-0.011163,-0.060161,-0.40313,-0.060161,-0.011162,-0.060161,-0.40313,-0.060161,-0.011161,-0.060161,-0.40313,-0.060161,-0.011161,-0.06016,-0.40313,-0.060154,-0.011146,-0.06015,-0.40312,-0.060293,-0.011693,-0.062092,-0.41242,-0.062613,-0.011184,-0.04018,-0.2967,-0.040892,-0.0046437,-0.020381,-0.19662,-0.020386,-3.8147e-05,-0.021234,-0.20108,-0.021274,-7.2511e-05,-0.020529,-0.19782,-0.020602,-0,-0.020114,-0.19566,-0.020062,-0,-0.019518,-0.19214,-0.017815,-0.0012813,-0.026362,-0.21769
-0.066803,-0.011984,-0.00098029,-0.010364,-0.060151,-0.01115,-0.00032472,-0.011107,-0.060369,-0.011151,-0.000381,-0.01115,-0.060378,-0.011151,-0.00038297,-0.011151,-0.060379,-0.011151,-0.0003827,-0.011151,-0.060379,-0.011151,-0.00038279,-0.011151,-0.060379,-0.01115,-0.00038114,-0.011149,-0.060378,-0.011148,-0.00037589,-0.011147,-0.060376,-0.011146,-0.00037051,-0.011145,-0.060375,-0.011145,-0.00036916,-0.011145,-0.060374,-0.011144,-0.00036878,-0.011144,-0.060374,-0.011145,-0.00036908,-0.011145,-0.060374,-0.011144,-0.00036897,-0.011144,-0.060374,-0.011145,-0.00036913,-0.011145,-0.060375,-0.011145,-0.00036895,-0.011145,-0.060375,-0.011144,-0.00036793,-0.011144,-0.06037,-0.011131,-0.00033275,-0.011115,-0.06034,-0.011284,-0.0010155,-0.012084,-0.063177,-0.012919,-0.0027688,-0.0074677,-0.042579,-0.008136,-0,-0.0012774,-0.02,-0,-0,-0.00010384,-0.021226,-0.00010795,-0,-2.4007e-05,-0.020558,-0,-0,-0,-0.020108,-0,-0,-0,-0.018755,-0.00042243,-0,-0.0026026,-0.038854
0.064951,0.011145,0,0.0095028,0.058239,0.010283,0,0.01024,0.058453,0.010282,0,0.010282,0.058463,0.010282,0,0.010282,0.058463,0.010282,0,0.010282,0.058463,0.010282,0,0.010282,0.058464,0.010283,0,0.010283,0.058464,0.010283,0,0.010284,0.058465,0.010285,0,0.010285,0.058466,0.010285,0,0.010286,0.058466,0.010286,0,0.010285,0.058466,0.010286,0,0.010285,0.058465,0.010286,0,0.010286,0.058466,0.010286,0,0.010286,0.058466,0.010286,0,0.010286,0.058466,0.010286,0,0.010287,0.058468,0.010291,0,0.010401,0.05877,0.010356,0,0.0094817,0.056907,0.0093523,0,4.823e-05,0.024882,0,0,0,0.020391,0,0,0,0.020923,0,0,0,0.020379,0,0,0,0.01994,0,0,0,0.018585,0.00022943,0,0.0023496,0.038089
0.4076,0.061137,0.010374,0.058352,0.39684,0.058624,0.01024,0.058662,0.39719,0.058677,0.010269,0.05868,0.39721,0.05868,0.01027,0.058681,0.39721,0.05868,0.01027,0.05868,0.39721,0.05868,0.01027,0.05868,0.39721,0.05868,0.01027,0.05868,0.39721,0.05868,0.010272,0.058681,0.39721,0.058681,0.010273,0.058681,0.39721,0.058682,0.010273,0.058681,0.39721,0.058682,0.010273,0.058681,0.39721,0.058682,0.010274,0.058681,0.39721,0.058682,0.010274,0.058682,0.39721,0.058682,0.010274,0.058682,0.39721,0.058682,0.010274,0.058682,0.39721,0.058683,0.010275,0.058684,0.39721,0.058699,0.01034,0.058941,0.39848,0.058766,0.0098065,0.057561,0.3935,0.057036,0.0057977,0.02574,0.23829,0.027306,0,0.019551,0.19905,0.020759,0,0.020896,0.19999,0.020962,0,0.020333,0.1972,0.020413,0,0.019936,0.19509,0.019884,0,0.019336,0.19157,0.0176,0.0010081,0.026053,0.21673
-0.40797,-0.061543,-0.010932,-0.05877,-0.39727,-0.05905,-0.010818,-0.05909,-0.39762,-0.059105,-0.010848,-0.059108,-0.39764,-0.059107,-0.010848,-0.059108,-0.39764,-0.059107,-0.010848,-0.059108,-0.39764,-0.059107,-0.010848,-0.059108,-0.39764,-0.059107,-0.010849,-0.059107,-0.39764,-0.059106,-0.010849,-0.059107,-0.39764,-0.059107,-0.010849,-0.059108,-0.39764,-0.059107,-0.010848,-0.059108,-0.39764,-0.059108,-0.010848,-0.059107,-0.39764,-0.059108,-0.010849,-0.059107,-0.39764,-0.059108,-0.010849,-0.059107,-0.39764,-0.059108,-0.010849,-0.059107,-0.39764,-0.059107,-0.010848,-0.059107,-0.39764,-0.059106,-0.010846,-0.059103,-0.39762,-0.059088,-0.010841,-0.059325,-0.39898,-0.059675,-0.011576,-0.059269,-0.39574,-0.059703,-0.0099153,-0.029128,-0.2412,-0.030086,-0.002518,-0.02093,-0.19952,-0.020898,-0,-0.020968,-0.20006,-0.021055,-2.1906e-05,-0.020415,-0.19726,-0.020485,-0,-0.020005,-0.19514,-0.019954,-0,-0.01941,-0.19165,-0.017726,-0.0012074,-0.026204,-0.21699
-0.065763,-0.011689,-0.00084221,-0.010039,-0.05909,-0.010832,-0.00021599,-0.01079,-0.059308,-0.010832,-0.00027221,-0.010832,-0.059319,-0.010833,-0.00027427,-0.010833,-0.05932,-0.010833,-0.00027395,-0.010833,-0.059319,-0.010833,-0.00027402,-0.010833,-0.059319,-0.010833,-0.00027411,-0.010833,-0.059319,-0.010833,-0.00027436,-0.010833,-0.059319,-0.010833,-0.00027415,-0.010832,-0.059319,-0.010833,-0.00027429,-0.010833,-0.059319,-0.010833,-0.00027428,-0.010833,-0.059319,-0.010833,-0.00027463,-0.010833,-0.059319,-0.010833,-0.00027469,-0.010833,-0.059319,-0.010833,-0.00027479,-0.010833,-0.059319,-0.010833,-0.00027459,-0.010833,-0.059318,-0.010831,-0.00027124,-0.010831,-0.059306,-0.010789,-0.00019391,-0.010822,-0.059492,-0.011405,-0.0017762,-0.011702,-0.061461,-0.012747,-0.0014913,-0.0050851,-0.030352,-0.0038612,-0,-0.00074826,-0.020741,-0,-0,-5.9662e-05,-0.021009,-5.2777e-05,-0,-0,-0.020447,-0,-0,-0,-0.020004,-0,-0,-0,-0.018678,-0.00038446,-0,-0.0025483,-0.03859
0.063933,0.010866,0,0.009193,0.057201,0.0099815,0,0.0099387,0.057417,0.0099811,0,0.0099807,0.057427,0.0099809,0,0.0099814,0.057427,0.0099809,0,0.0099812,0.057428,0.0099813,0,0.0099811,0.057428,0.0099814,0,0.0099811,0.057428,0.0099812,0,0.0099813,0.057428,0.0099816,0,0.0099819,0.057428,0.0099819,0,0.0099821,0.057428,0.0099819,0,0.0099817,0.057428,0.009982,0,0.0099813,0.057427,0.0099821,0,0.0099817,0.057428,0.0099819,0,0.0099818,0.057428,0.0099817,0,0.0099816,0.057427,0.0099807,0,0.0099836,0.057428,0.0099874,0,0.010419,0.058673,0.010426,0,0.0058591,0.047137,0.0064086,0,0,0.019329,0,0,0,0.021195,1.0388e-05,0,0,0.020751,0,0,0,0.020288,0,0,0,0.019839,0,0,0,0.018513,0.00020329,0,0.0023034,0.037837
0.40222,0.060114,0.01007,0.057312,0.3914,0.057586,0.0099394,0.057624,0.39176,0.057639,0.009969,0.057642,0.39177,0.057642,0.0099698,0.057643,0.39177,0.057642,0.0099698,0.057642,0.39177,0.057642,0.0099697,0.057642,0.39177,0.057642,0.00997,0.057642,0.39177,0.057642,0.0099702,0.057642,0.39177,0.057642,0.0099705,0.057643,0.39177,0.057643,0.0099706,0.057643,0.39177,0.057643,0.0099705,0.057642,0.39177,0.057643,0.009971,0.057642,0.39177,0.057643,0.0099716,0.057643,0.39177,0.057644,0.0099714,0.057643,0.39177,0.057643,0.0099707,0.057643,0.39177,0.057643,0.0099705,0.057642,0.39175,0.057674,0.010177,0.058674,0.39708,0.058253,0.0080646,0.048987,0.35062,0.048678,0.0036851,0.019405,0.20484,0.021211,0,0.02071,0.20181,0.021355,0,0.020712,0.19911,0.020789,0,0.020246,0.19672,0.020321,0,0.019835,0.19457,0.019783,0,0.01924,0.19108,0.017529,0.0009672,0.025907,0.21605
-0.40256,-0.060502,-0.010613,-0.057721,-0.39182,-0.058004,-0.010506,-0.058044,-0.39218,-0.058059,-0.010536,-0.058062,-0.39219,-0.058061,-0.010536,-0.058062,-0.39219,-0.058061,-0.010537,-0.058062,-0.39219,-0.058061,-0.010537,-0.058062,-0.39219,-0.058061,-0.010537,-0.058062,-0.39219,-0.058061,-0.010537,-0.058062,-0.39219,-0.058062,-0.010538,-0.058063,-0.39219,-0.058063,-0.010538,-0.058063,-0.39219,-0.058063,-0.010538,-0.058062,-0.39219,-0.058063,-0.010538,-0.058062,-0.39219,-0.058063,-0.010538,-0.058063,-0.39219,-0.058063,-0.010538,-0.058062,-0.39219,-0.058062,-0.010537,-0.058062,-0.39219,-0.058061,-0.010535,-0.058058,-0.39217,-0.058067,-0.010693,-0.059092,-0.39771,-0.059551,-0.010941,-0.051652,-0.35389,-0.051848,-0.0072639,-0.022489,-0.2068,-0.022993,-0.00074042,-0.021476,-0.20209,-0.021458,-7.8897e-05,-0.020782,-0.19917,-0.020873,-0,-0.020321,-0.19677,-0.020388,-0,-0.019901,-0.19462,-0.019851,-0,-0.01931,-0.19115,-0.017649,-0.0011611,-0.026065,-0.21632
-0.064646,-0.011383,-0.00071193,-0.0097187,-0.058039,-0.010521,-0.00011967,-0.010479,-0.05826,-0.010522,-0.00017614,-0.010521,-0.05827,-0.010522,-0.000178,-0.010523,-0.058271,-0.010522,-0.00017788,-0.010522,-0.05827,-0.010522,-0.00017807,-0.010522,-0.058271,-0.010522,-0.00017821,-0.010522,-0.05827,-0.010522,-0.00017831,-0.010522,-0.05827,-0.010522,-0.00017826,-0.010522,-0.05827,-0.010522,-0.00017851,-0.010522,-0.05827,-0.010522,-0.00017852,-0.010522,-0.05827,-0.010522,-0.00017874,-0.010522,-0.05827,-0.010522,-0.00017894,-0.010522,-0.05827,-0.010523,-0.00017923,-0.010522,-0.05827,-0.010522,-0.00017852,-0.010522,-0.05827,-0.01052,-0.0001745,-0.010522,-0.058259,-0.010491,-0.0002524,-0.010837,-0.05945,-0.011665,-0.0027897,-0.0093792,-0.054376,-0.011151,-0,-0.0027033,-0.022307,-0.00053061,-0,-0.00039441,-0.021411,-9.4913e-05,-0,-7.2589e-05,-0.02083,-1.208e-05,-0,-0,-0.020352,-0,-0,-0,-0.019901,-0,-0,-0,-0.0186,-0.00034945,-0,-0.0025133,-0.038415
0.062846,0.010574,0,0.0088864,0.056181,0.0096837,0,0.0096411,0.056398,0.0096835,0,0.0096832,0.056408,0.0096832,0,0.0096841,0.056409,0.0096833,0,0.0096838,0.056409,0.0096839,0,0.0096833,0.056409,0.0096838,0,0.0096833,0.056409,0.0096837,0,0.0096838,0.056409,0.0096841,0,0.0096841,0.056409,0.0096841,0,0.0096843,0.056409,0.0096843,0,0.0096839,0.056409,0.0096844,0,0.0096835,0.056409,0.0096843,0,0.0096838,0.056409,0.0096843,0,0.0096839,0.056409,0.0096843,0,0.0096843,0.056409,0.0096831,0,0.0096839,0.056397,0.0096584,0,0.010153,0.057925,0.0099618,0,0.0020532,0.034753,0.0027972,0,0,0.019327,0,0,0,0.021225,0,0,0,0.020597,0,0,0,0.020191,0,0,0,0.019735,0,0,0,0.018455,0.0001816,0,0.0022734,0.037676
0.39691,0.059099,0.0097674,0.056288,0.38605,0.056564,0.0096423,0.056603,0.38641,0.056618,0.0096717,0.056621,0.38642,0.05662,0.0096724,0.056621,0.38642,0.05662,0.0096724,0.056621,0.38642,0.05662,0.0096725,0.056621,0.38642,0.05662,0.0096727,0.056621,0.38642,0.056621,0.0096729,0.056621,0.38642,0.056621,0.0096733,0.056622,0.38642,0.056621,0.0096733,0.056622,0.38642,0.056622,0.0096732,0.056621,0.38642,0.056621,0.0096735,0.056621,0.38642,0.056622,0.0096742,0.056622,0.38642,0.056622,0.0096739,0.056621,0.38642,0.056622,0.0096734,0.056621,0.38642,0.056623,0.0096747,0.056617,0.38638,0.056608,0.0098404,0.057969,0.39399,0.057358,0.0064202,0.036811,0.29049,0.037276,0.0014878,0.01866,0.19745,0.020178,0,0.02109,0.2017,0.021305,0,0.020548,0.19835,0.02064,0,0.020154,0.19622,0.020225,0,0.019732,0.19404,0.019682,0,0.01916,0.19066,0.017472,0.00093053,0.025773,0.2154
-0.39725,-0.059482,-0.010302,-0.05669,-0.38646,-0.056976,-0.010201,-0.057016,-0.38682,-0.057031,-0.010231,-0.057034,-0.38683,-0.057033,-0.010231,-0.057034,-0.38683,-0.057033,-0.010231,-0.057034,-0.38683,-0.057033,-0.010231,-0.057033,-0.38683,-0.057033,-0.010232,-0.057033,-0.38683,-0.057033,-0.010232,-0.057034,-0.38683,-0.057034,-0.010233,-0.057034,-0.38683,-0.057035,-0.010233,-0.057035,-0.38683,-0.057035,-0.010232,-0.057034,-0.38683,-0.057035,-0.010233,-0.057033,-0.38683,-0.057035,-0.010233,-0.057034,-0.38683,-0.057035,-0.010233,-0.057034,-0.38683,-0.057034,-0.010232,-0.057034,-0.38683,-0.057028,-0.010219,-0.057024,-0.38682,-0.057152,-0.010707,-0.058762,-0.39514,-0.059308,-0.010415,-0.039734,-0.29383,-0.040387,-0.0046513,-0.020806,-0.1984,-0.020779,-0.00013157,-0.021388,-0.20184,-0.021421,-8.451e-05,-0.020638,-0.19842,-0.020718,-0,-0.020225,-0.19627,-0.02029,-0,-0.019797,-0.19409,-0.019746,-0,-0.019225,-0.19073,-0.017585,-0.0011153,-0.025926,-0.21566
-0.06355,-0.011085,-0.00058653,-0.0094055,-0.057008,-0.010216,-2.7574e-05,-0.010174,-0.057231,-0.010217,-8.4145e-05,-0.010217,-0.057241,-0.010218,-8.5935e-05,-0.010218,-0.057241,-0.010218,-8.5955e-05,-0.010218,-0.057241,-0.010218,-8.5949e-05,-0.010218,-0.057241,-0.010218,-8.6196e-05,-0.010218,-0.057241,-0.010218,-8.6165e-05,-0.010218,-0.057241,-0.010218,-8.6198e-05,-0.010218,-0.057241,-0.010218,-8.6302e-05,-0.010218,-0.057241,-0.010218,-8.6164e-05,-0.010218,-0.057241,-0.010218,-8.6442e-05,-0.010218,-0.057241,-0.010218,-8.6833e-05,-0.010218,-0.057241,-0.010218,-8.6675e-05,-0.010218,-0.057241,-0.010218,-8.5035e-05,-0.010217,-0.057237,-0.010205,-5.3178e-05,-0.010191,-0.057209,-0.010342,-0.00066595,-0.011064,-0.059781,-0.011986,-0.0023894,-0.0071998,-0.04205,-0.0079291,-0,-0.0013683,-0.020385,-0,-0,-0.00015447,-0.021376,-0.00013139,-0,-4.6847e-05,-0.020676,-0,-0,-0,-0.020255,-0,-0,-0,-0.019798,-0,-0,-0,-0.018536,-0.00031797,-0,-0.0024796,-0.038247
0.061769,0.010283,0,0.0085815,0.055169,0.0093877,0,0.0093451,0.055388,0.0093877,0,0.0093874,0.055398,0.0093874,0,0.0093882,0.055398,0.0093879,0,0.0093876,0.055399,0.0093881,0,0.009387,0.055398,0.0093878,0,0.0093872,0.055399,0.0093876,0,0.0093877,0.055399,0.0093881,0,0.0093879,0.055399,0.0093884,0,0.0093881,0.055399,0.0093886,0,0.0093877,0.055399,0.0093884,0,0.0093874,0.055399,0.0093884,0,0.0093878,0.055399,0.0093882,0,0.0093881,0.055399,0.0093879,0,0.0093896,0.055401,0.0093926,0,0.0094927,0.055674,0.0094515,0,0.00867,0.054013,0.0086342,0,0,0.024625,0,0,0,0.020617,0,0,0,0.021064,0,0,0,0.020492,0,0,0,0.020091,0,0,0,0.019632,0,0,0,0.018408,0.00016187,0,0.0022422,0.037512
0.39166,0.058094,0.0094662,0.055274,0.38075,0.055552,0.0093468,0.055592,0.38111,0.055606,0.0093763,0.055609,0.38112,0.055608,0.009377,0.055609,0.38112,0.055608,0.0093771,0.055609,0.38112,0.055608,0.0093769,0.05561,0.38113,0.055609,0.0093773,0.05561,0.38113,0.055609,0.0093776,0.05561,0.38113,0.055609,0.0093778,0.05561,0.38113,0.05561,0.0093777,0.05561,0.38113,0.05561,0.0093775,0.055609,0.38112,0.05561,0.009378,0.05561,0.38113,0.05561,0.0093788,0.05561,0.38113,0.05561,0.0093783,0.05561,0.38112,0.05561,0.0093784,0.055611,0.38113,0.055625,0.009437,0.055842,0.38227,0.055683,0.0089573,0.054603,0.3778,0.054116,0.0052288,0.025449,0.23625,0.026922,0,0.0198,0.20022,0.02098,0,0.02103,0.20074,0.02111,0,0.020445,0.19779,0.020532,0,0.020057,0.19571,0.020124,0,0.019628,0.19352,0.019579,0,0.019093,0.19031,0.017427,0.00089374,0.025637,0.21475
-0.392,-0.058473,-0.0099959,-0.055672,-0.38116,-0.055959,-0.0098998,-0.056,-0.38152,-0.056015,-0.0099297,-0.056018,-0.38153,-0.056017,-0.00993,-0.056018,-0.38153,-0.056017,-0.0099302,-0.056017,-0.38153,-0.056017,-0.0099301,-0.056017,-0.38153,-0.056017,-0.0099307,-0.056017,-0.38153,-0.056017,-0.0099311,-0.056018,-0.38153,-0.056018,-0.0099315,-0.056018,-0.38154,-0.056018,-0.0099312,-0.056018,-0.38154,-0.056019,-0.0099311,-0.056017,-0.38153,-0.056019,-0.0099313,-0.056018,-0.38153,-0.056019,-0.0099323,-0.056018,-0.38154,-0.056019,-0.0099318,-0.056018,-0.38153,-0.056018,-0.0099294,-0.056015,-0.38152,-0.056,-0.0099258,-0.056219,-0.38276,-0.05655,-0.010585,-0.056168,-0.37986,-0.0566,-0.0091179,-0.028694,-0.23902,-0.029613,-0.0024088,-0.021148,-0.20069,-0.021142,-4.6407e-05,-0.021119,-0.20081,-0.021207,-4.9052e-05,-0.020529,-0.19785,-0.020602,-0,-0.020124,-0.19576,-0.020189,-0,-0.019693,-0.19356,-0.01964,-0,-0.019153,-0.19037,-0.017534,-0.0010721,-0.025788,-0.21501
-0.062466,-0.010789,-0.00046267,-0.0090953,-0.055988,-0.0099144,-0,-0.0098729,-0.056212,-0.0099161,-0,-0.0099155,-0.056222,-0.0099163,-0,-0.0099168,-0.056222,-0.0099165,-0,-0.0099164,-0.056222,-0.0099165,-0,-0.0099161,-0.056222,-0.0099165,-0,-0.0099162,-0.056223,-0.0099166,-0,-0.0099165,-0.056223,-0.0099167,-0,-0.0099165,-0.056223,-0.0099167,-0,-0.0099165,-0.056223,-0.0099166,-0,-0.0099164,-0.056222,-0.0099167,-0,-0.0099164,-0.056222,-0.0099167,-0,-0.0099166,-0.056222,-0.0099165,-0,-0.0099164,-0.056222,-0.0099148,-0,-0.0099149,-0.05621,-0.009877,-0,-0.0099102,-0.056395,-0.010518,-0.0012767,-0.010688,-0.058186,-0.011773,-0.00095702,-0.0046711,-0.02979,-0.0035641,-0,-0.00074136,-0.020989,-0,-0,-0.00010087,-0.02116,-8.2601e-05,-0,-1.7231e-05,-0.020563,-0,-0,-0,-0.020154,-0,-0,-0,-0.019693,-0,-0,-0,-0.018482,-0.00028936,-0,-0.0024457,-0.038079
0.0607,0.0099953,0,0.0082795,0.054166,0.0090943,0,0.0090518,0.054387,0.0090944,0,0.0090943,0.054397,0.0090943,0,0.009095,0.054398,0.0090946,0,0.0090942,0.054397,0.0090947,0,0.0090938,0.054397,0.0090944,0,0.0090938,0.054398,0.0090943,0,0.0090943,0.054398,0.009095,0,0.0090946,0.054398,0.0090954,0,0.0090949,0.054398,0.0090954,0,0.0090943,0.054398,0.0090952,0,0.0090941,0.054398,0.0090953,0,0.0090946,0.054398,0.0090952,0,0.009095,0.054398,0.009094,0,0.0090971,0.054398,0.0090998,0,0.0094931,0.055538,0.0095828,0,0.0053551,0.045113,0.0059875,0,0,0.019843,0,0,0,0.021362,2.8733e-05,0,0,0.02088,0,0,0,0.020397,0,0,0,0.019989,0,0,0,0.019531,0,0,0,0.01837,0.0001433,0,0.0022105,0.037348
0.38646,0.057099,0.009168,0.054269,0.37551,0.054549,0.009054,0.054589,0.37587,0.054604,0.0090835,0.054607,0.37588,0.054606,0.0090841,0.054607,0.37588,0.054606,0.0090844,0.054608,0.37588,0.054606,0.0090843,0.054608,0.37588,0.054607,0.0090848,0.054608,0.37588,0.054607,0.009085,0.054608,0.37588,0.054607,0.009085,0.054608,0.37588,0.054608,0.0090848,0.054608,0.37588,0.054608,0.0090848,0.054608,0.37588,0.054608,0.0090853,0.054608,0.37588,0.054609,0.009086,0.054608,0.37588,0.054609,0.0090854,0.054608,0.37588,0.054608,0.0090848,0.054606,0.37587,0.054635,0.0092705,0.05554,0.38069,0.055169,0.0073465,0.046778,0.33868,0.046526,0.0034164,0.019856,0.20622,0.02155,0,0.020915,0.20266,0.021518,7.4656e-06,0.020839,0.19979,0.020923,0,0.020354,0.19728,0.020435,0,0.019956,0.19519,0.020023,0,0.019528,0.193,0.019478,0,0.019037,0.19001,0.01739,0.00085685,0.0255,0.21409
-0.38679,-0.057473,-0.0096915,-0.054663,-0.37591,-0.054952,-0.0096008,-0.054994,-0.37627,-0.055008,-0.0096307,-0.055011,-0.37629,-0.055009,-0.0096311,-0.055011,-0.37629,-0.05501,-0.0096314,-0.055011,-0.37629,-0.05501,-0.0096313,-0.055011,-0.37629,-0.05501,-0.0096319,-0.055011,-0.37629,-0.05501,-0.0096322,-0.055011,-0.37629,-0.055011,-0.0096323,-0.055012,-0.37629,-0.055012,-0.0096322,-0.055012,-0.37629,-0.055012,-0.0096321,-0.055011,-0.37629,-0.055012,-0.0096325,-0.055011,-0.37629,-0.055013,-0.0096336,-0.055012,-0.37629,-0.055013,-0.0096332,-0.055012,-0.37629,-0.055011,-0.00963,-0.055007,-0.37626,-0.055016,-0.0097745,-0.055947,-0.38129,-0.056382,-0.0099804,-0.049213,-0.34167,-0.049423,-0.0066773,-0.022683,-0.20802,-0.023187,-0.00073765,-0.021624,-0.20292,-0.021625,-0.00011018,-0.020916,-0.19986,-0.021011,-1.5102e-05,-0.020431,-0.19734,-0.020501,-0,-0.020022,-0.19524,-0.020087,-0,-0.019592,-0.19305,-0.019536,-0,-0.019094,-0.19007,-0.017494,-0.0010311,-0.025649,-0.21435
-0.06139,-0.010496,-0.00033838,-0.008787,-0.054976,-0.0096151,-0,-0.0095734,-0.055202,-0.009617,-0,-0.0096162,-0.055212,-0.0096173,-0,-0.0096173,-0.055212,-0.0096174,-0,-0.009617,-0.055212,-0.0096175,-0,-0.0096168,-0.055212,-0.0096174,-0,-0.0096168,-0.055212,-0.0096174,-0,-0.0096172,-0.055213,-0.0096176,-0,-0.009617,-0.055213,-0.0096175,-0,-0.0096173,-0.055213,-0.0096175,-0,-0.0096172,-0.055212,-0.0096176,-0,-0.0096173,-0.055212,-0.0096175,-0,-0.0096172,-0.055212,-0.0096171,-0,-0.0096171,-0.055211,-0.0096143,-0,-0.0096161,-0.0552,-0.0095887,-0,-0.0099098,-0.056314,-0.010781,-0.0021438,-0.0085668,-0.051724,-0.010325,-0,-0.0025276,-0.022557,-0.00055885,-0,-0.00041557,-0.021574,-0.00012635,-0,-0.00010244,-0.020965,-3.6756e-05,-0,-0,-0.020462,-0,-0,-0,-0.020052,-0,-0,-0,-0.01959,-0,-0,-0,-0.01844,-0.00026531,-0,-0.0024115,-0.037909
0.059649,0.0097127,0,0.007983,0.053179,0.0088062,0,0.0087638,0.053402,0.0088065,0,0.0088063,0.053412,0.0088064,0,0.0088072,0.053412,0.0088066,0,0.0088064,0.053412,0.0088067,0,0.008806,0.053412,0.0088067,0,0.0088059,0.053413,0.0088068,0,0.0088063,0.053412,0.0088072,0,0.0088066,0.053413,0.0088075,0,0.0088068,0.053413,0.0088076,0,0.0088063,0.053413,0.0088075,0,0.0088063,0.053412,0.0088076,0,0.0088068,0.053413,0.0088074,0,0.0088073,0.053412,0.0088057,0,0.00881,0.053409,0.008789,0,0.0092216,0.054757,0.0091747,0,0.0018924,0.033802,0.0026837,0,0,0.019757,0,0,0,0.021376,0,0,0,0.020724,0,0,0,0.020302,0,0,0,0.019886,0,0,0,0.019435,0,0,0,0.018332,0.00012308,0,0.0021791,0.037186
0.38133,0.056117,0.0088743,0.053277,0.37034,0.05356,0.0087658,0.0536,0.3707,0.053615,0.0087955,0.053618,0.37071,0.053617,0.0087961,0.053618,0.37071,0.053618,0.0087964,0.053619,0.37071,0.053618,0.0087962,0.053619,0.37071,0.053618,0.0087965,0.053619,0.37071,0.053618,0.0087968,0.053619,0.37071,0.053618,0.0087968,0.053619,0.37071,0.053619,0.0087969,0.053619,0.37071,0.053619,0.0087969,0.053618,0.37071,0.053619,0.0087973,0.053619,0.37071,0.05362,0.0087979,0.053619,0.37071,0.05362,0.0087976,0.053619,0.37071,0.053619,0.0087974,0.053619,0.3707,0.053622,0.0089651,0.05482,0.37735,0.054309,0.0059062,0.0357,0.28373,0.036133,0.0014276,0.019132,0.19919,0.020539,0,0.021241,0.20247,0.021456,0,0.020672,0.19901,0.020768,0,0.020262,0.19679,0.020337,0,0.019853,0.19467,0.019919,0,0.019433,0.19251,0.01938,0,0.018982,0.18972,0.017354,0.00081795,0.025364,0.21344
-0.38165,-0.056486,-0.0093901,-0.053666,-0.37073,-0.053959,-0.009306,-0.054,-0.3711,-0.054015,-0.0093363,-0.054018,-0.37111,-0.054016,-0.0093369,-0.054018,-0.37111,-0.054017,-0.009337,-0.054017,-0.37111,-0.054017,-0.0093368,-0.054017,-0.37111,-0.054017,-0.0093373,-0.054017,-0.37111,-0.054018,-0.0093377,-0.054018,-0.37111,-0.054018,-0.0093379,-0.054018,-0.37111,-0.054019,-0.009338,-0.054018,-0.37111,-0.054019,-0.0093379,-0.054017,-0.37111,-0.054019,-0.0093383,-0.054017,-0.37111,-0.054019,-0.0093392,-0.054018,-0.37111,-0.054019,-0.0093387,-0.054018,-0.37111,-0.054015,-0.0093315,-0.054017,-0.37112,-0.054101,-0.0096917,-0.055464,-0.37827,-0.055913,-0.0092448,-0.038117,-0.28653,-0.038768,-0.0042016,-0.021024,-0.20006,-0.021121,-0.0001907,-0.021539,-0.20261,-0.021577,-0.00011399,-0.020768,-0.19908,-0.02085,-0,-0.020335,-0.19684,-0.020403,-0,-0.019918,-0.19471,-0.019982,-0,-0.019493,-0.19255,-0.019435,-0,-0.019036,-0.18978,-0.017457,-0.00099156,-0.025511,-0.2137
-0.06034,-0.010207,-0.0002159,-0.0084836,-0.05398,-0.0093211,-0,-0.0092795,-0.054207,-0.009323,-0,-0.0093223,-0.054217,-0.0093231,-0,-0.0093236,-0.054217,-0.0093232,-0,-0.0093233,-0.054217,-0.0093232,-0,-0.0093231,-0.054217,-0.0093232,-0,-0.0093231,-0.054218,-0.0093233,-0,-0.0093232,-0.054218,-0.0093234,-0,-0.0093232,-0.054218,-0.0093235,-0,-0.0093234,-0.054218,-0.0093235,-0,-0.0093231,-0.054218,-0.0093237,-0,-0.0093229,-0.054217,-0.0093235,-0,-0.009323,-0.054217,-0.0093228,-0,-0.0093226,-0.054215,-0.0093154,-0,-0.0093122,-0.054207,-0.0093953,-0.00019972,-0.0099504,-0.056199,-0.010811,-0.001316,-0.0061271,-0.039931,-0.0069125,-0,-0.0012561,-0.020745,-0,-0,-0.00020353,-0.021531,-0.00016108,-0,-7.8202e-05,-0.020809,-3.6904e-06,-0,-0,-0.020366,-0,-0,-0,-0.019949,-0,-0,-0,-0.01949,-0,-0,-0,-0.018401,-0.00024377,-0,-0.0023784,-0.037731
0.058659,0.0094416,0,0.0076874,0.0522,0.0085196,0,0.0084776,0.052425,0.0085201,0,0.0085202,0.052434,0.0085198,0,0.0085212,0.052435,0.00852,0,0.0085202,0.052435,0.0085204,0,0.0085196,0.052435,0.0085204,0,0.0085196,0.052436,0.0085205,0,0.0085203,0.052436,0.008521,0,0.0085204,0.052436,0.0085213,0,0.0085206,0.052436,0.0085215,0,0.0085203,0.052436,0.0085214,0,0.0085203,0.052435,0.0085213,0,0.0085206,0.052435,0.0085211,0,0.0085218,0.052436,0.0085229,0,0.0085735,0.052569,0.0085428,0,0.0082757,0.052234,0.008383,0,0.00060465,0.026371,0.00065471,0,0,0.020691,0,0,0,0.021208,0,0,0,0.0206,0,0,0,0.020204,0,0,0,0.019783,0,0,0,0.019356,0,0,0,0.018294,0.0001017,0,0.0021387,0.036975
0.37621,0.055141,0.0085852,0.052297,0.36521,0.052581,0.0084799,0.052622,0.36557,0.052637,0.0085098,0.05264,0.36559,0.052639,0.0085106,0.05264,0.36559,0.052639,0.0085107,0.05264,0.36559,0.052639,0.0085103,0.05264,0.36559,0.052639,0.0085107,0.05264,0.36559,0.052639,0.008511,0.05264,0.36559,0.05264,0.008511,0.05264,0.36559,0.05264,0.008511,0.05264,0.36559,0.05264,0.008511,0.052639,0.36559,0.05264,0.0085114,0.052639,0.36559,0.05264,0.0085118,0.05264,0.36559,0.052641,0.0085119,0.05264,0.36559,0.052648,0.008543,0.052758,0.36616,0.052662,0.0083264,0.052563,0.36652,0.052203,0.0052912,0.027018,0.24193,0.028293,0.00024681,0.01997,0.20066,0.021048,0,0.021171,0.20149,0.021258,0,0.020551,0.19836,0.020642,0,0.020167,0.19628,0.020239,0,0.019749,0.19414,0.019816,0,0.019355,0.19209,0.0193,0,0.018927,0.18943,0.017321,0.00078368,0.025237,0.21283
-0.37651,-0.055497,-0.0090895,-0.052679,-0.3656,-0.052975,-0.0090144,-0.053017,-0.36597,-0.053031,-0.0090449,-0.053035,-0.36598,-0.053033,-0.0090455,-0.053035,-0.36598,-0.053034,-0.0090453,-0.053034,-0.36598,-0.053034,-0.0090452,-0.053034,-0.36598,-0.053034,-0.0090456,-0.053034,-0.36598,-0.053034,-0.0090461,-0.053034,-0.36598,-0.053035,-0.0090464,-0.053035,-0.36598,-0.053035,-0.0090465,-0.053035,-0.36598,-0.053035,-0.0090464,-0.053034,-0.36598,-0.053035,-0.0090468,-0.053034,-0.36598,-0.053036,-0.0090473,-0.053035,-0.36598,-0.053035,-0.0090458,-0.053033,-0.36597,-0.053021,-0.0090328,-0.05313,-0.36661,-0.053375,-0.0096066,-0.053766,-0.36809,-0.054165,-0.0084665,-0.029569,-0.24423,-0.030483,-0.002454,-0.021151,-0.20109,-0.02122,-7.1633e-05,-0.021273,-0.20157,-0.021361,-7.612e-05,-0.02064,-0.19842,-0.020716,-0,-0.020236,-0.19633,-0.020304,-0,-0.019814,-0.19419,-0.019875,-0,-0.019408,-0.19213,-0.019347,-0,-0.018976,-0.18948,-0.017416,-0.00093902,-0.025367,-0.21307
-0.059307,-0.009922,-9.6585e-05,-0.0081812,-0.052993,-0.0090295,-0,-0.0089886,-0.053222,-0.0090313,-0,-0.0090315,-0.053232,-0.0090314,-0,-0.0090326,-0.053233,-0.0090315,-0,-0.009032,-0.053232,-0.0090316,-0,-0.0090318,-0.053233,-0.0090317,-0,-0.0090316,-0.053233,-0.0090317,-0,-0.0090319,-0.053233,-0.009032,-0,-0.0090319,-0.053233,-0.0090323,-0,-0.0090321,-0.053233,-0.0090324,-0,-0.0090315,-0.053232,-0.0090324,-0,-0.0090313,-0.053232,-0.0090321,-0,-0.0090313,-0.053232,-0.0090309,-0,-0.0090302,-0.053223,-0.0090025,-0,-0.0090067,-0.053295,-0.0094269,-0.00070424,-0.0098124,-0.055362,-0.010817,-0.00052871,-0.0045407,-0.030826,-0.0038137,-0,-0.0007569,-0.021047,-0,-0,-0.00013144,-0.021313,-0.0001129,-0,-4.2271e-05,-0.020677,-0,-0,-0,-0.020268,-0,-0,-0,-0.019845,-0,-0,-0,-0.019404,-0,-0,-0,-0.018362,-0.00021554,-0,-0.0023094,-0.037456
0.057748,0.0091875,0,0.0073914,0.051231,0.0082362,0,0.0081952,0.051459,0.0082376,0,0.0082382,0.051469,0.0082376,0,0.0082391,0.05147,0.0082378,0,0.0082379,0.05147,0.0082382,0,0.0082374,0.05147,0.0082382,0,0.0082376,0.051471,0.0082382,0,0.0082381,0.05147,0.0082388,0,0.0082381,0.051471,0.0082392,0,0.0082384,0.051471,0.0082391,0,0.0082382,0.05147,0.0082391,0,0.0082381,0.05147,0.0082389,0,0.0082383,0.05147,0.0082379,0,0.00824,0.05147,0.0082438,0,0.0085238,0.052275,0.008561,0,0.0057257,0.045381,0.0062737,0,0,0.021056,0,0,0,0.021403,1.9431e-05,0,6.5607e-06,0.021023,0,0,0,0.020504,0,0,0,0.020103,0,0,0,0.019678,0,0,0,0.019292,0,0,0,0.018243,8.6409e-05,0,0.0021684,0.036981
0.3712,0.054173,0.0082815,0.051316,0.36014,0.051612,0.0081967,0.051653,0.36051,0.051669,0.0082282,0.051672,0.36052,0.051671,0.008229,0.051672,0.36052,0.051672,0.0082289,0.051672,0.36052,0.051671,0.0082284,0.051672,0.36052,0.051672,0.0082287,0.051672,0.36052,0.051672,0.0082291,0.051672,0.36052,0.051672,0.0082291,0.051672,0.36052,0.051672,0.0082291,0.051672,0.36052,0.051672,0.008229,0.051672,0.36052,0.051672,0.0082293,0.051672,0.36052,0.051673,0.0082296,0.051672,0.36052,0.051673,0.0082295,0.051671,0.36051,0.051696,0.0083675,0.05233,0.36388,0.052046,0.0070387,0.046579,0.3368,0.046341,0.0036236,0.021135,0.21193,0.022658,0,0.020926,0.20298,0.021575,2.1609e-05,0.020984,0.20052,0.021067,0,0.020459,0.19784,0.020543,0,0.020068,0.19576,0.020138,0,0.019646,0.19361,0.019714,0,0.0193,0.19174,0.01925,0,0.018878,0.18908,0.017271,0.0007531,0.025255,0.21315
-0.37162,-0.054608,-0.0088559,-0.051729,-0.36054,-0.052006,-0.0087289,-0.052045,-0.3609,-0.052059,-0.0087564,-0.052062,-0.36091,-0.052061,-0.008757,-0.052062,-0.36091,-0.052061,-0.0087567,-0.052062,-0.36091,-0.052061,-0.0087564,-0.052062,-0.36091,-0.052062,-0.0087568,-0.052062,-0.36091,-0.052062,-0.0087573,-0.052062,-0.36091,-0.052062,-0.0087574,-0.052062,-0.36091,-0.052062,-0.0087575,-0.052062,-0.36091,-0.052062,-0.0087575,-0.052062,-0.36091,-0.052062,-0.0087578,-0.052062,-0.36091,-0.052063,-0.0087581,-0.052062,-0.36091,-0.052062,-0.008756,-0.052058,-0.36089,-0.052054,-0.008836,-0.052703,-0.36442,-0.053099,-0.009159,-0.048577,-0.33928,-0.048819,-0.0066056,-0.023729,-0.21372,-0.024405,-0.00096763,-0.021648,-0.20323,-0.021678,-0.00012119,-0.021061,-0.20059,-0.021158,-4.0187e-05,-0.020537,-0.19789,-0.020608,-0,-0.020132,-0.19581,-0.0202,-0,-0.019707,-0.19365,-0.019756,-0,-0.019309,-0.19173,-0.019228,-0,-0.018831,-0.18907,-0.017361,-0.00099477,-0.025535,-0.21352
-0.058618,-0.0097772,-8.2582e-05,-0.0079231,-0.05203,-0.0087437,-0,-0.0087028,-0.052248,-0.0087431,-0,-0.0087435,-0.052257,-0.0087429,-0,-0.0087443,-0.052258,-0.0087431,-0,-0.0087437,-0.052258,-0.0087433,-0,-0.0087434,-0.052258,-0.0087434,-0,-0.0087431,-0.052258,-0.0087434,-0,-0.0087436,-0.052258,-0.0087439,-0,-0.0087435,-0.052258,-0.0087442,-0,-0.0087436,-0.052258,-0.0087442,-0,-0.008743,-0.052258,-0.0087441,-0,-0.0087428,-0.052258,-0.0087439,-0,-0.0087427,-0.052257,-0.0087417,-0,-0.0087423,-0.052246,-0.0087075,-0,-0.0089126,-0.052987,-0.0097718,-0.0012835,-0.0083683,-0.050827,-0.0098394,-0,-0.002748,-0.023851,-0.0010964,-0,-0.00048324,-0.021616,-0.00010989,-0,-0.00012848,-0.021114,-6.8716e-05,-0,-1.5212e-05,-0.020572,-0,-0,-0,-0.020166,-0,-0,-0,-0.019739,-0,-0,-0,-0.019284,-0,-0,-0,-0.018163,-0.00013299,-0,-0.0027092,-0.037779
0.056314,0.0087668,0,0.0070791,0.050265,0.0079504,0,0.0079164,0.050506,0.0079587,0,0.0079592,0.050516,0.007959,0,0.00796,0.050517,0.007959,0,0.007959,0.050516,0.0079595,0,0.0079586,0.050517,0.0079594,0,0.0079585,0.050517,0.0079596,0,0.0079592,0.050517,0.0079602,0,0.0079592,0.050517,0.0079603,0,0.0079595,0.050517,0.0079602,0,0.0079595,0.050517,0.0079603,0,0.0079593,0.050516,0.00796,0,0.0079595,0.050516,0.0079582,0,0.0079587,0.050506,0.0079452,0,0.0084015,0.051887,0.0085398,0,0.00233,0.035314,0.0033507,0,0,0.019906,0,0,0,0.021511,2.3107e-05,0,0,0.020847,0,0,0,0.020411,0,0,0,0.02,0,0,0,0.019554,0,0,0,0.019576,0,0,0,0.019241,0.00010569,0,0.0013456,0.035573
0.3656,0.052823,0.0077309,0.050247,0.35513,0.050643,0.0079095,0.050695,0.35551,0.050714,0.0079495,0.050717,0.35552,0.050716,0.0079506,0.050717,0.35552,0.050716,0.0079505,0.050717,0.35552,0.050716,0.0079503,0.050717,0.35552,0.050717,0.0079505,0.050717,0.35552,0.050717,0.0079506,0.050717,0.35552,0.050717,0.0079507,0.050717,0.35552,0.050717,0.0079506,0.050717,0.35552,0.050717,0.0079503,0.050716,0.35552,0.050717,0.0079506,0.050716,0.35552,0.050717,0.007951,0.050717,0.35552,0.050717,0.0079501,0.05071,0.35548,0.050718,0.0081246,0.051867,0.36177,0.051416,0.0054584,0.037143,0.28964,0.037389,0.0017092,0.019405,0.20083,0.020802,0,0.02133,0.20319,0.021603,0,0.020798,0.19966,0.020895,0,0.020371,0.19735,0.020453,0,0.019976,0.19524,0.020049,0,0.019544,0.19303,0.019511,0,0.019424,0.19298,0.019089,0,0.019355,0.19373,0.017489,0,0.023276,0.20788
-0.36815,-0.054461,-0.0091237,-0.051034,-0.35566,-0.051078,-0.0084632,-0.051094,-0.3559,-0.051101,-0.0084723,-0.051102,-0.35591,-0.051102,-0.0084725,-0.051103,-0.35591,-0.051102,-0.0084721,-0.051102,-0.35591,-0.051102,-0.0084721,-0.051102,-0.35591,-0.051102,-0.0084727,-0.051102,-0.35591,-0.051103,-0.0084731,-0.051102,-0.35591,-0.051103,-0.0084732,-0.051102,-0.35591,-0.051102,-0.0084732,-0.051102,-0.35591,-0.051102,-0.0084731,-0.051102,-0.35591,-0.051102,-0.0084733,-0.051102,-0.35591,-0.051102,-0.0084733,-0.051102,-0.35591,-0.051099,-0.0084657,-0.051093,-0.35588,-0.051163,-0.0087888,-0.05245,-0.36261,-0.052922,-0.0086551,-0.039472,-0.2924,-0.039913,-0.0044761,-0.021427,-0.20182,-0.021524,-0.00029202,-0.021687,-0.20335,-0.021721,-0.00013632,-0.020892,-0.19972,-0.020978,-8.2146e-06,-0.020442,-0.19739,-0.020501,-0,-0.019998,-0.19525,-0.020057,-0,-0.019552,-0.19312,-0.019832,-0.00025855,-0.020187,-0.19386,-0.020826,-0.0017498,-0.021583,-0.19594,-0.020644,-0.0044852,-0.027103,-0.2112
-0.061376,-0.010865,-0.00061939,-0.0080017,-0.05117,-0.0084682,-0,-0.0084315,-0.051289,-0.0084588,-0,-0.0084592,-0.051295,-0.0084584,-0,-0.0084598,-0.051296,-0.0084586,-0,-0.0084591,-0.051296,-0.008459,-0,-0.0084587,-0.051296,-0.0084589,-0,-0.0084584,-0.051296,-0.0084591,-0,-0.0084589,-0.051296,-0.0084595,-0,-0.0084589,-0.051296,-0.0084595,-0,-0.008459,-0.051296,-0.0084595,-0,-0.0084583,-0.051295,-0.0084594,-0,-0.008458,-0.051295,-0.0084589,-0,-0.0084575,-0.051293,-0.0084519,-0,-0.0084453,-0.051275,-0.0085111,-0,-0.0090532,-0.053168,-0.010039,-0.0013388,-0.0064103,-0.041508,-0.0074765,-0,-0.0014572,-0.021129,-0,-0,-0.00025552,-0.021675,-0.00018282,-0,-0.00010393,-0.020937,-2.6705e-05,-0,-0,-0.020477,-0,-0,-0,-0.020014,-0,-0,-0,-0.019594,-0,-0,-0.0010329,-0.020585,-0.0019161,-0,-0.0033875,-0.022707,-0.0052172,-0.0016357,-0.0084654,-0.042677
0.048887,0.0070175,0,0.0069151,0.049354,0.0076667,0,0.0076509,0.049564,0.0076823,0,0.0076828,0.049571,0.0076824,0,0.0076834,0.049572,0.0076826,0,0.0076822,0.049572,0.007683,0,0.007682,0.049572,0.007683,0,0.0076819,0.049572,0.0076833,0,0.0076827,0.049572,0.0076837,0,0.0076827,0.049572,0.0076839,0,0.0076832,0.049572,0.0076838,0,0.0076829,0.049572,0.0076837,0,0.0076827,0.049572,0.0076833,0,0.0076834,0.049573,0.0076847,0,0.0077285,0.049686,0.0076925,0,0.0074905,0.049456,0.0076395,0,0.00026114,0.026334,0.0005019,0,0,0.020854,0,0,0,0.021354,0,0,0,0.020714,0,0,0,0.02029,0,0,0,0.020266,0,0,0,0.02057,0,0,0,0.016582,0,0,0,0.0076826,0,-0,0,0.012423
0.35272,0.049873,0.0069528,0.049289,0.35029,0.049707,0.0076371,0.049752,0.35056,0.049768,0.0076732,0.049771,0.35057,0.04977,0.0076741,0.049771,0.35057,0.04977,0.0076743,0.049771,0.35057,0.04977,0.0076741,0.049771,0.35057,0.04977,0.0076743,0.049771,0.35057,0.049771,0.0076744,0.049771,0.35057,0.049771,0.0076745,0.049771,0.35057,0.049771,0.0076741,0.049771,0.35057,0.049771,0.0076739,0.04977,0.35057,0.049771,0.0076741,0.04977,0.35057,0.049771,0.0076748,0.049771,0.35057,0.049778,0.007702,0.049871,0.35106,0.049782,0.0075108,0.049759,0.35173,0.049374,0.0045667,0.027132,0.24235,0.028266,0.00018919,0.020106,0.2017,0.021232,0,0.021306,0.20226,0.021414,0,0.020674,0.19896,0.020772,0,0.020276,0.19677,0.02025,0,0.020073,0.1964,0.019813,0,0.019897,0.19749,0.019671,0,0.015603,0.1799,0.015524,0,0.0074073,0.13813,0.0060044,0,0.003041,0.11173
-0.35568,-0.051681,-0.0085696,-0.050183,-0.35085,-0.050153,-0.0081931,-0.050151,-0.35095,-0.050152,-0.0081908,-0.050152,-0.35095,-0.050151,-0.0081905,-0.050152,-0.35095,-0.050151,-0.0081902,-0.050151,-0.35095,-0.050151,-0.0081905,-0.050152,-0.35095,-0.050152,-0.0081912,-0.050152,-0.35096,-0.050152,-0.0081915,-0.050152,-0.35096,-0.050152,-0.0081915,-0.050152,-0.35096,-0.050152,-0.0081914,-0.050152,-0.35096,-0.050152,-0.0081912,-0.050152,-0.35096,-0.050152,-0.0081915,-0.050152,-0.35095,-0.050152,-0.0081906,-0.05015,-0.35095,-0.050139,-0.0081782,-0.050233,-0.35149,-0.050454,-0.0087092,-0.050888,-0.35323,-0.051316,-0.0078428,-0.029821,-0.24478,-0.030623,-0.0025428,-0.021406,-0.20218,-0.021451,-0.00012456,-0.021429,-0.20234,-0.021505,-7.4806e-05,-0.020723,-0.19898,-0.02079,-0,-0.020288,-0.19687,-0.020588,-0.00042355,-0.020893,-0.19739,-0.021812,-0.0024763,-0.022546,-0.20035,-0.023993,-0.0046487,-0.02122,-0.18538,-0.022297,-0.0047075,-0.015217,-0.14495,-0.013932,-0.0022091,-0.010431,-0.11661
-0.054056,-0.0090736,-0,-0.0079691,-0.050287,-0.0081843,-0,-0.0081639,-0.050339,-0.0081766,-0,-0.0081773,-0.050342,-0.0081762,-0,-0.0081775,-0.050342,-0.0081767,-0,-0.0081768,-0.050342,-0.008177,-0,-0.0081762,-0.050342,-0.0081768,-0,-0.0081759,-0.050343,-0.0081769,-0,-0.0081766,-0.050342,-0.0081773,-0,-0.0081766,-0.050343,-0.0081774,-0,-0.0081765,-0.050343,-0.0081773,-0,-0.008176,-0.050342,-0.0081771,-0,-0.0081756,-0.050341,-0.0081757,-0,-0.0081746,-0.050334,-0.0081499,-0,-0.0081519,-0.050392,-0.0085261,-0.00035501,-0.008917,-0.052372,-0.0099841,-0.00025549,-0.004425,-0.031024,-0.0038512,-0,-0.00081801,-0.021277,-0,-0,-0.00017015,-0.021468,-0.0001392,-0,-0,-0.020742,-0,-0,-0,-0.020331,-0.00011571,-0,-0.0012549,-0.021404,-0.0022625,-0.00051273,-0.0050889,-0.02503,-0.0060506,-0.004369,-0.0080753,-0.025809,-0.0077083,-0.0042161,-0.0056442,-0.01686,-0.0052364,-0,-0.0012995,-0.020974
0.04913,0.0073306,0,0.0070653,0.048537,0.007402,0,0.0073939,0.048635,0.00741,0,0.0074106,0.048639,0.0074098,0,0.0074109,0.04864,0.00741,0,0.0074096,0.048639,0.0074105,0,0.0074096,0.04864,0.0074106,0,0.0074095,0.04864,0.0074109,0,0.0074103,0.04864,0.0074111,0,0.0074104,0.04864,0.0074112,0,0.0074106,0.04864,0.0074109,0,0.0074103,0.04864,0.0074109,0,0.0074101,0.04864,0.0074101,0,0.0074112,0.04864,0.0074152,0,0.0076647,0.049357,0.0076922,0,0.0051649,0.043208,0.0057588,0,0,0.021214,0,0,0,0.02157,4.1152e-05,0,2.0327e-05,0.021138,0,0,1.0278e-05,0.020994,0,0,9.8704e-05,0.021344,0,0,0,0.017112,0,0,0,0.0060783,0,-0,-0,0,-0,-0,-0,0,-0,-0,0,0.011446
0.34726,0.049141,0.0071233,0.048625,0.34554,0.048807,0.0073836,0.048826,0.34568,0.048834,0.0074004,0.048835,0.34568,0.048835,0.0074009,0.048835,0.34568,0.048835,0.007401,0.048836,0.34568,0.048835,0.007401,0.048835,0.34568,0.048835,0.0074014,0.048835,0.34568,0.048835,0.0074014,0.048835,0.34568,0.048835,0.0074014,0.048835,0.34568,0.048835,0.0074012,0.048835,0.34568,0.048835,0.007401,0.048835,0.34568,0.048835,0.0074009,0.048834,0.34568,0.048835,0.0074013,0.048834,0.34567,0.048855,0.0075239,0.049421,0.34868,0.049162,0.0063386,0.044297,0.32455,0.044081,0.0032195,0.021298,0.21229,0.022732,0,0.021113,0.20385,0.021747,5.9358e-05,0.021111,0.20118,0.021106,0,0.020786,0.20014,0.020548,0,0.020662,0.20139,0.020446,0,0.016065,0.18282,0.016053,0,0.0053909,0.12804,0.0059651,-0,0,0.073023,0,-0,0,0.054465,0,-0,0.00050542,0.086464
-0.34836,-0.049889,-0.0079599,-0.049156,-0.34598,-0.049205,-0.007908,-0.04921,-0.34606,-0.049212,-0.0079119,-0.049213,-0.34606,-0.049212,-0.0079118,-0.049213,-0.34606,-0.049212,-0.0079119,-0.049213,-0.34606,-0.049212,-0.0079121,-0.049213,-0.34606,-0.049213,-0.0079126,-0.049213,-0.34606,-0.049213,-0.0079129,-0.049213,-0.34606,-0.049213,-0.0079126,-0.049213,-0.34606,-0.049213,-0.0079124,-0.049213,-0.34606,-0.049213,-0.0079124,-0.049213,-0.34606,-0.049213,-0.0079129,-0.049213,-0.34606,-0.049213,-0.0079113,-0.049209,-0.34604,-0.049207,-0.0079844,-0.049789,-0.3492,-0.050161,-0.0082503,-0.046103,-0.3268,-0.046365,-0.0060229,-0.023772,-0.214,-0.024418,-0.00095009,-0.021815,-0.2041,-0.02184,-0.00012451,-0.021169,-0.20131,-0.021491,-0.00059648,-0.021627,-0.20114,-0.02254,-0.0026417,-0.023319,-0.20429,-0.024806,-0.0048923,-0.021789,-0.18842,-0.023066,-0.0048515,-0.013657,-0.13512,-0.01429,-0.00078979,-0.0062169,-0.080308,-0.0046778,-0,-0.0019353,-0.059441,-0.0025362,-0,-0.0035915,-0.088315
-0.050951,-0.0081264,-0,-0.0077295,-0.049351,-0.0078988,-0,-0.0078887,-0.049398,-0.0078978,-0,-0.0078988,-0.049401,-0.0078975,-0,-0.0078986,-0.049401,-0.0078979,-0,-0.0078978,-0.049401,-0.0078983,-0,-0.0078973,-0.049401,-0.007898,-0,-0.0078972,-0.049401,-0.007898,-0,-0.0078978,-0.049401,-0.0078984,-0,-0.0078978,-0.049401,-0.0078986,-0,-0.0078977,-0.049401,-0.0078986,-0,-0.0078971,-0.049401,-0.0078981,-0,-0.0078965,-0.0494,-0.007896,-0,-0.0078961,-0.04939,-0.0078654,-0,-0.0080537,-0.050074,-0.0089295,-0.00072806,-0.0075413,-0.04814,-0.009018,-0,-0.0025225,-0.023885,-0.0010281,-0,-0.00048027,-0.021783,-0.00014416,-0,-6.8672e-05,-0.021239,-0.00032001,-0,-0.0013979,-0.022176,-0.002384,-0.00071941,-0.0053162,-0.025955,-0.0063103,-0.0046001,-0.0083784,-0.026538,-0.0079406,-0.0038148,-0.0057499,-0.015328,-0.0033833,-0,-0,-0.0041874,-0,-0,-0,-0.00026154,-0,-0,-0,-0.013875
0.049173,0.0073215,0,0.0069516,0.04766,0.0071382,0,0.0071305,0.047716,0.0071409,0,0.0071415,0.047718,0.0071406,0,0.0071417,0.047719,0.0071409,0,0.0071408,0.047719,0.0071413,0,0.0071407,0.047719,0.0071414,0,0.0071407,0.047719,0.0071417,0,0.0071413,0.047719,0.007142,0,0.0071412,0.047719,0.0071418,0,0.0071416,0.047719,0.0071417,0,0.0071413,0.047719,0.0071419,0,0.0071411,0.047719,0.0071408,0,0.0071405,0.04771,0.0071293,0,0.0075371,0.048957,0.0077716,0,0.0021347,0.034254,0.0031917,0,0,0.020354,0,0,0,0.021732,0,0,0.00019964,0.02192,0,0,0,0.01773,0,0,0,0.0063542,0,-0,-0,0,-0,-0,-0,0,-0,-0,0,0,0,0,0,0,0,0,0,0.012895
0.34303,0.048466,0.0070672,0.047802,0.34075,0.047896,0.0071223,0.047906,0.34084,0.04791,0.0071315,0.047912,0.34085,0.047911,0.0071316,0.047912,0.34085,0.047911,0.0071316,0.047912,0.34085,0.047911,0.0071318,0.047911,0.34085,0.047911,0.007132,0.047911,0.34085,0.047911,0.0071319,0.047911,0.34085,0.047911,0.0071319,0.047911,0.34085,0.047911,0.0071316,0.047911,0.34085,0.047911,0.0071313,0.04791,0.34085,0.047911,0.0071313,0.04791,0.34085,0.047911,0.0071313,0.047905,0.34081,0.047913,0.0072864,0.048934,0.3464,0.04855,0.004909,0.035853,0.28236,0.036108,0.0016052,0.019856,0.20245,0.021147,0,0.021545,0.20433,0.021518,0,0.021374,0.20455,0.021101,0,0.016708,0.18638,0.016646,0,0.00568,0.1302,0.0062643,-0,0,0.073665,0,-0,0,0.055393,0,0,0,0.058433,0,0,0,0.058619,9.9392e-05,0,0.0021315,0.086398
-0.34347,-0.048879,-0.0076139,-0.048196,-0.34114,-0.048273,-0.0076299,-0.048281,-0.34122,-0.048284,-0.0076367,-0.048285,-0.34122,-0.048284,-0.007637,-0.048285,-0.34122,-0.048284,-0.0076371,-0.048285,-0.34122,-0.048285,-0.0076371,-0.048285,-0.34122,-0.048285,-0.0076374,-0.048285,-0.34122,-0.048285,-0.0076373,-0.048285,-0.34122,-0.048285,-0.007637,-0.048285,-0.34122,-0.048285,-0.007637,-0.048285,-0.34122,-0.048285,-0.007637,-0.048285,-0.34122,-0.048285,-0.0076371,-0.048284,-0.34122,-0.048282,-0.0076312,-0.048278,-0.3412,-0.048341,-0.0079197,-0.049486,-0.34718,-0.049926,-0.0077787,-0.037944,-0.28481,-0.038339,-0.0040769,-0.021648,-0.20333,-0.021823,-0.00038782,-0.022026,-0.20489,-0.022829,-0.002068,-0.023485,-0.20706,-0.025111,-0.0048673,-0.022311,-0.192,-0.023743,-0.0051278,-0.014062,-0.13742,-0.01475,-0.00093405,-0.0063804,-0.08101,-0.0048629,-0,-0.0025103,-0.059929,-0.0013175,-0,-0.00091099,-0.060412,-0.00042241,-0,-0,-0.059343,-0.00090071,-0,-0.0027146,-0.08688
-0.05003,-0.0078351,-0,-0.007458,-0.04842,-0.0076218,-0,-0.0076143,-0.048469,-0.0076231,-0,-0.0076239,-0.048471,-0.0076228,-0,-0.0076238,-0.048471,-0.0076233,-0,-0.0076231,-0.048471,-0.0076237,-0,-0.0076226,-0.048471,-0.0076234,-0,-0.0076227,-0.048472,-0.0076233,-0,-0.007623,-0.048472,-0.0076237,-0,-0.0076231,-0.048472,-0.0076239,-0,-0.0076229,-0.048472,-0.0076237,-0,-0.0076225,-0.048471,-0.0076232,-0,-0.0076215,-0.048469,-0.0076171,-0,-0.007611,-0.048454,-0.0076697,-0,-0.0081569,-0.050164,-0.0091735,-0.00073033,-0.0057959,-0.039765,-0.0067491,-0,-0.0012974,-0.021414,-0,-0,-0.00046978,-0.022206,-0.0013072,-0,-0.0044525,-0.025845,-0.00573,-0.0042209,-0.0085051,-0.027347,-0.0082816,-0.0040999,-0.0059827,-0.015836,-0.0036036,-0,-0,-0.0043684,-0,-0,-0,-0.00030874,-0,-0,-0,-0.00011653,-0,-0,-0,-0,-0,-0,-0,-0.013594
0.04814,0.0070245,0,0.0067011,0.046754,0.0068723,0,0.0068651,0.046805,0.0068741,0,0.0068748,0.046807,0.0068738,0,0.0068749,0.046807,0.0068742,0,0.0068744,0.046807,0.0068745,0,0.0068743,0.046807,0.0068745,0,0.0068743,0.046808,0.0068747,0,0.0068748,0.046808,0.006875,0,0.0068746,0.046808,0.0068751,0,0.0068749,0.046808,0.0068753,0,0.0068745,0.046808,0.0068755,0,0.0068749,0.046808,0.006877,0,0.0069152,0.04691,0.0068846,0,0.0067063,0.046724,0.0069841,0,0.00026772,0.026181,0.00048789,0,0,0.021632,0,0,0.00012026,0.022304,0,0,0,0.009544,0,-0,-0,0,-0,-0,-0,0,-0,-0,0,0,0,0,0,0,0,0,0,0,0,0,0,0,0,0,0,0.012219
0.3381,0.047513,0.0068023,0.046894,0.33598,0.046983,0.0068567,0.046993,0.33606,0.046996,0.0068647,0.046998,0.33606,0.046997,0.0068648,0.046997,0.33606,0.046997,0.0068648,0.046997,0.33606,0.046997,0.0068649,0.046997,0.33606,0.046997,0.0068651,0.046997,0.33606,0.046997,0.006865,0.046997,0.33606,0.046997,0.006865,0.046997,0.33606,0.046997,0.0068648,0.046997,0.33606,0.046997,0.0068646,0.046996,0.33606,0.046997,0.0068651,0.046997,0.33606,0.047004,0.0068901,0.047087,0.3365,0.04701,0.0067241,0.046986,0.33706,0.046672,0.0041109,0.02689,0.23998,0.027853,0.00016332,0.020748,0.20517,0.021422,0,0.021365,0.20644,0.020963,0,0.0088157,0.1468,0.009147,-0,0,0.073154,0,-0,0,0.055711,0,0,0,0.058715,0,0,0,0.059888,0,0,0,0.058438,0,0,0,0.055683,0,0,0.0016297,0.083206
-0.33854,-0.047922,-0.0073413,-0.047283,-0.33635,-0.047356,-0.0073585,-0.047363,-0.33643,-0.047366,-0.0073653,-0.047368,-0.33643,-0.047367,-0.0073655,-0.047368,-0.33643,-0.047366,-0.0073655,-0.047367,-0.33643,-0.047367,-0.0073655,-0.047367,-0.33643,-0.047367,-0.0073655,-0.047367,-0.33643,-0.047367,-0.0073654,-0.047367,-0.33643,-0.047367,-0.0073653,-0.047367,-0.33643,-0.047367,-0.0073657,-0.047368,-0.33643,-0.047367,-0.0073656,-0.047367,-0.33643,-0.047367,-0.0073649,-0.047365,-0.33643,-0.047356,-0.007355,-0.04744,-0.33692,-0.047631,-0.0078128,-0.048004,-0.3384,-0.048388,-0.0069729,-0.029263,-0.24218,-0.0302,-0.002892,-0.022668,-0.20668,-0.02398,-0.0034446,-0.024865,-0.21039,-0.026515,-0.0054626,-0.016345,-0.15381,-0.017505,-0.0010912,-0.0065759,-0.080627,-0.0048612,-0,-0.0026005,-0.060345,-0.0013969,-0,-0.00099155,-0.060714,-0.00043005,-0,-0.00021295,-0.060518,-0,-0,-0,-0.058847,-0,-0,-0,-0.056124,-0.00049625,-0,-0.002157,-0.083687
-0.049009,-0.0075329,-0,-0.0071997,-0.047504,-0.0073508,-0,-0.0073434,-0.04755,-0.0073519,-0,-0.0073525,-0.047552,-0.0073517,-0,-0.0073524,-0.047552,-0.0073521,-0,-0.0073518,-0.047552,-0.0073525,-0,-0.0073513,-0.047552,-0.0073522,-0,-0.0073513,-0.047553,-0.0073521,-0,-0.0073517,-0.047553,-0.0073525,-0,-0.0073518,-0.047553,-0.0073528,-0,-0.0073517,-0.047553,-0.0073526,-0,-0.0073511,-0.047552,-0.0073514,-0,-0.0073498,-0.047544,-0.0073289,-0,-0.0073313,-0.047598,-0.0076529,-0,-0.0079951,-0.049341,-0.0090695,-0,-0.0038719,-0.030232,-0.0037459,-0,-0.0021228,-0.023218,-0.0027614,-0.0019385,-0.007059,-0.029054,-0.0079062,-0.0039761,-0.0068719,-0.019211,-0.0046051,-0,-0,-0.0044274,-0,-0,-0,-0.00036295,-0,-0,-0,-0.00015294,-0,-0,-0,-9.837e-05,-0,-0,-0,-0,-0,-0,-0,-0,-0,-0,-0,-0.012947
0.047184,0.0067437,0,0.0064501,0.045851,0.0066071,0,0.0065997,0.045899,0.0066088,0,0.0066091,0.045901,0.0066086,0,0.0066094,0.045901,0.0066088,0,0.006609,0.045901,0.006609,0,0.0066089,0.045901,0.006609,0,0.0066087,0.045902,0.006609,0,0.0066091,0.045901,0.0066094,0,0.006609,0.045902,0.0066095,0,0.0066093,0.045902,0.0066097,0,0.006609,0.045902,0.0066094,0,0.0066105,0.045903,0.0066146,0,0.0068303,0.046524,0.0068636,0,0.0046704,0.041201,0.0053279,0,0,0.022564,0,0,0,0.018985,0,-0,0,0.0018603,-0,-0,-0,0,-0,-0,0,0,0,0,0,0,0,0,0,0,0,0,0,0,0,0,0,0,0,0,0,0,0,0,0,0.01172
0.33326,0.046584,0.0065441,0.045995,0.33124,0.046077,0.0065924,0.046087,0.33132,0.046089,0.0065997,0.046091,0.33132,0.046089,0.0065996,0.04609,0.33132,0.046089,0.0065996,0.04609,0.33132,0.04609,0.0065997,0.04609,0.33132,0.04609,0.0065999,0.04609,0.33132,0.046089,0.0066,0.04609,0.33132,0.04609,0.0066002,0.04609,0.33132,0.04609,0.0066001,0.04609,0.33132,0.04609,0.0065999,0.046089,0.33132,0.04609,0.0066004,0.04609,0.33132,0.04611,0.0067105,0.046601,0.33391,0.04641,0.0057507,0.042197,0.31291,0.041931,0.0028543,0.022305,0.21736,0.023104,0,0.017773,0.19395,0.017923,0,0.002338,0.11025,0.0030076,-0,0,0.058305,0,0,0,0.058611,0,0,0,0.060279,0,0,0,0.05875,0,0,0,0.057277,0,0,0,0.05597,0,0,0,0.053391,0,0,0.0012188,0.08053
-0.33366,-0.046977,-0.0070672,-0.046374,-0.33161,-0.046445,-0.0070888,-0.046452,-0.33168,-0.046456,-0.0070953,-0.046456,-0.33169,-0.046456,-0.0070952,-0.046456,-0.33169,-0.046456,-0.0070954,-0.046456,-0.33169,-0.046456,-0.0070951,-0.046456,-0.33169,-0.046456,-0.0070952,-0.046456,-0.33169,-0.046456,-0.0070952,-0.046456,-0.33169,-0.046456,-0.0070954,-0.046456,-0.33169,-0.046456,-0.0070956,-0.046457,-0.33169,-0.046457,-0.0070956,-0.046456,-0.33168,-0.046456,-0.0070939,-0.046453,-0.33167,-0.046449,-0.0071498,-0.04694,-0.33435,-0.047174,-0.0071703,-0.043549,-0.31468,-0.044124,-0.0063919,-0.02546,-0.22044,-0.027535,-0.0053435,-0.023433,-0.19949,-0.025021,-0.0045289,-0.011065,-0.11803,-0.01109,-0,-0.0040077,-0.063752,-0.0019643,-0,-0.0011972,-0.060738,-0.00044066,-0,-0.00026427,-0.060928,-4.9718e-05,-0,-0,-0.059163,-0,-0,-0,-0.057666,-0,-0,-0,-0.056324,-0,-0,-0,-0.053749,-0.00020277,-0,-0.0016754,-0.080957
-0.048006,-0.007236,-0,-0.0069387,-0.046594,-0.0070806,-0,-0.0070739,-0.046637,-0.0070818,-0,-0.0070827,-0.046639,-0.0070815,-0,-0.0070824,-0.046639,-0.0070817,-0,-0.0070817,-0.046639,-0.0070821,-0,-0.0070813,-0.046639,-0.0070819,-0,-0.0070814,-0.04664,-0.0070817,-0,-0.0070817,-0.04664,-0.0070823,-0,-0.0070818,-0.04664,-0.0070826,-0,-0.0070816,-0.046639,-0.0070824,-0,-0.0070811,-0.046638,-0.0070804,-0,-0.007081,-0.046631,-0.00705,-0,-0.0072094,-0.047178,-0.0078116,-0,-0.0064105,-0.044742,-0.0080832,-0.00023163,-0.0046885,-0.027306,-0.0054111,-0.0036104,-0.0085828,-0.028556,-0.0083204,-0.0026836,-0.0045031,-0.011618,-0.0013753,-0,-0,-0.0013051,-0,-0,-0,-0.00018564,-0,-0,-0,-0.00015916,-0,-0,-0,-0,-0,-0,-0,-0,-0,-0,-0,-0,-0,-0,-0,-0,-0,-0,-0,-0.012364
0.046275,0.006478,0,0.0062005,0.044961,0.0063465,0,0.0063393,0.045006,0.0063482,0,0.0063482,0.045008,0.0063481,0,0.0063487,0.045008,0.0063482,0,0.0063486,0.045008,0.0063483,0,0.0063484,0.045008,0.0063483,0,0.0063482,0.045009,0.0063483,0,0.0063484,0.045008,0.0063485,0,0.0063483,0.045008,0.0063486,0,0.0063486,0.045009,0.0063488,0,0.0063483,0.045009,0.0063484,0,0.0063464,0.044994,0.0063362,0,0.0066919,0.046061,0.0068975,0,0.0031213,0.037063,0.0039001,0,0,0.014723,0,-0,-0,0,-0,-0,-0,0,0,-0,0,0,0,0,0,0,0,0,0,0,0,0,0,0,0,0,0,0,0,0,0,0,0,0,0,0,0,0,0,0.011341
0.32853,0.04568,0.0062902,0.045106,0.32656,0.045183,0.0063317,0.045191,0.32663,0.045193,0.0063385,0.045195,0.32663,0.045193,0.0063383,0.045195,0.32663,0.045193,0.0063384,0.045194,0.32663,0.045193,0.0063383,0.045194,0.32663,0.045194,0.0063388,0.045194,0.32663,0.045193,0.0063388,0.045194,0.32663,0.045194,0.0063391,0.045195,0.32663,0.045195,0.0063389,0.045194,0.32663,0.045195,0.0063386,0.045193,0.32663,0.045197,0.0063441,0.045189,0.32657,0.045207,0.0065005,0.046082,0.33132,0.045622,0.0044465,0.037617,0.29144,0.037264,0,0.013726,0.17779,0.014438,0,0,0.080621,0,-0,0,0.054011,0,0,0,0.059846,0,0,0,0.05906,0,0,0,0.057461,0,0,0,0.056152,0,0,0,0.055019,0,0,0,0.053922,0,0,0,0.051451,0,0,0.00088565,0.078562
-0.32891,-0.046059,-0.0067993,-0.045477,-0.32692,-0.045546,-0.0068217,-0.045553,-0.32699,-0.045555,-0.0068278,-0.045557,-0.32699,-0.045556,-0.0068278,-0.045557,-0.32699,-0.045556,-0.006828,-0.045557,-0.32699,-0.045556,-0.0068278,-0.045557,-0.32699,-0.045556,-0.0068278,-0.045557,-0.32699,-0.045556,-0.0068278,-0.045557,-0.32699,-0.045556,-0.006828,-0.045557,-0.32699,-0.045557,-0.0068283,-0.045557,-0.32699,-0.045557,-0.0068284,-0.045557,-0.32699,-0.045547,-0.0068031,-0.04552,-0.3269,-0.045543,-0.0069747,-0.046502,-0.33206,-0.047405,-0.0085401,-0.041065,-0.29572,-0.042615,-0.0087532,-0.02105,-0.18453,-0.022327,-0.0023686,-0.0078446,-0.08825,-0.0061429,-0,-0.0022548,-0.057899,-0.00072226,-0,-0.00059433,-0.061005,-0.00017566,-0,-0,-0.059526,-0,-0,-0,-0.05787,-0,-0,-0,-0.05652,-0,-0,-0,-0.055355,-0,-0,-0,-0.054231,-0,-0,-0,-0.051758,-0,-0,-0.0013665,-0.078942
-0.047061,-0.0069565,-0,-0.0066782,-0.045692,-0.0068132,-0,-0.0068063,-0.045733,-0.0068142,-0,-0.0068149,-0.045735,-0.0068136,-0,-0.0068146,-0.045736,-0.006814,-0,-0.006814,-0.045736,-0.0068143,-0,-0.0068137,-0.045736,-0.0068142,-0,-0.0068137,-0.045736,-0.006814,-0,-0.0068139,-0.045736,-0.0068146,-0,-0.0068139,-0.045736,-0.0068148,-0,-0.006814,-0.045736,-0.0068146,-0,-0.0068163,-0.04574,-0.0068,-0,-0.006767,-0.045621,-0.0067708,-0,-0.0070723,-0.046815,-0.0086896,-0.0032705,-0.0094294,-0.045403,-0.012146,-0.0052446,-0.0090832,-0.025417,-0.0070126,-0.00041127,-0.0011981,-0.0061733,-0,-0,-0,-1.1612e-05,-0,-0,-0,-0.00018881,-0,-0,-0,-0,-0,-0,-0,-0,-0,-0,-0,-0,-0,-0,-0,-0,-0,-0,-0,-0,-0,-0,-0,-0,-0,-0,-0,-0.011937
0.045361,0.0062113,0,0.0059514,0.044083,0.0060891,0,0.0060825,0.044125,0.0060907,0,0.0060912,0.044127,0.0060908,0,0.0060914,0.044128,0.006091,0,0.0060912,0.044128,0.0060911,0,0.0060911,0.044128,0.0060909,0,0.0060907,0.044128,0.0060909,0,0.006091,0.044128,0.006091,0,0.0060911,0.044128,0.0060912,0,0.0060912,0.044129,0.006093,0,0.0060791,0.044087,0.0060713,0,0.0062349,0.044533,0.0061214,0,0.0066727,0.046466,0.0064067,0,0,0.015447,0,-0,-0,0,-0,-0,0,0,0,0,0,0,0,0,0,0,0,0,0,0,0,0,0,0,0,0,0,0,0,0,0,0,0,0,0,0,0,0,0,0,0,0,0,0.010932
0.32386,0.044785,0.0060352,0.044225,0.32193,0.0443,0.0060741,0.044307,0.322,0.04431,0.0060806,0.044311,0.32201,0.044309,0.0060801,0.04431,0.32201,0.04431,0.0060803,0.04431,0.32201,0.04431,0.0060803,0.04431,0.32201,0.04431,0.0060808,0.04431,0.32201,0.04431,0.0060811,0.044311,0.32201,0.044311,0.0060813,0.044311,0.32201,0.044311,0.0060806,0.044311,0.32201,0.044319,0.0060921,0.044293,0.32184,0.044274,0.0060959,0.044591,0.32372,0.0442,0.0055428,0.045541,0.33334,0.044645,0,0.015793,0.19561,0.016515,-0,0,0.072453,0,0,0,0.054402,0,0,0,0.059412,0,0,0,0.05782,0,0,0,0.056321,0,0,0,0.055085,0,0,0,0.05401,0,0,0,0.052959,0,0,0,0.05204,0,0,0,0.049787,0,0,0.0005498,0.076678
-0.32424,-0.045157,-0.0065373,-0.044592,-0.3223,-0.044659,-0.006559,-0.044666,-0.32236,-0.044668,-0.0065649,-0.044669,-0.32237,-0.044669,-0.0065646,-0.044669,-0.32237,-0.044669,-0.006565,-0.044669,-0.32237,-0.044669,-0.0065648,-0.044669,-0.32237,-0.044669,-0.0065649,-0.044669,-0.32237,-0.044669,-0.0065651,-0.04467,-0.32237,-0.044669,-0.0065655,-0.04467,-0.32237,-0.04467,-0.0065673,-0.044671,-0.32236,-0.044649,-0.006509,-0.044583,-0.32214,-0.044663,-0.0067448,-0.045227,-0.32481,-0.046451,-0.0098271,-0.050247,-0.33908,-0.051961,-0.011911,-0.025907,-0.20514,-0.026827,-0.0033232,-0.0077786,-0.080217,-0.004664,-0,-0.0015268,-0.057111,-0.00015451,-0,-0.00017529,-0.060051,-0,-0,-0,-0.058245,-0,-0,-0,-0.056708,-0,-0,-0,-0.055434,-0,-0,-0,-0.054334,-0,-0,-0,-0.053259,-0,-0,-0,-0.05232,-0,-0,-0,-0.050073,-0,-0,-0.0010797,-0.077038
-0.046135,-0.0066832,-0,-0.0064227,-0.044805,-0.0065506,-0,-0.0065441,-0.044845,-0.0065515,-0,-0.0065523,-0.044847,-0.0065512,-0,-0.0065519,-0.044847,-0.0065515,-0,-0.0065513,-0.044847,-0.0065519,-0,-0.0065512,-0.044847,-0.0065519,-0,-0.0065511,-0.044847,-0.0065517,-0,-0.0065513,-0.044847,-0.0065523,-0,-0.0065516,-0.044848,-0.0065537,-0,-0.0065581,-0.044856,-0.0065232,-0,-0.0064312,-0.04458,-0.0065628,-0,-0.0068893,-0.045993,-0.0090845,-0.0053024,-0.014083,-0.057389,-0.017496,-0.0088359,-0.013096,-0.032153,-0.0097741,-0.0012384,-0.00094267,-0.0049768,-0,-0,-0,-0,-0,-0,-0,-5.5501e-05,-0,-0,-0,-0,-0,-0,-0,-0,-0,-0,-0,-0,-0,-0,-0,-0,-0,-0,-0,-0,-0,-0,-0,-0,-0,-0,-0,-0,-0,-0,-0,-0.011521
0.044457,0.0059473,0,0.0057029,0.04321,0.0058329,0,0.0058271,0.043251,0.0058346,0,0.0058353,0.043253,0.0058348,0,0.0058355,0.043253,0.005835,0,0.0058353,0.043253,0.0058349,0,0.005835,0.043253,0.0058349,0,0.0058349,0.043253,0.0058349,0,0.0058351,0.043253,0.0058353,0,0.0058353,0.043254,0.0058369,0,0.0058088,0.043173,0.0057914,0,0.0062074,0.044343,0.0060784,0,0.0054277,0.043051,0.0050194,0,0,0.012419,0,-0,-0,0,-0,-0,-0,0,0,0,0,0,0,0,0,0,0,0,0,0,0,0,0,0,0,0,0,0,0,0,0,0,0,0,0,0,0,0,0,0,0,0,0,0,0,0,0,0.010546
0.31924,0.043897,0.0057815,0.043351,0.31735,0.043423,0.0058177,0.04343,0.31742,0.043433,0.005824,0.043434,0.31742,0.043432,0.0058234,0.043433,0.31742,0.043433,0.0058236,0.043433,0.31742,0.043433,0.0058238,0.043433,0.31742,0.043433,0.0058245,0.043433,0.31742,0.043433,0.0058248,0.043433,0.31742,0.043434,0.0058249,0.043434,0.31742,0.043441,0.0058309,0.043386,0.31711,0.043324,0.0058165,0.044143,0.32189,0.043571,0.0046188,0.042324,0.31856,0.041325,0,0.01359,0.18899,0.014158,-0,0,0.057734,0,0,0,0.055056,0,0,0,0.058463,0,0,0,0.056606,0,0,0,0.055192,0,0,0,0.054075,0,0,0,0.053017,0,0,0,0.051971,0,0,0,0.051165,0,0,0,0.050348,0,0,0,0.048074,0,0,0.00026397,0.074901
-0.31961,-0.044265,-0.0062779,-0.043715,-0.31771,-0.04378,-0.0062992,-0.043786,-0.31778,-0.043789,-0.0063047,-0.043789,-0.31778,-0.043789,-0.0063046,-0.043789,-0.31778,-0.043789,-0.0063049,-0.04379,-0.31778,-0.043789,-0.0063046,-0.043789,-0.31778,-0.043789,-0.0063049,-0.043789,-0.31778,-0.043789,-0.0063052,-0.04379,-0.31778,-0.04379,-0.0063067,-0.043791,-0.31777,-0.043765,-0.0062392,-0.043684,-0.31746,-0.043928,-0.0069414,-0.045296,-0.32374,-0.046858,-0.010371,-0.048644,-0.32593,-0.050302,-0.012457,-0.025998,-0.20064,-0.026549,-0.0032467,-0.0070269,-0.066536,-0.0029045,-0,-0.0014036,-0.057622,-0.00012205,-0,-2.8432e-06,-0.058978,-0,-0,-0,-0.056991,-0,-0,-0,-0.055556,-0,-0,-0,-0.054412,-0,-0,-0,-0.053333,-0,-0,-0,-0.052264,-0,-0,-0,-0.051438,-0,-0,-0,-0.050613,-0,-0,-0,-0.048348,-0,-0,-0.00077733,-0.075251
-0.045219,-0.0064138,-0,-0.0061691,-0.043927,-0.0062907,-0,-0.0062847,-0.043965,-0.0062918,-0,-0.0062926,-0.043967,-0.0062915,-0,-0.0062921,-0.043967,-0.0062919,-0,-0.0062919,-0.043967,-0.0062923,-0,-0.0062915,-0.043967,-0.0062923,-0,-0.0062917,-0.043967,-0.0062919,-0,-0.0062919,-0.043968,-0.0062934,-0,-0.0062973,-0.043973,-0.0062572,-0,-0.0061462,-0.043694,-0.0065435,-0,-0.0075138,-0.047306,-0.010643,-0.0075273,-0.015798,-0.057221,-0.018848,-0.0097492,-0.013856,-0.032111,-0.010082,-0.0010007,-0,-0.0026578,-0,-0,-0,-0,-0,-0,-0,-0,-0,-0,-0,-0,-0,-0,-0,-0,-0,-0,-0,-0,-0,-0,-0,-0,-0,-0,-0,-0,-0,-0,-0,-0,-0,-0,-0,-0,-0,-0,-0,-0,-0,-0,-0,-0.011119
0.043565,0.0056865,0,0.0054554,0.042343,0.0055784,0,0.0055732,0.042382,0.0055801,0,0.005581,0.042384,0.0055802,0,0.0055813,0.042384,0.0055803,0,0.0055813,0.042384,0.0055805,0,0.0055811,0.042384,0.0055805,0,0.0055809,0.042384,0.0055808,0,0.0055813,0.042385,0.0055819,0,0.0055584,0.042315,0.0055504,0,0.0060277,0.043671,0.0058505,0,0.0031992,0.037175,0.0024579,-0,0,0.0037236,-0,-0,-0,-0,-0,-0,0,0,0,0,0,0,0,0,0,0,0,0,0,0,0,0,0,0,0,0,0,0,0,0,0,0,0,0,0,0,0,0,0,0,0,0,0,0,0,0,0,0,0,0,0,0.010183
0.31466,0.043018,0.0055296,0.042484,0.3128,0.042553,0.0055637,0.04256,0.31286,0.042562,0.0055698,0.042563,0.31287,0.042562,0.0055692,0.042563,0.31287,0.042562,0.0055696,0.042563,0.31287,0.042563,0.0055698,0.042562,0.31287,0.042563,0.0055705,0.042563,0.31287,0.042563,0.0055709,0.042564,0.31287,0.04257,0.0055759,0.042521,0.31259,0.042482,0.0056306,0.043462,0.31818,0.042665,0.0033584,0.037461,0.29473,0.03632,0,0.0053935,0.14456,0.0061335,-0,0,0.046335,0,0,0,0.057299,0,0,0,0.0582,0,0,0,0.056125,0,0,0,0.054336,0,0,0,0.053103,0,0,0,0.052009,0,0,0,0.050982,0,0,0,0.050246,0,0,0,0.049477,0,0,0,0.048605,0,0,0,0.046557,0,0,7.0274e-06,0.073237
-0.31502,-0.04338,-0.0060195,-0.042843,-0.31315,-0.042905,-0.0060392,-0.042911,-0.31322,-0.042913,-0.0060445,-0.042915,-0.31322,-0.042914,-0.0060444,-0.042915,-0.31322,-0.042914,-0.0060448,-0.042915,-0.31322,-0.042915,-0.0060449,-0.042915,-0.31322,-0.042915,-0.0060451,-0.042915,-0.31322,-0.042915,-0.0060454,-0.042914,-0.31321,-0.042892,-0.0059873,-0.042824,-0.31294,-0.043027,-0.0066164,-0.044502,-0.31999,-0.046233,-0.010313,-0.044368,-0.30301,-0.04608,-0.011142,-0.018565,-0.157,-0.018962,-0.0011008,-0.0050895,-0.054059,-0.0014851,-0,-0.0011304,-0.05938,-0.00015592,-0,-0,-0.058631,-0,-0,-0,-0.05646,-0,-0,-0,-0.054645,-0,-0,-0,-0.053402,-0,-0,-0,-0.052307,-0,-0,-0,-0.051265,-0,-0,-0,-0.050513,-0,-0,-0,-0.049738,-0,-0,-0,-0.048856,-0,-0,-0,-0.046813,-0,-0,-0.00050272,-0.073579
-0.044315,-0.0061467,-0,-0.0059152,-0.04305,-0.0060305,-0,-0.0060251,-0.043087,-0.0060316,-0,-0.0060325,-0.043089,-0.0060314,-0,-0.0060322,-0.043089,-0.0060318,-0,-0.0060322,-0.04309,-0.0060324,-0,-0.0060318,-0.043089,-0.0060322,-0,-0.0060319,-0.04309,-0.0060321,-0,-0.0060345,-0.043088,-0.0059985,-0,-0.005912,-0.042869,-0.0062275,-0,-0.0071298,-0.046287,-0.010342,-0.007858,-0.015479,-0.053616,-0.017642,-0.0075979,-0.010036,-0.021215,-0.0056294,-0,-0,-0.00016484,-0,-0,-0,-5.2773e-06,-0,-0,-0,-0,-0,-0,-0,-0,-0,-0,-0,-0,-0,-0,-0,-0,-0,-0,-0,-0,-0,-0,-0,-0,-0,-0,-0,-0,-0,-0,-0,-0,-0,-0,-0,-0,-0,-0,-0,-0,-0,-0,-0,-0.010742
0.042686,0.0054308,0,0.0052138,0.041495,0.0053306,0,0.0053255,0.041532,0.005332,0,0.005333,0.041534,0.0053322,0,0.0053335,0.041535,0.0053327,0,0.0053334,0.041535,0.0053327,0,0.0053333,0.041535,0.0053327,0,0.0053332,0.041535,0.0053328,0,0.0053207,0.041497,0.0053216,0,0.0056904,0.04253,0.0055561,0,0.0035931,0.037876,0.0026651,-0,-0,0,-0,-0,-0,0,-0,-0,0,0,0,0,0,0,0,0,0,0,0,0,0,0,0,0,0,0,0,0,0,0,0,0,0,0,0,0,0,0,0,0,0,0,0,0,0,0,0,0,0,0,0,0,0,0,0,0,0,0.0098111
0.31015,0.042154,0.005283,0.041633,0.30833,0.0417,0.0053153,0.041707,0.3084,0.041709,0.005321,0.04171,0.3084,0.041709,0.0053208,0.041709,0.3084,0.04171,0.0053215,0.04171,0.3084,0.04171,0.0053218,0.04171,0.3084,0.04171,0.0053226,0.04171,0.3084,0.041712,0.0053231,0.041684,0.30824,0.041685,0.0054312,0.042455,0.31248,0.041848,0.0037259,0.038201,0.29672,0.036926,0,0.0014525,0.11289,0.0014041,-0,0,0.045429,0,0,0,0.059251,0,0,0,0.057752,0,0,0,0.055812,0,0,0,0.054045,0,0,0,0.052726,0,0,0,0.051401,0,0,0,0.050186,0,0,0,0.049337,0,0,0,0.048558,0,0,0,0.047728,0,0,0,0.047095,0,0,0,0.045155,0,0,0,0.071549
-0.31051,-0.042511,-0.0057662,-0.041987,-0.30868,-0.042047,-0.0057845,-0.042053,-0.30874,-0.042055,-0.0057897,-0.042056,-0.30875,-0.042055,-0.0057899,-0.042057,-0.30875,-0.042056,-0.0057904,-0.042056,-0.30875,-0.042056,-0.0057903,-0.042056,-0.30875,-0.042056,-0.0057902,-0.042056,-0.30874,-0.042045,-0.0057635,-0.042009,-0.30858,-0.042085,-0.0060583,-0.043083,-0.31363,-0.044418,-0.0090555,-0.043603,-0.30303,-0.044891,-0.0086941,-0.014255,-0.12443,-0.013496,-0,-0.003475,-0.051465,-0.00058628,-0,-0.00068669,-0.060456,-3.9799e-05,-0,-0,-0.058132,-0,-0,-0,-0.056145,-0,-0,-0,-0.054333,-0,-0,-0,-0.052982,-0,-0,-0,-0.051651,-0,-0,-0,-0.050427,-0,-0,-0,-0.04957,-0,-0,-0,-0.048798,-0,-0,-0,-0.047965,-0,-0,-0,-0.047321,-0,-0,-0,-0.045401,-0,-0,-0.00025695,-0.071886
-0.043427,-0.0058855,-0,-0.0056677,-0.042193,-0.0057769,-0,-0.0057717,-0.042229,-0.0057779,-0,-0.0057788,-0.042231,-0.0057777,-0,-0.0057784,-0.042231,-0.0057782,-0,-0.0057787,-0.042231,-0.0057787,-0,-0.0057787,-0.042231,-0.0057786,-0,-0.0057794,-0.04223,-0.0057626,-0,-0.005728,-0.042131,-0.0058315,-0,-0.0062896,-0.043945,-0.0086264,-0.0056307,-0.012703,-0.049761,-0.014717,-0.0043542,-0.0065567,-0.013717,-0.0022043,-0,-0,-0,-0,-0,-0,-0.00010623,-0,-0,-0,-0,-0,-0,-0,-0,-0,-0,-0,-0,-0,-0,-0,-0,-0,-0,-0,-0,-0,-0,-0,-0,-0,-0,-0,-0,-0,-0,-0,-0,-0,-0,-0,-0,-0,-0,-0,-0,-0,-0,-0,-0,-0,-0,-0,-0.010365
0.041809,0.0051747,0,0.0049715,0.040649,0.0050823,0,0.0050774,0.040685,0.0050836,0,0.0050849,0.040687,0.0050842,0,0.0050853,0.040687,0.0050845,0,0.0050849,0.040687,0.0050844,0,0.0050847,0.040687,0.0050841,0,0.0050805,0.040675,0.0050827,0,0.0052208,0.041052,0.0051269,0,0.004842,0.040713,0.0043756,-0,0,0.0066819,-0,-0,-0,0,-0,-0,0,0,0,0,0,0,0,0,0,0,0,0,0,0,0,0,0,0,0,0,0,0,0,0,0,0,0,0,0,0,0,0,0,0,0,0,0,0,0,0,0,0,0,0,0,0,0,0,0,0,0,0,0,0.0094399
0.30568,0.041296,0.0050389,0.040789,0.3039,0.040853,0.0050691,0.040859,0.30396,0.040861,0.0050748,0.040862,0.30396,0.040862,0.0050746,0.040862,0.30396,0.040862,0.0050752,0.040862,0.30396,0.040862,0.0050755,0.040862,0.30396,0.040863,0.0050757,0.040853,0.30391,0.040864,0.0051395,0.041154,0.30548,0.040782,0.0043628,0.040495,0.30641,0.039585,0,0.007634,0.1531,0.0087051,-0,0,0.047013,0,0,0,0.059551,0,0,0,0.057465,0,0,0,0.055502,0,0,0,0.053774,0,0,0,0.052435,0,0,0,0.051145,0,0,0,0.049871,0,0,0,0.048933,0,0,0,0.048033,0,0,0,0.047091,0,0,0,0.046343,0,0,0,0.045726,0,0,0,0.043719,0,0,0,0.069864
-0.30602,-0.041641,-0.0055069,-0.041133,-0.30424,-0.041191,-0.0055263,-0.041197,-0.3043,-0.0412,-0.0055319,-0.041201,-0.3043,-0.041201,-0.0055324,-0.041201,-0.3043,-0.041201,-0.0055323,-0.0412,-0.3043,-0.0412,-0.0055318,-0.0412,-0.3043,-0.041197,-0.0055243,-0.041185,-0.30424,-0.041182,-0.0055623,-0.041539,-0.3062,-0.042538,-0.0079967,-0.044401,-0.31125,-0.046138,-0.010341,-0.018492,-0.16313,-0.019328,-0,-0.0036388,-0.051924,-4.882e-05,-0,-0.00037576,-0.060302,-0,-0,-0,-0.057805,-0,-0,-0,-0.055803,-0,-0,-0,-0.054035,-0,-0,-0,-0.052662,-0,-0,-0,-0.051358,-0,-0,-0,-0.050063,-0,-0,-0,-0.049108,-0,-0,-0,-0.048214,-0,-0,-0,-0.047276,-0,-0,-0,-0.04652,-0,-0,-0,-0.045905,-0,-0,-0,-0.043927,-0,-0,-0,-0.070179
-0.042528,-0.0056167,-0,-0.005414,-0.041337,-0.0055188,-0,-0.0055135,-0.04137,-0.0055195,-0,-0.0055206,-0.041373,-0.0055194,-0,-0.0055203,-0.041373,-0.0055198,-0,-0.0055206,-0.041373,-0.0055202,-0,-0.0055206,-0.041372,-0.0055157,-0,-0.0055109,-0.041347,-0.0054947,-0,-0.0055507,-0.04179,-0.0073046,-0.0034471,-0.010853,-0.049644,-0.013901,-0.0060865,-0.0094832,-0.021994,-0.0056543,-0,-0,-0,-0,-0,-0,-3.3772e-05,-0,-0,-0,-0,-0,-0,-0,-0,-0,-0,-0,-0,-0,-0,-0,-0,-0,-0,-0,-0,-0,-0,-0,-0,-0,-0,-0,-0,-0,-0,-0,-0,-0,-0,-0,-0,-0,-0,-0,-0,-0,-0,-0,-0,-0,-0,-0,-0,-0,-0,-0,-0.0099576
0.040971,0.0049406,0,0.0047444,0.039819,0.0048496,0,0.0048451,0.039854,0.0048513,0,0.0048523,0.039856,0.0048518,0,0.0048527,0.039857,0.004852,0,0.0048525,0.039856,0.0048516,0,0.0048516,0.039854,0.0048534,0,0.0048663,0.039881,0.0048102,0,0.0054277,0.041838,0.0051158,0,0,0.014757,0,-0,-0,0,-0,-0,0,0,0,0,0,0,0,0,0,0,0,0,0,0,0,0,0,0,0,0,0,0,0,0,0,0,0,0,0,0,0,0,0,0,0,0,0,0,0,0,0,0,0,0,0,0,0,0,0,0,0,0,0,0,0,0,0,0.0091545
0.30127,0.040497,0.0048693,0.039997,0.29951,0.040058,0.0048948,0.040063,0.29957,0.040066,0.0049002,0.040067,0.29957,0.040066,0.0049,0.040066,0.29957,0.040067,0.0049003,0.040066,0.29957,0.040067,0.0049005,0.040065,0.29956,0.040079,0.0049333,0.040107,0.2997,0.039881,0.0046704,0.041275,0.3087,0.040269,0,0.015702,0.19473,0.016241,-0,0,0.047365,0,0,0,0.05835,0,0,0,0.057291,0,0,0,0.055311,0,0,0,0.053612,0,0,0,0.052277,0,0,0,0.050967,0,0,0,0.049707,0,0,0,0.048736,0,0,0,0.047837,0,0,0,0.046869,0,0,0,0.046019,0,0,0,0.045397,0,0,0,0.044723,0,0,0,0.042668,0,0,0,0.068511
-0.30148,-0.040662,-0.0050402,-0.040158,-0.29971,-0.040218,-0.0050645,-0.040224,-0.29977,-0.040227,-0.0050713,-0.040228,-0.29978,-0.040228,-0.0050717,-0.040228,-0.29978,-0.040228,-0.0050713,-0.040228,-0.29978,-0.040227,-0.0050695,-0.040223,-0.29975,-0.040186,-0.0049888,-0.040213,-0.30007,-0.040972,-0.0070321,-0.043979,-0.31248,-0.045932,-0.010372,-0.025175,-0.20397,-0.026183,-0.0010295,-0.0045092,-0.053103,-0.00021269,-0,-0.00011728,-0.058851,-0,-0,-0,-0.057073,-0,-0,-0,-0.055047,-0,-0,-0,-0.053304,-0,-0,-0,-0.05194,-0,-0,-0,-0.050615,-0,-0,-0,-0.049333,-0,-0,-0,-0.048348,-0,-0,-0,-0.047498,-0,-0,-0,-0.046638,-0,-0,-0,-0.045841,-0,-0,-0,-0.045227,-0,-0,-0,-0.044557,-0,-0,-0,-0.042501,-0,-0,-0,-0.068633
-0.041513,-0.0051601,-0,-0.0049467,-0.040309,-0.0050515,-0,-0.0050449,-0.040342,-0.005052,-0,-0.0050528,-0.040344,-0.0050519,-0,-0.005053,-0.040344,-0.0050522,-0,-0.0050527,-0.040344,-0.005051,-0,-0.0050548,-0.04034,-0.0049912,-0,-0.0048705,-0.040146,-0.0061322,-0.0016481,-0.0092984,-0.048585,-0.012798,-0.0065153,-0.011397,-0.031021,-0.0085252,-0,-0,-0,-0,-0,-0,-0,-0,-0,-0,-0,-0,-0,-0,-0,-0,-0,-0,-0,-0,-0,-0,-0,-0,-0,-0,-0,-0,-0,-0,-0,-0,-0,-0,-0,-0,-0,-0,-0,-0,-0,-0,-0,-0,-0,-0,-0,-0,-0,-0,-0,-0,-0,-0,-0,-0,-0,-0,-0,-0,-0,-0,-0.0094192
0.040355,0.0050965,0,0.0049628,0.039343,0.0050635,0,0.0050583,0.039377,0.0050643,0,0.0050649,0.039379,0.0050648,0,0.0050652,0.039379,0.0050649,0,0.0050659,0.039381,0.0050686,0,0.0050471,0.039304,0.005014,0,0.0058885,0.041877,0.005606,0,0,0.02012,0,-0,-0,0,-0,-0,0,0,0,0,0,0.0002961,0,0,0,0.00014639,0,0,0,0,0,0,0,0,0,0,0,0,0,0,0,0,0,0,0,0,0,0,0,0,0,0,0,0,0,0,0,0,0,0,0,0,0,0,0,0,0,0,0,0,0,0,0,0,0,0,0,0.0091344
0.2972,0.041201,0.0070313,0.040803,0.29583,0.040837,0.0069799,0.04084,0.29589,0.04084,0.0069765,0.04084,0.29589,0.04084,0.0069761,0.04084,0.29589,0.04084,0.0069765,0.040841,0.29589,0.040856,0.0070087,0.040815,0.29559,0.040715,0.0069408,0.042536,0.3065,0.041585,0.0031279,0.02255,0.21877,0.022783,0,0,0.05646,0,0,0.001828,0.057882,0.0029926,0,0.0034488,0.058369,0.0034717,0,0.0033609,0.056368,0.0032948,0,0.0032064,0.054644,0.0031568,0,0.0030998,0.053363,0.0030533,0,0.0029781,0.052014,0.0029298,0,0.0028597,0.050738,0.0028223,0,0.0027784,0.049773,0.0027468,0,0.0026932,0.048845,0.0025914,0,0.0024445,0.047842,0.0019337,0,0.0014946,0.046734,0.00096537,0,0.00078783,0.045965,0.0006373,0,0.00057987,0.045307,0.00053833,0,0.00046869,0.044631,0.0004745,0,0,0.042583,0.001358,0,0.0020535,0.067635
-0.29364,-0.035378,-0,-0.034795,-0.29155,-0.034912,-0,-0.034931,-0.29164,-0.034937,-0,-0.034938,-0.29165,-0.034938,-0,-0.034938,-0.29165,-0.034939,-0,-0.034937,-0.29164,-0.034901,-0,-0.034774,-0.29131,-0.035101,-0.00057554,-0.038318,-0.30437,-0.039712,-0.0028503,-0.023455,-0.22111,-0.024761,-0,-0,-0.056344,-0,0,-0,-0.051416,-0,0,-0,-0.050744,-0,0,-0,-0.048648,-0,0,-0,-0.046864,-0,0,-0,-0.045533,-0,0,-0,-0.044153,-0,0,-0,-0.04284,-0,0,-0,-0.041835,-0,0,-0,-0.040937,-0,0,-0,-0.040517,-0,0,-0,-0.040922,-0,0,-0,-0.040912,-0,0,-0,-0.040393,-0,0,-0,-0.03974,-0,0,-0,-0.03757,-0,0,-0,-0.064086
-0.035495,-0,-0,-0,-0.034181,-0,-0,-0,-0.034205,-0,-0,-0,-0.034208,-0,-0,-0,-0.034208,-0,-0,-0,-0.034209,-0,-0,-0,-0.033828,-0,-0,-0.0011712,-0.039471,-0.0031504,-0,-0.0010415,-0.02642,-0,0,0,-0,0,0,0,-0,0,0,0,-0,0,0,0,-0,0,0,0,-0,0,0,0,-0,0,0,0,-0,0,0,0,-0,0,0,0,-0,0,0,0,0,0,0,0,-0,0,0,0,-0,0,0,0,-0,0,0,0,-0,0,0,0,-0,0,0,0,-0,0,0,0,-0.0054841
0.058816,0.020747,0.013976,0.020688,0.059127,0.020747,0.013722,0.020726,0.059184,0.02074,0.013734,0.02074,0.059188,0.02074,0.013735,0.02074,0.059187,0.020737,0.013726,0.020719,0.059137,0.020773,0.013985,0.021507,0.060986,0.021158,0.012305,0.01561,0.047955,0.015098,0.0058945,0.0059414,0.010752,0.0054654,0.0086567,0.012195,0.016311,0.013779,0.013451,0.015139,0.018941,0.015482,0.014329,0.015489,0.018668,0.015451,0.014306,0.015469,0.018417,0.015454,0.014324,0.015487,0.018265,0.015474,0.014337,0.015481,0.018071,0.01546,0.014332,0.015467,0.01788,0.015454,0.014339,0.015476,0.01776,0.015467,0.014353,0.015479,0.017647,0.015491,0.014393,0.015543,0.017574,0.015297,0.01407,0.01506,0.016472,0.012573,0.010305,0.0090397,0.010001,0.0072619,0.0065887,0.006302,0.0081882,0.0060557,0.0056699,0.0059773,0.0079842,0.005949,0.0055444,0.0058464,0.0077801,0.0057612,0.0052918,0.0055674,0.0074262,0.0056534,0.0046318,0.006769,0.021823
0.35355,0.085201,0.034675,0.08415,0.35593,0.084117,0.034041,0.084132,0.35612,0.084138,0.034046,0.084139,0.35613,0.084139,0.034046,0.084139,0.35613,0.084137,0.034038,0.084093,0.35587,0.084123,0.034254,0.085477,0.36336,0.085312,0.033028,0.076596,0.31625,0.07697,0.030965,0.043148,0.15009,0.046985,0.027867,0.042691,0.12948,0.044996,0.03044,0.045744,0.13264,0.046052,0.030938,0.04556,0.13036,0.045658,0.030947,0.045284,0.12866,0.04537,0.030968,0.045103,0.12743,0.045175,0.030984,0.044897,0.12617,0.044962,0.03099,0.044689,0.12492,0.044749,0.031002,0.044546,0.12399,0.044598,0.031015,0.044416,0.12315,0.044479,0.031103,0.044485,0.12267,0.044502,0.03066,0.042933,0.11969,0.042036,0.02358,0.027999,0.08923,0.025653,0.017416,0.023153,0.083557,0.02286,0.016216,0.02281,0.083014,0.022787,0.016101,0.022463,0.081827,0.022265,0.015444,0.021051,0.078522,0.022224,0.015027,0.02862,0.10194
0.15117,0.019781,0,0.015806,0.12921,0.015641,0,0.015621,0.12915,0.015616,0,0.015616,0.12915,0.015615,0,0.015616,0.12915,0.015616,0,0.01566,0.12941,0.01563,0,0.014265,0.12117,0.01443,0,0.023412,0.17523,0.025056,0.0097817,0.058366,0.36473,0.061493,0.018447,0.067104,0.39484,0.068081,0.020604,0.067971,0.3936,0.06809,0.020848,0.068582,0.39635,0.068653,0.021061,0.069009,0.39835,0.069064,0.02122,0.069324,0.39982,0.069371,0.021355,0.069634,0.4013,0.069679,0.021487,0.069937,0.40276,0.069978,0.021604,0.070174,0.40387,0.070209,0.021702,0.070388,0.40487,0.070448,0.021901,0.071085,0.40839,0.070866,0.021166,0.067753,0.3928,0.065816,0.01319,0.029201,0.19686,0.027497,0.0049493,0.021481,0.16171,0.02133,0.0038269,0.02134,0.16188,0.021319,0.0037482,0.020909,0.15958,0.020858,0.0035073,0.020333,0.15736,0.019105,0.004973,0.024611,0.17444
