0.66823,-1.5192,-1.5192,-1.5192,0.66823,-1.5192,-1.5192,-1.5192,0.66823,-1.5192,-1.5192,-1.5192,0.66823,-1.5192,-1.5192,-1.5192,0.66823,-1.5192,-1.5192,-1.5192,0.66823,-1.5192,-1.5192,-1.5192,0.66823,-1.5192,-1.5192,-1.5192,0.66823,-1.5192,-1.5192,-1.5192,0.66823,-1.5192,-1.5192,-1.5192,0.66823,-1.5192,-1.5192,-1.5192,0.66823,-1.5192,-1.5192,-1.5192,0.66823,-1.5192,-1.5192,-1.5192,0.66823,-1.5192,-1.5192,-1.5192,0.66823,-1.5192,-1.5192,-1.5192,0.66823,-1.5192,-1.5192,-1.5192,0.66823,-1.5192,-1.5192,-1.5192,0.66823,-1.5192,-1.5192,-1.5192,0.66823,-1.5192,-1.5192,-1.5192,0.67169,-1.5192,-1.5192,-1.5192,0.64993,-1.5192,-1.5192,-1.5192,0.38139,-1.5192,-1.5192,-1.5192,0.3327,-1.5192,-1.5192,-1.5192,0.3321,-1.5192,-1.5192,-1.5192,0.32804,-1.5192,-1.5192,-1.5192,0.32479,-1.5192,-1.5192,-1.5192,0.32146
-1.5192,-1.5192,-1.5192,-1.5192,-1.5192,-1.5192,-1.5192,-1.5192,-1.5192,-1.5192,-1.5192,-1.5192,-1.5192,-1.5192,-1.5192,-1.5192,-1.5192,-1.5192,-1.5192,-1.5192,-1.5192,-1.5192,-1.5192,-1.5192,-1.5192,-1.5192,-1.5192,-1.5192,-1.5192,-1.5192,-1.5192,-1.5192,-1.5192,-1.5192,-1.5192,-1.5192,-1.5192,-1.5192,-1.5192,-1.5192,-1.5192,-1.5192,-1.5192,-1.5192,-1.5192,-1.5192,-1.5192,-1.5192,-1.5192,-1.5192,-1.5192,-1.5192,-1.5192,-1.5192,-1.5192,-1.5192,-1.5192,-1.5192,-1.5192,-1.5192,-1.5192,-1.5192,-1.5192,-1.5192,-1.5192,-1.5192,-1.5192,-1.5192,-1.5192,-1.5192,-1.5192,-1.5192,-1.5192,-1.5192,-1.5192,-1.5192,-1.5192,-1.5192,-1.5192,-1.5192,-1.5192,-1.5192,-1.5192,-1.5192,-1.5192,-1.5192,-1.5192,-1.5192,-1.5192,-1.5192,-1.5192,-1.5192,-1.5192,-1.5192,-1.5192,-1.5192,-1.5192,-1.5192,-1.5192,-1.5192,-1.5192
-1.5192,-1.5192,-1.5192,-1.5192,-1.5192,-1.5192,-1.5192,-1.5192,-1.5192,-1.5192,-1.5192,-1.5192,-1.5192,-1.5192,-1.5192,-1.5192,-1.5192,-1.5192,-1.5192,-1.5192,-1.5192,-1.5192,-1.5192,-1.5192,-1.5192,-1.5192,-1.5192,-1.5192,-1.5192,-1.5192,-1.5192,-1.5192,-1.5192,-1.5192,-1.5192,-1.5192,-1.5192,-1.5192,-1.5192,-1.5192,-1.5192,-1.5192,-1.5192,-1.5192,-1.5192,-1.5192,-1.5192,-1.5192,-1.5192,-1.5192,-1.5192,-1.5192,-1.5192,-1.5192,-1.5192,-1.5192,-1.5192,-1.5192,-1.5192,-1.5192,-1.5192,-1.5192,-1.5192,-1.5192,-1.5192,-1.5192,-1.5192,-1.5192,-1.5192,-1.5192,-1.5192,-1.5192,-1.5192,-1.5192,-1.5192,-1.5192,-1.5192,-1.5192,-1.5192,-1.5192,-1.5192,-1.5192,-1.5192,-1.5192,-1.5192,-1.5192,-1.5192,-1.5192,-1.5192,-1.5192,-1.5192,-1.5192,-1.5192,-1.5192,-1.5192,-1.5192,-1.5192,-1.5192,-1.5192,-1.5192,-1.5192
-1.5192,-1.5192,-1.5192,-1.5192,-1.5192,-1.5192,-1.5192,-1.5192,-1.5192,-1.5192,-1.5192,-1.5192,-1.5192,-1.5192,-1.5192,-1.5192,-1.5192,-1.5192,-1.5192,-1.5192,-1.5192,-1.5192,-1.5192,-1.5192,-1.5192,-1.5192,-1.5192,-1.5192,-1.5192,-1.5192,-1.5192,-1.5192,-1.5192,-1.5192,-1.5192,-1.5192,-1.5192,-1.5192,-1.5192,-1.5192,-1.5192,-1.5192,-1.5192,-1.5192,-1.5192,-1.5192,-1.5192,-1.5192,-1.5192,-1.5192,-1.5192,-1.5192,-1.5192,-1.5192,-1.5192,-1.5192,-1.5192,-1.5192,-1.5192,-1.5192,-1.5192,-1.5192,-1.5192,-1.5192,-1.5192,-1.5192,-1.5192,-1.5192,-1.5192,-1.5192,-1.5192,-1.5192,-1.5192,-1.5192,-1.5192,-1.5192,-1.5192,-1.5192,-1.5192,-1.5192,-1.5192,-1.5192,-1.5192,-1.5192,-1.5192,-1.5192,-1.5192,-1.5192,-1.5192,-1.5192,-1.5192,-1.5192,-1.5192,-1.5192,-1.5192,-1.5192,-1.5192,-1.5192,-1.5192,-1.5192,-1.5192
0.65943,-1.5192,-1.5192,-1.5192,0.65943,-1.5192,-1.5192,-1.5192,0.65943,-1.5192,-1.5192,-1.5192,0.65943,-1.5192,-1.5192,-1.5192,0.65943,-1.5192,-1.5192,-1.5192,0.65943,-1.5192,-1.5192,-1.5192,0.65943,-1.5192,-1.5192,-1.5192,0.65943,-1.5192,-1.5192,-1.5192,0.65943,-1.5192,-1.5192,-1.5192,0.65943,-1.5192,-1.5192,-1.5192,0.65943,-1.5192,-1.5192,-1.5192,0.65943,-1.5192,-1.5192,-1.5192,0.65943,-1.5192,-1.5192,-1.5192,0.65943,-1.5192,-1.5192,-1.5192,0.65943,-1.5192,-1.5192,-1.5192,0.65943,-1.5192,-1.5192,-1.5192,0.65943,-1.5192,-1.5192,-1.5192,0.65941,-1.5192,-1.5192,-1.5192,0.66979,-1.5192,-1.5192,-1.5192,0.56685,-1.5192,-1.5192,-1.5192,0.33684,-1.5192,-1.5192,-1.5192,0.33575,-1.5192,-1.5192,-1.5192,0.33081,-1.5192,-1.5192,-1.5192,0.32727,-1.5192,-1.5192,-1.5192,0.32396,-1.5192,-1.5192,-1.5192,0.32077
-1.5192,-1.5192,-1.5192,-1.5192,-1.5192,-1.5192,-1.5192,-1.5192,-1.5192,-1.5192,-1.5192,-1.5192,-1.5192,-1.5192,-1.5192,-1.5192,-1.5192,-1.5192,-1.5192,-1.5192,-1.5192,-1.5192,-1.5192,-1.5192,-1.5192,-1.5192,-1.5192,-1.5192,-1.5192,-1.5192,-1.5192,-1.5192,-1.5192,-1.5192,-1.5192,-1.5192,-1.5192,-1.5192,-1.5192,-1.5192,-1.5192,-1.5192,-1.5192,-1.5192,-1.5192,-1.5192,-1.5192,-1.5192,-1.5192,-1.5192,-1.5192,-1.5192,-1.5192,-1.5192,-1.5192,-1.5192,-1.5192,-1.5192,-1.5192,-1.5192,-1.5192,-1.5192,-1.5192,-1.5192,-1.5192,-1.5192,-1.5192,-1.5192,-1.5192,-1.5192,-1.5192,-1.5192,-1.5192,-1.5192,-1.5192,-1.5192,-1.5192,-1.5192,-1.5192,-1.5192,-1.5192,-1.5192,-1.5192,-1.5192,-1.5192,-1.5192,-1.5192,-1.5192,-1.5192,-1.5192,-1.5192,-1.5192,-1.5192,-1.5192,-1.5192,-1.5192,-1.5192,-1.5192,-1.5192,-1.5192,-1.5192
-1.5192,-1.5192,-1.5192,-1.5192,-1.5192,-1.5192,-1.5192,-1.5192,-1.5192,-1.5192,-1.5192,-1.5192,-1.5192,-1.5192,-1.5192,-1.5192,-1.5192,-1.5192,-1.5192,-1.5192,-1.5192,-1.5192,-1.5192,-1.5192,-1.5192,-1.5192,-1.5192,-1.5192,-1.5192,-1.5192,-1.5192,-1.5192,-1.5192,-1.5192,-1.5192,-1.5192,-1.5192,-1.5192,-1.5192,-1.5192,-1.5192,-1.5192,-1.5192,-1.5192,-1.5192,-1.5192,-1.5192,-1.5192,-1.5192,-1.5192,-1.5192,-1.5192,-1.5192,-1.5192,-1.5192,-1.5192,-1.5192,-1.5192,-1.5192,-1.5192,-1.5192,-1.5192,-1.5192,-1.5192,-1.5192,-1.5192,-1.5192,-1.5192,-1.5192,-1.5192,-1.5192,-1.5192,-1.5192,-1.5192,-1.5192,-1.5192,-1.5192,-1.5192,-1.5192,-1.5192,-1.5192,-1.5192,-1.5192,-1.5192,-1.5192,-1.5192,-1.5192,-1.5192,-1.5192,-1.5192,-1.5192,-1.5192,-1.5192,-1.5192,-1.5192,-1.5192,-1.5192,-1.5192,-1.5192,-1.5192,-1.5192
-1.5192,-1.5192,-1.5192,-1.5192,-1.5192,-1.5192,-1.5192,-1.5192,-1.5192,-1.5192,-1.5192,-1.5192,-1.5192,-1.5192,-1.5192,-1.5192,-1.5192,-1.5192,-1.5192,-1.5192,-1.5192,-1.5192,-1.5192,-1.5192,-1.5192,-1.5192,-1.5192,-1.5192,-1.5192,-1.5192,-1.5192,-1.5192,-1.5192,-1.5192,-1.5192,-1.5192,-1.5192,-1.5192,-1.5192,-1.5192,-1.5192,-1.5192,-1.5192,-1.5192,-1.5192,-1.5192,-1.5192,-1.5192,-1.5192,-1.5192,-1.5192,-1.5192,-1.5192,-1.5192,-1.5192,-1.5192,-1.5192,-1.5192,-1.5192,-1.5192,-1.5192,-1.5192,-1.5192,-1.5192,-1.5192,-1.5192,-1.5192,-1.5192,-1.5192,-1.5192,-1.5192,-1.5192,-1.5192,-1.5192,-1.5192,-1.5192,-1.5192,-1.5192,-1.5192,-1.5192,-1.5192,-1.5192,-1.5192,-1.5192,-1.5192,-1.5192,-1.5192,-1.5192,-1.5192,-1.5192,-1.5192,-1.5192,-1.5192,-1.5192,-1.5192,-1.5192,-1.5192,-1.5192,-1.5192,-1.5192,-1.5192
0.65072,-1.5192,-1.5192,-1.5192,0.65072,-1.5192,-1.5192,-1.5192,0.65072,-1.5192,-1.5192,-1.5192,0.65072,-1.5192,-1.5192,-1.5192,0.65072,-1.5192,-1.5192,-1.5192,0.65072,-1.5192,-1.5192,-1.5192,0.65072,-1.5192,-1.5192,-1.5192,0.65072,-1.5192,-1.5192,-1.5192,0.65072,-1.5192,-1.5192,-1.5192,0.65072,-1.5192,-1.5192,-1.5192,0.65072,-1.5192,-1.5192,-1.5192,0.65072,-1.5192,-1.5192,-1.5192,0.65072,-1.5192,-1.5192,-1.5192,0.65072,-1.5192,-1.5192,-1.5192,0.65072,-1.5192,-1.5192,-1.5192,0.65072,-1.5192,-1.5192,-1.5192,0.65072,-1.5192,-1.5192,-1.5192,0.6507,-1.5192,-1.5192,-1.5192,0.66341,-1.5192,-1.5192,-1.5192,0.48227,-1.5192,-1.5192,-1.5192,0.32874,-1.5192,-1.5192,-1.5192,0.33478,-1.5192,-1.5192,-1.5192,0.32978,-1.5192,-1.5192,-1.5192,0.32649,-1.5192,-1.5192,-1.5192,0.32313,-1.5192,-1.5192,-1.5192,0.32016
-1.5192,-1.5192,-1.5192,-1.5192,-1.5192,-1.5192,-1.5192,-1.5192,-1.5192,-1.5192,-1.5192,-1.5192,-1.5192,-1.5192,-1.5192,-1.5192,-1.5192,-1.5192,-1.5192,-1.5192,-1.5192,-1.5192,-1.5192,-1.5192,-1.5192,-1.5192,-1.5192,-1.5192,-1.5192,-1.5192,-1.5192,-1.5192,-1.5192,-1.5192,-1.5192,-1.5192,-1.5192,-1.5192,-1.5192,-1.5192,-1.5192,-1.5192,-1.5192,-1.5192,-1.5192,-1.5192,-1.5192,-1.5192,-1.5192,-1.5192,-1.5192,-1.5192,-1.5192,-1.5192,-1.5192,-1.5192,-1.5192,-1.5192,-1.5192,-1.5192,-1.5192,-1.5192,-1.5192,-1.5192,-1.5192,-1.5192,-1.5192,-1.5192,-1.5192,-1.5192,-1.5192,-1.5192,-1.5192,-1.5192,-1.5192,-1.5192,-1.5192,-1.5192,-1.5192,-1.5192,-1.5192,-1.5192,-1.5192,-1.5192,-1.5192,-1.5192,-1.5192,-1.5192,-1.5192,-1.5192,-1.5192,-1.5192,-1.5192,-1.5192,-1.5192,-1.5192,-1.5192,-1.5192,-1.5192,-1.5192,-1.5192
-1.5192,-1.5192,-1.5192,-1.5192,-1.5192,-1.5192,-1.5192,-1.5192,-1.5192,-1.5192,-1.5192,-1.5192,-1.5192,-1.5192,-1.5192,-1.5192,-1.5192,-1.5192,-1.5192,-1.5192,-1.5192,-1.5192,-1.5192,-1.5192,-1.5192,-1.5192,-1.5192,-1.5192,-1.5192,-1.5192,-1.5192,-1.5192,-1.5192,-1.5192,-1.5192,-1.5192,-1.5192,-1.5192,-1.5192,-1.5192,-1.5192,-1.5192,-1.5192,-1.5192,-1.5192,-1.5192,-1.5192,-1.5192,-1.5192,-1.5192,-1.5192,-1.5192,-1.5192,-1.5192,-1.5192,-1.5192,-1.5192,-1.5192,-1.5192,-1.5192,-1.5192,-1.5192,-1.5192,-1.5192,-1.5192,-1.5192,-1.5192,-1.5192,-1.5192,-1.5192,-1.5192,-1.5192,-1.5192,-1.5192,-1.5192,-1.5192,-1.5192,-1.5192,-1.5192,-1.5192,-1.5192,-1.5192,-1.5192,-1.5192,-1.5192,-1.5192,-1.5192,-1.5192,-1.5192,-1.5192,-1.5192,-1.5192,-1.5192,-1.5192,-1.5192,-1.5192,-1.5192,-1.5192,-1.5192,-1.5192,-1.5192
-1.5192,-1.5192,-1.5192,-1.5192,-1.5192,-1.5192,-1.5192,-1.5192,-1.5192,-1.5192,-1.5192,-1.5192,-1.5192,-1.5192,-1.5192,-1.5192,-1.5192,-1.5192,-1.5192,-1.5192,-1.5192,-1.5192,-1.5192,-1.5192,-1.5192,-1.5192,-1.5192,-1.5192,-1.5192,-1.5192,-1.5192,-1.5192,-1.5192,-1.5192,-1.5192,-1.5192,-1.5192,-1.5192,-1.5192,-1.5192,-1.5192,-1.5192,-1.5192,-1.5192,-1.5192,-1.5192,-1.5192,-1.5192,-1.5192,-1.5192,-1.5192,-1.5192,-1.5192,-1.5192,-1.5192,-1.5192,-1.5192,-1.5192,-1.5192,-1.5192,-1.5192,-1.5192,-1.5192,-1.5192,-1.5192,-1.5192,-1.5192,-1.5192,-1.5192,-1.5192,-1.5192,-1.5192,-1.5192,-1.5192,-1.5192,-1.5192,-1.5192,-1.5192,-1.5192,-1.5192,-1.5192,-1.5192,-1.5192,-1.5192,-1.5192,-1.5192,-1.5192,-1.5192,-1.5192,-1.5192,-1.5192,-1.5192,-1.5192,-1.5192,-1.5192,-1.5192,-1.5192,-1.5192,-1.5192,-1.5192,-1.5192
0.64212,-1.5192,-1.5192,-1.5192,0.64212,-1.5192,-1.5192,-1.5192,0.64212,-1.5192,-1.5192,-1.5192,0.64212,-1.5192,-1.5192,-1.5192,0.64212,-1.5192,-1.5192,-1.5192,0.64212,-1.5192,-1.5192,-1.5192,0.64212,-1.5192,-1.5192,-1.5192,0.64212,-1.5192,-1.5192,-1.5192,0.64212,-1.5192,-1.5192,-1.5192,0.64212,-1.5192,-1.5192,-1.5192,0.64212,-1.5192,-1.5192,-1.5192,0.64212,-1.5192,-1.5192,-1.5192,0.64212,-1.5192,-1.5192,-1.5192,0.64212,-1.5192,-1.5192,-1.5192,0.64212,-1.5192,-1.5192,-1.5192,0.64212,-1.5192,-1.5192,-1.5192,0.64212,-1.5192,-1.5192,-1.5192,0.64405,-1.5192,-1.5192,-1.5192,0.63615,-1.5192,-1.5192,-1.5192,0.39702,-1.5192,-1.5192,-1.5192,0.33275,-1.5192,-1.5192,-1.5192,0.33325,-1.5192,-1.5192,-1.5192,0.32892,-1.5192,-1.5192,-1.5192,0.32568,-1.5192,-1.5192,-1.5192,0.32234,-1.5192,-1.5192,-1.5192,0.31964
-1.5192,-1.5192,-1.5192,-1.5192,-1.5192,-1.5192,-1.5192,-1.5192,-1.5192,-1.5192,-1.5192,-1.5192,-1.5192,-1.5192,-1.5192,-1.5192,-1.5192,-1.5192,-1.5192,-1.5192,-1.5192,-1.5192,-1.5192,-1.5192,-1.5192,-1.5192,-1.5192,-1.5192,-1.5192,-1.5192,-1.5192,-1.5192,-1.5192,-1.5192,-1.5192,-1.5192,-1.5192,-1.5192,-1.5192,-1.5192,-1.5192,-1.5192,-1.5192,-1.5192,-1.5192,-1.5192,-1.5192,-1.5192,-1.5192,-1.5192,-1.5192,-1.5192,-1.5192,-1.5192,-1.5192,-1.5192,-1.5192,-1.5192,-1.5192,-1.5192,-1.5192,-1.5192,-1.5192,-1.5192,-1.5192,-1.5192,-1.5192,-1.5192,-1.5192,-1.5192,-1.5192,-1.5192,-1.5192,-1.5192,-1.5192,-1.5192,-1.5192,-1.5192,-1.5192,-1.5192,-1.5192,-1.5192,-1.5192,-1.5192,-1.5192,-1.5192,-1.5192,-1.5192,-1.5192,-1.5192,-1.5192,-1.5192,-1.5192,-1.5192,-1.5192,-1.5192,-1.5192,-1.5192,-1.5192,-1.5192,-1.5192
-1.5192,-1.5192,-1.5192,-1.5192,-1.5192,-1.5192,-1.5192,-1.5192,-1.5192,-1.5192,-1.5192,-1.5192,-1.5192,-1.5192,-1.5192,-1.5192,-1.5192,-1.5192,-1.5192,-1.5192,-1.5192,-1.5192,-1.5192,-1.5192,-1.5192,-1.5192,-1.5192,-1.5192,-1.5192,-1.5192,-1.5192,-1.5192,-1.5192,-1.5192,-1.5192,-1.5192,-1.5192,-1.5192,-1.5192,-1.5192,-1.5192,-1.5192,-1.5192,-1.5192,-1.5192,-1.5192,-1.5192,-1.5192,-1.5192,-1.5192,-1.5192,-1.5192,-1.5192,-1.5192,-1.5192,-1.5192,-1.5192,-1.5192,-1.5192,-1.5192,-1.5192,-1.5192,-1.5192,-1.5192,-1.5192,-1.5192,-1.5192,-1.5192,-1.5192,-1.5192,-1.5192,-1.5192,-1.5192,-1.5192,-1.5192,-1.5192,-1.5192,-1.5192,-1.5192,-1.5192,-1.5192,-1.5192,-1.5192,-1.5192,-1.5192,-1.5192,-1.5192,-1.5192,-1.5192,-1.5192,-1.5192,-1.5192,-1.5192,-1.5192,-1.5192,-1.5192,-1.5192,-1.5192,-1.5192,-1.5192,-1.5192
-1.5192,-1.5192,-1.5192,-1.5192,-1.5192,-1.5192,-1.5192,-1.5192,-1.5192,-1.5192,-1.5192,-1.5192,-1.5192,-1.5192,-1.5192,-1.5192,-1.5192,-1.5192,-1.5192,-1.5192,-1.5192,-1.5192,-1.5192,-1.5192,-1.5192,-1.5192,-1.5192,-1.5192,-1.5192,-1.5192,-1.5192,-1.5192,-1.5192,-1.5192,-1.5192,-1.5192,-1.5192,-1.5192,-1.5192,-1.5192,-1.5192,-1.5192,-1.5192,-1.5192,-1.5192,-1.5192,-1.5192,-1.5192,-1.5192,-1.5192,-1.5192,-1.5192,-1.5192,-1.5192,-1.5192,-1.5192,-1.5192,-1.5192,-1.5192,-1.5192,-1.5192,-1.5192,-1.5192,-1.5192,-1.5192,-1.5192,-1.5192,-1.5192,-1.5192,-1.5192,-1.5192,-1.5192,-1.5192,-1.5192,-1.5192,-1.5192,-1.5192,-1.5192,-1.5192,-1.5192,-1.5192,-1.5192,-1.5192,-1.5192,-1.5192,-1.5192,-1.5192,-1.5192,-1.5192,-1.5192,-1.5192,-1.5192,-1.5192,-1.5192,-1.5192,-1.5192,-1.5192,-1.5192,-1.5192,-1.5192,-1.5192
0.6336,-1.5192,-1.5192,-1.5192,0.6336,-1.5192,-1.5192,-1.5192,0.6336,-1.5192,-1.5192,-1.5192,0.6336,-1.5192,-1.5192,-1.5192,0.6336,-1.5192,-1.5192,-1.5192,0.6336,-1.5192,-1.5192,-1.5192,0.6336,-1.5192,-1.5192,-1.5192,0.6336,-1.5192,-1.5192,-1.5192,0.6336,-1.5192,-1.5192,-1.5192,0.6336,-1.5192,-1.5192,-1.5192,0.6336,-1.5192,-1.5192,-1.5192,0.6336,-1.5192,-1.5192,-1.5192,0.6336,-1.5192,-1.5192,-1.5192,0.6336,-1.5192,-1.5192,-1.5192,0.6336,-1.5192,-1.5192,-1.5192,0.6336,-1.5192,-1.5192,-1.5192,0.63359,-1.5192,-1.5192,-1.5192,0.64155,-1.5192,-1.5192,-1.5192,0.57034,-1.5192,-1.5192,-1.5192,0.34438,-1.5192,-1.5192,-1.5192,0.3364,-1.5192,-1.5192,-1.5192,0.33189,-1.5192,-1.5192,-1.5192,0.32815,-1.5192,-1.5192,-1.5192,0.32486,-1.5192,-1.5192,-1.5192,0.32155,-1.5192,-1.5192,-1.5192,0.31915
-1.5192,-1.5192,-1.5192,-1.5192,-1.5192,-1.5192,-1.5192,-1.5192,-1.5192,-1.5192,-1.5192,-1.5192,-1.5192,-1.5192,-1.5192,-1.5192,-1.5192,-1.5192,-1.5192,-1.5192,-1.5192,-1.5192,-1.5192,-1.5192,-1.5192,-1.5192,-1.5192,-1.5192,-1.5192,-1.5192,-1.5192,-1.5192,-1.5192,-1.5192,-1.5192,-1.5192,-1.5192,-1.5192,-1.5192,-1.5192,-1.5192,-1.5192,-1.5192,-1.5192,-1.5192,-1.5192,-1.5192,-1.5192,-1.5192,-1.5192,-1.5192,-1.5192,-1.5192,-1.5192,-1.5192,-1.5192,-1.5192,-1.5192,-1.5192,-1.5192,-1.5192,-1.5192,-1.5192,-1.5192,-1.5192,-1.5192,-1.5192,-1.5192,-1.5192,-1.5192,-1.5192,-1.5192,-1.5192,-1.5192,-1.5192,-1.5192,-1.5192,-1.5192,-1.5192,-1.5192,-1.5192,-1.5192,-1.5192,-1.5192,-1.5192,-1.5192,-1.5192,-1.5192,-1.5192,-1.5192,-1.5192,-1.5192,-1.5192,-1.5192,-1.5192,-1.5192,-1.5192,-1.5192,-1.5192,-1.5192,-1.5192
-1.5192,-1.5192,-1.5192,-1.5192,-1.5192,-1.5192,-1.5192,-1.5192,-1.5192,-1.5192,-1.5192,-1.5192,-1.5192,-1.5192,-1.5192,-1.5192,-1.5192,-1.5192,-1.5192,-1.5192,-1.5192,-1.5192,-1.5192,-1.5192,-1.5192,-1.5192,-1.5192,-1.5192,-1.5192,-1.5192,-1.5192,-1.5192,-1.5192,-1.5192,-1.5192,-1.5192,-1.5192,-1.5192,-1.5192,-1.5192,-1.5192,-1.5192,-1.5192,-1.5192,-1.5192,-1.5192,-1.5192,-1.5192,-1.5192,-1.5192,-1.5192,-1.5192,-1.5192,-1.5192,-1.5192,-1.5192,-1.5192,-1.5192,-1.5192,-1.5192,-1.5192,-1.5192,-1.5192,-1.5192,-1.5192,-1.5192,-1.5192,-1.5192,-1.5192,-1.5192,-1.5192,-1.5192,-1.5192,-1.5192,-1.5192,-1.5192,-1.5192,-1.5192,-1.5192,-1.5192,-1.5192,-1.5192,-1.5192,-1.5192,-1.5192,-1.5192,-1.5192,-1.5192,-1.5192,-1.5192,-1.5192,-1.5192,-1.5192,-1.5192,-1.5192,-1.5192,-1.5192,-1.5192,-1.5192,-1.5192,-1.5192
-1.5192,-1.5192,-1.5192,-1.5192,-1.5192,-1.5192,-1.5192,-1.5192,-1.5192,-1.5192,-1.5192,-1.5192,-1.5192,-1.5192,-1.5192,-1.5192,-1.5192,-1.5192,-1.5192,-1.5192,-1.5192,-1.5192,-1.5192,-1.5192,-1.5192,-1.5192,-1.5192,-1.5192,-1.5192,-1.5192,-1.5192,-1.5192,-1.5192,-1.5192,-1.5192,-1.5192,-1.5192,-1.5192,-1.5192,-1.5192,-1.5192,-1.5192,-1.5192,-1.5192,-1.5192,-1.5192,-1.5192,-1.5192,-1.5192,-1.5192,-1.5192,-1.5192,-1.5192,-1.5192,-1.5192,-1.5192,-1.5192,-1.5192,-1.5192,-1.5192,-1.5192,-1.5192,-1.5192,-1.5192,-1.5192,-1.5192,-1.5192,-1.5192,-1.5192,-1.5192,-1.5192,-1.5192,-1.5192,-1.5192,-1.5192,-1.5192,-1.5192,-1.5192,-1.5192,-1.5192,-1.5192,-1.5192,-1.5192,-1.5192,-1.5192,-1.5192,-1.5192,-1.5192,-1.5192,-1.5192,-1.5192,-1.5192,-1.5192,-1.5192,-1.5192,-1.5192,-1.5192,-1.5192,-1.5192,-1.5192,-1.5192
0.62522,-1.5192,-1.5192,-1.5192,0.62522,-1.5192,-1.5192,-1.5192,0.62522,-1.5192,-1.5192,-1.5192,0.62522,-1.5192,-1.5192,-1.5192,0.62522,-1.5192,-1.5192,-1.5192,0.62522,-1.5192,-1.5192,-1.5192,0.62522,-1.5192,-1.5192,-1.5192,0.62522,-1.5192,-1.5192,-1.5192,0.62522,-1.5192,-1.5192,-1.5192,0.62522,-1.5192,-1.5192,-1.5192,0.62522,-1.5192,-1.5192,-1.5192,0.62522,-1.5192,-1.5192,-1.5192,0.62522,-1.5192,-1.5192,-1.5192,0.62522,-1.5192,-1.5192,-1.5192,0.62522,-1.5192,-1.5192,-1.5192,0.62522,-1.5192,-1.5192,-1.5192,0.6252,-1.5192,-1.5192,-1.5192,0.63653,-1.5192,-1.5192,-1.5192,0.47764,-1.5192,-1.5192,-1.5192,0.33139,-1.5192,-1.5192,-1.5192,0.33597,-1.5192,-1.5192,-1.5192,0.33072,-1.5192,-1.5192,-1.5192,0.32737,-1.5192,-1.5192,-1.5192,0.32404,-1.5192,-1.5192,-1.5192,0.32087,-1.5192,-1.5192,-1.5192,0.31868
-1.5192,-1.5192,-1.5192,-1.5192,-1.5192,-1.5192,-1.5192,-1.5192,-1.5192,-1.5192,-1.5192,-1.5192,-1.5192,-1.5192,-1.5192,-1.5192,-1.5192,-1.5192,-1.5192,-1.5192,-1.5192,-1.5192,-1.5192,-1.5192,-1.5192,-1.5192,-1.5192,-1.5192,-1.5192,-1.5192,-1.5192,-1.5192,-1.5192,-1.5192,-1.5192,-1.5192,-1.5192,-1.5192,-1.5192,-1.5192,-1.5192,-1.5192,-1.5192,-1.5192,-1.5192,-1.5192,-1.5192,-1.5192,-1.5192,-1.5192,-1.5192,-1.5192,-1.5192,-1.5192,-1.5192,-1.5192,-1.5192,-1.5192,-1.5192,-1.5192,-1.5192,-1.5192,-1.5192,-1.5192,-1.5192,-1.5192,-1.5192,-1.5192,-1.5192,-1.5192,-1.5192,-1.5192,-1.5192,-1.5192,-1.5192,-1.5192,-1.5192,-1.5192,-1.5192,-1.5192,-1.5192,-1.5192,-1.5192,-1.5192,-1.5192,-1.5192,-1.5192,-1.5192,-1.5192,-1.5192,-1.5192,-1.5192,-1.5192,-1.5192,-1.5192,-1.5192,-1.5192,-1.5192,-1.5192,-1.5192,-1.5192
-1.5192,-1.5192,-1.5192,-1.5192,-1.5192,-1.5192,-1.5192,-1.5192,-1.5192,-1.5192,-1.5192,-1.5192,-1.5192,-1.5192,-1.5192,-1.5192,-1.5192,-1.5192,-1.5192,-1.5192,-1.5192,-1.5192,-1.5192,-1.5192,-1.5192,-1.5192,-1.5192,-1.5192,-1.5192,-1.5192,-1.5192,-1.5192,-1.5192,-1.5192,-1.5192,-1.5192,-1.5192,-1.5192,-1.5192,-1.5192,-1.5192,-1.5192,-1.5192,-1.5192,-1.5192,-1.5192,-1.5192,-1.5192,-1.5192,-1.5192,-1.5192,-1.5192,-1.5192,-1.5192,-1.5192,-1.5192,-1.5192,-1.5192,-1.5192,-1.5192,-1.5192,-1.5192,-1.5192,-1.5192,-1.5192,-1.5192,-1.5192,-1.5192,-1.5192,-1.5192,-1.5192,-1.5192,-1.5192,-1.5192,-1.5192,-1.5192,-1.5192,-1.5192,-1.5192,-1.5192,-1.5192,-1.5192,-1.5192,-1.5192,-1.5192,-1.5192,-1.5192,-1.5192,-1.5192,-1.5192,-1.5192,-1.5192,-1.5192,-1.5192,-1.5192,-1.5192,-1.5192,-1.5192,-1.5192,-1.5192,-1.5192
-1.5192,-1.5192,-1.5192,-1.5192,-1.5192,-1.5192,-1.5192,-1.5192,-1.5192,-1.5192,-1.5192,-1.5192,-1.5192,-1.5192,-1.5192,-1.5192,-1.5192,-1.5192,-1.5192,-1.5192,-1.5192,-1.5192,-1.5192,-1.5192,-1.5192,-1.5192,-1.5192,-1.5192,-1.5192,-1.5192,-1.5192,-1.5192,-1.5192,-1.5192,-1.5192,-1.5192,-1.5192,-1.5192,-1.5192,-1.5192,-1.5192,-1.5192,-1.5192,-1.5192,-1.5192,-1.5192,-1.5192,-1.5192,-1.5192,-1.5192,-1.5192,-1.5192,-1.5192,-1.5192,-1.5192,-1.5192,-1.5192,-1.5192,-1.5192,-1.5192,-1.5192,-1.5192,-1.5192,-1.5192,-1.5192,-1.5192,-1.5192,-1.5192,-1.5192,-1.5192,-1.5192,-1.5192,-1.5192,-1.5192,-1.5192,-1.5192,-1.5192,-1.5192,-1.5192,-1.5192,-1.5192,-1.5192,-1.5192,-1.5192,-1.5192,-1.5192,-1.5192,-1.5192,-1.5192,-1.5192,-1.5192,-1.5192,-1.5192,-1.5192,-1.5192,-1.5192,-1.5192,-1.5192,-1.5192,-1.5192,-1.5192
0.61693,-1.5192,-1.5192,-1.5192,0.61693,-1.5192,-1.5192,-1.5192,0.61693,-1.5192,-1.5192,-1.5192,0.61693,-1.5192,-1.5192,-1.5192,0.61693,-1.5192,-1.5192,-1.5192,0.61693,-1.5192,-1.5192,-1.5192,0.61693,-1.5192,-1.5192,-1.5192,0.61693,-1.5192,-1.5192,-1.5192,0.61693,-1.5192,-1.5192,-1.5192,0.61693,-1.5192,-1.5192,-1.5192,0.61693,-1.5192,-1.5192,-1.5192,0.61693,-1.5192,-1.5192,-1.5192,0.61693,-1.5192,-1.5192,-1.5192,0.61693,-1.5192,-1.5192,-1.5192,0.61693,-1.5192,-1.5192,-1.5192,0.61693,-1.5192,-1.5192,-1.5192,0.61868,-1.5192,-1.5192,-1.5192,0.61158,-1.5192,-1.5192,-1.5192,0.39364,-1.5192,-1.5192,-1.5192,0.33454,-1.5192,-1.5192,-1.5192,0.33442,-1.5192,-1.5192,-1.5192,0.32983,-1.5192,-1.5192,-1.5192,0.32657,-1.5192,-1.5192,-1.5192,0.32322,-1.5192,-1.5192,-1.5192,0.32029,-1.5192,-1.5192,-1.5192,0.3182
-1.5192,-1.5192,-1.5192,-1.5192,-1.5192,-1.5192,-1.5192,-1.5192,-1.5192,-1.5192,-1.5192,-1.5192,-1.5192,-1.5192,-1.5192,-1.5192,-1.5192,-1.5192,-1.5192,-1.5192,-1.5192,-1.5192,-1.5192,-1.5192,-1.5192,-1.5192,-1.5192,-1.5192,-1.5192,-1.5192,-1.5192,-1.5192,-1.5192,-1.5192,-1.5192,-1.5192,-1.5192,-1.5192,-1.5192,-1.5192,-1.5192,-1.5192,-1.5192,-1.5192,-1.5192,-1.5192,-1.5192,-1.5192,-1.5192,-1.5192,-1.5192,-1.5192,-1.5192,-1.5192,-1.5192,-1.5192,-1.5192,-1.5192,-1.5192,-1.5192,-1.5192,-1.5192,-1.5192,-1.5192,-1.5192,-1.5192,-1.5192,-1.5192,-1.5192,-1.5192,-1.5192,-1.5192,-1.5192,-1.5192,-1.5192,-1.5192,-1.5192,-1.5192,-1.5192,-1.5192,-1.5192,-1.5192,-1.5192,-1.5192,-1.5192,-1.5192,-1.5192,-1.5192,-1.5192,-1.5192,-1.5192,-1.5192,-1.5192,-1.5192,-1.5192,-1.5192,-1.5192,-1.5192,-1.5192,-1.5192,-1.5192
-1.5192,-1.5192,-1.5192,-1.5192,-1.5192,-1.5192,-1.5192,-1.5192,-1.5192,-1.5192,-1.5192,-1.5192,-1.5192,-1.5192,-1.5192,-1.5192,-1.5192,-1.5192,-1.5192,-1.5192,-1.5192,-1.5192,-1.5192,-1.5192,-1.5192,-1.5192,-1.5192,-1.5192,-1.5192,-1.5192,-1.5192,-1.5192,-1.5192,-1.5192,-1.5192,-1.5192,-1.5192,-1.5192,-1.5192,-1.5192,-1.5192,-1.5192,-1.5192,-1.5192,-1.5192,-1.5192,-1.5192,-1.5192,-1.5192,-1.5192,-1.5192,-1.5192,-1.5192,-1.5192,-1.5192,-1.5192,-1.5192,-1.5192,-1.5192,-1.5192,-1.5192,-1.5192,-1.5192,-1.5192,-1.5192,-1.5192,-1.5192,-1.5192,-1.5192,-1.5192,-1.5192,-1.5192,-1.5192,-1.5192,-1.5192,-1.5192,-1.5192,-1.5192,-1.5192,-1.5192,-1.5192,-1.5192,-1.5192,-1.5192,-1.5192,-1.5192,-1.5192,-1.5192,-1.5192,-1.5192,-1.5192,-1.5192,-1.5192,-1.5192,-1.5192,-1.5192,-1.5192,-1.5192,-1.5192,-1.5192,-1.5192
-1.5192,-1.5192,-1.5192,-1.5192,-1.5192,-1.5192,-1.5192,-1.5192,-1.5192,-1.5192,-1.5192,-1.5192,-1.5192,-1.5192,-1.5192,-1.5192,-1.5192,-1.5192,-1.5192,-1.5192,-1.5192,-1.5192,-1.5192,-1.5192,-1.5192,-1.5192,-1.5192,-1.5192,-1.5192,-1.5192,-1.5192,-1.5192,-1.5192,-1.5192,-1.5192,-1.5192,-1.5192,-1.5192,-1.5192,-1.5192,-1.5192,-1.5192,-1.5192,-1.5192,-1.5192,-1.5192,-1.5192,-1.5192,-1.5192,-1.5192,-1.5192,-1.5192,-1.5192,-1.5192,-1.5192,-1.5192,-1.5192,-1.5192,-1.5192,-1.5192,-1.5192,-1.5192,-1.5192,-1.5192,-1.5192,-1.5192,-1.5192,-1.5192,-1.5192,-1.5192,-1.5192,-1.5192,-1.5192,-1.5192,-1.5192,-1.5192,-1.5192,-1.5192,-1.5192,-1.5192,-1.5192,-1.5192,-1.5192,-1.5192,-1.5192,-1.5192,-1.5192,-1.5192,-1.5192,-1.5192,-1.5192,-1.5192,-1.5192,-1.5192,-1.5192,-1.5192,-1.5192,-1.5192,-1.5192,-1.5192,-1.5192
0.60872,-1.5192,-1.5192,-1.5192,0.60872,-1.5192,-1.5192,-1.5192,0.60872,-1.5192,-1.5192,-1.5192,0.60872,-1.5192,-1.5192,-1.5192,0.60872,-1.5192,-1.5192,-1.5192,0.60872,-1.5192,-1.5192,-1.5192,0.60872,-1.5192,-1.5192,-1.5192,0.60872,-1.5192,-1.5192,-1.5192,0.60872,-1.5192,-1.5192,-1.5192,0.60872,-1.5192,-1.5192,-1.5192,0.60872,-1.5192,-1.5192,-1.5192,0.60872,-1.5192,-1.5192,-1.5192,0.60872,-1.5192,-1.5192,-1.5192,0.60872,-1.5192,-1.5192,-1.5192,0.60872,-1.5192,-1.5192,-1.5192,0.60871,-1.5192,-1.5192,-1.5192,0.61591,-1.5192,-1.5192,-1.5192,0.55153,-1.5192,-1.5192,-1.5192,0.3462,-1.5192,-1.5192,-1.5192,0.3377,-1.5192,-1.5192,-1.5192,0.33296,-1.5192,-1.5192,-1.5192,0.32903,-1.5192,-1.5192,-1.5192,0.32576,-1.5192,-1.5192,-1.5192,0.32242,-1.5192,-1.5192,-1.5192,0.31979,-1.5192,-1.5192,-1.5192,0.31771
-1.5192,-1.5192,-1.5192,-1.5192,-1.5192,-1.5192,-1.5192,-1.5192,-1.5192,-1.5192,-1.5192,-1.5192,-1.5192,-1.5192,-1.5192,-1.5192,-1.5192,-1.5192,-1.5192,-1.5192,-1.5192,-1.5192,-1.5192,-1.5192,-1.5192,-1.5192,-1.5192,-1.5192,-1.5192,-1.5192,-1.5192,-1.5192,-1.5192,-1.5192,-1.5192,-1.5192,-1.5192,-1.5192,-1.5192,-1.5192,-1.5192,-1.5192,-1.5192,-1.5192,-1.5192,-1.5192,-1.5192,-1.5192,-1.5192,-1.5192,-1.5192,-1.5192,-1.5192,-1.5192,-1.5192,-1.5192,-1.5192,-1.5192,-1.5192,-1.5192,-1.5192,-1.5192,-1.5192,-1.5192,-1.5192,-1.5192,-1.5192,-1.5192,-1.5192,-1.5192,-1.5192,-1.5192,-1.5192,-1.5192,-1.5192,-1.5192,-1.5192,-1.5192,-1.5192,-1.5192,-1.5192,-1.5192,-1.5192,-1.5192,-1.5192,-1.5192,-1.5192,-1.5192,-1.5192,-1.5192,-1.5192,-1.5192,-1.5192,-1.5192,-1.5192,-1.5192,-1.5192,-1.5192,-1.5192,-1.5192,-1.5192
-1.5192,-1.5192,-1.5192,-1.5192,-1.5192,-1.5192,-1.5192,-1.5192,-1.5192,-1.5192,-1.5192,-1.5192,-1.5192,-1.5192,-1.5192,-1.5192,-1.5192,-1.5192,-1.5192,-1.5192,-1.5192,-1.5192,-1.5192,-1.5192,-1.5192,-1.5192,-1.5192,-1.5192,-1.5192,-1.5192,-1.5192,-1.5192,-1.5192,-1.5192,-1.5192,-1.5192,-1.5192,-1.5192,-1.5192,-1.5192,-1.5192,-1.5192,-1.5192,-1.5192,-1.5192,-1.5192,-1.5192,-1.5192,-1.5192,-1.5192,-1.5192,-1.5192,-1.5192,-1.5192,-1.5192,-1.5192,-1.5192,-1.5192,-1.5192,-1.5192,-1.5192,-1.5192,-1.5192,-1.5192,-1.5192,-1.5192,-1.5192,-1.5192,-1.5192,-1.5192,-1.5192,-1.5192,-1.5192,-1.5192,-1.5192,-1.5192,-1.5192,-1.5192,-1.5192,-1.5192,-1.5192,-1.5192,-1.5192,-1.5192,-1.5192,-1.5192,-1.5192,-1.5192,-1.5192,-1.5192,-1.5192,-1.5192,-1.5192,-1.5192,-1.5192,-1.5192,-1.5192,-1.5192,-1.5192,-1.5192,-1.5192
-1.5192,-1.5192,-1.5192,-1.5192,-1.5192,-1.5192,-1.5192,-1.5192,-1.5192,-1.5192,-1.5192,-1.5192,-1.5192,-1.5192,-1.5192,-1.5192,-1.5192,-1.5192,-1.5192,-1.5192,-1.5192,-1.5192,-1.5192,-1.5192,-1.5192,-1.5192,-1.5192,-1.5192,-1.5192,-1.5192,-1.5192,-1.5192,-1.5192,-1.5192,-1.5192,-1.5192,-1.5192,-1.5192,-1.5192,-1.5192,-1.5192,-1.5192,-1.5192,-1.5192,-1.5192,-1.5192,-1.5192,-1.5192,-1.5192,-1.5192,-1.5192,-1.5192,-1.5192,-1.5192,-1.5192,-1.5192,-1.5192,-1.5192,-1.5192,-1.5192,-1.5192,-1.5192,-1.5192,-1.5192,-1.5192,-1.5192,-1.5192,-1.5192,-1.5192,-1.5192,-1.5192,-1.5192,-1.5192,-1.5192,-1.5192,-1.5192,-1.5192,-1.5192,-1.5192,-1.5192,-1.5192,-1.5192,-1.5192,-1.5192,-1.5192,-1.5192,-1.5192,-1.5192,-1.5192,-1.5192,-1.5192,-1.5192,-1.5192,-1.5192,-1.5192,-1.5192,-1.5192,-1.5192,-1.5192,-1.5192,-1.5192
0.60062,-1.5192,-1.5192,-1.5192,0.60062,-1.5192,-1.5192,-1.5192,0.60062,-1.5192,-1.5192,-1.5192,0.60062,-1.5192,-1.5192,-1.5192,0.60062,-1.5192,-1.5192,-1.5192,0.60062,-1.5192,-1.5192,-1.5192,0.60062,-1.5192,-1.5192,-1.5192,0.60062,-1.5192,-1.5192,-1.5192,0.60062,-1.5192,-1.5192,-1.5192,0.60062,-1.5192,-1.5192,-1.5192,0.60062,-1.5192,-1.5192,-1.5192,0.60062,-1.5192,-1.5192,-1.5192,0.60062,-1.5192,-1.5192,-1.5192,0.60062,-1.5192,-1.5192,-1.5192,0.60062,-1.5192,-1.5192,-1.5192,0.60064,-1.5192,-1.5192,-1.5192,0.6105,-1.5192,-1.5192,-1.5192,0.46674,-1.5192,-1.5192,-1.5192,0.33392,-1.5192,-1.5192,-1.5192,0.33718,-1.5192,-1.5192,-1.5192,0.33175,-1.5192,-1.5192,-1.5192,0.32825,-1.5192,-1.5192,-1.5192,0.32494,-1.5192,-1.5192,-1.5192,0.32165,-1.5192,-1.5192,-1.5192,0.31931,-1.5192,-1.5192,-1.5192,0.31722
-1.5192,-1.5192,-1.5192,-1.5192,-1.5192,-1.5192,-1.5192,-1.5192,-1.5192,-1.5192,-1.5192,-1.5192,-1.5192,-1.5192,-1.5192,-1.5192,-1.5192,-1.5192,-1.5192,-1.5192,-1.5192,-1.5192,-1.5192,-1.5192,-1.5192,-1.5192,-1.5192,-1.5192,-1.5192,-1.5192,-1.5192,-1.5192,-1.5192,-1.5192,-1.5192,-1.5192,-1.5192,-1.5192,-1.5192,-1.5192,-1.5192,-1.5192,-1.5192,-1.5192,-1.5192,-1.5192,-1.5192,-1.5192,-1.5192,-1.5192,-1.5192,-1.5192,-1.5192,-1.5192,-1.5192,-1.5192,-1.5192,-1.5192,-1.5192,-1.5192,-1.5192,-1.5192,-1.5192,-1.5192,-1.5192,-1.5192,-1.5192,-1.5192,-1.5192,-1.5192,-1.5192,-1.5192,-1.5192,-1.5192,-1.5192,-1.5192,-1.5192,-1.5192,-1.5192,-1.5192,-1.5192,-1.5192,-1.5192,-1.5192,-1.5192,-1.5192,-1.5192,-1.5192,-1.5192,-1.5192,-1.5192,-1.5192,-1.5192,-1.5192,-1.5192,-1.5192,-1.5192,-1.5192,-1.5192,-1.5192,-1.5192
-1.5192,-1.5192,-1.5192,-1.5192,-1.5192,-1.5192,-1.5192,-1.5192,-1.5192,-1.5192,-1.5192,-1.5192,-1.5192,-1.5192,-1.5192,-1.5192,-1.5192,-1.5192,-1.5192,-1.5192,-1.5192,-1.5192,-1.5192,-1.5192,-1.5192,-1.5192,-1.5192,-1.5192,-1.5192,-1.5192,-1.5192,-1.5192,-1.5192,-1.5192,-1.5192,-1.5192,-1.5192,-1.5192,-1.5192,-1.5192,-1.5192,-1.5192,-1.5192,-1.5192,-1.5192,-1.5192,-1.5192,-1.5192,-1.5192,-1.5192,-1.5192,-1.5192,-1.5192,-1.5192,-1.5192,-1.5192,-1.5192,-1.5192,-1.5192,-1.5192,-1.5192,-1.5192,-1.5192,-1.5192,-1.5192,-1.5192,-1.5192,-1.5192,-1.5192,-1.5192,-1.5192,-1.5192,-1.5192,-1.5192,-1.5192,-1.5192,-1.5192,-1.5192,-1.5192,-1.5192,-1.5192,-1.5192,-1.5192,-1.5192,-1.5192,-1.5192,-1.5192,-1.5192,-1.5192,-1.5192,-1.5192,-1.5192,-1.5192,-1.5192,-1.5192,-1.5192,-1.5192,-1.5192,-1.5192,-1.5192,-1.5192
-1.5192,-1.5192,-1.5192,-1.5192,-1.5192,-1.5192,-1.5192,-1.5192,-1.5192,-1.5192,-1.5192,-1.5192,-1.5192,-1.5192,-1.5192,-1.5192,-1.5192,-1.5192,-1.5192,-1.5192,-1.5192,-1.5192,-1.5192,-1.5192,-1.5192,-1.5192,-1.5192,-1.5192,-1.5192,-1.5192,-1.5192,-1.5192,-1.5192,-1.5192,-1.5192,-1.5192,-1.5192,-1.5192,-1.5192,-1.5192,-1.5192,-1.5192,-1.5192,-1.5192,-1.5192,-1.5192,-1.5192,-1.5192,-1.5192,-1.5192,-1.5192,-1.5192,-1.5192,-1.5192,-1.5192,-1.5192,-1.5192,-1.5192,-1.5192,-1.5192,-1.5192,-1.5192,-1.5192,-1.5192,-1.5192,-1.5192,-1.5192,-1.5192,-1.5192,-1.5192,-1.5192,-1.5192,-1.5192,-1.5192,-1.5192,-1.5192,-1.5192,-1.5192,-1.5192,-1.5192,-1.5192,-1.5192,-1.5192,-1.5192,-1.5192,-1.5192,-1.5192,-1.5192,-1.5192,-1.5192,-1.5192,-1.5192,-1.5192,-1.5192,-1.5192,-1.5192,-1.5192,-1.5192,-1.5192,-1.5192,-1.5192
0.5926,-1.5192,-1.5192,-1.5192,0.5926,-1.5192,-1.5192,-1.5192,0.5926,-1.5192,-1.5192,-1.5192,0.5926,-1.5192,-1.5192,-1.5192,0.5926,-1.5192,-1.5192,-1.5192,0.5926,-1.5192,-1.5192,-1.5192,0.5926,-1.5192,-1.5192,-1.5192,0.5926,-1.5192,-1.5192,-1.5192,0.5926,-1.5192,-1.5192,-1.5192,0.5926,-1.5192,-1.5192,-1.5192,0.5926,-1.5192,-1.5192,-1.5192,0.5926,-1.5192,-1.5192,-1.5192,0.5926,-1.5192,-1.5192,-1.5192,0.5926,-1.5192,-1.5192,-1.5192,0.5926,-1.5192,-1.5192,-1.5192,0.59349,-1.5192,-1.5192,-1.5192,0.59367,-1.5192,-1.5192,-1.5192,0.40174,-1.5192,-1.5192,-1.5192,0.33524,-1.5192,-1.5192,-1.5192,0.3356,-1.5192,-1.5192,-1.5192,0.33073,-1.5192,-1.5192,-1.5192,0.32746,-1.5192,-1.5192,-1.5192,0.32412,-1.5192,-1.5192,-1.5192,0.32099,-1.5192,-1.5192,-1.5192,0.31883,-1.5192,-1.5192,-1.5192,0.31673
-1.5192,-1.5192,-1.5192,-1.5192,-1.5192,-1.5192,-1.5192,-1.5192,-1.5192,-1.5192,-1.5192,-1.5192,-1.5192,-1.5192,-1.5192,-1.5192,-1.5192,-1.5192,-1.5192,-1.5192,-1.5192,-1.5192,-1.5192,-1.5192,-1.5192,-1.5192,-1.5192,-1.5192,-1.5192,-1.5192,-1.5192,-1.5192,-1.5192,-1.5192,-1.5192,-1.5192,-1.5192,-1.5192,-1.5192,-1.5192,-1.5192,-1.5192,-1.5192,-1.5192,-1.5192,-1.5192,-1.5192,-1.5192,-1.5192,-1.5192,-1.5192,-1.5192,-1.5192,-1.5192,-1.5192,-1.5192,-1.5192,-1.5192,-1.5192,-1.5192,-1.5192,-1.5192,-1.5192,-1.5192,-1.5192,-1.5192,-1.5192,-1.5192,-1.5192,-1.5192,-1.5192,-1.5192,-1.5192,-1.5192,-1.5192,-1.5192,-1.5192,-1.5192,-1.5192,-1.5192,-1.5192,-1.5192,-1.5192,-1.5192,-1.5192,-1.5192,-1.5192,-1.5192,-1.5192,-1.5192,-1.5192,-1.5192,-1.5192,-1.5192,-1.5192,-1.5192,-1.5192,-1.5192,-1.5192,-1.5192,-1.5192
-1.5192,-1.5192,-1.5192,-1.5192,-1.5192,-1.5192,-1.5192,-1.5192,-1.5192,-1.5192,-1.5192,-1.5192,-1.5192,-1.5192,-1.5192,-1.5192,-1.5192,-1.5192,-1.5192,-1.5192,-1.5192,-1.5192,-1.5192,-1.5192,-1.5192,-1.5192,-1.5192,-1.5192,-1.5192,-1.5192,-1.5192,-1.5192,-1.5192,-1.5192,-1.5192,-1.5192,-1.5192,-1.5192,-1.5192,-1.5192,-1.5192,-1.5192,-1.5192,-1.5192,-1.5192,-1.5192,-1.5192,-1.5192,-1.5192,-1.5192,-1.5192,-1.5192,-1.5192,-1.5192,-1.5192,-1.5192,-1.5192,-1.5192,-1.5192,-1.5192,-1.5192,-1.5192,-1.5192,-1.5192,-1.5192,-1.5192,-1.5192,-1.5192,-1.5192,-1.5192,-1.5192,-1.5192,-1.5192,-1.5192,-1.5192,-1.5192,-1.5192,-1.5192,-1.5192,-1.5192,-1.5192,-1.5192,-1.5192,-1.5192,-1.5192,-1.5192,-1.5192,-1.5192,-1.5192,-1.5192,-1.5192,-1.5192,-1.5192,-1.5192,-1.5192,-1.5192,-1.5192,-1.5192,-1.5192,-1.5192,-1.5192
-1.5192,-1.5192,-1.5192,-1.5192,-1.5192,-1.5192,-1.5192,-1.5192,-1.5192,-1.5192,-1.5192,-1.5192,-1.5192,-1.5192,-1.5192,-1.5192,-1.5192,-1.5192,-1.5192,-1.5192,-1.5192,-1.5192,-1.5192,-1.5192,-1.5192,-1.5192,-1.5192,-1.5192,-1.5192,-1.5192,-1.5192,-1.5192,-1.5192,-1.5192,-1.5192,-1.5192,-1.5192,-1.5192,-1.5192,-1.5192,-1.5192,-1.5192,-1.5192,-1.5192,-1.5192,-1.5192,-1.5192,-1.5192,-1.5192,-1.5192,-1.5192,-1.5192,-1.5192,-1.5192,-1.5192,-1.5192,-1.5192,-1.5192,-1.5192,-1.5192,-1.5192,-1.5192,-1.5192,-1.5192,-1.5192,-1.5192,-1.5192,-1.5192,-1.5192,-1.5192,-1.5192,-1.5192,-1.5192,-1.5192,-1.5192,-1.5192,-1.5192,-1.5192,-1.5192,-1.5192,-1.5192,-1.5192,-1.5192,-1.5192,-1.5192,-1.5192,-1.5192,-1.5192,-1.5192,-1.5192,-1.5192,-1.5192,-1.5192,-1.5192,-1.5192,-1.5192,-1.5192,-1.5192,-1.5192,-1.5192,-1.5192
0.58467,-1.5192,-1.5192,-1.5192,0.58467,-1.5192,-1.5192,-1.5192,0.58467,-1.5192,-1.5192,-1.5192,0.58467,-1.5192,-1.5192,-1.5192,0.58467,-1.5192,-1.5192,-1.5192,0.58467,-1.5192,-1.5192,-1.5192,0.58467,-1.5192,-1.5192,-1.5192,0.58467,-1.5192,-1.5192,-1.5192,0.58467,-1.5192,-1.5192,-1.5192,0.58467,-1.5192,-1.5192,-1.5192,0.58467,-1.5192,-1.5192,-1.5192,0.58467,-1.5192,-1.5192,-1.5192,0.58467,-1.5192,-1.5192,-1.5192,0.58467,-1.5192,-1.5192,-1.5192,0.58466,-1.5192,-1.5192,-1.5192,0.58971,-1.5192,-1.5192,-1.5192,0.54809,-1.5192,-1.5192,-1.5192,0.35489,-1.5192,-1.5192,-1.5192,0.33826,-1.5192,-1.5192,-1.5192,0.3341,-1.5192,-1.5192,-1.5192,0.3299,-1.5192,-1.5192,-1.5192,0.32665,-1.5192,-1.5192,-1.5192,0.32329,-1.5192,-1.5192,-1.5192,0.32043,-1.5192,-1.5192,-1.5192,0.31825,-1.5192,-1.5192,-1.5192,0.31768
-1.5192,-1.5192,-1.5192,-1.5192,-1.5192,-1.5192,-1.5192,-1.5192,-1.5192,-1.5192,-1.5192,-1.5192,-1.5192,-1.5192,-1.5192,-1.5192,-1.5192,-1.5192,-1.5192,-1.5192,-1.5192,-1.5192,-1.5192,-1.5192,-1.5192,-1.5192,-1.5192,-1.5192,-1.5192,-1.5192,-1.5192,-1.5192,-1.5192,-1.5192,-1.5192,-1.5192,-1.5192,-1.5192,-1.5192,-1.5192,-1.5192,-1.5192,-1.5192,-1.5192,-1.5192,-1.5192,-1.5192,-1.5192,-1.5192,-1.5192,-1.5192,-1.5192,-1.5192,-1.5192,-1.5192,-1.5192,-1.5192,-1.5192,-1.5192,-1.5192,-1.5192,-1.5192,-1.5192,-1.5192,-1.5192,-1.5192,-1.5192,-1.5192,-1.5192,-1.5192,-1.5192,-1.5192,-1.5192,-1.5192,-1.5192,-1.5192,-1.5192,-1.5192,-1.5192,-1.5192,-1.5192,-1.5192,-1.5192,-1.5192,-1.5192,-1.5192,-1.5192,-1.5192,-1.5192,-1.5192,-1.5192,-1.5192,-1.5192,-1.5192,-1.5192,-1.5192,-1.5192,-1.5192,-1.5192,-1.5192,-1.5192
-1.5192,-1.5192,-1.5192,-1.5192,-1.5192,-1.5192,-1.5192,-1.5192,-1.5192,-1.5192,-1.5192,-1.5192,-1.5192,-1.5192,-1.5192,-1.5192,-1.5192,-1.5192,-1.5192,-1.5192,-1.5192,-1.5192,-1.5192,-1.5192,-1.5192,-1.5192,-1.5192,-1.5192,-1.5192,-1.5192,-1.5192,-1.5192,-1.5192,-1.5192,-1.5192,-1.5192,-1.5192,-1.5192,-1.5192,-1.5192,-1.5192,-1.5192,-1.5192,-1.5192,-1.5192,-1.5192,-1.5192,-1.5192,-1.5192,-1.5192,-1.5192,-1.5192,-1.5192,-1.5192,-1.5192,-1.5192,-1.5192,-1.5192,-1.5192,-1.5192,-1.5192,-1.5192,-1.5192,-1.5192,-1.5192,-1.5192,-1.5192,-1.5192,-1.5192,-1.5192,-1.5192,-1.5192,-1.5192,-1.5192,-1.5192,-1.5192,-1.5192,-1.5192,-1.5192,-1.5192,-1.5192,-1.5192,-1.5192,-1.5192,-1.5192,-1.5192,-1.5192,-1.5192,-1.5192,-1.5192,-1.5192,-1.5192,-1.5192,-1.5192,-1.5192,-1.5192,-1.5192,-1.5192,-1.5192,-1.5192,-1.5192
-1.5192,-1.5192,-1.5192,-1.5192,-1.5192,-1.5192,-1.5192,-1.5192,-1.5192,-1.5192,-1.5192,-1.5192,-1.5192,-1.5192,-1.5192,-1.5192,-1.5192,-1.5192,-1.5192,-1.5192,-1.5192,-1.5192,-1.5192,-1.5192,-1.5192,-1.5192,-1.5192,-1.5192,-1.5192,-1.5192,-1.5192,-1.5192,-1.5192,-1.5192,-1.5192,-1.5192,-1.5192,-1.5192,-1.5192,-1.5192,-1.5192,-1.5192,-1.5192,-1.5192,-1.5192,-1.5192,-1.5192,-1.5192,-1.5192,-1.5192,-1.5192,-1.5192,-1.5192,-1.5192,-1.5192,-1.5192,-1.5192,-1.5192,-1.5192,-1.5192,-1.5192,-1.5192,-1.5192,-1.5192,-1.5192,-1.5192,-1.5192,-1.5192,-1.5192,-1.5192,-1.5192,-1.5192,-1.5192,-1.5192,-1.5192,-1.5192,-1.5192,-1.5192,-1.5192,-1.5192,-1.5192,-1.5192,-1.5192,-1.5192,-1.5192,-1.5192,-1.5192,-1.5192,-1.5192,-1.5192,-1.5192,-1.5192,-1.5192,-1.5192,-1.5192,-1.5192,-1.5192,-1.5192,-1.5192,-1.5192,-1.5192
0.57684,-1.5192,-1.5192,-1.5192,0.57684,-1.5192,-1.5192,-1.5192,0.57684,-1.5192,-1.5192,-1.5192,0.57684,-1.5192,-1.5192,-1.5192,0.57684,-1.5192,-1.5192,-1.5192,0.57684,-1.5192,-1.5192,-1.5192,0.57684,-1.5192,-1.5192,-1.5192,0.57684,-1.5192,-1.5192,-1.5192,0.57684,-1.5192,-1.5192,-1.5192,0.57684,-1.5192,-1.5192,-1.5192,0.57684,-1.5192,-1.5192,-1.5192,0.57684,-1.5192,-1.5192,-1.5192,0.57684,-1.5192,-1.5192,-1.5192,0.57684,-1.5192,-1.5192,-1.5192,0.5768,-1.5192,-1.5192,-1.5192,0.58617,-1.5192,-1.5192,-1.5192,0.47547,-1.5192,-1.5192,-1.5192,0.33661,-1.5192,-1.5192,-1.5192,0.33833,-1.5192,-1.5192,-1.5192,0.33276,-1.5192,-1.5192,-1.5192,0.32913,-1.5192,-1.5192,-1.5192,0.32583,-1.5192,-1.5192,-1.5192,0.32243,-1.5192,-1.5192,-1.5192,0.32258,-1.5192,-1.5192,-1.5192,0.3257,-1.5192,-1.5192,-1.5192,0.31073
-1.5192,-1.5192,-1.5192,-1.5192,-1.5192,-1.5192,-1.5192,-1.5192,-1.5192,-1.5192,-1.5192,-1.5192,-1.5192,-1.5192,-1.5192,-1.5192,-1.5192,-1.5192,-1.5192,-1.5192,-1.5192,-1.5192,-1.5192,-1.5192,-1.5192,-1.5192,-1.5192,-1.5192,-1.5192,-1.5192,-1.5192,-1.5192,-1.5192,-1.5192,-1.5192,-1.5192,-1.5192,-1.5192,-1.5192,-1.5192,-1.5192,-1.5192,-1.5192,-1.5192,-1.5192,-1.5192,-1.5192,-1.5192,-1.5192,-1.5192,-1.5192,-1.5192,-1.5192,-1.5192,-1.5192,-1.5192,-1.5192,-1.5192,-1.5192,-1.5192,-1.5192,-1.5192,-1.5192,-1.5192,-1.5192,-1.5192,-1.5192,-1.5192,-1.5192,-1.5192,-1.5192,-1.5192,-1.5192,-1.5192,-1.5192,-1.5192,-1.5192,-1.5192,-1.5192,-1.5192,-1.5192,-1.5192,-1.5192,-1.5192,-1.5192,-1.5192,-1.5192,-1.5192,-1.5192,-1.5192,-1.5192,-1.5192,-1.5192,-1.5192,-1.5192,-1.5192,-1.5192,-1.5192,-1.5192,-1.5192,-1.5192
-1.5192,-1.5192,-1.5192,-1.5192,-1.5192,-1.5192,-1.5192,-1.5192,-1.5192,-1.5192,-1.5192,-1.5192,-1.5192,-1.5192,-1.5192,-1.5192,-1.5192,-1.5192,-1.5192,-1.5192,-1.5192,-1.5192,-1.5192,-1.5192,-1.5192,-1.5192,-1.5192,-1.5192,-1.5192,-1.5192,-1.5192,-1.5192,-1.5192,-1.5192,-1.5192,-1.5192,-1.5192,-1.5192,-1.5192,-1.5192,-1.5192,-1.5192,-1.5192,-1.5192,-1.5192,-1.5192,-1.5192,-1.5192,-1.5192,-1.5192,-1.5192,-1.5192,-1.5192,-1.5192,-1.5192,-1.5192,-1.5192,-1.5192,-1.5192,-1.5192,-1.5192,-1.5192,-1.5192,-1.5192,-1.5192,-1.5192,-1.5192,-1.5192,-1.5192,-1.5192,-1.5192,-1.5192,-1.5192,-1.5192,-1.5192,-1.5192,-1.5192,-1.5192,-1.5192,-1.5192,-1.5192,-1.5192,-1.5192,-1.5192,-1.5192,-1.5192,-1.5192,-1.5192,-1.5192,-1.5192,-1.5192,-1.5192,-1.5192,-1.5192,-1.5192,-1.5192,-1.5192,-1.5192,-1.5192,-1.5192,-1.5192
-1.5192,-1.5192,-1.5192,-1.5192,-1.5192,-1.5192,-1.5192,-1.5192,-1.5192,-1.5192,-1.5192,-1.5192,-1.5192,-1.5192,-1.5192,-1.5192,-1.5192,-1.5192,-1.5192,-1.5192,-1.5192,-1.5192,-1.5192,-1.5192,-1.5192,-1.5192,-1.5192,-1.5192,-1.5192,-1.5192,-1.5192,-1.5192,-1.5192,-1.5192,-1.5192,-1.5192,-1.5192,-1.5192,-1.5192,-1.5192,-1.5192,-1.5192,-1.5192,-1.5192,-1.5192,-1.5192,-1.5192,-1.5192,-1.5192,-1.5192,-1.5192,-1.5192,-1.5192,-1.5192,-1.5192,-1.5192,-1.5192,-1.5192,-1.5192,-1.5192,-1.5192,-1.5192,-1.5192,-1.5192,-1.5192,-1.5192,-1.5192,-1.5192,-1.5192,-1.5192,-1.5192,-1.5192,-1.5192,-1.5192,-1.5192,-1.5192,-1.5192,-1.5192,-1.5192,-1.5192,-1.5192,-1.5192,-1.5192,-1.5192,-1.5192,-1.5192,-1.5192,-1.5192,-1.5192,-1.5192,-1.5192,-1.5192,-1.5192,-1.5192,-1.5192,-1.5192,-1.5192,-1.5192,-1.5192,-1.5192,-1.5192
0.56909,-1.5192,-1.5192,-1.5192,0.56909,-1.5192,-1.5192,-1.5192,0.56909,-1.5192,-1.5192,-1.5192,0.56909,-1.5192,-1.5192,-1.5192,0.56909,-1.5192,-1.5192,-1.5192,0.56909,-1.5192,-1.5192,-1.5192,0.56909,-1.5192,-1.5192,-1.5192,0.56909,-1.5192,-1.5192,-1.5192,0.56909,-1.5192,-1.5192,-1.5192,0.56909,-1.5192,-1.5192,-1.5192,0.56909,-1.5192,-1.5192,-1.5192,0.56909,-1.5192,-1.5192,-1.5192,0.56909,-1.5192,-1.5192,-1.5192,0.56909,-1.5192,-1.5192,-1.5192,0.56985,-1.5192,-1.5192,-1.5192,0.57061,-1.5192,-1.5192,-1.5192,0.40239,-1.5192,-1.5192,-1.5192,0.3369,-1.5192,-1.5192,-1.5192,0.33681,-1.5192,-1.5192,-1.5192,0.33166,-1.5192,-1.5192,-1.5192,0.32828,-1.5192,-1.5192,-1.5192,0.32788,-1.5192,-1.5192,-1.5192,0.32974,-1.5192,-1.5192,-1.5192,0.30403,-1.5192,-1.5192,-1.5192,0.24441,-1.5192,-1.5192,-1.5192,0.16299
-1.5192,-1.5192,-1.5192,-1.5192,-1.5192,-1.5192,-1.5192,-1.5192,-1.5192,-1.5192,-1.5192,-1.5192,-1.5192,-1.5192,-1.5192,-1.5192,-1.5192,-1.5192,-1.5192,-1.5192,-1.5192,-1.5192,-1.5192,-1.5192,-1.5192,-1.5192,-1.5192,-1.5192,-1.5192,-1.5192,-1.5192,-1.5192,-1.5192,-1.5192,-1.5192,-1.5192,-1.5192,-1.5192,-1.5192,-1.5192,-1.5192,-1.5192,-1.5192,-1.5192,-1.5192,-1.5192,-1.5192,-1.5192,-1.5192,-1.5192,-1.5192,-1.5192,-1.5192,-1.5192,-1.5192,-1.5192,-1.5192,-1.5192,-1.5192,-1.5192,-1.5192,-1.5192,-1.5192,-1.5192,-1.5192,-1.5192,-1.5192,-1.5192,-1.5192,-1.5192,-1.5192,-1.5192,-1.5192,-1.5192,-1.5192,-1.5192,-1.5192,-1.5192,-1.5192,-1.5192,-1.5192,-1.5192,-1.5192,-1.5192,-1.5192,-1.5192,-1.5192,-1.5192,-1.5192,-1.5192,-1.5192,-1.5192,-1.5192,-1.5192,-1.5192,-1.5192,-1.5192,-1.5192,-1.5192,-1.5192,-1.5192
-1.5192,-1.5192,-1.5192,-1.5192,-1.5192,-1.5192,-1.5192,-1.5192,-1.5192,-1.5192,-1.5192,-1.5192,-1.5192,-1.5192,-1.5192,-1.5192,-1.5192,-1.5192,-1.5192,-1.5192,-1.5192,-1.5192,-1.5192,-1.5192,-1.5192,-1.5192,-1.5192,-1.5192,-1.5192,-1.5192,-1.5192,-1.5192,-1.5192,-1.5192,-1.5192,-1.5192,-1.5192,-1.5192,-1.5192,-1.5192,-1.5192,-1.5192,-1.5192,-1.5192,-1.5192,-1.5192,-1.5192,-1.5192,-1.5192,-1.5192,-1.5192,-1.5192,-1.5192,-1.5192,-1.5192,-1.5192,-1.5192,-1.5192,-1.5192,-1.5192,-1.5192,-1.5192,-1.5192,-1.5192,-1.5192,-1.5192,-1.5192,-1.5192,-1.5192,-1.5192,-1.5192,-1.5192,-1.5192,-1.5192,-1.5192,-1.5192,-1.5192,-1.5192,-1.5192,-1.5192,-1.5192,-1.5192,-1.5192,-1.5192,-1.5192,-1.5192,-1.5192,-1.5192,-1.5192,-1.5192,-1.5192,-1.5192,-1.5192,-1.5192,-1.5192,-1.5192,-1.5192,-1.5192,-1.5192,-1.5192,-1.5192
-1.5192,-1.5192,-1.5192,-1.5192,-1.5192,-1.5192,-1.5192,-1.5192,-1.5192,-1.5192,-1.5192,-1.5192,-1.5192,-1.5192,-1.5192,-1.5192,-1.5192,-1.5192,-1.5192,-1.5192,-1.5192,-1.5192,-1.5192,-1.5192,-1.5192,-1.5192,-1.5192,-1.5192,-1.5192,-1.5192,-1.5192,-1.5192,-1.5192,-1.5192,-1.5192,-1.5192,-1.5192,-1.5192,-1.5192,-1.5192,-1.5192,-1.5192,-1.5192,-1.5192,-1.5192,-1.5192,-1.5192,-1.5192,-1.5192,-1.5192,-1.5192,-1.5192,-1.5192,-1.5192,-1.5192,-1.5192,-1.5192,-1.5192,-1.5192,-1.5192,-1.5192,-1.5192,-1.5192,-1.5192,-1.5192,-1.5192,-1.5192,-1.5192,-1.5192,-1.5192,-1.5192,-1.5192,-1.5192,-1.5192,-1.5192,-1.5192,-1.5192,-1.5192,-1.5192,-1.5192,-1.5192,-1.5192,-1.5192,-1.5192,-1.5192,-1.5192,-1.5192,-1.5192,-1.5192,-1.5192,-1.5192,-1.5192,-1.5192,-1.5192,-1.5192,-1.5192,-1.5192,-1.5192,-1.5192,-1.5192,-1.5192
0.56143,-1.5192,-1.5192,-1.5192,0.56143,-1.5192,-1.5192,-1.5192,0.56143,-1.5192,-1.5192,-1.5192,0.56143,-1.5192,-1.5192,-1.5192,0.56143,-1.5192,-1.5192,-1.5192,0.56143,-1.5192,-1.5192,-1.5192,0.56143,-1.5192,-1.5192,-1.5192,0.56143,-1.5192,-1.5192,-1.5192,0.56143,-1.5192,-1.5192,-1.5192,0.56143,-1.5192,-1.5192,-1.5192,0.56143,-1.5192,-1.5192,-1.5192,0.56143,-1.5192,-1.5192,-1.5192,0.56143,-1.5192,-1.5192,-1.5192,0.56142,-1.5192,-1.5192,-1.5192,0.56593,-1.5192,-1.5192,-1.5192,0.52886,-1.5192,-1.5192,-1.5192,0.35528,-1.5192,-1.5192,-1.5192,0.33962,-1.5192,-1.5192,-1.5192,0.33518,-1.5192,-1.5192,-1.5192,0.33373,-1.5192,-1.5192,-1.5192,0.3358,-1.5192,-1.5192,-1.5192,0.3084,-1.5192,-1.5192,-1.5192,0.2277,-1.5192,-1.5192,-1.5192,0.14674,-1.5192,-1.5192,-1.5192,0.11947,-1.5192,-1.5192,-1.5192,0.12008
-1.5192,-1.5192,-1.5192,-1.5192,-1.5192,-1.5192,-1.5192,-1.5192,-1.5192,-1.5192,-1.5192,-1.5192,-1.5192,-1.5192,-1.5192,-1.5192,-1.5192,-1.5192,-1.5192,-1.5192,-1.5192,-1.5192,-1.5192,-1.5192,-1.5192,-1.5192,-1.5192,-1.5192,-1.5192,-1.5192,-1.5192,-1.5192,-1.5192,-1.5192,-1.5192,-1.5192,-1.5192,-1.5192,-1.5192,-1.5192,-1.5192,-1.5192,-1.5192,-1.5192,-1.5192,-1.5192,-1.5192,-1.5192,-1.5192,-1.5192,-1.5192,-1.5192,-1.5192,-1.5192,-1.5192,-1.5192,-1.5192,-1.5192,-1.5192,-1.5192,-1.5192,-1.5192,-1.5192,-1.5192,-1.5192,-1.5192,-1.5192,-1.5192,-1.5192,-1.5192,-1.5192,-1.5192,-1.5192,-1.5192,-1.5192,-1.5192,-1.5192,-1.5192,-1.5192,-1.5192,-1.5192,-1.5192,-1.5192,-1.5192,-1.5192,-1.5192,-1.5192,-1.5192,-1.5192,-1.5192,-1.5192,-1.5192,-1.5192,-1.5192,-1.5192,-1.5192,-1.5192,-1.5192,-1.5192,-1.5192,-1.5192
-1.5192,-1.5192,-1.5192,-1.5192,-1.5192,-1.5192,-1.5192,-1.5192,-1.5192,-1.5192,-1.5192,-1.5192,-1.5192,-1.5192,-1.5192,-1.5192,-1.5192,-1.5192,-1.5192,-1.5192,-1.5192,-1.5192,-1.5192,-1.5192,-1.5192,-1.5192,-1.5192,-1.5192,-1.5192,-1.5192,-1.5192,-1.5192,-1.5192,-1.5192,-1.5192,-1.5192,-1.5192,-1.5192,-1.5192,-1.5192,-1.5192,-1.5192,-1.5192,-1.5192,-1.5192,-1.5192,-1.5192,-1.5192,-1.5192,-1.5192,-1.5192,-1.5192,-1.5192,-1.5192,-1.5192,-1.5192,-1.5192,-1.5192,-1.5192,-1.5192,-1.5192,-1.5192,-1.5192,-1.5192,-1.5192,-1.5192,-1.5192,-1.5192,-1.5192,-1.5192,-1.5192,-1.5192,-1.5192,-1.5192,-1.5192,-1.5192,-1.5192,-1.5192,-1.5192,-1.5192,-1.5192,-1.5192,-1.5192,-1.5192,-1.5192,-1.5192,-1.5192,-1.5192,-1.5192,-1.5192,-1.5192,-1.5192,-1.5192,-1.5192,-1.5192,-1.5192,-1.5192,-1.5192,-1.5192,-1.5192,-1.5192
-1.5192,-1.5192,-1.5192,-1.5192,-1.5192,-1.5192,-1.5192,-1.5192,-1.5192,-1.5192,-1.5192,-1.5192,-1.5192,-1.5192,-1.5192,-1.5192,-1.5192,-1.5192,-1.5192,-1.5192,-1.5192,-1.5192,-1.5192,-1.5192,-1.5192,-1.5192,-1.5192,-1.5192,-1.5192,-1.5192,-1.5192,-1.5192,-1.5192,-1.5192,-1.5192,-1.5192,-1.5192,-1.5192,-1.5192,-1.5192,-1.5192,-1.5192,-1.5192,-1.5192,-1.5192,-1.5192,-1.5192,-1.5192,-1.5192,-1.5192,-1.5192,-1.5192,-1.5192,-1.5192,-1.5192,-1.5192,-1.5192,-1.5192,-1.5192,-1.5192,-1.5192,-1.5192,-1.5192,-1.5192,-1.5192,-1.5192,-1.5192,-1.5192,-1.5192,-1.5192,-1.5192,-1.5192,-1.5192,-1.5192,-1.5192,-1.5192,-1.5192,-1.5192,-1.5192,-1.5192,-1.5192,-1.5192,-1.5192,-1.5192,-1.5192,-1.5192,-1.5192,-1.5192,-1.5192,-1.5192,-1.5192,-1.5192,-1.5192,-1.5192,-1.5192,-1.5192,-1.5192,-1.5192,-1.5192,-1.5192,-1.5192
0.55386,-1.5192,-1.5192,-1.5192,0.55386,-1.5192,-1.5192,-1.5192,0.55386,-1.5192,-1.5192,-1.5192,0.55386,-1.5192,-1.5192,-1.5192,0.55386,-1.5192,-1.5192,-1.5192,0.55386,-1.5192,-1.5192,-1.5192,0.55386,-1.5192,-1.5192,-1.5192,0.55386,-1.5192,-1.5192,-1.5192,0.55386,-1.5192,-1.5192,-1.5192,0.55386,-1.5192,-1.5192,-1.5192,0.55386,-1.5192,-1.5192,-1.5192,0.55386,-1.5192,-1.5192,-1.5192,0.55386,-1.5192,-1.5192,-1.5192,0.55383,-1.5192,-1.5192,-1.5192,0.56215,-1.5192,-1.5192,-1.5192,0.46384,-1.5192,-1.5192,-1.5192,0.33894,-1.5192,-1.5192,-1.5192,0.34027,-1.5192,-1.5192,-1.5192,0.34072,-1.5192,-1.5192,-1.5192,0.31388,-1.5192,-1.5192,-1.5192,0.23108,-1.5192,-1.5192,-1.5192,0.14772,-1.5192,-1.5192,-1.5192,0.11798,-1.5192,-1.5192,-1.5192,0.11919,-1.5192,-1.5192,-1.5192,0.12014,-1.5192,-1.5192,-1.5192,0.11864
-1.5192,-1.5192,-1.5192,-1.5192,-1.5192,-1.5192,-1.5192,-1.5192,-1.5192,-1.5192,-1.5192,-1.5192,-1.5192,-1.5192,-1.5192,-1.5192,-1.5192,-1.5192,-1.5192,-1.5192,-1.5192,-1.5192,-1.5192,-1.5192,-1.5192,-1.5192,-1.5192,-1.5192,-1.5192,-1.5192,-1.5192,-1.5192,-1.5192,-1.5192,-1.5192,-1.5192,-1.5192,-1.5192,-1.5192,-1.5192,-1.5192,-1.5192,-1.5192,-1.5192,-1.5192,-1.5192,-1.5192,-1.5192,-1.5192,-1.5192,-1.5192,-1.5192,-1.5192,-1.5192,-1.5192,-1.5192,-1.5192,-1.5192,-1.5192,-1.5192,-1.5192,-1.5192,-1.5192,-1.5192,-1.5192,-1.5192,-1.5192,-1.5192,-1.5192,-1.5192,-1.5192,-1.5192,-1.5192,-1.5192,-1.5192,-1.5192,-1.5192,-1.5192,-1.5192,-1.5192,-1.5192,-1.5192,-1.5192,-1.5192,-1.5192,-1.5192,-1.5192,-1.5192,-1.5192,-1.5192,-1.5192,-1.5192,-1.5192,-1.5192,-1.5192,-1.5192,-1.5192,-1.5192,-1.5192,-1.5192,-1.5192
-1.5192,-1.5192,-1.5192,-1.5192,-1.5192,-1.5192,-1.5192,-1.5192,-1.5192,-1.5192,-1.5192,-1.5192,-1.5192,-1.5192,-1.5192,-1.5192,-1.5192,-1.5192,-1.5192,-1.5192,-1.5192,-1.5192,-1.5192,-1.5192,-1.5192,-1.5192,-1.5192,-1.5192,-1.5192,-1.5192,-1.5192,-1.5192,-1.5192,-1.5192,-1.5192,-1.5192,-1.5192,-1.5192,-1.5192,-1.5192,-1.5192,-1.5192,-1.5192,-1.5192,-1.5192,-1.5192,-1.5192,-1.5192,-1.5192,-1.5192,-1.5192,-1.5192,-1.5192,-1.5192,-1.5192,-1.5192,-1.5192,-1.5192,-1.5192,-1.5192,-1.5192,-1.5192,-1.5192,-1.5192,-1.5192,-1.5192,-1.5192,-1.5192,-1.5192,-1.5192,-1.5192,-1.5192,-1.5192,-1.5192,-1.5192,-1.5192,-1.5192,-1.5192,-1.5192,-1.5192,-1.5192,-1.5192,-1.5192,-1.5192,-1.5192,-1.5192,-1.5192,-1.5192,-1.5192,-1.5192,-1.5192,-1.5192,-1.5192,-1.5192,-1.5192,-1.5192,-1.5192,-1.5192,-1.5192,-1.5192,-1.5192
-1.5192,-1.5192,-1.5192,-1.5192,-1.5192,-1.5192,-1.5192,-1.5192,-1.5192,-1.5192,-1.5192,-1.5192,-1.5192,-1.5192,-1.5192,-1.5192,-1.5192,-1.5192,-1.5192,-1.5192,-1.5192,-1.5192,-1.5192,-1.5192,-1.5192,-1.5192,-1.5192,-1.5192,-1.5192,-1.5192,-1.5192,-1.5192,-1.5192,-1.5192,-1.5192,-1.5192,-1.5192,-1.5192,-1.5192,-1.5192,-1.5192,-1.5192,-1.5192,-1.5192,-1.5192,-1.5192,-1.5192,-1.5192,-1.5192,-1.5192,-1.5192,-1.5192,-1.5192,-1.5192,-1.5192,-1.5192,-1.5192,-1.5192,-1.5192,-1.5192,-1.5192,-1.5192,-1.5192,-1.5192,-1.5192,-1.5192,-1.5192,-1.5192,-1.5192,-1.5192,-1.5192,-1.5192,-1.5192,-1.5192,-1.5192,-1.5192,-1.5192,-1.5192,-1.5192,-1.5192,-1.5192,-1.5192,-1.5192,-1.5192,-1.5192,-1.5192,-1.5192,-1.5192,-1.5192,-1.5192,-1.5192,-1.5192,-1.5192,-1.5192,-1.5192,-1.5192,-1.5192,-1.5192,-1.5192,-1.5192,-1.5192
0.54637,-1.5192,-1.5192,-1.5192,0.54637,-1.5192,-1.5192,-1.5192,0.54637,-1.5192,-1.5192,-1.5192,0.54637,-1.5192,-1.5192,-1.5192,0.54637,-1.5192,-1.5192,-1.5192,0.54637,-1.5192,-1.5192,-1.5192,0.54637,-1.5192,-1.5192,-1.5192,0.54637,-1.5192,-1.5192,-1.5192,0.54637,-1.5192,-1.5192,-1.5192,0.54637,-1.5192,-1.5192,-1.5192,0.54637,-1.5192,-1.5192,-1.5192,0.54637,-1.5192,-1.5192,-1.5192,0.54637,-1.5192,-1.5192,-1.5192,0.54705,-1.5192,-1.5192,-1.5192,0.54766,-1.5192,-1.5192,-1.5192,0.39841,-1.5192,-1.5192,-1.5192,0.34246,-1.5192,-1.5192,-1.5192,0.34382,-1.5192,-1.5192,-1.5192,0.25569,-1.5192,-1.5192,-1.5192,0.14734,-1.5192,-1.5192,-1.5192,0.11857,-1.5192,-1.5192,-1.5192,0.11955,-1.5192,-1.5192,-1.5192,0.11957,-1.5192,-1.5192,-1.5192,0.11726,-1.5192,-1.5192,-1.5192,0.11546,-1.5192,-1.5192,-1.5192,0.11417
-1.5192,-1.5192,-1.5192,-1.5192,-1.5192,-1.5192,-1.5192,-1.5192,-1.5192,-1.5192,-1.5192,-1.5192,-1.5192,-1.5192,-1.5192,-1.5192,-1.5192,-1.5192,-1.5192,-1.5192,-1.5192,-1.5192,-1.5192,-1.5192,-1.5192,-1.5192,-1.5192,-1.5192,-1.5192,-1.5192,-1.5192,-1.5192,-1.5192,-1.5192,-1.5192,-1.5192,-1.5192,-1.5192,-1.5192,-1.5192,-1.5192,-1.5192,-1.5192,-1.5192,-1.5192,-1.5192,-1.5192,-1.5192,-1.5192,-1.5192,-1.5192,-1.5192,-1.5192,-1.5192,-1.5192,-1.5192,-1.5192,-1.5192,-1.5192,-1.5192,-1.5192,-1.5192,-1.5192,-1.5192,-1.5192,-1.5192,-1.5192,-1.5192,-1.5192,-1.5192,-1.5192,-1.5192,-1.5192,-1.5192,-1.5192,-1.5192,-1.5192,-1.5192,-1.5192,-1.5192,-1.5192,-1.5192,-1.5192,-1.5192,-1.5192,-1.5192,-1.5192,-1.5192,-1.5192,-1.5192,-1.5192,-1.5192,-1.5192,-1.5192,-1.5192,-1.5192,-1.5192,-1.5192,-1.5192,-1.5192,-1.5192
-1.5192,-1.5192,-1.5192,-1.5192,-1.5192,-1.5192,-1.5192,-1.5192,-1.5192,-1.5192,-1.5192,-1.5192,-1.5192,-1.5192,-1.5192,-1.5192,-1.5192,-1.5192,-1.5192,-1.5192,-1.5192,-1.5192,-1.5192,-1.5192,-1.5192,-1.5192,-1.5192,-1.5192,-1.5192,-1.5192,-1.5192,-1.5192,-1.5192,-1.5192,-1.5192,-1.5192,-1.5192,-1.5192,-1.5192,-1.5192,-1.5192,-1.5192,-1.5192,-1.5192,-1.5192,-1.5192,-1.5192,-1.5192,-1.5192,-1.5192,-1.5192,-1.5192,-1.5192,-1.5192,-1.5192,-1.5192,-1.5192,-1.5192,-1.5192,-1.5192,-1.5192,-1.5192,-1.5192,-1.5192,-1.5192,-1.5192,-1.5192,-1.5192,-1.5192,-1.5192,-1.5192,-1.5192,-1.5192,-1.5192,-1.5192,-1.5192,-1.5192,-1.5192,-1.5192,-1.5192,-1.5192,-1.5192,-1.5192,-1.5192,-1.5192,-1.5192,-1.5192,-1.5192,-1.5192,-1.5192,-1.5192,-1.5192,-1.5192,-1.5192,-1.5192,-1.5192,-1.5192,-1.5192,-1.5192,-1.5192,-1.5192
-1.5192,-1.5192,-1.5192,-1.5192,-1.5192,-1.5192,-1.5192,-1.5192,-1.5192,-1.5192,-1.5192,-1.5192,-1.5192,-1.5192,-1.5192,-1.5192,-1.5192,-1.5192,-1.5192,-1.5192,-1.5192,-1.5192,-1.5192,-1.5192,-1.5192,-1.5192,-1.5192,-1.5192,-1.5192,-1.5192,-1.5192,-1.5192,-1.5192,-1.5192,-1.5192,-1.5192,-1.5192,-1.5192,-1.5192,-1.5192,-1.5192,-1.5192,-1.5192,-1.5192,-1.5192,-1.5192,-1.5192,-1.5192,-1.5192,-1.5192,-1.5192,-1.5192,-1.5192,-1.5192,-1.5192,-1.5192,-1.5192,-1.5192,-1.5192,-1.5192,-1.5192,-1.5192,-1.5192,-1.5192,-1.5192,-1.5192,-1.5192,-1.5192,-1.5192,-1.5192,-1.5192,-1.5192,-1.5192,-1.5192,-1.5192,-1.5192,-1.5192,-1.5192,-1.5192,-1.5192,-1.5192,-1.5192,-1.5192,-1.5192,-1.5192,-1.5192,-1.5192,-1.5192,-1.5192,-1.5192,-1.5192,-1.5192,-1.5192,-1.5192,-1.5192,-1.5192,-1.5192,-1.5192,-1.5192,-1.5192,-1.5192
0.53894,-1.5192,-1.5192,-1.5192,0.53894,-1.5192,-1.5192,-1.5192,0.53894,-1.5192,-1.5192,-1.5192,0.53894,-1.5192,-1.5192,-1.5192,0.53894,-1.5192,-1.5192,-1.5192,0.53894,-1.5192,-1.5192,-1.5192,0.53894,-1.5192,-1.5192,-1.5192,0.53894,-1.5192,-1.5192,-1.5192,0.53894,-1.5192,-1.5192,-1.5192,0.53894,-1.5192,-1.5192,-1.5192,0.53894,-1.5192,-1.5192,-1.5192,0.53894,-1.5192,-1.5192,-1.5192,0.53894,-1.5192,-1.5192,-1.5192,0.54282,-1.5192,-1.5192,-1.5192,0.51053,-1.5192,-1.5192,-1.5192,0.36303,-1.5192,-1.5192,-1.5192,0.32562,-1.5192,-1.5192,-1.5192,0.20236,-1.5192,-1.5192,-1.5192,0.12352,-1.5192,-1.5192,-1.5192,0.11959,-1.5192,-1.5192,-1.5192,0.12016,-1.5192,-1.5192,-1.5192,0.11764,-1.5192,-1.5192,-1.5192,0.11543,-1.5192,-1.5192,-1.5192,0.11352,-1.5192,-1.5192,-1.5192,0.11192,-1.5192,-1.5192,-1.5192,0.11044
-1.5192,-1.5192,-1.5192,-1.5192,-1.5192,-1.5192,-1.5192,-1.5192,-1.5192,-1.5192,-1.5192,-1.5192,-1.5192,-1.5192,-1.5192,-1.5192,-1.5192,-1.5192,-1.5192,-1.5192,-1.5192,-1.5192,-1.5192,-1.5192,-1.5192,-1.5192,-1.5192,-1.5192,-1.5192,-1.5192,-1.5192,-1.5192,-1.5192,-1.5192,-1.5192,-1.5192,-1.5192,-1.5192,-1.5192,-1.5192,-1.5192,-1.5192,-1.5192,-1.5192,-1.5192,-1.5192,-1.5192,-1.5192,-1.5192,-1.5192,-1.5192,-1.5192,-1.5192,-1.5192,-1.5192,-1.5192,-1.5192,-1.5192,-1.5192,-1.5192,-1.5192,-1.5192,-1.5192,-1.5192,-1.5192,-1.5192,-1.5192,-1.5192,-1.5192,-1.5192,-1.5192,-1.5192,-1.5192,-1.5192,-1.5192,-1.5192,-1.5192,-1.5192,-1.5192,-1.5192,-1.5192,-1.5192,-1.5192,-1.5192,-1.5192,-1.5192,-1.5192,-1.5192,-1.5192,-1.5192,-1.5192,-1.5192,-1.5192,-1.5192,-1.5192,-1.5192,-1.5192,-1.5192,-1.5192,-1.5192,-1.5192
-1.5192,-1.5192,-1.5192,-1.5192,-1.5192,-1.5192,-1.5192,-1.5192,-1.5192,-1.5192,-1.5192,-1.5192,-1.5192,-1.5192,-1.5192,-1.5192,-1.5192,-1.5192,-1.5192,-1.5192,-1.5192,-1.5192,-1.5192,-1.5192,-1.5192,-1.5192,-1.5192,-1.5192,-1.5192,-1.5192,-1.5192,-1.5192,-1.5192,-1.5192,-1.5192,-1.5192,-1.5192,-1.5192,-1.5192,-1.5192,-1.5192,-1.5192,-1.5192,-1.5192,-1.5192,-1.5192,-1.5192,-1.5192,-1.5192,-1.5192,-1.5192,-1.5192,-1.5192,-1.5192,-1.5192,-1.5192,-1.5192,-1.5192,-1.5192,-1.5192,-1.5192,-1.5192,-1.5192,-1.5192,-1.5192,-1.5192,-1.5192,-1.5192,-1.5192,-1.5192,-1.5192,-1.5192,-1.5192,-1.5192,-1.5192,-1.5192,-1.5192,-1.5192,-1.5192,-1.5192,-1.5192,-1.5192,-1.5192,-1.5192,-1.5192,-1.5192,-1.5192,-1.5192,-1.5192,-1.5192,-1.5192,-1.5192,-1.5192,-1.5192,-1.5192,-1.5192,-1.5192,-1.5192,-1.5192,-1.5192,-1.5192
-1.5192,-1.5192,-1.5192,-1.5192,-1.5192,-1.5192,-1.5192,-1.5192,-1.5192,-1.5192,-1.5192,-1.5192,-1.5192,-1.5192,-1.5192,-1.5192,-1.5192,-1.5192,-1.5192,-1.5192,-1.5192,-1.5192,-1.5192,-1.5192,-1.5192,-1.5192,-1.5192,-1.5192,-1.5192,-1.5192,-1.5192,-1.5192,-1.5192,-1.5192,-1.5192,-1.5192,-1.5192,-1.5192,-1.5192,-1.5192,-1.5192,-1.5192,-1.5192,-1.5192,-1.5192,-1.5192,-1.5192,-1.5192,-1.5192,-1.5192,-1.5192,-1.5192,-1.5192,-1.5192,-1.5192,-1.5192,-1.5192,-1.5192,-1.5192,-1.5192,-1.5192,-1.5192,-1.5192,-1.5192,-1.5192,-1.5192,-1.5192,-1.5192,-1.5192,-1.5192,-1.5192,-1.5192,-1.5192,-1.5192,-1.5192,-1.5192,-1.5192,-1.5192,-1.5192,-1.5192,-1.5192,-1.5192,-1.5192,-1.5192,-1.5192,-1.5192,-1.5192,-1.5192,-1.5192,-1.5192,-1.5192,-1.5192,-1.5192,-1.5192,-1.5192,-1.5192,-1.5192,-1.5192,-1.5192,-1.5192,-1.5192
0.5316,-1.5192,-1.5192,-1.5192,0.5316,-1.5192,-1.5192,-1.5192,0.5316,-1.5192,-1.5192,-1.5192,0.5316,-1.5192,-1.5192,-1.5192,0.5316,-1.5192,-1.5192,-1.5192,0.5316,-1.5192,-1.5192,-1.5192,0.5316,-1.5192,-1.5192,-1.5192,0.5316,-1.5192,-1.5192,-1.5192,0.5316,-1.5192,-1.5192,-1.5192,0.5316,-1.5192,-1.5192,-1.5192,0.5316,-1.5192,-1.5192,-1.5192,0.5316,-1.5192,-1.5192,-1.5192,0.53152,-1.5192,-1.5192,-1.5192,0.53868,-1.5192,-1.5192,-1.5192,0.47742,-1.5192,-1.5192,-1.5192,0.30314,-1.5192,-1.5192,-1.5192,0.15874,-1.5192,-1.5192,-1.5192,0.11528,-1.5192,-1.5192,-1.5192,0.12012,-1.5192,-1.5192,-1.5192,0.11815,-1.5192,-1.5192,-1.5192,0.11572,-1.5192,-1.5192,-1.5192,0.11372,-1.5192,-1.5192,-1.5192,0.11199,-1.5192,-1.5192,-1.5192,0.1104,-1.5192,-1.5192,-1.5192,0.10894,-1.5192,-1.5192,-1.5192,0.10779
-1.5192,-1.5192,-1.5192,-1.5192,-1.5192,-1.5192,-1.5192,-1.5192,-1.5192,-1.5192,-1.5192,-1.5192,-1.5192,-1.5192,-1.5192,-1.5192,-1.5192,-1.5192,-1.5192,-1.5192,-1.5192,-1.5192,-1.5192,-1.5192,-1.5192,-1.5192,-1.5192,-1.5192,-1.5192,-1.5192,-1.5192,-1.5192,-1.5192,-1.5192,-1.5192,-1.5192,-1.5192,-1.5192,-1.5192,-1.5192,-1.5192,-1.5192,-1.5192,-1.5192,-1.5192,-1.5192,-1.5192,-1.5192,-1.5192,-1.5192,-1.5192,-1.5192,-1.5192,-1.5192,-1.5192,-1.5192,-1.5192,-1.5192,-1.5192,-1.5192,-1.5192,-1.5192,-1.5192,-1.5192,-1.5192,-1.5192,-1.5192,-1.5192,-1.5192,-1.5192,-1.5192,-1.5192,-1.5192,-1.5192,-1.5192,-1.5192,-1.5192,-1.5192,-1.5192,-1.5192,-1.5192,-1.5192,-1.5192,-1.5192,-1.5192,-1.5192,-1.5192,-1.5192,-1.5192,-1.5192,-1.5192,-1.5192,-1.5192,-1.5192,-1.5192,-1.5192,-1.5192,-1.5192,-1.5192,-1.5192,-1.5192
-1.5192,-1.5192,-1.5192,-1.5192,-1.5192,-1.5192,-1.5192,-1.5192,-1.5192,-1.5192,-1.5192,-1.5192,-1.5192,-1.5192,-1.5192,-1.5192,-1.5192,-1.5192,-1.5192,-1.5192,-1.5192,-1.5192,-1.5192,-1.5192,-1.5192,-1.5192,-1.5192,-1.5192,-1.5192,-1.5192,-1.5192,-1.5192,-1.5192,-1.5192,-1.5192,-1.5192,-1.5192,-1.5192,-1.5192,-1.5192,-1.5192,-1.5192,-1.5192,-1.5192,-1.5192,-1.5192,-1.5192,-1.5192,-1.5192,-1.5192,-1.5192,-1.5192,-1.5192,-1.5192,-1.5192,-1.5192,-1.5192,-1.5192,-1.5192,-1.5192,-1.5192,-1.5192,-1.5192,-1.5192,-1.5192,-1.5192,-1.5192,-1.5192,-1.5192,-1.5192,-1.5192,-1.5192,-1.5192,-1.5192,-1.5192,-1.5192,-1.5192,-1.5192,-1.5192,-1.5192,-1.5192,-1.5192,-1.5192,-1.5192,-1.5192,-1.5192,-1.5192,-1.5192,-1.5192,-1.5192,-1.5192,-1.5192,-1.5192,-1.5192,-1.5192,-1.5192,-1.5192,-1.5192,-1.5192,-1.5192,-1.5192
-1.5192,-1.5192,-1.5192,-1.5192,-1.5192,-1.5192,-1.5192,-1.5192,-1.5192,-1.5192,-1.5192,-1.5192,-1.5192,-1.5192,-1.5192,-1.5192,-1.5192,-1.5192,-1.5192,-1.5192,-1.5192,-1.5192,-1.5192,-1.5192,-1.5192,-1.5192,-1.5192,-1.5192,-1.5192,-1.5192,-1.5192,-1.5192,-1.5192,-1.5192,-1.5192,-1.5192,-1.5192,-1.5192,-1.5192,-1.5192,-1.5192,-1.5192,-1.5192,-1.5192,-1.5192,-1.5192,-1.5192,-1.5192,-1.5192,-1.5192,-1.5192,-1.5192,-1.5192,-1.5192,-1.5192,-1.5192,-1.5192,-1.5192,-1.5192,-1.5192,-1.5192,-1.5192,-1.5192,-1.5192,-1.5192,-1.5192,-1.5192,-1.5192,-1.5192,-1.5192,-1.5192,-1.5192,-1.5192,-1.5192,-1.5192,-1.5192,-1.5192,-1.5192,-1.5192,-1.5192,-1.5192,-1.5192,-1.5192,-1.5192,-1.5192,-1.5192,-1.5192,-1.5192,-1.5192,-1.5192,-1.5192,-1.5192,-1.5192,-1.5192,-1.5192,-1.5192,-1.5192,-1.5192,-1.5192,-1.5192,-1.5192
0.52436,-1.5192,-1.5192,-1.5192,0.52436,-1.5192,-1.5192,-1.5192,0.52436,-1.5192,-1.5192,-1.5192,0.52436,-1.5192,-1.5192,-1.5192,0.52436,-1.5192,-1.5192,-1.5192,0.52436,-1.5192,-1.5192,-1.5192,0.52436,-1.5192,-1.5192,-1.5192,0.52436,-1.5192,-1.5192,-1.5192,0.52436,-1.5192,-1.5192,-1.5192,0.52436,-1.5192,-1.5192,-1.5192,0.52436,-1.5192,-1.5192,-1.5192,0.52411,-1.5192,-1.5192,-1.5192,0.5272,-1.5192,-1.5192,-1.5192,0.54227,-1.5192,-1.5192,-1.5192,0.33299,-1.5192,-1.5192,-1.5192,0.14708,-1.5192,-1.5192,-1.5192,0.11434,-1.5192,-1.5192,-1.5192,0.11883,-1.5192,-1.5192,-1.5192,0.11626,-1.5192,-1.5192,-1.5192,0.11399,-1.5192,-1.5192,-1.5192,0.1121,-1.5192,-1.5192,-1.5192,0.11046,-1.5192,-1.5192,-1.5192,0.10887,-1.5192,-1.5192,-1.5192,0.10755,-1.5192,-1.5192,-1.5192,0.10639,-1.5192,-1.5192,-1.5192,0.10526
-1.5192,-1.5192,-1.5192,-1.5192,-1.5192,-1.5192,-1.5192,-1.5192,-1.5192,-1.5192,-1.5192,-1.5192,-1.5192,-1.5192,-1.5192,-1.5192,-1.5192,-1.5192,-1.5192,-1.5192,-1.5192,-1.5192,-1.5192,-1.5192,-1.5192,-1.5192,-1.5192,-1.5192,-1.5192,-1.5192,-1.5192,-1.5192,-1.5192,-1.5192,-1.5192,-1.5192,-1.5192,-1.5192,-1.5192,-1.5192,-1.5192,-1.5192,-1.5192,-1.5192,-1.5192,-1.5192,-1.5192,-1.5192,-1.5192,-1.5192,-1.5192,-1.5192,-1.5192,-1.5192,-1.5192,-1.5192,-1.5192,-1.5192,-1.5192,-1.5192,-1.5192,-1.5192,-1.5192,-1.5192,-1.5192,-1.5192,-1.5192,-1.5192,-1.5192,-1.5192,-1.5192,-1.5192,-1.5192,-1.5192,-1.5192,-1.5192,-1.5192,-1.5192,-1.5192,-1.5192,-1.5192,-1.5192,-1.5192,-1.5192,-1.5192,-1.5192,-1.5192,-1.5192,-1.5192,-1.5192,-1.5192,-1.5192,-1.5192,-1.5192,-1.5192,-1.5192,-1.5192,-1.5192,-1.5192,-1.5192,-1.5192
-1.5192,-1.5192,-1.5192,-1.5192,-1.5192,-1.5192,-1.5192,-1.5192,-1.5192,-1.5192,-1.5192,-1.5192,-1.5192,-1.5192,-1.5192,-1.5192,-1.5192,-1.5192,-1.5192,-1.5192,-1.5192,-1.5192,-1.5192,-1.5192,-1.5192,-1.5192,-1.5192,-1.5192,-1.5192,-1.5192,-1.5192,-1.5192,-1.5192,-1.5192,-1.5192,-1.5192,-1.5192,-1.5192,-1.5192,-1.5192,-1.5192,-1.5192,-1.5192,-1.5192,-1.5192,-1.5192,-1.5192,-1.5192,-1.5192,-1.5192,-1.5192,-1.5192,-1.5192,-1.5192,-1.5192,-1.5192,-1.5192,-1.5192,-1.5192,-1.5192,-1.5192,-1.5192,-1.5192,-1.5192,-1.5192,-1.5192,-1.5192,-1.5192,-1.5192,-1.5192,-1.5192,-1.5192,-1.5192,-1.5192,-1.5192,-1.5192,-1.5192,-1.5192,-1.5192,-1.5192,-1.5192,-1.5192,-1.5192,-1.5192,-1.5192,-1.5192,-1.5192,-1.5192,-1.5192,-1.5192,-1.5192,-1.5192,-1.5192,-1.5192,-1.5192,-1.5192,-1.5192,-1.5192,-1.5192,-1.5192,-1.5192
-1.5192,-1.5192,-1.5192,-1.5192,-1.5192,-1.5192,-1.5192,-1.5192,-1.5192,-1.5192,-1.5192,-1.5192,-1.5192,-1.5192,-1.5192,-1.5192,-1.5192,-1.5192,-1.5192,-1.5192,-1.5192,-1.5192,-1.5192,-1.5192,-1.5192,-1.5192,-1.5192,-1.5192,-1.5192,-1.5192,-1.5192,-1.5192,-1.5192,-1.5192,-1.5192,-1.5192,-1.5192,-1.5192,-1.5192,-1.5192,-1.5192,-1.5192,-1.5192,-1.5192,-1.5192,-1.5192,-1.5192,-1.5192,-1.5192,-1.5192,-1.5192,-1.5192,-1.5192,-1.5192,-1.5192,-1.5192,-1.5192,-1.5192,-1.5192,-1.5192,-1.5192,-1.5192,-1.5192,-1.5192,-1.5192,-1.5192,-1.5192,-1.5192,-1.5192,-1.5192,-1.5192,-1.5192,-1.5192,-1.5192,-1.5192,-1.5192,-1.5192,-1.5192,-1.5192,-1.5192,-1.5192,-1.5192,-1.5192,-1.5192,-1.5192,-1.5192,-1.5192,-1.5192,-1.5192,-1.5192,-1.5192,-1.5192,-1.5192,-1.5192,-1.5192,-1.5192,-1.5192,-1.5192,-1.5192,-1.5192,-1.5192
0.51718,-1.5192,-1.5192,-1.5192,0.51718,-1.5192,-1.5192,-1.5192,0.51718,-1.5192,-1.5192,-1.5192,0.51718,-1.5192,-1.5192,-1.5192,0.51718,-1.5192,-1.5192,-1.5192,0.51718,-1.5192,-1.5192,-1.5192,0.51718,-1.5192,-1.5192,-1.5192,0.51718,-1.5192,-1.5192,-1.5192,0.51718,-1.5192,-1.5192,-1.5192,0.51718,-1.5192,-1.5192,-1.5192,0.51673,-1.5192,-1.5192,-1.5192,0.52434,-1.5192,-1.5192,-1.5192,0.52006,-1.5192,-1.5192,-1.5192,0.32492,-1.5192,-1.5192,-1.5192,0.12692,-1.5192,-1.5192,-1.5192,0.11497,-1.5192,-1.5192,-1.5192,0.1173,-1.5192,-1.5192,-1.5192,0.11442,-1.5192,-1.5192,-1.5192,0.11228,-1.5192,-1.5192,-1.5192,0.11057,-1.5192,-1.5192,-1.5192,0.10896,-1.5192,-1.5192,-1.5192,0.10738,-1.5192,-1.5192,-1.5192,0.10615,-1.5192,-1.5192,-1.5192,0.10499,-1.5192,-1.5192,-1.5192,0.10379,-1.5192,-1.5192,-1.5192,0.10289
-1.5192,-1.5192,-1.5192,-1.5192,-1.5192,-1.5192,-1.5192,-1.5192,-1.5192,-1.5192,-1.5192,-1.5192,-1.5192,-1.5192,-1.5192,-1.5192,-1.5192,-1.5192,-1.5192,-1.5192,-1.5192,-1.5192,-1.5192,-1.5192,-1.5192,-1.5192,-1.5192,-1.5192,-1.5192,-1.5192,-1.5192,-1.5192,-1.5192,-1.5192,-1.5192,-1.5192,-1.5192,-1.5192,-1.5192,-1.5192,-1.5192,-1.5192,-1.5192,-1.5192,-1.5192,-1.5192,-1.5192,-1.5192,-1.5192,-1.5192,-1.5192,-1.5192,-1.5192,-1.5192,-1.5192,-1.5192,-1.5192,-1.5192,-1.5192,-1.5192,-1.5192,-1.5192,-1.5192,-1.5192,-1.5192,-1.5192,-1.5192,-1.5192,-1.5192,-1.5192,-1.5192,-1.5192,-1.5192,-1.5192,-1.5192,-1.5192,-1.5192,-1.5192,-1.5192,-1.5192,-1.5192,-1.5192,-1.5192,-1.5192,-1.5192,-1.5192,-1.5192,-1.5192,-1.5192,-1.5192,-1.5192,-1.5192,-1.5192,-1.5192,-1.5192,-1.5192,-1.5192,-1.5192,-1.5192,-1.5192,-1.5192
-1.5192,-1.5192,-1.5192,-1.5192,-1.5192,-1.5192,-1.5192,-1.5192,-1.5192,-1.5192,-1.5192,-1.5192,-1.5192,-1.5192,-1.5192,-1.5192,-1.5192,-1.5192,-1.5192,-1.5192,-1.5192,-1.5192,-1.5192,-1.5192,-1.5192,-1.5192,-1.5192,-1.5192,-1.5192,-1.5192,-1.5192,-1.5192,-1.5192,-1.5192,-1.5192,-1.5192,-1.5192,-1.5192,-1.5192,-1.5192,-1.5192,-1.5192,-1.5192,-1.5192,-1.5192,-1.5192,-1.5192,-1.5192,-1.5192,-1.5192,-1.5192,-1.5192,-1.5192,-1.5192,-1.5192,-1.5192,-1.5192,-1.5192,-1.5192,-1.5192,-1.5192,-1.5192,-1.5192,-1.5192,-1.5192,-1.5192,-1.5192,-1.5192,-1.5192,-1.5192,-1.5192,-1.5192,-1.5192,-1.5192,-1.5192,-1.5192,-1.5192,-1.5192,-1.5192,-1.5192,-1.5192,-1.5192,-1.5192,-1.5192,-1.5192,-1.5192,-1.5192,-1.5192,-1.5192,-1.5192,-1.5192,-1.5192,-1.5192,-1.5192,-1.5192,-1.5192,-1.5192,-1.5192,-1.5192,-1.5192,-1.5192
-1.5192,-1.5192,-1.5192,-1.5192,-1.5192,-1.5192,-1.5192,-1.5192,-1.5192,-1.5192,-1.5192,-1.5192,-1.5192,-1.5192,-1.5192,-1.5192,-1.5192,-1.5192,-1.5192,-1.5192,-1.5192,-1.5192,-1.5192,-1.5192,-1.5192,-1.5192,-1.5192,-1.5192,-1.5192,-1.5192,-1.5192,-1.5192,-1.5192,-1.5192,-1.5192,-1.5192,-1.5192,-1.5192,-1.5192,-1.5192,-1.5192,-1.5192,-1.5192,-1.5192,-1.5192,-1.5192,-1.5192,-1.5192,-1.5192,-1.5192,-1.5192,-1.5192,-1.5192,-1.5192,-1.5192,-1.5192,-1.5192,-1.5192,-1.5192,-1.5192,-1.5192,-1.5192,-1.5192,-1.5192,-1.5192,-1.5192,-1.5192,-1.5192,-1.5192,-1.5192,-1.5192,-1.5192,-1.5192,-1.5192,-1.5192,-1.5192,-1.5192,-1.5192,-1.5192,-1.5192,-1.5192,-1.5192,-1.5192,-1.5192,-1.5192,-1.5192,-1.5192,-1.5192,-1.5192,-1.5192,-1.5192,-1.5192,-1.5192,-1.5192,-1.5192,-1.5192,-1.5192,-1.5192,-1.5192,-1.5192,-1.5192
0.51005,-1.5192,-1.5192,-1.5192,0.51005,-1.5192,-1.5192,-1.5192,0.51005,-1.5192,-1.5192,-1.5192,0.51005,-1.5192,-1.5192,-1.5192,0.51005,-1.5192,-1.5192,-1.5192,0.51005,-1.5192,-1.5192,-1.5192,0.51005,-1.5192,-1.5192,-1.5192,0.51005,-1.5192,-1.5192,-1.5192,0.51005,-1.5192,-1.5192,-1.5192,0.50965,-1.5192,-1.5192,-1.5192,0.51844,-1.5192,-1.5192,-1.5192,0.48375,-1.5192,-1.5192,-1.5192,0.25913,-1.5192,-1.5192,-1.5192,0.10938,-1.5192,-1.5192,-1.5192,0.11749,-1.5192,-1.5192,-1.5192,0.11682,-1.5192,-1.5192,-1.5192,0.11365,-1.5192,-1.5192,-1.5192,0.11096,-1.5192,-1.5192,-1.5192,0.10909,-1.5192,-1.5192,-1.5192,0.10744,-1.5192,-1.5192,-1.5192,0.10589,-1.5192,-1.5192,-1.5192,0.10476,-1.5192,-1.5192,-1.5192,0.1036,-1.5192,-1.5192,-1.5192,0.10237,-1.5192,-1.5192,-1.5192,0.10147,-1.5192,-1.5192,-1.5192,0.1007
-1.5192,-1.5192,-1.5192,-1.5192,-1.5192,-1.5192,-1.5192,-1.5192,-1.5192,-1.5192,-1.5192,-1.5192,-1.5192,-1.5192,-1.5192,-1.5192,-1.5192,-1.5192,-1.5192,-1.5192,-1.5192,-1.5192,-1.5192,-1.5192,-1.5192,-1.5192,-1.5192,-1.5192,-1.5192,-1.5192,-1.5192,-1.5192,-1.5192,-1.5192,-1.5192,-1.5192,-1.5192,-1.5192,-1.5192,-1.5192,-1.5192,-1.5192,-1.5192,-1.5192,-1.5192,-1.5192,-1.5192,-1.5192,-1.5192,-1.5192,-1.5192,-1.5192,-1.5192,-1.5192,-1.5192,-1.5192,-1.5192,-1.5192,-1.5192,-1.5192,-1.5192,-1.5192,-1.5192,-1.5192,-1.5192,-1.5192,-1.5192,-1.5192,-1.5192,-1.5192,-1.5192,-1.5192,-1.5192,-1.5192,-1.5192,-1.5192,-1.5192,-1.5192,-1.5192,-1.5192,-1.5192,-1.5192,-1.5192,-1.5192,-1.5192,-1.5192,-1.5192,-1.5192,-1.5192,-1.5192,-1.5192,-1.5192,-1.5192,-1.5192,-1.5192,-1.5192,-1.5192,-1.5192,-1.5192,-1.5192,-1.5192
-1.5192,-1.5192,-1.5192,-1.5192,-1.5192,-1.5192,-1.5192,-1.5192,-1.5192,-1.5192,-1.5192,-1.5192,-1.5192,-1.5192,-1.5192,-1.5192,-1.5192,-1.5192,-1.5192,-1.5192,-1.5192,-1.5192,-1.5192,-1.5192,-1.5192,-1.5192,-1.5192,-1.5192,-1.5192,-1.5192,-1.5192,-1.5192,-1.5192,-1.5192,-1.5192,-1.5192,-1.5192,-1.5192,-1.5192,-1.5192,-1.5192,-1.5192,-1.5192,-1.5192,-1.5192,-1.5192,-1.5192,-1.5192,-1.5192,-1.5192,-1.5192,-1.5192,-1.5192,-1.5192,-1.5192,-1.5192,-1.5192,-1.5192,-1.5192,-1.5192,-1.5192,-1.5192,-1.5192,-1.5192,-1.5192,-1.5192,-1.5192,-1.5192,-1.5192,-1.5192,-1.5192,-1.5192,-1.5192,-1.5192,-1.5192,-1.5192,-1.5192,-1.5192,-1.5192,-1.5192,-1.5192,-1.5192,-1.5192,-1.5192,-1.5192,-1.5192,-1.5192,-1.5192,-1.5192,-1.5192,-1.5192,-1.5192,-1.5192,-1.5192,-1.5192,-1.5192,-1.5192,-1.5192,-1.5192,-1.5192,-1.5192
-1.5192,-1.5192,-1.5192,-1.5192,-1.5192,-1.5192,-1.5192,-1.5192,-1.5192,-1.5192,-1.5192,-1.5192,-1.5192,-1.5192,-1.5192,-1.5192,-1.5192,-1.5192,-1.5192,-1.5192,-1.5192,-1.5192,-1.5192,-1.5192,-1.5192,-1.5192,-1.5192,-1.5192,-1.5192,-1.5192,-1.5192,-1.5192,-1.5192,-1.5192,-1.5192,-1.5192,-1.5192,-1.5192,-1.5192,-1.5192,-1.5192,-1.5192,-1.5192,-1.5192,-1.5192,-1.5192,-1.5192,-1.5192,-1.5192,-1.5192,-1.5192,-1.5192,-1.5192,-1.5192,-1.5192,-1.5192,-1.5192,-1.5192,-1.5192,-1.5192,-1.5192,-1.5192,-1.5192,-1.5192,-1.5192,-1.5192,-1.5192,-1.5192,-1.5192,-1.5192,-1.5192,-1.5192,-1.5192,-1.5192,-1.5192,-1.5192,-1.5192,-1.5192,-1.5192,-1.5192,-1.5192,-1.5192,-1.5192,-1.5192,-1.5192,-1.5192,-1.5192,-1.5192,-1.5192,-1.5192,-1.5192,-1.5192,-1.5192,-1.5192,-1.5192,-1.5192,-1.5192,-1.5192,-1.5192,-1.5192,-1.5192
0.50305,-1.5192,-1.5192,-1.5192,0.50305,-1.5192,-1.5192,-1.5192,0.50305,-1.5192,-1.5192,-1.5192,0.50305,-1.5192,-1.5192,-1.5192,0.50305,-1.5192,-1.5192,-1.5192,0.50305,-1.5192,-1.5192,-1.5192,0.50305,-1.5192,-1.5192,-1.5192,0.50305,-1.5192,-1.5192,-1.5192,0.50282,-1.5192,-1.5192,-1.5192,0.50942,-1.5192,-1.5192,-1.5192,0.48596,-1.5192,-1.5192,-1.5192,0.21168,-1.5192,-1.5192,-1.5192,0.10587,-1.5192,-1.5192,-1.5192,0.11923,-1.5192,-1.5192,-1.5192,0.11612,-1.5192,-1.5192,-1.5192,0.11318,-1.5192,-1.5192,-1.5192,0.1105,-1.5192,-1.5192,-1.5192,0.10848,-1.5192,-1.5192,-1.5192,0.10649,-1.5192,-1.5192,-1.5192,0.10467,-1.5192,-1.5192,-1.5192,0.10338,-1.5192,-1.5192,-1.5192,0.10221,-1.5192,-1.5192,-1.5192,0.10097,-1.5192,-1.5192,-1.5192,0.10008,-1.5192,-1.5192,-1.5192,0.099324,-1.5192,-1.5192,-1.5192,0.098477
-1.5192,-1.5192,-1.5192,-1.5192,-1.5192,-1.5192,-1.5192,-1.5192,-1.5192,-1.5192,-1.5192,-1.5192,-1.5192,-1.5192,-1.5192,-1.5192,-1.5192,-1.5192,-1.5192,-1.5192,-1.5192,-1.5192,-1.5192,-1.5192,-1.5192,-1.5192,-1.5192,-1.5192,-1.5192,-1.5192,-1.5192,-1.5192,-1.5192,-1.5192,-1.5192,-1.5192,-1.5192,-1.5192,-1.5192,-1.5192,-1.5192,-1.5192,-1.5192,-1.5192,-1.5192,-1.5192,-1.5192,-1.5192,-1.5192,-1.5192,-1.5192,-1.5192,-1.5192,-1.5192,-1.5192,-1.5192,-1.5192,-1.5192,-1.5192,-1.5192,-1.5192,-1.5192,-1.5192,-1.5192,-1.5192,-1.5192,-1.5192,-1.5192,-1.5192,-1.5192,-1.5192,-1.5192,-1.5192,-1.5192,-1.5192,-1.5192,-1.5192,-1.5192,-1.5192,-1.5192,-1.5192,-1.5192,-1.5192,-1.5192,-1.5192,-1.5192,-1.5192,-1.5192,-1.5192,-1.5192,-1.5192,-1.5192,-1.5192,-1.5192,-1.5192,-1.5192,-1.5192,-1.5192,-1.5192,-1.5192,-1.5192
-1.5192,-1.5192,-1.5192,-1.5192,-1.5192,-1.5192,-1.5192,-1.5192,-1.5192,-1.5192,-1.5192,-1.5192,-1.5192,-1.5192,-1.5192,-1.5192,-1.5192,-1.5192,-1.5192,-1.5192,-1.5192,-1.5192,-1.5192,-1.5192,-1.5192,-1.5192,-1.5192,-1.5192,-1.5192,-1.5192,-1.5192,-1.5192,-1.5192,-1.5192,-1.5192,-1.5192,-1.5192,-1.5192,-1.5192,-1.5192,-1.5192,-1.5192,-1.5192,-1.5192,-1.5192,-1.5192,-1.5192,-1.5192,-1.5192,-1.5192,-1.5192,-1.5192,-1.5192,-1.5192,-1.5192,-1.5192,-1.5192,-1.5192,-1.5192,-1.5192,-1.5192,-1.5192,-1.5192,-1.5192,-1.5192,-1.5192,-1.5192,-1.5192,-1.5192,-1.5192,-1.5192,-1.5192,-1.5192,-1.5192,-1.5192,-1.5192,-1.5192,-1.5192,-1.5192,-1.5192,-1.5192,-1.5192,-1.5192,-1.5192,-1.5192,-1.5192,-1.5192,-1.5192,-1.5192,-1.5192,-1.5192,-1.5192,-1.5192,-1.5192,-1.5192,-1.5192,-1.5192,-1.5192,-1.5192,-1.5192,-1.5192
-1.5192,-1.5192,-1.5192,-1.5192,-1.5192,-1.5192,-1.5192,-1.5192,-1.5192,-1.5192,-1.5192,-1.5192,-1.5192,-1.5192,-1.5192,-1.5192,-1.5192,-1.5192,-1.5192,-1.5192,-1.5192,-1.5192,-1.5192,-1.5192,-1.5192,-1.5192,-1.5192,-1.5192,-1.5192,-1.5192,-1.5192,-1.5192,-1.5192,-1.5192,-1.5192,-1.5192,-1.5192,-1.5192,-1.5192,-1.5192,-1.5192,-1.5192,-1.5192,-1.5192,-1.5192,-1.5192,-1.5192,-1.5192,-1.5192,-1.5192,-1.5192,-1.5192,-1.5192,-1.5192,-1.5192,-1.5192,-1.5192,-1.5192,-1.5192,-1.5192,-1.5192,-1.5192,-1.5192,-1.5192,-1.5192,-1.5192,-1.5192,-1.5192,-1.5192,-1.5192,-1.5192,-1.5192,-1.5192,-1.5192,-1.5192,-1.5192,-1.5192,-1.5192,-1.5192,-1.5192,-1.5192,-1.5192,-1.5192,-1.5192,-1.5192,-1.5192,-1.5192,-1.5192,-1.5192,-1.5192,-1.5192,-1.5192,-1.5192,-1.5192,-1.5192,-1.5192,-1.5192,-1.5192,-1.5192,-1.5192,-1.5192
0.4961,-1.5192,-1.5192,-1.5192,0.4961,-1.5192,-1.5192,-1.5192,0.4961,-1.5192,-1.5192,-1.5192,0.4961,-1.5192,-1.5192,-1.5192,0.4961,-1.5192,-1.5192,-1.5192,0.4961,-1.5192,-1.5192,-1.5192,0.4961,-1.5192,-1.5192,-1.5192,0.49602,-1.5192,-1.5192,-1.5192,0.49853,-1.5192,-1.5192,-1.5192,0.50023,-1.5192,-1.5192,-1.5192,0.26953,-1.5192,-1.5192,-1.5192,0.10709,-1.5192,-1.5192,-1.5192,0.11916,-1.5192,-1.5192,-1.5192,0.11567,-1.5192,-1.5192,-1.5192,0.1127,-1.5192,-1.5192,-1.5192,0.11008,-1.5192,-1.5192,-1.5192,0.10803,-1.5192,-1.5192,-1.5192,0.10608,-1.5192,-1.5192,-1.5192,0.10416,-1.5192,-1.5192,-1.5192,0.10273,-1.5192,-1.5192,-1.5192,0.10138,-1.5192,-1.5192,-1.5192,0.099977,-1.5192,-1.5192,-1.5192,0.098852,-1.5192,-1.5192,-1.5192,0.097997,-1.5192,-1.5192,-1.5192,0.097128,-1.5192,-1.5192,-1.5192,0.096254
-1.5192,-1.5192,-1.5192,-1.5192,-1.5192,-1.5192,-1.5192,-1.5192,-1.5192,-1.5192,-1.5192,-1.5192,-1.5192,-1.5192,-1.5192,-1.5192,-1.5192,-1.5192,-1.5192,-1.5192,-1.5192,-1.5192,-1.5192,-1.5192,-1.5192,-1.5192,-1.5192,-1.5192,-1.5192,-1.5192,-1.5192,-1.5192,-1.5192,-1.5192,-1.5192,-1.5192,-1.5192,-1.5192,-1.5192,-1.5192,-1.5192,-1.5192,-1.5192,-1.5192,-1.5192,-1.5192,-1.5192,-1.5192,-1.5192,-1.5192,-1.5192,-1.5192,-1.5192,-1.5192,-1.5192,-1.5192,-1.5192,-1.5192,-1.5192,-1.5192,-1.5192,-1.5192,-1.5192,-1.5192,-1.5192,-1.5192,-1.5192,-1.5192,-1.5192,-1.5192,-1.5192,-1.5192,-1.5192,-1.5192,-1.5192,-1.5192,-1.5192,-1.5192,-1.5192,-1.5192,-1.5192,-1.5192,-1.5192,-1.5192,-1.5192,-1.5192,-1.5192,-1.5192,-1.5192,-1.5192,-1.5192,-1.5192,-1.5192,-1.5192,-1.5192,-1.5192,-1.5192,-1.5192,-1.5192,-1.5192,-1.5192
-1.5192,-1.5192,-1.5192,-1.5192,-1.5192,-1.5192,-1.5192,-1.5192,-1.5192,-1.5192,-1.5192,-1.5192,-1.5192,-1.5192,-1.5192,-1.5192,-1.5192,-1.5192,-1.5192,-1.5192,-1.5192,-1.5192,-1.5192,-1.5192,-1.5192,-1.5192,-1.5192,-1.5192,-1.5192,-1.5192,-1.5192,-1.5192,-1.5192,-1.5192,-1.5192,-1.5192,-1.5192,-1.5192,-1.5192,-1.5192,-1.5192,-1.5192,-1.5192,-1.5192,-1.5192,-1.5192,-1.5192,-1.5192,-1.5192,-1.5192,-1.5192,-1.5192,-1.5192,-1.5192,-1.5192,-1.5192,-1.5192,-1.5192,-1.5192,-1.5192,-1.5192,-1.5192,-1.5192,-1.5192,-1.5192,-1.5192,-1.5192,-1.5192,-1.5192,-1.5192,-1.5192,-1.5192,-1.5192,-1.5192,-1.5192,-1.5192,-1.5192,-1.5192,-1.5192,-1.5192,-1.5192,-1.5192,-1.5192,-1.5192,-1.5192,-1.5192,-1.5192,-1.5192,-1.5192,-1.5192,-1.5192,-1.5192,-1.5192,-1.5192,-1.5192,-1.5192,-1.5192,-1.5192,-1.5192,-1.5192,-1.5192
-1.5192,-1.5192,-1.5192,-1.5192,-1.5192,-1.5192,-1.5192,-1.5192,-1.5192,-1.5192,-1.5192,-1.5192,-1.5192,-1.5192,-1.5192,-1.5192,-1.5192,-1.5192,-1.5192,-1.5192,-1.5192,-1.5192,-1.5192,-1.5192,-1.5192,-1.5192,-1.5192,-1.5192,-1.5192,-1.5192,-1.5192,-1.5192,-1.5192,-1.5192,-1.5192,-1.5192,-1.5192,-1.5192,-1.5192,-1.5192,-1.5192,-1.5192,-1.5192,-1.5192,-1.5192,-1.5192,-1.5192,-1.5192,-1.5192,-1.5192,-1.5192,-1.5192,-1.5192,-1.5192,-1.5192,-1.5192,-1.5192,-1.5192,-1.5192,-1.5192,-1.5192,-1.5192,-1.5192,-1.5192,-1.5192,-1.5192,-1.5192,-1.5192,-1.5192,-1.5192,-1.5192,-1.5192,-1.5192,-1.5192,-1.5192,-1.5192,-1.5192,-1.5192,-1.5192,-1.5192,-1.5192,-1.5192,-1.5192,-1.5192,-1.5192,-1.5192,-1.5192,-1.5192,-1.5192,-1.5192,-1.5192,-1.5192,-1.5192,-1.5192,-1.5192,-1.5192,-1.5192,-1.5192,-1.5192,-1.5192,-1.5192
0.4892,-1.5192,-1.5192,-1.5192,0.4892,-1.5192,-1.5192,-1.5192,0.4892,-1.5192,-1.5192,-1.5192,0.4892,-1.5192,-1.5192,-1.5192,0.4892,-1.5192,-1.5192,-1.5192,0.4892,-1.5192,-1.5192,-1.5192,0.48918,-1.5192,-1.5192,-1.5192,0.48949,-1.5192,-1.5192,-1.5192,0.50348,-1.5192,-1.5192,-1.5192,0.33158,-1.5192,-1.5192,-1.5192,0.10932,-1.5192,-1.5192,-1.5192,0.1176,-1.5192,-1.5192,-1.5192,0.11521,-1.5192,-1.5192,-1.5192,0.11221,-1.5192,-1.5192,-1.5192,0.10963,-1.5192,-1.5192,-1.5192,0.10759,-1.5192,-1.5192,-1.5192,0.10561,-1.5192,-1.5192,-1.5192,0.10371,-1.5192,-1.5192,-1.5192,0.10223,-1.5192,-1.5192,-1.5192,0.10089,-1.5192,-1.5192,-1.5192,0.099477,-1.5192,-1.5192,-1.5192,0.098218,-1.5192,-1.5192,-1.5192,0.09728,-1.5192,-1.5192,-1.5192,0.096344,-1.5192,-1.5192,-1.5192,0.095372,-1.5192,-1.5192,-1.5192,0.0945
-1.5192,-1.5192,-1.5192,-1.5192,-1.5192,-1.5192,-1.5192,-1.5192,-1.5192,-1.5192,-1.5192,-1.5192,-1.5192,-1.5192,-1.5192,-1.5192,-1.5192,-1.5192,-1.5192,-1.5192,-1.5192,-1.5192,-1.5192,-1.5192,-1.5192,-1.5192,-1.5192,-1.5192,-1.5192,-1.5192,-1.5192,-1.5192,-1.5192,-1.5192,-1.5192,-1.5192,-1.5192,-1.5192,-1.5192,-1.5192,-1.5192,-1.5192,-1.5192,-1.5192,-1.5192,-1.5192,-1.5192,-1.5192,-1.5192,-1.5192,-1.5192,-1.5192,-1.5192,-1.5192,-1.5192,-1.5192,-1.5192,-1.5192,-1.5192,-1.5192,-1.5192,-1.5192,-1.5192,-1.5192,-1.5192,-1.5192,-1.5192,-1.5192,-1.5192,-1.5192,-1.5192,-1.5192,-1.5192,-1.5192,-1.5192,-1.5192,-1.5192,-1.5192,-1.5192,-1.5192,-1.5192,-1.5192,-1.5192,-1.5192,-1.5192,-1.5192,-1.5192,-1.5192,-1.5192,-1.5192,-1.5192,-1.5192,-1.5192,-1.5192,-1.5192,-1.5192,-1.5192,-1.5192,-1.5192,-1.5192,-1.5192
-1.5192,-1.5192,-1.5192,-1.5192,-1.5192,-1.5192,-1.5192,-1.5192,-1.5192,-1.5192,-1.5192,-1.5192,-1.5192,-1.5192,-1.5192,-1.5192,-1.5192,-1.5192,-1.5192,-1.5192,-1.5192,-1.5192,-1.5192,-1.5192,-1.5192,-1.5192,-1.5192,-1.5192,-1.5192,-1.5192,-1.5192,-1.5192,-1.5192,-1.5192,-1.5192,-1.5192,-1.5192,-1.5192,-1.5192,-1.5192,-1.5192,-1.5192,-1.5192,-1.5192,-1.5192,-1.5192,-1.5192,-1.5192,-1.5192,-1.5192,-1.5192,-1.5192,-1.5192,-1.5192,-1.5192,-1.5192,-1.5192,-1.5192,-1.5192,-1.5192,-1.5192,-1.5192,-1.5192,-1.5192,-1.5192,-1.5192,-1.5192,-1.5192,-1.5192,-1.5192,-1.5192,-1.5192,-1.5192,-1.5192,-1.5192,-1.5192,-1.5192,-1.5192,-1.5192,-1.5192,-1.5192,-1.5192,-1.5192,-1.5192,-1.5192,-1.5192,-1.5192,-1.5192,-1.5192,-1.5192,-1.5192,-1.5192,-1.5192,-1.5192,-1.5192,-1.5192,-1.5192,-1.5192,-1.5192,-1.5192,-1.5192
-1.5192,-1.5192,-1.5192,-1.5192,-1.5192,-1.5192,-1.5192,-1.5192,-1.5192,-1.5192,-1.5192,-1.5192,-1.5192,-1.5192,-1.5192,-1.5192,-1.5192,-1.5192,-1.5192,-1.5192,-1.5192,-1.5192,-1.5192,-1.5192,-1.5192,-1.5192,-1.5192,-1.5192,-1.5192,-1.5192,-1.5192,-1.5192,-1.5192,-1.5192,-1.5192,-1.5192,-1.5192,-1.5192,-1.5192,-1.5192,-1.5192,-1.5192,-1.5192,-1.5192,-1.5192,-1.5192,-1.5192,-1.5192,-1.5192,-1.5192,-1.5192,-1.5192,-1.5192,-1.5192,-1.5192,-1.5192,-1.5192,-1.5192,-1.5192,-1.5192,-1.5192,-1.5192,-1.5192,-1.5192,-1.5192,-1.5192,-1.5192,-1.5192,-1.5192,-1.5192,-1.5192,-1.5192,-1.5192,-1.5192,-1.5192,-1.5192,-1.5192,-1.5192,-1.5192,-1.5192,-1.5192,-1.5192,-1.5192,-1.5192,-1.5192,-1.5192,-1.5192,-1.5192,-1.5192,-1.5192,-1.5192,-1.5192,-1.5192,-1.5192,-1.5192,-1.5192,-1.5192,-1.5192,-1.5192,-1.5192,-1.5192
0.48239,-1.5192,-1.5192,-1.5192,0.48239,-1.5192,-1.5192,-1.5192,0.48239,-1.5192,-1.5192,-1.5192,0.48239,-1.5192,-1.5192,-1.5192,0.48239,-1.5192,-1.5192,-1.5192,0.48239,-1.5192,-1.5192,-1.5192,0.48197,-1.5192,-1.5192,-1.5192,0.49879,-1.5192,-1.5192,-1.5192,0.36611,-1.5192,-1.5192,-1.5192,0.12263,-1.5192,-1.5192,-1.5192,0.11558,-1.5192,-1.5192,-1.5192,0.11484,-1.5192,-1.5192,-1.5192,0.11178,-1.5192,-1.5192,-1.5192,0.10916,-1.5192,-1.5192,-1.5192,0.10719,-1.5192,-1.5192,-1.5192,0.10515,-1.5192,-1.5192,-1.5192,0.10322,-1.5192,-1.5192,-1.5192,0.10174,-1.5192,-1.5192,-1.5192,0.10035,-1.5192,-1.5192,-1.5192,0.099001,-1.5192,-1.5192,-1.5192,0.097648,-1.5192,-1.5192,-1.5192,0.096672,-1.5192,-1.5192,-1.5192,0.095728,-1.5192,-1.5192,-1.5192,0.094792,-1.5192,-1.5192,-1.5192,0.093825,-1.5192,-1.5192,-1.5192,0.093154
-1.5192,-1.5192,-1.5192,-1.5192,-1.5192,-1.5192,-1.5192,-1.5192,-1.5192,-1.5192,-1.5192,-1.5192,-1.5192,-1.5192,-1.5192,-1.5192,-1.5192,-1.5192,-1.5192,-1.5192,-1.5192,-1.5192,-1.5192,-1.5192,-1.5192,-1.5192,-1.5192,-1.5192,-1.5192,-1.5192,-1.5192,-1.5192,-1.5192,-1.5192,-1.5192,-1.5192,-1.5192,-1.5192,-1.5192,-1.5192,-1.5192,-1.5192,-1.5192,-1.5192,-1.5192,-1.5192,-1.5192,-1.5192,-1.5192,-1.5192,-1.5192,-1.5192,-1.5192,-1.5192,-1.5192,-1.5192,-1.5192,-1.5192,-1.5192,-1.5192,-1.5192,-1.5192,-1.5192,-1.5192,-1.5192,-1.5192,-1.5192,-1.5192,-1.5192,-1.5192,-1.5192,-1.5192,-1.5192,-1.5192,-1.5192,-1.5192,-1.5192,-1.5192,-1.5192,-1.5192,-1.5192,-1.5192,-1.5192,-1.5192,-1.5192,-1.5192,-1.5192,-1.5192,-1.5192,-1.5192,-1.5192,-1.5192,-1.5192,-1.5192,-1.5192,-1.5192,-1.5192,-1.5192,-1.5192,-1.5192,-1.5192
-1.5192,-1.5192,-1.5192,-1.5192,-1.5192,-1.5192,-1.5192,-1.5192,-1.5192,-1.5192,-1.5192,-1.5192,-1.5192,-1.5192,-1.5192,-1.5192,-1.5192,-1.5192,-1.5192,-1.5192,-1.5192,-1.5192,-1.5192,-1.5192,-1.5192,-1.5192,-1.5192,-1.5192,-1.5192,-1.5192,-1.5192,-1.5192,-1.5192,-1.5192,-1.5192,-1.5192,-1.5192,-1.5192,-1.5192,-1.5192,-1.5192,-1.5192,-1.5192,-1.5192,-1.5192,-1.5192,-1.5192,-1.5192,-1.5192,-1.5192,-1.5192,-1.5192,-1.5192,-1.5192,-1.5192,-1.5192,-1.5192,-1.5192,-1.5192,-1.5192,-1.5192,-1.5192,-1.5192,-1.5192,-1.5192,-1.5192,-1.5192,-1.5192,-1.5192,-1.5192,-1.5192,-1.5192,-1.5192,-1.5192,-1.5192,-1.5192,-1.5192,-1.5192,-1.5192,-1.5192,-1.5192,-1.5192,-1.5192,-1.5192,-1.5192,-1.5192,-1.5192,-1.5192,-1.5192,-1.5192,-1.5192,-1.5192,-1.5192,-1.5192,-1.5192,-1.5192,-1.5192,-1.5192,-1.5192,-1.5192,-1.5192
-1.5192,-1.5192,-1.5192,-1.5192,-1.5192,-1.5192,-1.5192,-1.5192,-1.5192,-1.5192,-1.5192,-1.5192,-1.5192,-1.5192,-1.5192,-1.5192,-1.5192,-1.5192,-1.5192,-1.5192,-1.5192,-1.5192,-1.5192,-1.5192,-1.5192,-1.5192,-1.5192,-1.5192,-1.5192,-1.5192,-1.5192,-1.5192,-1.5192,-1.5192,-1.5192,-1.5192,-1.5192,-1.5192,-1.5192,-1.5192,-1.5192,-1.5192,-1.5192,-1.5192,-1.5192,-1.5192,-1.5192,-1.5192,-1.5192,-1.5192,-1.5192,-1.5192,-1.5192,-1.5192,-1.5192,-1.5192,-1.5192,-1.5192,-1.5192,-1.5192,-1.5192,-1.5192,-1.5192,-1.5192,-1.5192,-1.5192,-1.5192,-1.5192,-1.5192,-1.5192,-1.5192,-1.5192,-1.5192,-1.5192,-1.5192,-1.5192,-1.5192,-1.5192,-1.5192,-1.5192,-1.5192,-1.5192,-1.5192,-1.5192,-1.5192,-1.5192,-1.5192,-1.5192,-1.5192,-1.5192,-1.5192,-1.5192,-1.5192,-1.5192,-1.5192,-1.5192,-1.5192,-1.5192,-1.5192,-1.5192,-1.5192
0.47564,-1.5192,-1.5192,-1.5192,0.47564,-1.5192,-1.5192,-1.5192,0.47564,-1.5192,-1.5192,-1.5192,0.47564,-1.5192,-1.5192,-1.5192,0.47564,-1.5192,-1.5192,-1.5192,0.47527,-1.5192,-1.5192,-1.5192,0.48669,-1.5192,-1.5192,-1.5192,0.41258,-1.5192,-1.5192,-1.5192,0.15234,-1.5192,-1.5192,-1.5192,0.11275,-1.5192,-1.5192,-1.5192,0.11517,-1.5192,-1.5192,-1.5192,0.11146,-1.5192,-1.5192,-1.5192,0.10873,-1.5192,-1.5192,-1.5192,0.10675,-1.5192,-1.5192,-1.5192,0.10473,-1.5192,-1.5192,-1.5192,0.10274,-1.5192,-1.5192,-1.5192,0.10124,-1.5192,-1.5192,-1.5192,0.099893,-1.5192,-1.5192,-1.5192,0.098469,-1.5192,-1.5192,-1.5192,0.097103,-1.5192,-1.5192,-1.5192,0.096049,-1.5192,-1.5192,-1.5192,0.0951,-1.5192,-1.5192,-1.5192,0.094161,-1.5192,-1.5192,-1.5192,0.093216,-1.5192,-1.5192,-1.5192,0.092393,-1.5192,-1.5192,-1.5192,0.091795
