0.66423,0.65027,0.65027,0.65027,0.66423,0.65027,0.65027,0.65027,0.66423,0.65027,0.65027,0.65027,0.66423,0.65027,0.65027,0.65027,0.66423,0.65027,0.65027,0.65027,0.66423,0.65027,0.65027,0.65027,0.66423,0.65027,0.65027,0.65027,0.66423,0.65027,0.65027,0.65027,0.66423,0.65027,0.65027,0.65027,0.66423,0.65027,0.65027,0.65027,0.66423,0.65027,0.65027,0.65027,0.66423,0.65027,0.65027,0.65027,0.66423,0.65027,0.65027,0.65027,0.66423,0.65027,0.65027,0.65027,0.66423,0.65027,0.65027,0.65027,0.66423,0.65027,0.65027,0.65027,0.66423,0.65027,0.65027,0.65027,0.66423,0.65027,0.65027,0.65027,0.66769,0.50008,0.50008,0.50008,0.64593,0.3342,0.3342,0.3342,0.37739,0.33185,0.33185,0.33185,0.33185,0.3284,0.3284,0.3284,0.3284,0.32487,0.32487,0.32487,0.32487,0.32443,0.32443,0.32443,0.32443,0.32417,0.32346,0.32346,0.32346
0.65027,0.65027,0.65027,0.65027,0.65027,0.65027,0.65027,0.65027,0.65027,0.65027,0.65027,0.65027,0.65027,0.65027,0.65027,0.65027,0.65027,0.65027,0.65027,0.65027,0.65027,0.65027,0.65027,0.65027,0.65027,0.65027,0.65027,0.65027,0.65027,0.65027,0.65027,0.65027,0.65027,0.65027,0.65027,0.65027,0.65027,0.65027,0.65027,0.65027,0.65027,0.65027,0.65027,0.65027,0.65027,0.65027,0.65027,0.65027,0.65027,0.65027,0.65027,0.65027,0.65027,0.65027,0.65027,0.65027,0.65027,0.65027,0.65027,0.65027,0.65027,0.65027,0.65027,0.65027,0.65027,0.65027,0.65027,0.65027,0.65027,0.65027,0.65027,0.65027,0.65027,0.50008,0.50008,0.50008,0.50008,0.3342,0.3342,0.3342,0.3342,0.33185,0.33185,0.33185,0.33185,0.3284,0.3284,0.3284,0.3284,0.32487,0.32487,0.32487,0.32487,0.32443,0.32443,0.32443,0.32443,0.32443,0.32443,0.32443,0.32443
0.65027,0.65027,0.65027,0.65027,0.65027,0.65027,0.65027,0.65027,0.65027,0.65027,0.65027,0.65027,0.65027,0.65027,0.65027,0.65027,0.65027,0.65027,0.65027,0.65027,0.65027,0.65027,0.65027,0.65027,0.65027,0.65027,0.65027,0.65027,0.65027,0.65027,0.65027,0.65027,0.65027,0.65027,0.65027,0.65027,0.65027,0.65027,0.65027,0.65027,0.65027,0.65027,0.65027,0.65027,0.65027,0.65027,0.65027,0.65027,0.65027,0.65027,0.65027,0.65027,0.65027,0.65027,0.65027,0.65027,0.65027,0.65027,0.65027,0.65027,0.65027,0.65027,0.65027,0.65027,0.65027,0.65027,0.65027,0.65027,0.65027,0.65027,0.65027,0.65027,0.65027,0.50008,0.50008,0.50008,0.50008,0.3342,0.3342,0.3342,0.3342,0.33185,0.33185,0.33185,0.33185,0.3284,0.3284,0.3284,0.3284,0.32487,0.32487,0.32487,0.32487,0.32443,0.32443,0.32443,0.32443,0.32443,0.32443,0.32443,0.32443
0.65027,0.65027,0.65027,0.65027,0.65027,0.65027,0.65027,0.65027,0.65027,0.65027,0.65027,0.65027,0.65027,0.65027,0.65027,0.65027,0.65027,0.65027,0.65027,0.65027,0.65027,0.65027,0.65027,0.65027,0.65027,0.65027,0.65027,0.65027,0.65027,0.65027,0.65027,0.65027,0.65027,0.65027,0.65027,0.65027,0.65027,0.65027,0.65027,0.65027,0.65027,0.65027,0.65027,0.65027,0.65027,0.65027,0.65027,0.65027,0.65027,0.65027,0.65027,0.65027,0.65027,0.65027,0.65027,0.65027,0.65027,0.65027,0.65027,0.65027,0.65027,0.65027,0.65027,0.65027,0.65027,0.65027,0.65027,0.65027,0.65027,0.65027,0.65027,0.65027,0.65027,0.50008,0.50008,0.50008,0.50008,0.3342,0.3342,0.3342,0.3342,0.33185,0.33185,0.33185,0.33185,0.3284,0.3284,0.3284,0.3284,0.32487,0.32487,0.32487,0.32487,0.32443,0.32443,0.32443,0.32443,0.32443,0.32443,0.32443,0.32443
0.65543,0.65027,0.65027,0.65027,0.65543,0.65027,0.65027,0.65027,0.65543,0.65027,0.65027,0.65027,0.65543,0.65027,0.65027,0.65027,0.65543,0.65027,0.65027,0.65027,0.65543,0.65027,0.65027,0.65027,0.65543,0.65027,0.65027,0.65027,0.65543,0.65027,0.65027,0.65027,0.65543,0.65027,0.65027,0.65027,0.65543,0.65027,0.65027,0.65027,0.65543,0.65027,0.65027,0.65027,0.65543,0.65027,0.65027,0.65027,0.65543,0.65027,0.65027,0.65027,0.65543,0.65027,0.65027,0.65027,0.65543,0.65027,0.65027,0.65027,0.65543,0.65027,0.65027,0.65027,0.65543,0.65027,0.65027,0.65027,0.65541,0.65027,0.65027,0.65027,0.66579,0.50008,0.50008,0.50008,0.56285,0.3342,0.3342,0.3342,0.3342,0.33185,0.33185,0.33185,0.33185,0.3284,0.3284,0.3284,0.3284,0.32487,0.32487,0.32487,0.32487,0.32443,0.32443,0.32443,0.32443,0.32443,0.32443,0.32443,0.32443
0.65027,0.65027,0.65027,0.65027,0.65027,0.65027,0.65027,0.65027,0.65027,0.65027,0.65027,0.65027,0.65027,0.65027,0.65027,0.65027,0.65027,0.65027,0.65027,0.65027,0.65027,0.65027,0.65027,0.65027,0.65027,0.65027,0.65027,0.65027,0.65027,0.65027,0.65027,0.65027,0.65027,0.65027,0.65027,0.65027,0.65027,0.65027,0.65027,0.65027,0.65027,0.65027,0.65027,0.65027,0.65027,0.65027,0.65027,0.65027,0.65027,0.65027,0.65027,0.65027,0.65027,0.65027,0.65027,0.65027,0.65027,0.65027,0.65027,0.65027,0.65027,0.65027,0.65027,0.65027,0.65027,0.65027,0.65027,0.65027,0.65027,0.65027,0.65027,0.65027,0.65027,0.49974,0.4944,0.49185,0.48732,0.3342,0.3342,0.3342,0.33353,0.33185,0.33185,0.33185,0.33185,0.3284,0.3284,0.3284,0.3284,0.32487,0.32487,0.32487,0.32487,0.32443,0.32443,0.32443,0.32443,0.32443,0.32443,0.32443,0.32443
0.65027,0.65027,0.65027,0.65027,0.65027,0.65027,0.65027,0.65027,0.65027,0.65027,0.65027,0.65027,0.65027,0.65027,0.65027,0.65027,0.65027,0.65027,0.65027,0.65027,0.65027,0.65027,0.65027,0.65027,0.65027,0.65027,0.65027,0.65027,0.65027,0.65027,0.65027,0.65027,0.65027,0.65027,0.65027,0.65027,0.65027,0.65027,0.65027,0.65027,0.65027,0.65027,0.65027,0.65027,0.65027,0.65027,0.65027,0.65027,0.65027,0.65027,0.65027,0.65027,0.65027,0.65027,0.65027,0.65027,0.65027,0.65027,0.65027,0.65027,0.65027,0.65027,0.65027,0.65027,0.65027,0.65027,0.65027,0.65027,0.65027,0.65027,0.65027,0.65027,0.65027,0.49904,0.49167,0.48933,0.48643,0.3342,0.3342,0.3342,0.33353,0.33185,0.33185,0.33185,0.33185,0.3284,0.3284,0.3284,0.3284,0.32487,0.32487,0.32487,0.32487,0.32443,0.32443,0.32443,0.32443,0.32443,0.32443,0.32443,0.32443
0.65027,0.65027,0.65027,0.65027,0.65027,0.65027,0.65027,0.65027,0.65027,0.65027,0.65027,0.65027,0.65027,0.65027,0.65027,0.65027,0.65027,0.65027,0.65027,0.65027,0.65027,0.65027,0.65027,0.65027,0.65027,0.65027,0.65027,0.65027,0.65027,0.65027,0.65027,0.65027,0.65027,0.65027,0.65027,0.65027,0.65027,0.65027,0.65027,0.65027,0.65027,0.65027,0.65027,0.65027,0.65027,0.65027,0.65027,0.65027,0.65027,0.65027,0.65027,0.65027,0.65027,0.65027,0.65027,0.65027,0.65027,0.65027,0.65027,0.65027,0.65027,0.65027,0.65027,0.65027,0.65027,0.65027,0.65027,0.65027,0.65027,0.65027,0.65027,0.65027,0.65027,0.4985,0.49003,0.48809,0.48543,0.3342,0.3342,0.3342,0.33353,0.33185,0.33185,0.33185,0.33185,0.3284,0.3284,0.3284,0.3284,0.32487,0.32487,0.32487,0.32487,0.32443,0.32443,0.32443,0.32443,0.32443,0.32443,0.32443,0.32443
0.65027,0.65027,0.65027,0.65027,0.65027,0.65027,0.65027,0.65027,0.65027,0.65027,0.65027,0.65027,0.65027,0.65027,0.65027,0.65027,0.65027,0.65027,0.65027,0.65027,0.65027,0.65027,0.65027,0.65027,0.65027,0.65027,0.65027,0.65027,0.65027,0.65027,0.65027,0.65027,0.65027,0.65027,0.65027,0.65027,0.65027,0.65027,0.65027,0.65027,0.65027,0.65027,0.65027,0.65027,0.65027,0.65027,0.65027,0.65027,0.65027,0.65027,0.65027,0.65027,0.65027,0.65027,0.65027,0.65027,0.65027,0.65027,0.65027,0.65027,0.65027,0.65027,0.65027,0.65027,0.65027,0.65027,0.65027,0.65027,0.65027,0.65027,0.65027,0.65027,0.65941,0.49287,0.48815,0.48552,0.48227,0.3342,0.3342,0.3342,0.33185,0.33185,0.33185,0.33185,0.33185,0.3284,0.3284,0.3284,0.3284,0.32487,0.32487,0.32487,0.32487,0.32443,0.32443,0.32443,0.32443,0.32443,0.32443,0.32443,0.32416
0.64178,0.64178,0.64178,0.64178,0.64178,0.64178,0.64178,0.64178,0.64178,0.64178,0.64178,0.64178,0.64178,0.64178,0.64178,0.64178,0.64178,0.64178,0.64178,0.64178,0.64178,0.64178,0.64178,0.64178,0.64178,0.64178,0.64178,0.64178,0.64178,0.64178,0.64178,0.64178,0.64178,0.64178,0.64178,0.64178,0.64178,0.64178,0.64178,0.64178,0.64178,0.64178,0.64178,0.64178,0.64178,0.64178,0.64178,0.64178,0.64178,0.64178,0.64178,0.64178,0.64178,0.64178,0.64178,0.64178,0.64178,0.64178,0.64178,0.64178,0.64178,0.64178,0.64178,0.64178,0.64178,0.64178,0.64178,0.64178,0.64178,0.64047,0.64047,0.64024,0.63959,0.48771,0.44807,0.43202,0.40907,0.3342,0.3342,0.3342,0.33214,0.33185,0.33185,0.33185,0.33185,0.3284,0.3284,0.3284,0.3284,0.32487,0.32487,0.32487,0.32487,0.32443,0.32443,0.32443,0.32443,0.32443,0.32443,0.32443,0.32443
0.64178,0.64178,0.64178,0.64178,0.64178,0.64178,0.64178,0.64178,0.64178,0.64178,0.64178,0.64178,0.64178,0.64178,0.64178,0.64178,0.64178,0.64178,0.64178,0.64178,0.64178,0.64178,0.64178,0.64178,0.64178,0.64178,0.64178,0.64178,0.64178,0.64178,0.64178,0.64178,0.64178,0.64178,0.64178,0.64178,0.64178,0.64178,0.64178,0.64178,0.64178,0.64178,0.64178,0.64178,0.64178,0.64178,0.64178,0.64178,0.64178,0.64178,0.64178,0.64178,0.64178,0.64178,0.64178,0.64178,0.64178,0.64178,0.64178,0.64178,0.64178,0.64178,0.64178,0.64178,0.64178,0.64178,0.64178,0.64178,0.64178,0.63993,0.63993,0.63946,0.6385,0.48106,0.43371,0.41656,0.40608,0.3342,0.3342,0.3342,0.33258,0.33185,0.33185,0.33185,0.33185,0.3284,0.3284,0.3284,0.3284,0.32487,0.32487,0.32487,0.32487,0.32443,0.32443,0.32443,0.32443,0.32443,0.32443,0.32443,0.32443
0.64178,0.64178,0.64178,0.64178,0.64178,0.64178,0.64178,0.64178,0.64178,0.64178,0.64178,0.64178,0.64178,0.64178,0.64178,0.64178,0.64178,0.64178,0.64178,0.64178,0.64178,0.64178,0.64178,0.64178,0.64178,0.64178,0.64178,0.64178,0.64178,0.64178,0.64178,0.64178,0.64178,0.64178,0.64178,0.64178,0.64178,0.64178,0.64178,0.64178,0.64178,0.64178,0.64178,0.64178,0.64178,0.64178,0.64178,0.64178,0.64178,0.64178,0.64178,0.64178,0.64178,0.64178,0.64178,0.64178,0.64178,0.64178,0.64178,0.64178,0.64178,0.64178,0.64178,0.64178,0.64178,0.64178,0.64178,0.64178,0.64178,0.63993,0.63993,0.63936,0.63779,0.47113,0.42673,0.41134,0.40317,0.3342,0.3342,0.3342,0.33275,0.33185,0.33185,0.33185,0.33185,0.3284,0.3284,0.3284,0.3284,0.32487,0.32487,0.32487,0.32487,0.32443,0.32443,0.32443,0.32443,0.32443,0.32443,0.32443,0.32443
0.64178,0.64178,0.64178,0.64178,0.64178,0.64178,0.64178,0.64178,0.64178,0.64178,0.64178,0.64178,0.64178,0.64178,0.64178,0.64178,0.64178,0.64178,0.64178,0.64178,0.64178,0.64178,0.64178,0.64178,0.64178,0.64178,0.64178,0.64178,0.64178,0.64178,0.64178,0.64178,0.64178,0.64178,0.64178,0.64178,0.64178,0.64178,0.64178,0.64178,0.64178,0.64178,0.64178,0.64178,0.64178,0.64178,0.64178,0.64178,0.64178,0.64178,0.64178,0.64178,0.64178,0.64178,0.64178,0.64178,0.64178,0.64178,0.64178,0.64178,0.64178,0.64178,0.64178,0.64178,0.64178,0.64178,0.64178,0.64178,0.64178,0.63993,0.63993,0.63936,0.63615,0.43728,0.41904,0.40822,0.39702,0.3342,0.3342,0.3342,0.33275,0.33185,0.33185,0.33185,0.33185,0.3284,0.3284,0.3284,0.3284,0.32487,0.32487,0.32487,0.32487,0.32443,0.32443,0.32443,0.32443,0.32443,0.32443,0.32443,0.32364
0.63336,0.63336,0.63336,0.63336,0.63336,0.63336,0.63336,0.63336,0.63336,0.63336,0.63336,0.63336,0.63336,0.63336,0.63336,0.63336,0.63336,0.63336,0.63336,0.63336,0.63336,0.63336,0.63336,0.63336,0.63336,0.63336,0.63336,0.63336,0.63336,0.63336,0.63336,0.63336,0.63336,0.63336,0.63336,0.63336,0.63336,0.63336,0.63336,0.63336,0.63336,0.63336,0.63336,0.63336,0.63336,0.63336,0.63336,0.63336,0.63336,0.63336,0.63336,0.63336,0.63336,0.63336,0.63336,0.63336,0.63336,0.63336,0.63336,0.63336,0.63336,0.63336,0.63336,0.63336,0.63336,0.63336,0.63336,0.63336,0.63336,0.59963,0.59963,0.59719,0.58351,0.4331,0.39076,0.37396,0.35503,0.3342,0.3342,0.3342,0.33379,0.33185,0.33185,0.33185,0.33185,0.3284,0.3284,0.3284,0.32815,0.32487,0.32487,0.32487,0.32487,0.32443,0.32443,0.32443,0.32443,0.32443,0.32443,0.32443,0.32443
0.63336,0.63336,0.63336,0.63336,0.63336,0.63336,0.63336,0.63336,0.63336,0.63336,0.63336,0.63336,0.63336,0.63336,0.63336,0.63336,0.63336,0.63336,0.63336,0.63336,0.63336,0.63336,0.63336,0.63336,0.63336,0.63336,0.63336,0.63336,0.63336,0.63336,0.63336,0.63336,0.63336,0.63336,0.63336,0.63336,0.63336,0.63336,0.63336,0.63336,0.63336,0.63336,0.63336,0.63336,0.63336,0.63336,0.63336,0.63336,0.63336,0.63336,0.63336,0.63336,0.63336,0.63336,0.63336,0.63336,0.63336,0.63336,0.63336,0.63336,0.63336,0.63336,0.63336,0.63336,0.63336,0.63336,0.63336,0.63336,0.63336,0.58647,0.58431,0.58237,0.57868,0.43023,0.38005,0.36258,0.35153,0.3342,0.3342,0.3342,0.33385,0.33185,0.33185,0.33185,0.33185,0.3284,0.3284,0.3284,0.32815,0.32487,0.32487,0.32487,0.32486,0.32443,0.32443,0.32443,0.32443,0.32443,0.32443,0.32443,0.32443
0.63336,0.63336,0.63336,0.63336,0.63336,0.63336,0.63336,0.63336,0.63336,0.63336,0.63336,0.63336,0.63336,0.63336,0.63336,0.63336,0.63336,0.63336,0.63336,0.63336,0.63336,0.63336,0.63336,0.63336,0.63336,0.63336,0.63336,0.63336,0.63336,0.63336,0.63336,0.63336,0.63336,0.63336,0.63336,0.63336,0.63336,0.63336,0.63336,0.63336,0.63336,0.63336,0.63336,0.63336,0.63336,0.63336,0.63336,0.63336,0.63336,0.63336,0.63336,0.63336,0.63336,0.63336,0.63336,0.63336,0.63336,0.63336,0.63336,0.63336,0.63336,0.63336,0.63336,0.63336,0.63336,0.63336,0.63336,0.63336,0.63336,0.58116,0.57872,0.57733,0.57435,0.42221,0.3734,0.35732,0.34874,0.3342,0.3342,0.3342,0.33412,0.33185,0.33185,0.33185,0.33185,0.3284,0.3284,0.3284,0.32815,0.32487,0.32487,0.32487,0.32486,0.32443,0.32443,0.32443,0.32443,0.32443,0.32443,0.32443,0.32443
0.63336,0.63336,0.63336,0.63336,0.63336,0.63336,0.63336,0.63336,0.63336,0.63336,0.63336,0.63336,0.63336,0.63336,0.63336,0.63336,0.63336,0.63336,0.63336,0.63336,0.63336,0.63336,0.63336,0.63336,0.63336,0.63336,0.63336,0.63336,0.63336,0.63336,0.63336,0.63336,0.63336,0.63336,0.63336,0.63336,0.63336,0.63336,0.63336,0.63336,0.63336,0.63336,0.63336,0.63336,0.63336,0.63336,0.63336,0.63336,0.63336,0.63336,0.63336,0.63336,0.63336,0.63336,0.63336,0.63336,0.63336,0.63336,0.63336,0.63336,0.63336,0.63336,0.63336,0.63336,0.63336,0.63336,0.63336,0.63336,0.63755,0.57852,0.5783,0.57648,0.57034,0.39343,0.36635,0.35483,0.34438,0.3342,0.3342,0.3342,0.3342,0.33185,0.33185,0.33185,0.33185,0.3284,0.3284,0.3284,0.32815,0.32487,0.32487,0.32487,0.32486,0.32443,0.32443,0.32443,0.32443,0.32443,0.32443,0.32443,0.32315
0.62498,0.62498,0.62498,0.62498,0.62498,0.62498,0.62498,0.62498,0.62498,0.62498,0.62498,0.62498,0.62498,0.62498,0.62498,0.62498,0.62498,0.62498,0.62498,0.62498,0.62498,0.62498,0.62498,0.62498,0.62498,0.62498,0.62498,0.62498,0.62498,0.62498,0.62498,0.62498,0.62498,0.62498,0.62498,0.62498,0.62498,0.62498,0.62498,0.62498,0.62498,0.62498,0.62498,0.62498,0.62498,0.62498,0.62498,0.62498,0.62498,0.62498,0.62498,0.62498,0.62498,0.62498,0.62498,0.62498,0.62498,0.62498,0.62498,0.62498,0.62498,0.62498,0.62498,0.62498,0.62498,0.62498,0.62498,0.62498,0.62498,0.54438,0.52693,0.51714,0.49506,0.39041,0.36316,0.35301,0.34438,0.3342,0.3342,0.3342,0.3342,0.33185,0.33117,0.33117,0.33117,0.3284,0.3284,0.3284,0.32758,0.32487,0.32487,0.32487,0.32486,0.32443,0.32443,0.32443,0.32443,0.32443,0.32443,0.32443,0.32443
0.62498,0.62498,0.62498,0.62498,0.62498,0.62498,0.62498,0.62498,0.62498,0.62498,0.62498,0.62498,0.62498,0.62498,0.62498,0.62498,0.62498,0.62498,0.62498,0.62498,0.62498,0.62498,0.62498,0.62498,0.62498,0.62498,0.62498,0.62498,0.62498,0.62498,0.62498,0.62498,0.62498,0.62498,0.62498,0.62498,0.62498,0.62498,0.62498,0.62498,0.62498,0.62498,0.62498,0.62498,0.62498,0.62498,0.62498,0.62498,0.62498,0.62498,0.62498,0.62498,0.62498,0.62498,0.62498,0.62498,0.62498,0.62498,0.62498,0.62498,0.62498,0.62498,0.62498,0.62498,0.62498,0.62498,0.62498,0.62498,0.62498,0.5309,0.50742,0.49807,0.48978,0.38751,0.36059,0.35103,0.3426,0.3342,0.3342,0.3342,0.3342,0.33185,0.33111,0.33111,0.331,0.3284,0.3284,0.3284,0.32758,0.32487,0.32487,0.32487,0.32486,0.32443,0.32443,0.32443,0.32443,0.32443,0.32443,0.32443,0.32443
0.62498,0.62498,0.62498,0.62498,0.62498,0.62498,0.62498,0.62498,0.62498,0.62498,0.62498,0.62498,0.62498,0.62498,0.62498,0.62498,0.62498,0.62498,0.62498,0.62498,0.62498,0.62498,0.62498,0.62498,0.62498,0.62498,0.62498,0.62498,0.62498,0.62498,0.62498,0.62498,0.62498,0.62498,0.62498,0.62498,0.62498,0.62498,0.62498,0.62498,0.62498,0.62498,0.62498,0.62498,0.62498,0.62498,0.62498,0.62498,0.62498,0.62498,0.62498,0.62498,0.62498,0.62498,0.62498,0.62498,0.62498,0.62498,0.62498,0.62498,0.62498,0.62498,0.62498,0.62498,0.62498,0.62498,0.62498,0.62498,0.62498,0.52101,0.49845,0.48952,0.48382,0.38489,0.35756,0.34867,0.34001,0.3342,0.3342,0.3342,0.3342,0.33163,0.33072,0.33072,0.33072,0.3284,0.3284,0.32803,0.32737,0.32487,0.32487,0.32487,0.32453,0.32443,0.32443,0.32443,0.32443,0.32443,0.32443,0.32443,0.32443
0.62498,0.62498,0.62498,0.62498,0.62498,0.62498,0.62498,0.62498,0.62498,0.62498,0.62498,0.62498,0.62498,0.62498,0.62498,0.62498,0.62498,0.62498,0.62498,0.62498,0.62498,0.62498,0.62498,0.62498,0.62498,0.62498,0.62498,0.62498,0.62498,0.62498,0.62498,0.62498,0.62498,0.62498,0.62498,0.62498,0.62498,0.62498,0.62498,0.62498,0.62498,0.62498,0.62498,0.62498,0.62498,0.62498,0.62498,0.62498,0.62498,0.62498,0.62498,0.62498,0.62498,0.62498,0.62498,0.62498,0.62498,0.62498,0.62498,0.62498,0.62498,0.62498,0.62498,0.62498,0.62498,0.62498,0.62498,0.62498,0.63253,0.49901,0.49271,0.48586,0.47764,0.36627,0.35291,0.34754,0.3342,0.3342,0.3342,0.3342,0.3342,0.33163,0.33072,0.33072,0.33072,0.3284,0.3284,0.32803,0.32737,0.32487,0.32487,0.32487,0.32443,0.32443,0.32443,0.32443,0.32443,0.32443,0.32443,0.32443,0.32268
0.61656,0.61656,0.61656,0.61656,0.61656,0.61656,0.61656,0.61656,0.61656,0.61656,0.61656,0.61656,0.61656,0.61656,0.61656,0.61656,0.61656,0.61656,0.61656,0.61656,0.61656,0.61656,0.61656,0.61656,0.61656,0.61656,0.61656,0.61656,0.61656,0.61656,0.61656,0.61656,0.61656,0.61656,0.61656,0.61656,0.61656,0.61656,0.61656,0.61656,0.61656,0.61656,0.61656,0.61656,0.61656,0.61656,0.61656,0.61656,0.61656,0.61656,0.61656,0.61656,0.61656,0.61656,0.61656,0.61656,0.61656,0.61656,0.61656,0.61656,0.61656,0.61656,0.61656,0.61656,0.61656,0.61656,0.61634,0.61634,0.61634,0.48665,0.4497,0.43313,0.41073,0.36395,0.35114,0.34689,0.33454,0.3342,0.3342,0.3342,0.3342,0.33154,0.33037,0.33036,0.33009,0.3284,0.3284,0.32803,0.32682,0.32487,0.32487,0.32487,0.32443,0.32443,0.32443,0.32443,0.32443,0.32443,0.32443,0.32443,0.32443
0.61656,0.61656,0.61656,0.61656,0.61656,0.61656,0.61656,0.61656,0.61656,0.61656,0.61656,0.61656,0.61656,0.61656,0.61656,0.61656,0.61656,0.61656,0.61656,0.61656,0.61656,0.61656,0.61656,0.61656,0.61656,0.61656,0.61656,0.61656,0.61656,0.61656,0.61656,0.61656,0.61656,0.61656,0.61656,0.61656,0.61656,0.61656,0.61656,0.61656,0.61656,0.61656,0.61656,0.61656,0.61656,0.61656,0.61656,0.61656,0.61656,0.61656,0.61656,0.61656,0.61656,0.61656,0.61656,0.61656,0.61656,0.61656,0.61656,0.61656,0.61656,0.61656,0.61656,0.61656,0.61656,0.61656,0.61634,0.61634,0.61634,0.47889,0.43469,0.41791,0.40729,0.36244,0.35013,0.34595,0.33454,0.3342,0.3342,0.3342,0.3342,0.33154,0.33019,0.33011,0.33009,0.3284,0.3284,0.32803,0.32682,0.32487,0.32487,0.32487,0.32443,0.32443,0.32443,0.32443,0.32443,0.32443,0.32443,0.32443,0.32443
0.61656,0.61656,0.61656,0.61656,0.61656,0.61656,0.61656,0.61656,0.61656,0.61656,0.61656,0.61656,0.61656,0.61656,0.61656,0.61656,0.61656,0.61656,0.61656,0.61656,0.61656,0.61656,0.61656,0.61656,0.61656,0.61656,0.61656,0.61656,0.61656,0.61656,0.61656,0.61656,0.61656,0.61656,0.61656,0.61656,0.61656,0.61656,0.61656,0.61656,0.61656,0.61656,0.61656,0.61656,0.61656,0.61656,0.61656,0.61656,0.61656,0.61656,0.61656,0.61656,0.61656,0.61656,0.61656,0.61656,0.61656,0.61656,0.61656,0.61656,0.61656,0.61656,0.61656,0.61656,0.61656,0.61623,0.61454,0.61419,0.61419,0.46644,0.4252,0.40943,0.40105,0.35923,0.34758,0.34378,0.33454,0.3342,0.3342,0.3342,0.3342,0.33106,0.32983,0.32983,0.32983,0.3284,0.3284,0.32803,0.32657,0.32487,0.32487,0.32487,0.32443,0.32443,0.32443,0.32443,0.32443,0.32443,0.32443,0.32443,0.32443
0.61656,0.61656,0.61656,0.61656,0.61656,0.61656,0.61656,0.61656,0.61656,0.61656,0.61656,0.61656,0.61656,0.61656,0.61656,0.61656,0.61656,0.61656,0.61656,0.61656,0.61656,0.61656,0.61656,0.61656,0.61656,0.61656,0.61656,0.61656,0.61656,0.61656,0.61656,0.61656,0.61656,0.61656,0.61656,0.61656,0.61656,0.61656,0.61656,0.61656,0.61656,0.61656,0.61656,0.61656,0.61656,0.61656,0.61656,0.61656,0.61656,0.61656,0.61656,0.61656,0.61656,0.61656,0.61656,0.61656,0.61656,0.61656,0.61656,0.61656,0.61656,0.61656,0.61656,0.61656,0.61656,0.61623,0.61415,0.61279,0.61158,0.43023,0.41587,0.40493,0.39364,0.35105,0.3449,0.34286,0.33454,0.3342,0.3342,0.3342,0.3342,0.33106,0.32983,0.32983,0.32983,0.3284,0.3284,0.32803,0.32657,0.32487,0.32487,0.32487,0.32375,0.32375,0.32375,0.32375,0.32375,0.32375,0.32375,0.32375,0.3222
0.60847,0.60847,0.60847,0.60847,0.60847,0.60847,0.60847,0.60847,0.60847,0.60847,0.60847,0.60847,0.60847,0.60847,0.60847,0.60847,0.60847,0.60847,0.60847,0.60847,0.60847,0.60847,0.60847,0.60847,0.60847,0.60847,0.60847,0.60847,0.60847,0.60847,0.60847,0.60847,0.60847,0.60847,0.60847,0.60847,0.60847,0.60847,0.60847,0.60847,0.60847,0.60847,0.60847,0.60847,0.60847,0.60847,0.60847,0.60847,0.60847,0.60847,0.60847,0.60847,0.60847,0.60847,0.60847,0.60847,0.60847,0.60847,0.60847,0.60847,0.60847,0.60847,0.60847,0.60847,0.60847,0.58355,0.57874,0.57429,0.56442,0.42686,0.39,0.37451,0.35926,0.3471,0.34248,0.34131,0.33528,0.3342,0.3337,0.3337,0.3337,0.3309,0.32903,0.32903,0.32903,0.3284,0.3284,0.32803,0.32587,0.32487,0.32487,0.32487,0.32375,0.32375,0.32375,0.32375,0.32375,0.32375,0.32375,0.32375,0.32375
0.60847,0.60847,0.60847,0.60847,0.60847,0.60847,0.60847,0.60847,0.60847,0.60847,0.60847,0.60847,0.60847,0.60847,0.60847,0.60847,0.60847,0.60847,0.60847,0.60847,0.60847,0.60847,0.60847,0.60847,0.60847,0.60847,0.60847,0.60847,0.60847,0.60847,0.60847,0.60847,0.60847,0.60847,0.60847,0.60847,0.60847,0.60847,0.60847,0.60847,0.60847,0.60847,0.60847,0.60847,0.60847,0.60847,0.60847,0.60847,0.60847,0.60847,0.60847,0.60847,0.60847,0.60847,0.60847,0.60847,0.60847,0.60847,0.60847,0.60847,0.60847,0.60847,0.60847,0.60847,0.60847,0.57534,0.56742,0.56388,0.5624,0.42686,0.38313,0.36707,0.35818,0.34653,0.34248,0.34117,0.33601,0.3342,0.3337,0.3337,0.3337,0.3309,0.32903,0.32903,0.32903,0.3284,0.3284,0.32803,0.32587,0.32487,0.32487,0.32487,0.32375,0.32375,0.32375,0.32375,0.32375,0.32375,0.32375,0.32375,0.32375
0.60847,0.60847,0.60847,0.60847,0.60847,0.60847,0.60847,0.60847,0.60847,0.60847,0.60847,0.60847,0.60847,0.60847,0.60847,0.60847,0.60847,0.60847,0.60847,0.60847,0.60847,0.60847,0.60847,0.60847,0.60847,0.60847,0.60847,0.60847,0.60847,0.60847,0.60847,0.60847,0.60847,0.60847,0.60847,0.60847,0.60847,0.60847,0.60847,0.60847,0.60847,0.60847,0.60847,0.60847,0.60847,0.60847,0.60847,0.60847,0.60847,0.60847,0.60847,0.60847,0.60847,0.60847,0.60847,0.60847,0.60847,0.60847,0.60847,0.60847,0.60847,0.60847,0.60847,0.60847,0.60847,0.57082,0.56272,0.55914,0.55803,0.41855,0.3769,0.36134,0.35356,0.34439,0.34094,0.33931,0.33601,0.3342,0.33308,0.33308,0.33308,0.33046,0.32903,0.32903,0.32903,0.3284,0.3284,0.32803,0.32576,0.32487,0.32487,0.32487,0.32375,0.32375,0.32375,0.32375,0.32375,0.32375,0.32375,0.32375,0.32375
0.60847,0.60847,0.60847,0.60847,0.60847,0.60847,0.60847,0.60847,0.60847,0.60847,0.60847,0.60847,0.60847,0.60847,0.60847,0.60847,0.60847,0.60847,0.60847,0.60847,0.60847,0.60847,0.60847,0.60847,0.60847,0.60847,0.60847,0.60847,0.60847,0.60847,0.60847,0.60847,0.60847,0.60847,0.60847,0.60847,0.60847,0.60847,0.60847,0.60847,0.60847,0.60847,0.60847,0.60847,0.60847,0.60847,0.60847,0.60847,0.60847,0.60847,0.60847,0.60847,0.60847,0.60847,0.60847,0.60847,0.60847,0.60847,0.60847,0.60847,0.60847,0.60847,0.60847,0.60847,0.61191,0.5641,0.5598,0.55618,0.55153,0.3884,0.36833,0.35679,0.3462,0.34243,0.33966,0.33798,0.33601,0.3342,0.33299,0.33299,0.33296,0.3304,0.32903,0.32903,0.32903,0.3284,0.3284,0.32803,0.32576,0.32487,0.32487,0.32487,0.32311,0.32311,0.32311,0.32311,0.32311,0.32311,0.32311,0.32311,0.32171
0.60037,0.60037,0.60037,0.60037,0.60037,0.60037,0.60037,0.60037,0.60037,0.60037,0.60037,0.60037,0.60037,0.60037,0.60037,0.60037,0.60037,0.60037,0.60037,0.60037,0.60037,0.60037,0.60037,0.60037,0.60037,0.60037,0.60037,0.60037,0.60037,0.60037,0.60037,0.60037,0.60037,0.60037,0.60037,0.60037,0.60037,0.60037,0.60037,0.60037,0.60037,0.60037,0.60037,0.60037,0.60037,0.60037,0.60037,0.60037,0.60037,0.60037,0.60037,0.60037,0.60037,0.60037,0.60037,0.60037,0.60037,0.60037,0.60037,0.60037,0.60037,0.60037,0.60037,0.60037,0.60037,0.5313,0.51038,0.50046,0.48242,0.38367,0.36202,0.35266,0.34585,0.34156,0.33888,0.33722,0.33601,0.3342,0.33299,0.33299,0.33296,0.3304,0.32863,0.32863,0.32863,0.3284,0.3284,0.32803,0.32522,0.32487,0.32487,0.32487,0.32311,0.32311,0.32311,0.32311,0.32311,0.32311,0.32311,0.32311,0.32311
0.60037,0.60037,0.60037,0.60037,0.60037,0.60037,0.60037,0.60037,0.60037,0.60037,0.60037,0.60037,0.60037,0.60037,0.60037,0.60037,0.60037,0.60037,0.60037,0.60037,0.60037,0.60037,0.60037,0.60037,0.60037,0.60037,0.60037,0.60037,0.60037,0.60037,0.60037,0.60037,0.60037,0.60037,0.60037,0.60037,0.60037,0.60037,0.60037,0.60037,0.60037,0.60037,0.60037,0.60037,0.60037,0.60037,0.60037,0.60037,0.60037,0.60037,0.60037,0.60037,0.60037,0.60037,0.60037,0.60037,0.60037,0.60037,0.60037,0.60037,0.60037,0.60037,0.60037,0.60037,0.60037,0.52129,0.49515,0.48537,0.4794,0.38294,0.36111,0.35181,0.34585,0.34156,0.33888,0.33722,0.33601,0.3342,0.33299,0.33299,0.33296,0.3304,0.32863,0.32863,0.32863,0.3284,0.3284,0.32803,0.32522,0.32487,0.32487,0.32487,0.32311,0.32311,0.32311,0.32311,0.32311,0.32311,0.32311,0.32311,0.32311
0.60037,0.60037,0.60037,0.60037,0.60037,0.60037,0.60037,0.60037,0.60037,0.60037,0.60037,0.60037,0.60037,0.60037,0.60037,0.60037,0.60037,0.60037,0.60037,0.60037,0.60037,0.60037,0.60037,0.60037,0.60037,0.60037,0.60037,0.60037,0.60037,0.60037,0.60037,0.60037,0.60037,0.60037,0.60037,0.60037,0.60037,0.60037,0.60037,0.60037,0.60037,0.60037,0.60037,0.60037,0.60037,0.60037,0.60037,0.60037,0.60037,0.60037,0.60037,0.60037,0.60037,0.60037,0.60037,0.60037,0.60037,0.60037,0.60037,0.60037,0.60037,0.60037,0.60037,0.60037,0.60037,0.51447,0.48903,0.48017,0.47627,0.38294,0.36033,0.3516,0.34401,0.34156,0.33888,0.33722,0.33601,0.3342,0.33299,0.33299,0.33296,0.3304,0.32863,0.32863,0.32863,0.3284,0.3284,0.32803,0.32522,0.32487,0.32487,0.32487,0.32311,0.32311,0.32311,0.32311,0.32311,0.32311,0.32311,0.32311,0.32311
0.60037,0.60037,0.60037,0.60037,0.60037,0.60037,0.60037,0.60037,0.60037,0.60037,0.60037,0.60037,0.60037,0.60037,0.60037,0.60037,0.60037,0.60037,0.60037,0.60037,0.60037,0.60037,0.60037,0.60037,0.60037,0.60037,0.60037,0.60037,0.60037,0.60037,0.60037,0.60037,0.60037,0.60037,0.60037,0.60037,0.60037,0.60037,0.60037,0.60037,0.60037,0.60037,0.60037,0.60037,0.60037,0.60037,0.60037,0.60037,0.60037,0.60037,0.60037,0.60037,0.60037,0.60037,0.60037,0.60037,0.60037,0.60037,0.60037,0.60037,0.60037,0.60037,0.60037,0.60037,0.6065,0.49061,0.48155,0.47434,0.46674,0.36464,0.35433,0.34805,0.33601,0.33601,0.33601,0.33601,0.33601,0.3342,0.33299,0.33299,0.33175,0.32919,0.32825,0.32825,0.32825,0.32825,0.32825,0.32803,0.32494,0.32487,0.32487,0.32487,0.32311,0.32311,0.32311,0.32311,0.32311,0.32311,0.32311,0.32311,0.32122
0.59224,0.59224,0.59224,0.59224,0.59224,0.59224,0.59224,0.59224,0.59224,0.59224,0.59224,0.59224,0.59224,0.59224,0.59224,0.59224,0.59224,0.59224,0.59224,0.59224,0.59224,0.59224,0.59224,0.59224,0.59224,0.59224,0.59224,0.59224,0.59224,0.59224,0.59224,0.59224,0.59224,0.59224,0.59224,0.59224,0.59224,0.59224,0.59224,0.59224,0.59224,0.59224,0.59224,0.59224,0.59224,0.59224,0.59224,0.59224,0.59224,0.59224,0.59224,0.59224,0.59224,0.59224,0.59224,0.59224,0.59224,0.59224,0.59224,0.59224,0.59224,0.59224,0.59224,0.59224,0.59224,0.48004,0.44613,0.43231,0.4171,0.36263,0.35267,0.34735,0.33601,0.33601,0.33601,0.33601,0.33601,0.3342,0.33299,0.33299,0.33175,0.32919,0.32825,0.32825,0.32825,0.32825,0.32825,0.32803,0.32494,0.32487,0.32487,0.32487,0.32311,0.32311,0.32311,0.32311,0.32311,0.32311,0.32311,0.32311,0.32311
0.59224,0.59224,0.59224,0.59224,0.59224,0.59224,0.59224,0.59224,0.59224,0.59224,0.59224,0.59224,0.59224,0.59224,0.59224,0.59224,0.59224,0.59224,0.59224,0.59224,0.59224,0.59224,0.59224,0.59224,0.59224,0.59224,0.59224,0.59224,0.59224,0.59224,0.59224,0.59224,0.59224,0.59224,0.59224,0.59224,0.59224,0.59224,0.59224,0.59224,0.59224,0.59224,0.59224,0.59224,0.59224,0.59224,0.59224,0.59224,0.59224,0.59224,0.59224,0.59224,0.59224,0.59224,0.59224,0.59224,0.59224,0.59224,0.59224,0.59224,0.59224,0.59224,0.59224,0.59224,0.59224,0.47546,0.43587,0.42233,0.41589,0.36263,0.35267,0.34735,0.33601,0.33601,0.33601,0.33601,0.33601,0.3342,0.33299,0.33299,0.33175,0.32919,0.32825,0.32825,0.32825,0.32825,0.32825,0.32803,0.32494,0.32487,0.32487,0.32487,0.32311,0.32311,0.32311,0.32311,0.32311,0.32311,0.32311,0.32311,0.32311
0.59224,0.59224,0.59224,0.59224,0.59224,0.59224,0.59224,0.59224,0.59224,0.59224,0.59224,0.59224,0.59224,0.59224,0.59224,0.59224,0.59224,0.59224,0.59224,0.59224,0.59224,0.59224,0.59224,0.59224,0.59224,0.59224,0.59224,0.59224,0.59224,0.59224,0.59224,0.59224,0.59224,0.59224,0.59224,0.59224,0.59224,0.59224,0.59224,0.59224,0.59224,0.59224,0.59224,0.59224,0.59224,0.59224,0.59224,0.59224,0.59224,0.59224,0.59224,0.59224,0.59224,0.59224,0.59224,0.59224,0.59224,0.59224,0.59224,0.59224,0.59224,0.59224,0.59224,0.59224,0.59224,0.46579,0.4288,0.41561,0.41044,0.36034,0.35059,0.34544,0.33601,0.33601,0.3356,0.3356,0.3356,0.3342,0.33299,0.33299,0.33175,0.32871,0.32746,0.32746,0.32746,0.32746,0.32746,0.32746,0.32412,0.32412,0.32412,0.32412,0.32311,0.32311,0.32311,0.32311,0.32311,0.32311,0.32311,0.32311,0.32311
0.59224,0.59224,0.59224,0.59224,0.59224,0.59224,0.59224,0.59224,0.59224,0.59224,0.59224,0.59224,0.59224,0.59224,0.59224,0.59224,0.59224,0.59224,0.59224,0.59224,0.59224,0.59224,0.59224,0.59224,0.59224,0.59224,0.59224,0.59224,0.59224,0.59224,0.59224,0.59224,0.59224,0.59224,0.59224,0.59224,0.59224,0.59224,0.59224,0.59224,0.59224,0.59224,0.59224,0.59224,0.59224,0.59224,0.59224,0.59224,0.59224,0.59224,0.59224,0.59224,0.59224,0.59224,0.59224,0.59224,0.59224,0.59224,0.59224,0.59224,0.59224,0.59224,0.59224,0.59224,0.59224,0.43462,0.42103,0.41096,0.40174,0.35071,0.34778,0.34381,0.33601,0.33601,0.3356,0.3356,0.3356,0.3342,0.33299,0.33299,0.33073,0.32847,0.32746,0.32746,0.32746,0.32746,0.32746,0.32746,0.32412,0.32412,0.32412,0.32412,0.32311,0.32311,0.32311,0.32311,0.32283,0.32311,0.32311,0.32311,0.32073
0.5844,0.5844,0.5844,0.5844,0.5844,0.5844,0.5844,0.5844,0.5844,0.5844,0.5844,0.5844,0.5844,0.5844,0.5844,0.5844,0.5844,0.5844,0.5844,0.5844,0.5844,0.5844,0.5844,0.5844,0.5844,0.5844,0.5844,0.5844,0.5844,0.5844,0.5844,0.5844,0.5844,0.5844,0.5844,0.5844,0.5844,0.5844,0.5844,0.5844,0.5844,0.5844,0.5844,0.5844,0.5844,0.5844,0.5844,0.5844,0.5844,0.5844,0.5844,0.5844,0.5844,0.5844,0.5844,0.5844,0.5844,0.5844,0.5844,0.5844,0.5844,0.57158,0.56876,0.56521,0.55952,0.43287,0.39584,0.38154,0.3698,0.34994,0.34657,0.34343,0.33652,0.33601,0.33554,0.33554,0.33536,0.3342,0.33299,0.33299,0.33073,0.32847,0.32746,0.32746,0.32746,0.32746,0.32746,0.32746,0.32412,0.32412,0.32412,0.32412,0.32311,0.32311,0.32311,0.32311,0.32311,0.32311,0.32311,0.32311,0.32311
0.5844,0.5844,0.5844,0.5844,0.5844,0.5844,0.5844,0.5844,0.5844,0.5844,0.5844,0.5844,0.5844,0.5844,0.5844,0.5844,0.5844,0.5844,0.5844,0.5844,0.5844,0.5844,0.5844,0.5844,0.5844,0.5844,0.5844,0.5844,0.5844,0.5844,0.5844,0.5844,0.5844,0.5844,0.5844,0.5844,0.5844,0.5844,0.5844,0.5844,0.5844,0.5844,0.5844,0.5844,0.5844,0.5844,0.5844,0.5844,0.5844,0.5844,0.5844,0.5844,0.5844,0.5844,0.5844,0.5844,0.5844,0.5844,0.5844,0.5844,0.5844,0.5655,0.56046,0.55683,0.55614,0.43029,0.38727,0.37238,0.36647,0.34794,0.34464,0.34225,0.33652,0.33554,0.33452,0.33452,0.33441,0.33417,0.33299,0.33299,0.33073,0.32809,0.32702,0.32702,0.32702,0.32702,0.32702,0.32702,0.32386,0.32386,0.32386,0.3238,0.32311,0.32311,0.32311,0.32311,0.32311,0.32311,0.32311,0.32311,0.32311
0.5844,0.5844,0.5844,0.5844,0.5844,0.5844,0.5844,0.5844,0.5844,0.5844,0.5844,0.5844,0.5844,0.5844,0.5844,0.5844,0.5844,0.5844,0.5844,0.5844,0.5844,0.5844,0.5844,0.5844,0.5844,0.5844,0.5844,0.5844,0.5844,0.5844,0.5844,0.5844,0.5844,0.5844,0.5844,0.5844,0.5844,0.5844,0.5844,0.5844,0.5844,0.5844,0.5844,0.5844,0.5844,0.5844,0.5844,0.5844,0.5844,0.5844,0.5844,0.5844,0.5844,0.5844,0.5844,0.5844,0.5844,0.5844,0.5844,0.5844,0.5844,0.56336,0.55837,0.55421,0.55347,0.42257,0.38172,0.36736,0.36246,0.34683,0.34372,0.34138,0.33686,0.33554,0.33436,0.33436,0.33436,0.33417,0.33299,0.33299,0.33073,0.32809,0.32702,0.32702,0.32702,0.32702,0.32702,0.32702,0.32386,0.32386,0.32386,0.32377,0.32311,0.32311,0.32311,0.32311,0.32311,0.32311,0.32311,0.32311,0.32311
0.5844,0.5844,0.5844,0.5844,0.5844,0.5844,0.5844,0.5844,0.5844,0.5844,0.5844,0.5844,0.5844,0.5844,0.5844,0.5844,0.5844,0.5844,0.5844,0.5844,0.5844,0.5844,0.5844,0.5844,0.5844,0.5844,0.5844,0.5844,0.5844,0.5844,0.5844,0.5844,0.5844,0.5844,0.5844,0.5844,0.5844,0.5844,0.5844,0.5844,0.5844,0.5844,0.5844,0.5844,0.5844,0.5844,0.5844,0.5844,0.5844,0.5844,0.5844,0.5844,0.5844,0.5844,0.5844,0.5844,0.5844,0.5844,0.5844,0.5844,0.58571,0.55949,0.55736,0.55244,0.54809,0.39281,0.374,0.36328,0.35489,0.3444,0.34284,0.34069,0.3373,0.3352,0.33424,0.33424,0.3341,0.3341,0.33299,0.33299,0.3299,0.32809,0.32702,0.32702,0.32702,0.32702,0.32702,0.32702,0.32386,0.32386,0.32386,0.32377,0.32311,0.32311,0.32311,0.32311,0.32225,0.32311,0.32311,0.32311,0.32168
0.57657,0.57657,0.57657,0.57657,0.57657,0.57657,0.57657,0.57657,0.57657,0.57657,0.57657,0.57657,0.57657,0.57657,0.57657,0.57657,0.57657,0.57657,0.57657,0.57657,0.57657,0.57657,0.57657,0.57657,0.57657,0.57657,0.57657,0.57657,0.57657,0.57657,0.57657,0.57657,0.57657,0.57657,0.57657,0.57657,0.57657,0.57657,0.57657,0.57657,0.57657,0.57657,0.57657,0.57657,0.57657,0.57657,0.57657,0.57657,0.57657,0.57657,0.57657,0.57657,0.57657,0.57657,0.57657,0.57657,0.57657,0.57657,0.57657,0.57657,0.57657,0.53021,0.51558,0.50562,0.49108,0.39073,0.36406,0.35465,0.35113,0.3444,0.34284,0.34069,0.3373,0.3352,0.33424,0.33424,0.3341,0.3341,0.33299,0.33299,0.3299,0.32809,0.32702,0.32702,0.32702,0.32702,0.32702,0.32702,0.32386,0.32386,0.32386,0.32377,0.32311,0.32311,0.32311,0.32311,0.32311,0.32311,0.32311,0.32311,0.32311
0.57657,0.57657,0.57657,0.57657,0.57657,0.57657,0.57657,0.57657,0.57657,0.57657,0.57657,0.57657,0.57657,0.57657,0.57657,0.57657,0.57657,0.57657,0.57657,0.57657,0.57657,0.57657,0.57657,0.57657,0.57657,0.57657,0.57657,0.57657,0.57657,0.57657,0.57657,0.57657,0.57657,0.57657,0.57657,0.57657,0.57657,0.57657,0.57657,0.57657,0.57657,0.57657,0.57657,0.57657,0.57657,0.57657,0.57657,0.57657,0.57657,0.57657,0.57657,0.57657,0.57657,0.57657,0.57657,0.57657,0.57657,0.57657,0.57657,0.57657,0.57657,0.52064,0.5014,0.4919,0.48737,0.38963,0.36233,0.353,0.35031,0.34433,0.34267,0.34069,0.3373,0.3352,0.33424,0.33424,0.3341,0.3341,0.33299,0.33299,0.3299,0.32809,0.32702,0.32702,0.32702,0.32702,0.32702,0.32702,0.32386,0.32386,0.32386,0.32377,0.32311,0.32311,0.32311,0.32311,0.32311,0.32311,0.32311,0.32311,0.32311
0.57657,0.57657,0.57657,0.57657,0.57657,0.57657,0.57657,0.57657,0.57657,0.57657,0.57657,0.57657,0.57657,0.57657,0.57657,0.57657,0.57657,0.57657,0.57657,0.57657,0.57657,0.57657,0.57657,0.57657,0.57657,0.57657,0.57657,0.57657,0.57657,0.57657,0.57657,0.57657,0.57657,0.57657,0.57657,0.57657,0.57657,0.57657,0.57657,0.57657,0.57657,0.57657,0.57657,0.57657,0.57657,0.57657,0.57657,0.57657,0.57657,0.57657,0.57657,0.57657,0.57657,0.57657,0.57657,0.57657,0.57657,0.57657,0.57657,0.57657,0.57657,0.51335,0.49441,0.4851,0.48158,0.38686,0.3588,0.34948,0.34523,0.3417,0.34115,0.33986,0.3373,0.33437,0.33352,0.33352,0.33352,0.33352,0.33299,0.33299,0.3299,0.32809,0.32702,0.32702,0.32702,0.32702,0.32702,0.32702,0.32386,0.32386,0.32386,0.32377,0.32311,0.32311,0.32311,0.32311,0.32311,0.32311,0.32311,0.32311,0.32311
0.57657,0.57657,0.57657,0.57657,0.57657,0.57657,0.57657,0.57657,0.57657,0.57657,0.57657,0.57657,0.57657,0.57657,0.57657,0.57657,0.57657,0.57657,0.57657,0.57657,0.57657,0.57657,0.57657,0.57657,0.57657,0.57657,0.57657,0.57657,0.57657,0.57657,0.57657,0.57657,0.57657,0.57657,0.57657,0.57657,0.57657,0.57657,0.57657,0.57657,0.57657,0.57657,0.57657,0.57657,0.57657,0.57657,0.57657,0.57657,0.57657,0.57657,0.57657,0.57657,0.57657,0.57657,0.57657,0.57657,0.57657,0.57657,0.57657,0.57657,0.58217,0.49663,0.49018,0.48203,0.47547,0.36735,0.35373,0.34722,0.33808,0.33808,0.33808,0.33808,0.3373,0.33424,0.3333,0.3333,0.33299,0.33299,0.33299,0.33299,0.32971,0.32809,0.32702,0.32702,0.32702,0.32702,0.32702,0.32702,0.32386,0.32386,0.32386,0.32377,0.32311,0.32311,0.32311,0.32311,0.32311,0.32311,0.32311,0.32311,0.31473
0.56873,0.56873,0.56873,0.56873,0.56873,0.56873,0.56873,0.56873,0.56873,0.56873,0.56873,0.56873,0.56873,0.56873,0.56873,0.56873,0.56873,0.56873,0.56873,0.56873,0.56873,0.56873,0.56873,0.56873,0.56873,0.56873,0.56873,0.56873,0.56873,0.56873,0.56873,0.56873,0.56873,0.56873,0.56873,0.56873,0.56873,0.56873,0.56873,0.56873,0.56873,0.56873,0.56873,0.56873,0.56873,0.56873,0.56873,0.56873,0.56873,0.56873,0.56873,0.56873,0.56873,0.56873,0.56873,0.56873,0.56873,0.56873,0.56873,0.56873,0.56873,0.47781,0.44914,0.43409,0.41696,0.36438,0.35162,0.34672,0.33808,0.33808,0.33808,0.33808,0.3373,0.33415,0.3333,0.3333,0.33299,0.33299,0.33299,0.33299,0.32971,0.32809,0.32702,0.32702,0.32702,0.32702,0.32702,0.32702,0.32386,0.32386,0.32386,0.32377,0.32311,0.32311,0.32311,0.32311,0.32311,0.32311,0.32311,0.32311,0.32311
0.56873,0.56873,0.56873,0.56873,0.56873,0.56873,0.56873,0.56873,0.56873,0.56873,0.56873,0.56873,0.56873,0.56873,0.56873,0.56873,0.56873,0.56873,0.56873,0.56873,0.56873,0.56873,0.56873,0.56873,0.56873,0.56873,0.56873,0.56873,0.56873,0.56873,0.56873,0.56873,0.56873,0.56873,0.56873,0.56873,0.56873,0.56873,0.56873,0.56873,0.56873,0.56873,0.56873,0.56873,0.56873,0.56873,0.56873,0.56873,0.56873,0.56873,0.56873,0.56873,0.56873,0.56873,0.56873,0.56873,0.56873,0.56873,0.56873,0.56873,0.56873,0.47174,0.43734,0.42221,0.4149,0.36379,0.35136,0.34672,0.33808,0.33808,0.33808,0.33808,0.3373,0.33415,0.3333,0.3333,0.33299,0.33299,0.33299,0.33299,0.32971,0.32809,0.32702,0.32702,0.32702,0.32702,0.32702,0.32702,0.32386,0.32386,0.32386,0.32377,0.32311,0.32311,0.32311,0.32311,0.32311,0.32311,0.32311,0.32311,0.32311
0.56873,0.56873,0.56873,0.56873,0.56873,0.56873,0.56873,0.56873,0.56873,0.56873,0.56873,0.56873,0.56873,0.56873,0.56873,0.56873,0.56873,0.56873,0.56873,0.56873,0.56873,0.56873,0.56873,0.56873,0.56873,0.56873,0.56873,0.56873,0.56873,0.56873,0.56873,0.56873,0.56873,0.56873,0.56873,0.56873,0.56873,0.56873,0.56873,0.56873,0.56873,0.56873,0.56873,0.56873,0.56873,0.56873,0.56873,0.56873,0.56873,0.56873,0.56873,0.56873,0.56873,0.56873,0.56873,0.56873,0.56873,0.56873,0.56873,0.56873,0.56873,0.4628,0.43005,0.41573,0.41034,0.36225,0.35045,0.34647,0.33808,0.33808,0.33808,0.33808,0.3373,0.33415,0.3333,0.3333,0.33299,0.33299,0.33299,0.33299,0.32971,0.32809,0.32702,0.32702,0.32702,0.32702,0.32702,0.32702,0.32454,0.32386,0.32386,0.32377,0.32311,0.32311,0.32311,0.32311,0.32311,0.32311,0.32311,0.32311,0.32311
0.56873,0.56873,0.56873,0.56873,0.56873,0.56873,0.56873,0.56873,0.56873,0.56873,0.56873,0.56873,0.56873,0.56873,0.56873,0.56873,0.56873,0.56873,0.56873,0.56873,0.56873,0.56873,0.56873,0.56873,0.56873,0.56873,0.56873,0.56873,0.56873,0.56873,0.56873,0.56873,0.56873,0.56873,0.56873,0.56873,0.56873,0.56873,0.56873,0.56873,0.56873,0.56873,0.56873,0.56873,0.56873,0.56873,0.56873,0.56873,0.56873,0.56873,0.56873,0.56873,0.56873,0.56873,0.56873,0.56873,0.56873,0.56873,0.56873,0.56873,0.56873,0.43138,0.42053,0.40999,0.40239,0.35235,0.34693,0.34482,0.33808,0.33808,0.33808,0.33808,0.33699,0.33352,0.33299,0.33299,0.33299,0.33299,0.33299,0.33299,0.32971,0.32801,0.32702,0.32702,0.32702,0.32702,0.32702,0.32702,0.32702,0.32341,0.32335,0.32006,0.30403,0.28904,0.28904,0.28359,0.24841,0.25634,0.25634,0.25634,0.16699
0.56114,0.56114,0.56114,0.56114,0.56114,0.56114,0.56114,0.56114,0.56114,0.56114,0.56114,0.56114,0.56114,0.56114,0.56114,0.56114,0.56114,0.56114,0.56114,0.56114,0.56114,0.56114,0.56114,0.56114,0.56114,0.56114,0.56114,0.56114,0.56114,0.56114,0.56114,0.56114,0.56114,0.56114,0.56114,0.56114,0.56114,0.56114,0.56114,0.56114,0.56114,0.56114,0.56114,0.56114,0.56114,0.56114,0.56114,0.56114,0.56114,0.56114,0.56114,0.56114,0.56114,0.56114,0.56114,0.56114,0.56114,0.55026,0.54683,0.54456,0.53918,0.42763,0.39365,0.37852,0.36757,0.35019,0.34643,0.34482,0.33914,0.33808,0.33808,0.33808,0.33699,0.33352,0.33299,0.33299,0.33299,0.33299,0.33299,0.33299,0.3308,0.3165,0.31363,0.31328,0.31328,0.27469,0.26533,0.26195,0.25889,0.25889,0.25889,0.25885,0.25824,0.25735,0.25735,0.25662,0.25634,0.25634,0.25634,0.25634,0.25634
0.56114,0.56114,0.56114,0.56114,0.56114,0.56114,0.56114,0.56114,0.56114,0.56114,0.56114,0.56114,0.56114,0.56114,0.56114,0.56114,0.56114,0.56114,0.56114,0.56114,0.56114,0.56114,0.56114,0.56114,0.56114,0.56114,0.56114,0.56114,0.56114,0.56114,0.56114,0.56114,0.56114,0.56114,0.56114,0.56114,0.56114,0.56114,0.56114,0.56114,0.56114,0.56114,0.56114,0.56114,0.56114,0.56114,0.56114,0.56114,0.56114,0.56114,0.56114,0.56114,0.56114,0.56114,0.56114,0.56114,0.56114,0.54638,0.54086,0.53885,0.53821,0.42602,0.38785,0.37187,0.36616,0.35019,0.34643,0.34482,0.33962,0.33808,0.33808,0.33808,0.33699,0.33352,0.33299,0.33299,0.33299,0.33299,0.33299,0.33299,0.33234,0.3165,0.31363,0.31328,0.31328,0.26902,0.25996,0.25889,0.25889,0.25889,0.25889,0.25885,0.25824,0.25735,0.25735,0.25662,0.25634,0.25634,0.25634,0.25634,0.25634
0.56114,0.56114,0.56114,0.56114,0.56114,0.56114,0.56114,0.56114,0.56114,0.56114,0.56114,0.56114,0.56114,0.56114,0.56114,0.56114,0.56114,0.56114,0.56114,0.56114,0.56114,0.56114,0.56114,0.56114,0.56114,0.56114,0.56114,0.56114,0.56114,0.56114,0.56114,0.56114,0.56114,0.56114,0.56114,0.56114,0.56114,0.56114,0.56114,0.56114,0.56114,0.56114,0.56114,0.56114,0.56114,0.56114,0.56114,0.56114,0.56114,0.56114,0.56114,0.56114,0.56114,0.56114,0.56114,0.56114,0.56114,0.54423,0.53876,0.53641,0.53571,0.4188,0.38306,0.3681,0.36317,0.34996,0.34643,0.34482,0.33962,0.33808,0.33808,0.33808,0.33699,0.33352,0.33299,0.33299,0.33299,0.33299,0.33299,0.33299,0.33299,0.3165,0.31363,0.31328,0.31328,0.26521,0.25996,0.25889,0.25889,0.25889,0.25889,0.25885,0.25824,0.25735,0.25735,0.25662,0.25634,0.25634,0.25634,0.25634,0.25634
0.56114,0.56114,0.56114,0.56114,0.56114,0.56114,0.56114,0.56114,0.56114,0.56114,0.56114,0.56114,0.56114,0.56114,0.56114,0.56114,0.56114,0.56114,0.56114,0.56114,0.56114,0.56114,0.56114,0.56114,0.56114,0.56114,0.56114,0.56114,0.56114,0.56114,0.56114,0.56114,0.56114,0.56114,0.56114,0.56114,0.56114,0.56114,0.56114,0.56114,0.56114,0.56114,0.56114,0.56114,0.56114,0.56114,0.56114,0.56114,0.56114,0.56114,0.56114,0.56114,0.56114,0.56114,0.56114,0.56114,0.56193,0.53964,0.53672,0.53393,0.52886,0.39004,0.37508,0.3637,0.35528,0.34759,0.34577,0.34401,0.33962,0.33808,0.33808,0.33808,0.33699,0.33352,0.33299,0.33299,0.33299,0.33299,0.33299,0.33299,0.33299,0.31586,0.31291,0.31103,0.3084,0.24635,0.24446,0.23942,0.2277,0.18874,0.18874,0.18263,0.14674,0.1459,0.1459,0.14564,0.12347,0.14487,0.14487,0.14487,0.12408
0.55357,0.55357,0.55357,0.55357,0.55357,0.55357,0.55357,0.55357,0.55357,0.55357,0.55357,0.55357,0.55357,0.55357,0.55357,0.55357,0.55357,0.55357,0.55357,0.55357,0.55357,0.55357,0.55357,0.55357,0.55357,0.55357,0.55357,0.55357,0.55357,0.55357,0.55357,0.55357,0.55357,0.55357,0.55357,0.55357,0.55357,0.55357,0.55357,0.55357,0.55357,0.55357,0.55357,0.55357,0.55357,0.55357,0.55357,0.55357,0.55357,0.55357,0.55357,0.55357,0.55357,0.55357,0.55357,0.55357,0.55357,0.51175,0.49792,0.49052,0.47759,0.38531,0.36347,0.35372,0.35114,0.34655,0.34383,0.34197,0.33986,0.33808,0.33808,0.33808,0.33699,0.32061,0.31926,0.31926,0.31877,0.27801,0.26668,0.26172,0.24908,0.22138,0.2102,0.20064,0.17337,0.17272,0.17232,0.16683,0.15122,0.15122,0.15122,0.14924,0.1465,0.14523,0.14523,0.14487,0.14487,0.14487,0.14487,0.14487,0.14487
0.55357,0.55357,0.55357,0.55357,0.55357,0.55357,0.55357,0.55357,0.55357,0.55357,0.55357,0.55357,0.55357,0.55357,0.55357,0.55357,0.55357,0.55357,0.55357,0.55357,0.55357,0.55357,0.55357,0.55357,0.55357,0.55357,0.55357,0.55357,0.55357,0.55357,0.55357,0.55357,0.55357,0.55357,0.55357,0.55357,0.55357,0.55357,0.55357,0.55357,0.55357,0.55357,0.55357,0.55357,0.55357,0.55357,0.55357,0.55357,0.55357,0.55357,0.55357,0.55357,0.55357,0.55357,0.55357,0.55357,0.55357,0.50353,0.48579,0.47833,0.47439,0.38443,0.36245,0.35285,0.35061,0.3463,0.34371,0.34173,0.34021,0.33808,0.33808,0.33808,0.33719,0.32061,0.31926,0.31926,0.31851,0.26756,0.25162,0.24703,0.24399,0.19517,0.17868,0.17092,0.16403,0.155,0.15271,0.15029,0.14799,0.14799,0.14799,0.14799,0.1465,0.14522,0.14519,0.14487,0.14487,0.14487,0.14487,0.14487,0.14487
0.55357,0.55357,0.55357,0.55357,0.55357,0.55357,0.55357,0.55357,0.55357,0.55357,0.55357,0.55357,0.55357,0.55357,0.55357,0.55357,0.55357,0.55357,0.55357,0.55357,0.55357,0.55357,0.55357,0.55357,0.55357,0.55357,0.55357,0.55357,0.55357,0.55357,0.55357,0.55357,0.55357,0.55357,0.55357,0.55357,0.55357,0.55357,0.55357,0.55357,0.55357,0.55357,0.55357,0.55357,0.55357,0.55357,0.55357,0.55357,0.55357,0.55357,0.55357,0.55357,0.55357,0.55357,0.55357,0.55357,0.55357,0.49832,0.48082,0.47424,0.47111,0.3837,0.36111,0.35153,0.3485,0.34604,0.34363,0.34173,0.34027,0.33808,0.33808,0.33808,0.33787,0.32061,0.31926,0.31926,0.31832,0.262,0.24639,0.24129,0.23926,0.18343,0.16715,0.15985,0.1575,0.14962,0.14962,0.14842,0.14799,0.14799,0.14799,0.14799,0.1465,0.14522,0.14519,0.14487,0.14487,0.14487,0.14487,0.14487,0.14487
0.55357,0.55357,0.55357,0.55357,0.55357,0.55357,0.55357,0.55357,0.55357,0.55357,0.55357,0.55357,0.55357,0.55357,0.55357,0.55357,0.55357,0.55357,0.55357,0.55357,0.55357,0.55357,0.55357,0.55357,0.55357,0.55357,0.55357,0.55357,0.55357,0.55357,0.55357,0.55357,0.55357,0.55357,0.55357,0.55357,0.55357,0.55357,0.55357,0.55357,0.55357,0.55357,0.55357,0.55357,0.55357,0.55357,0.55357,0.55357,0.55357,0.55357,0.55357,0.55357,0.55357,0.55357,0.55357,0.55357,0.55815,0.48218,0.4756,0.47002,0.46384,0.36522,0.35626,0.34889,0.34107,0.34107,0.34107,0.34107,0.34027,0.33808,0.33808,0.33808,0.33808,0.32016,0.31879,0.31853,0.31388,0.24671,0.24113,0.23755,0.23108,0.164,0.15877,0.1537,0.14772,0.13833,0.1362,0.1312,0.12099,0.12099,0.12099,0.12099,0.12099,0.12099,0.12099,0.12099,0.12099,0.12099,0.12099,0.12099,0.12099
0.54597,0.54597,0.54597,0.54597,0.54597,0.54597,0.54597,0.54597,0.54597,0.54597,0.54597,0.54597,0.54597,0.54597,0.54597,0.54597,0.54597,0.54597,0.54597,0.54597,0.54597,0.54597,0.54597,0.54597,0.54597,0.54597,0.54597,0.54597,0.54597,0.54597,0.54597,0.54597,0.54597,0.54597,0.54597,0.54597,0.54597,0.54597,0.54597,0.54597,0.54597,0.54597,0.54597,0.54597,0.54597,0.54597,0.54597,0.54597,0.54597,0.54597,0.54597,0.54597,0.54597,0.54597,0.54597,0.54597,0.54597,0.46512,0.43935,0.42774,0.41373,0.36354,0.3552,0.34839,0.34107,0.34107,0.34107,0.34107,0.34107,0.29438,0.28635,0.28229,0.27142,0.22685,0.21346,0.20475,0.17584,0.1731,0.16961,0.16509,0.14617,0.14256,0.13834,0.13493,0.13267,0.13226,0.13052,0.12656,0.12099,0.12099,0.12099,0.12099,0.12099,0.12099,0.12099,0.12099,0.12099,0.12099,0.12099,0.12099,0.12099
0.54597,0.54597,0.54597,0.54597,0.54597,0.54597,0.54597,0.54597,0.54597,0.54597,0.54597,0.54597,0.54597,0.54597,0.54597,0.54597,0.54597,0.54597,0.54597,0.54597,0.54597,0.54597,0.54597,0.54597,0.54597,0.54597,0.54597,0.54597,0.54597,0.54597,0.54597,0.54597,0.54597,0.54597,0.54597,0.54597,0.54597,0.54597,0.54597,0.54597,0.54597,0.54597,0.54597,0.54597,0.54597,0.54597,0.54597,0.54597,0.54597,0.54597,0.54597,0.54597,0.54597,0.54597,0.54597,0.54597,0.54597,0.4581,0.42757,0.41551,0.41,0.36182,0.35391,0.34718,0.34107,0.34107,0.34107,0.34107,0.34107,0.28618,0.27513,0.27117,0.26652,0.2006,0.18128,0.17379,0.1642,0.15174,0.14592,0.14333,0.1386,0.1356,0.13291,0.13055,0.12927,0.12913,0.12775,0.12433,0.12099,0.12099,0.12099,0.12099,0.12099,0.12099,0.12099,0.12099,0.12099,0.12099,0.12099,0.12099,0.12099
0.54597,0.54597,0.54597,0.54597,0.54597,0.54597,0.54597,0.54597,0.54597,0.54597,0.54597,0.54597,0.54597,0.54597,0.54597,0.54597,0.54597,0.54597,0.54597,0.54597,0.54597,0.54597,0.54597,0.54597,0.54597,0.54597,0.54597,0.54597,0.54597,0.54597,0.54597,0.54597,0.54597,0.54597,0.54597,0.54597,0.54597,0.54597,0.54597,0.54597,0.54597,0.54597,0.54597,0.54597,0.54597,0.54597,0.54597,0.54597,0.54597,0.54597,0.54597,0.54597,0.54597,0.54597,0.54597,0.54597,0.54597,0.45023,0.4207,0.40951,0.40571,0.36064,0.35257,0.34598,0.34107,0.34107,0.34107,0.34107,0.34107,0.28075,0.26992,0.26538,0.26161,0.18708,0.16855,0.16182,0.15577,0.14279,0.13639,0.13443,0.13298,0.13108,0.12889,0.12731,0.12677,0.12661,0.12567,0.12317,0.12099,0.12099,0.12099,0.12099,0.12099,0.12099,0.12099,0.12099,0.12099,0.12099,0.12099,0.12099,0.12099
0.54597,0.54597,0.54597,0.54597,0.54597,0.54597,0.54597,0.54597,0.54597,0.54597,0.54597,0.54597,0.54597,0.54597,0.54597,0.54597,0.54597,0.54597,0.54597,0.54597,0.54597,0.54597,0.54597,0.54597,0.54597,0.54597,0.54597,0.54597,0.54597,0.54597,0.54597,0.54597,0.54597,0.54597,0.54597,0.54597,0.54597,0.54597,0.54597,0.54597,0.54597,0.54597,0.54597,0.54597,0.54597,0.54597,0.54597,0.54597,0.54597,0.54597,0.54597,0.54597,0.54597,0.54597,0.54597,0.54597,0.54597,0.42418,0.41415,0.4056,0.39841,0.3548,0.35139,0.34574,0.34107,0.34107,0.34107,0.34107,0.34107,0.26779,0.26606,0.26283,0.25569,0.16499,0.16041,0.15651,0.14734,0.13748,0.13219,0.12801,0.11946,0.11946,0.11946,0.11946,0.11946,0.11946,0.11946,0.11946,0.11946,0.11946,0.11946,0.11946,0.11836,0.11836,0.11836,0.11836,0.11836,0.11836,0.11836,0.11836,0.11817
0.53863,0.53863,0.53863,0.53863,0.53863,0.53863,0.53863,0.53863,0.53863,0.53863,0.53863,0.53863,0.53863,0.53863,0.53863,0.53863,0.53863,0.53863,0.53863,0.53863,0.53863,0.53863,0.53863,0.53863,0.53863,0.53863,0.53863,0.53863,0.53863,0.53863,0.53863,0.53863,0.53863,0.53863,0.53863,0.53863,0.53863,0.53863,0.53863,0.53863,0.53863,0.53863,0.53863,0.53863,0.53863,0.53863,0.53863,0.53863,0.53863,0.53863,0.53863,0.53863,0.53863,0.53049,0.52845,0.52698,0.52132,0.41942,0.39111,0.38074,0.37566,0.33818,0.336,0.33313,0.33297,0.27171,0.25619,0.24743,0.2236,0.18793,0.18015,0.1726,0.14744,0.14366,0.14092,0.13976,0.13542,0.13327,0.12928,0.12622,0.11946,0.11946,0.11946,0.11946,0.11946,0.11946,0.11946,0.11946,0.11946,0.11946,0.11946,0.11946,0.11836,0.11836,0.11836,0.11836,0.11836,0.11836,0.11836,0.11836,0.11836
0.53863,0.53863,0.53863,0.53863,0.53863,0.53863,0.53863,0.53863,0.53863,0.53863,0.53863,0.53863,0.53863,0.53863,0.53863,0.53863,0.53863,0.53863,0.53863,0.53863,0.53863,0.53863,0.53863,0.53863,0.53863,0.53863,0.53863,0.53863,0.53863,0.53863,0.53863,0.53863,0.53863,0.53863,0.53863,0.53863,0.53863,0.53863,0.53863,0.53863,0.53863,0.53863,0.53863,0.53863,0.53863,0.53863,0.53863,0.53863,0.53863,0.53863,0.53863,0.53863,0.53863,0.52656,0.52266,0.52177,0.5199,0.41942,0.3888,0.37781,0.37484,0.33818,0.336,0.33313,0.33297,0.25637,0.23461,0.22631,0.21873,0.16788,0.15611,0.15003,0.14095,0.13757,0.13514,0.13514,0.13328,0.13116,0.12785,0.12518,0.11946,0.11946,0.11946,0.11946,0.11946,0.11946,0.11946,0.11946,0.11946,0.11946,0.11946,0.11946,0.11836,0.11836,0.11836,0.11836,0.11836,0.11836,0.11836,0.11836,0.11836
0.53863,0.53863,0.53863,0.53863,0.53863,0.53863,0.53863,0.53863,0.53863,0.53863,0.53863,0.53863,0.53863,0.53863,0.53863,0.53863,0.53863,0.53863,0.53863,0.53863,0.53863,0.53863,0.53863,0.53863,0.53863,0.53863,0.53863,0.53863,0.53863,0.53863,0.53863,0.53863,0.53863,0.53863,0.53863,0.53863,0.53863,0.53863,0.53863,0.53863,0.53863,0.53863,0.53863,0.53863,0.53863,0.53863,0.53863,0.53863,0.53863,0.53863,0.53863,0.53863,0.53863,0.52389,0.5202,0.51881,0.51699,0.41296,0.38447,0.37343,0.3704,0.33631,0.33434,0.33077,0.33007,0.24469,0.22348,0.2151,0.21082,0.15487,0.1444,0.13919,0.13329,0.13099,0.12976,0.12976,0.12877,0.12714,0.12458,0.12289,0.11946,0.11871,0.11836,0.11836,0.11836,0.11836,0.11836,0.11836,0.11836,0.11836,0.11836,0.11836,0.11836,0.11836,0.11836,0.11836,0.11836,0.11836,0.11836,0.11836,0.11836
0.53863,0.53863,0.53863,0.53863,0.53863,0.53863,0.53863,0.53863,0.53863,0.53863,0.53863,0.53863,0.53863,0.53863,0.53863,0.53863,0.53863,0.53863,0.53863,0.53863,0.53863,0.53863,0.53863,0.53863,0.53863,0.53863,0.53863,0.53863,0.53863,0.53863,0.53863,0.53863,0.53863,0.53863,0.53863,0.53863,0.53863,0.53863,0.53863,0.53863,0.53863,0.53863,0.53863,0.53863,0.53863,0.53863,0.53863,0.53863,0.53863,0.53863,0.53863,0.53863,0.53882,0.51945,0.5181,0.5161,0.51053,0.38816,0.37798,0.36965,0.36303,0.33358,0.33237,0.32875,0.32562,0.22067,0.21449,0.20951,0.20236,0.1397,0.13756,0.13289,0.12352,0.12188,0.12139,0.12139,0.11959,0.11959,0.11946,0.11946,0.11946,0.11871,0.11825,0.11764,0.11764,0.11764,0.11764,0.11738,0.11543,0.11543,0.11543,0.11543,0.11472,0.11472,0.11472,0.11472,0.11472,0.11472,0.11472,0.11472,0.11444
0.53129,0.53129,0.53129,0.53129,0.53129,0.53129,0.53129,0.53129,0.53129,0.53129,0.53129,0.53129,0.53129,0.53129,0.53129,0.53129,0.53129,0.53129,0.53129,0.53129,0.53129,0.53129,0.53129,0.53129,0.53129,0.53129,0.53129,0.53129,0.53129,0.53129,0.53129,0.53129,0.53129,0.53129,0.53129,0.53129,0.53129,0.53129,0.53129,0.53129,0.53129,0.53129,0.53129,0.53129,0.53129,0.53129,0.53129,0.53129,0.53129,0.53129,0.53129,0.53129,0.53129,0.50368,0.49644,0.49332,0.48815,0.36362,0.33519,0.32382,0.31695,0.24346,0.22614,0.2119,0.18108,0.16198,0.15646,0.15155,0.13829,0.13324,0.13192,0.12942,0.1225,0.12149,0.12139,0.12139,0.11941,0.11894,0.11804,0.11804,0.11804,0.11804,0.11802,0.11764,0.11764,0.11764,0.11764,0.11738,0.11543,0.11543,0.11543,0.11543,0.11472,0.11472,0.11472,0.11472,0.11472,0.11472,0.11472,0.11472,0.11472
0.53129,0.53129,0.53129,0.53129,0.53129,0.53129,0.53129,0.53129,0.53129,0.53129,0.53129,0.53129,0.53129,0.53129,0.53129,0.53129,0.53129,0.53129,0.53129,0.53129,0.53129,0.53129,0.53129,0.53129,0.53129,0.53129,0.53129,0.53129,0.53129,0.53129,0.53129,0.53129,0.53129,0.53129,0.53129,0.53129,0.53129,0.53129,0.53129,0.53129,0.53129,0.53129,0.53129,0.53129,0.53129,0.53129,0.53129,0.53129,0.53129,0.53129,0.53129,0.53129,0.53129,0.49974,0.49046,0.48768,0.4857,0.36067,0.32934,0.31782,0.31418,0.22043,0.19634,0.1838,0.17393,0.14733,0.14053,0.13751,0.13349,0.12927,0.12886,0.12705,0.12144,0.12062,0.12062,0.12062,0.11893,0.11826,0.11677,0.11677,0.11677,0.11677,0.11651,0.11601,0.11601,0.11601,0.11601,0.11569,0.11472,0.11472,0.11472,0.11472,0.11472,0.11472,0.11472,0.11472,0.11472,0.11472,0.11472,0.11472,0.11472
0.53129,0.53129,0.53129,0.53129,0.53129,0.53129,0.53129,0.53129,0.53129,0.53129,0.53129,0.53129,0.53129,0.53129,0.53129,0.53129,0.53129,0.53129,0.53129,0.53129,0.53129,0.53129,0.53129,0.53129,0.53129,0.53129,0.53129,0.53129,0.53129,0.53129,0.53129,0.53129,0.53129,0.53129,0.53129,0.53129,0.53129,0.53129,0.53129,0.53129,0.53129,0.53129,0.53129,0.53129,0.53129,0.53129,0.53129,0.53129,0.53129,0.53129,0.53129,0.53129,0.53129,0.4982,0.48921,0.48649,0.48402,0.35423,0.32571,0.31464,0.31115,0.20796,0.18526,0.17406,0.16845,0.1416,0.13459,0.13239,0.13063,0.12732,0.12732,0.126,0.12144,0.12062,0.12062,0.12062,0.11893,0.11826,0.11677,0.11677,0.11677,0.11677,0.11651,0.11586,0.11586,0.11586,0.11586,0.11529,0.11472,0.11472,0.11472,0.11472,0.11472,0.11472,0.11472,0.11472,0.11472,0.11472,0.11472,0.11472,0.11472
0.53129,0.53129,0.53129,0.53129,0.53129,0.53129,0.53129,0.53129,0.53129,0.53129,0.53129,0.53129,0.53129,0.53129,0.53129,0.53129,0.53129,0.53129,0.53129,0.53129,0.53129,0.53129,0.53129,0.53129,0.53129,0.53129,0.53129,0.53129,0.53129,0.53129,0.53129,0.53129,0.53129,0.53129,0.53129,0.53129,0.53129,0.53129,0.53129,0.53129,0.53129,0.53129,0.53129,0.53129,0.53129,0.53129,0.53129,0.53129,0.53129,0.53129,0.53129,0.53129,0.53468,0.48928,0.48582,0.48344,0.47742,0.32411,0.31637,0.30962,0.30314,0.17896,0.17424,0.16678,0.15874,0.13529,0.13023,0.12643,0.11728,0.11728,0.11814,0.11814,0.11814,0.11814,0.11814,0.11814,0.11814,0.11736,0.11589,0.11588,0.11572,0.11572,0.1151,0.11414,0.11372,0.11372,0.11372,0.11352,0.11199,0.11199,0.11199,0.11199,0.11171,0.11171,0.11171,0.11171,0.11171,0.11171,0.11171,0.11171,0.11171
0.52425,0.52425,0.52425,0.52425,0.52425,0.52425,0.52425,0.52425,0.52425,0.52425,0.52425,0.52425,0.52425,0.52425,0.52425,0.52425,0.52425,0.52425,0.52425,0.52425,0.52425,0.52425,0.52425,0.52425,0.52425,0.52425,0.52425,0.52425,0.52425,0.52425,0.52425,0.52425,0.52425,0.52425,0.52425,0.52425,0.52425,0.52425,0.52425,0.52425,0.52425,0.52425,0.52425,0.52425,0.52425,0.52425,0.52425,0.52425,0.52425,0.52425,0.52425,0.52425,0.52425,0.41374,0.38889,0.37608,0.34958,0.23998,0.21221,0.19611,0.16592,0.14503,0.14105,0.13595,0.13079,0.12915,0.12606,0.12294,0.11728,0.11626,0.11626,0.11626,0.11626,0.11443,0.11432,0.11432,0.11422,0.11422,0.1137,0.1137,0.1137,0.1137,0.1135,0.113,0.113,0.113,0.113,0.11287,0.11195,0.11195,0.11195,0.11195,0.11171,0.11171,0.11171,0.11171,0.11171,0.11171,0.11171,0.11171,0.11171
0.52425,0.52425,0.52425,0.52425,0.52425,0.52425,0.52425,0.52425,0.52425,0.52425,0.52425,0.52425,0.52425,0.52425,0.52425,0.52425,0.52425,0.52425,0.52425,0.52425,0.52425,0.52425,0.52425,0.52425,0.52425,0.52425,0.52425,0.52425,0.52425,0.52425,0.52425,0.52425,0.52425,0.52425,0.52425,0.52425,0.52425,0.52425,0.52425,0.52425,0.52425,0.52425,0.52425,0.52425,0.52425,0.52425,0.52425,0.52425,0.52425,0.52425,0.52425,0.52425,0.52425,0.39999,0.36856,0.35666,0.34668,0.22079,0.18645,0.1722,0.16222,0.13983,0.13535,0.13147,0.1295,0.12829,0.12513,0.12294,0.11728,0.11626,0.11626,0.11626,0.11626,0.11443,0.11432,0.11432,0.11422,0.11422,0.1137,0.1137,0.1137,0.1137,0.1135,0.113,0.113,0.113,0.113,0.11287,0.11195,0.11195,0.11195,0.11195,0.11171,0.11171,0.11171,0.11171,0.11171,0.11171,0.11171,0.11171,0.11171
0.52425,0.52425,0.52425,0.52425,0.52425,0.52425,0.52425,0.52425,0.52425,0.52425,0.52425,0.52425,0.52425,0.52425,0.52425,0.52425,0.52425,0.52425,0.52425,0.52425,0.52425,0.52425,0.52425,0.52425,0.52425,0.52425,0.52425,0.52425,0.52425,0.52425,0.52425,0.52425,0.52425,0.52425,0.52425,0.52425,0.52425,0.52425,0.52425,0.52425,0.52425,0.52425,0.52425,0.52425,0.52425,0.52425,0.52425,0.52425,0.52425,0.52425,0.52425,0.52425,0.52425,0.38824,0.35854,0.34791,0.34159,0.20651,0.17457,0.16205,0.15641,0.13627,0.13243,0.12853,0.12677,0.12547,0.12267,0.12156,0.11728,0.11626,0.11626,0.11626,0.11626,0.11443,0.11432,0.11432,0.11422,0.11422,0.1137,0.1137,0.1137,0.1137,0.1135,0.113,0.113,0.113,0.113,0.11287,0.11195,0.11195,0.11195,0.11195,0.11171,0.11171,0.11171,0.11171,0.11171,0.11171,0.11171,0.11171,0.11171
0.52425,0.52425,0.52425,0.52425,0.52425,0.52425,0.52425,0.52425,0.52425,0.52425,0.52425,0.52425,0.52425,0.52425,0.52425,0.52425,0.52425,0.52425,0.52425,0.52425,0.52425,0.52425,0.52425,0.52425,0.52425,0.52425,0.52425,0.52425,0.52425,0.52425,0.52425,0.52425,0.52425,0.52425,0.52425,0.52425,0.52425,0.52425,0.52425,0.52425,0.52425,0.52425,0.52425,0.52425,0.52425,0.52425,0.52425,0.52425,0.52425,0.52425,0.52425,0.52425,0.53827,0.35205,0.34632,0.34111,0.33299,0.16937,0.16202,0.15494,0.14708,0.13171,0.1292,0.12468,0.11634,0.11638,0.11638,0.11683,0.11683,0.11626,0.11626,0.11626,0.11626,0.11443,0.11432,0.11432,0.11399,0.11344,0.11228,0.11212,0.1121,0.1121,0.1116,0.11083,0.11046,0.1103,0.1103,0.10995,0.10902,0.10902,0.10902,0.10902,0.10902,0.10902,0.10902,0.10902,0.10902,0.10902,0.10902,0.10902,0.10902
0.51705,0.51705,0.51705,0.51705,0.51705,0.51705,0.51705,0.51705,0.51705,0.51705,0.51705,0.51705,0.51705,0.51705,0.51705,0.51705,0.51705,0.51705,0.51705,0.51705,0.51705,0.51705,0.51705,0.51705,0.51705,0.51705,0.51705,0.51705,0.51705,0.51705,0.51705,0.51705,0.51705,0.51705,0.51705,0.51705,0.51705,0.51705,0.51705,0.51705,0.51705,0.51705,0.51705,0.51705,0.51705,0.51705,0.51705,0.51705,0.51705,0.41879,0.39787,0.38445,0.34582,0.23778,0.21095,0.19491,0.15377,0.14047,0.13559,0.13277,0.13089,0.12856,0.12715,0.12268,0.11634,0.11541,0.11496,0.11496,0.11496,0.11366,0.11366,0.11366,0.11366,0.11343,0.11343,0.11343,0.11277,0.11277,0.1121,0.1121,0.1121,0.1121,0.1116,0.11083,0.11025,0.11025,0.11025,0.10963,0.10902,0.10902,0.10902,0.10902,0.10902,0.10902,0.10902,0.10902,0.10902,0.10902,0.10902,0.10902,0.10902
0.51705,0.51705,0.51705,0.51705,0.51705,0.51705,0.51705,0.51705,0.51705,0.51705,0.51705,0.51705,0.51705,0.51705,0.51705,0.51705,0.51705,0.51705,0.51705,0.51705,0.51705,0.51705,0.51705,0.51705,0.51705,0.51705,0.51705,0.51705,0.51705,0.51705,0.51705,0.51705,0.51705,0.51705,0.51705,0.51705,0.51705,0.51705,0.51705,0.51705,0.51705,0.51705,0.51705,0.51705,0.51705,0.51705,0.51705,0.51705,0.51705,0.39525,0.36588,0.35358,0.33968,0.20871,0.17389,0.15985,0.146,0.13422,0.13057,0.12887,0.12775,0.12608,0.12496,0.1214,0.11634,0.11541,0.11496,0.11496,0.11496,0.11308,0.11308,0.11308,0.11299,0.11299,0.11299,0.11299,0.11218,0.11218,0.11158,0.11158,0.11158,0.11158,0.11116,0.11025,0.11,0.11,0.11,0.10954,0.10902,0.10902,0.10902,0.10902,0.10902,0.10902,0.10902,0.10902,0.10902,0.10902,0.10902,0.10902,0.10902
0.51705,0.51705,0.51705,0.51705,0.51705,0.51705,0.51705,0.51705,0.51705,0.51705,0.51705,0.51705,0.51705,0.51705,0.51705,0.51705,0.51705,0.51705,0.51705,0.51705,0.51705,0.51705,0.51705,0.51705,0.51705,0.51705,0.51705,0.51705,0.51705,0.51705,0.51705,0.51705,0.51705,0.51705,0.51705,0.51705,0.51705,0.51705,0.51705,0.51705,0.51705,0.51705,0.51705,0.51705,0.51705,0.51705,0.51705,0.51705,0.51705,0.38216,0.35372,0.34322,0.33476,0.19203,0.15875,0.14727,0.13922,0.1319,0.12888,0.12742,0.12494,0.12448,0.12331,0.12085,0.11634,0.11541,0.11496,0.11496,0.11496,0.11308,0.11308,0.11308,0.11299,0.11299,0.11299,0.11299,0.11218,0.11218,0.11158,0.11158,0.11158,0.11158,0.11116,0.11025,0.11,0.11,0.11,0.10954,0.10902,0.10902,0.10902,0.10902,0.10902,0.10902,0.10902,0.10902,0.10902,0.10902,0.10902,0.10902,0.10902
0.51705,0.51705,0.51705,0.51705,0.51705,0.51705,0.51705,0.51705,0.51705,0.51705,0.51705,0.51705,0.51705,0.51705,0.51705,0.51705,0.51705,0.51705,0.51705,0.51705,0.51705,0.51705,0.51705,0.51705,0.51705,0.51705,0.51705,0.51705,0.51705,0.51705,0.51705,0.51705,0.51705,0.51705,0.51705,0.51705,0.51705,0.51705,0.51705,0.51705,0.51705,0.51705,0.51705,0.51705,0.52034,0.51705,0.51705,0.51705,0.51705,0.3448,0.34053,0.33533,0.32492,0.15084,0.14412,0.13784,0.12692,0.12652,0.12507,0.12385,0.11615,0.11615,0.11615,0.11615,0.11615,0.11513,0.11442,0.11442,0.11442,0.11283,0.11283,0.11283,0.11228,0.11146,0.11146,0.11146,0.11057,0.11057,0.10944,0.10914,0.10896,0.10896,0.1084,0.10778,0.10738,0.10738,0.10738,0.10738,0.10645,0.10645,0.10645,0.10645,0.10645,0.10645,0.10645,0.10645,0.10645,0.10645,0.10645,0.10645,0.10645
0.50961,0.50961,0.50961,0.50961,0.50961,0.50961,0.50961,0.50961,0.50961,0.50961,0.50961,0.50961,0.50961,0.50961,0.50961,0.50961,0.50961,0.50961,0.50961,0.50961,0.50961,0.50961,0.50961,0.50961,0.50961,0.50961,0.50961,0.50961,0.50961,0.50961,0.50961,0.50961,0.50961,0.50961,0.50961,0.50961,0.50961,0.50961,0.50961,0.50961,0.50961,0.49779,0.49719,0.49553,0.49371,0.38363,0.35759,0.33887,0.28878,0.21308,0.19719,0.18416,0.14412,0.13481,0.13114,0.12994,0.12692,0.12588,0.12476,0.12278,0.11615,0.11602,0.11573,0.11527,0.11527,0.11481,0.11393,0.11393,0.11393,0.11218,0.11218,0.11218,0.11139,0.11115,0.11115,0.11115,0.11057,0.11057,0.10944,0.10914,0.10896,0.10896,0.1084,0.10778,0.10738,0.10738,0.10738,0.10738,0.10645,0.10645,0.10645,0.10645,0.10645,0.10645,0.10645,0.10645,0.10645,0.10645,0.10645,0.10645,0.10645
0.50961,0.50961,0.50961,0.50961,0.50961,0.50961,0.50961,0.50961,0.50961,0.50961,0.50961,0.50961,0.50961,0.50961,0.50961,0.50961,0.50961,0.50961,0.50961,0.50961,0.50961,0.50961,0.50961,0.50961,0.50961,0.50961,0.50961,0.50961,0.50961,0.50961,0.50961,0.50961,0.50961,0.50961,0.50961,0.50961,0.50961,0.50961,0.50961,0.50961,0.50961,0.49446,0.49265,0.49059,0.48991,0.34869,0.31148,0.29406,0.27704,0.17848,0.15756,0.1483,0.13514,0.12808,0.12605,0.12523,0.1235,0.12259,0.12172,0.12022,0.11615,0.11452,0.11427,0.11365,0.11365,0.11282,0.11148,0.11148,0.11129,0.11016,0.11016,0.11016,0.10951,0.10951,0.10951,0.10951,0.10901,0.10901,0.10793,0.10769,0.10769,0.10769,0.10743,0.10671,0.10645,0.10645,0.10645,0.10645,0.10645,0.10645,0.10645,0.10645,0.10645,0.10645,0.10645,0.10645,0.10645,0.10645,0.10645,0.10645,0.10645
0.50961,0.50961,0.50961,0.50961,0.50961,0.50961,0.50961,0.50961,0.50961,0.50961,0.50961,0.50961,0.50961,0.50961,0.50961,0.50961,0.50961,0.50961,0.50961,0.50961,0.50961,0.50961,0.50961,0.50961,0.50961,0.50961,0.50961,0.50961,0.50961,0.50961,0.50961,0.50961,0.50961,0.50961,0.50961,0.50961,0.50961,0.50961,0.50961,0.50961,0.50961,0.49368,0.49197,0.48912,0.48774,0.32947,0.29337,0.27805,0.26812,0.16233,0.14261,0.13596,0.12938,0.12426,0.12257,0.12176,0.12073,0.12039,0.11959,0.11886,0.11615,0.11452,0.11427,0.11365,0.11365,0.11282,0.11148,0.11148,0.11097,0.11009,0.11009,0.11009,0.10916,0.10905,0.10897,0.10897,0.10862,0.10862,0.10737,0.10736,0.10736,0.10736,0.10709,0.10645,0.10645,0.10645,0.10645,0.10645,0.10645,0.10645,0.10645,0.10645,0.10645,0.10645,0.10645,0.10645,0.10645,0.10645,0.10645,0.10645,0.10645
0.50961,0.50961,0.50961,0.50961,0.50961,0.50961,0.50961,0.50961,0.50961,0.50961,0.50961,0.50961,0.50961,0.50961,0.50961,0.50961,0.50961,0.50961,0.50961,0.50961,0.50961,0.50961,0.50961,0.50961,0.50961,0.50961,0.50961,0.50961,0.50961,0.50961,0.50961,0.50961,0.50961,0.50961,0.50961,0.50961,0.50961,0.50961,0.50961,0.50961,0.51444,0.49297,0.49177,0.48814,0.48375,0.28453,0.27837,0.2701,0.25913,0.13496,0.13257,0.12976,0.11338,0.11567,0.11567,0.11615,0.11615,0.11615,0.11615,0.11615,0.11615,0.11452,0.11427,0.11365,0.11365,0.11249,0.11114,0.11114,0.11096,0.10965,0.10965,0.10965,0.10909,0.10905,0.10897,0.10897,0.10744,0.10744,0.10619,0.10589,0.10589,0.10589,0.10551,0.10483,0.10476,0.10476,0.10476,0.10476,0.10403,0.10403,0.10403,0.10403,0.10403,0.10403,0.10403,0.10403,0.10403,0.10403,0.10403,0.10403,0.10403
0.50258,0.50258,0.50258,0.50258,0.50258,0.50258,0.50258,0.50258,0.50258,0.50258,0.50258,0.50258,0.50258,0.50258,0.50258,0.50258,0.50258,0.50258,0.50258,0.50258,0.50258,0.50258,0.50258,0.50258,0.50258,0.50258,0.50258,0.50258,0.50258,0.50258,0.50258,0.50258,0.50258,0.50258,0.50258,0.50258,0.50258,0.49478,0.4939,0.4939,0.49372,0.35805,0.32252,0.29856,0.24372,0.18752,0.1762,0.16393,0.13519,0.12884,0.12796,0.12655,0.11567,0.11567,0.11567,0.11567,0.11567,0.11537,0.11518,0.11518,0.11518,0.11452,0.11427,0.11343,0.11302,0.11247,0.11105,0.11105,0.11073,0.10885,0.10885,0.10885,0.10835,0.10835,0.10811,0.10811,0.10744,0.10744,0.10619,0.10589,0.10589,0.10589,0.10531,0.10476,0.10476,0.10476,0.10476,0.10476,0.10403,0.10403,0.10403,0.10403,0.10403,0.10403,0.10403,0.10403,0.10403,0.10403,0.10403,0.10403,0.10403
0.50258,0.50258,0.50258,0.50258,0.50258,0.50258,0.50258,0.50258,0.50258,0.50258,0.50258,0.50258,0.50258,0.50258,0.50258,0.50258,0.50258,0.50258,0.50258,0.50258,0.50258,0.50258,0.50258,0.50258,0.50258,0.50258,0.50258,0.50258,0.50258,0.50258,0.50258,0.50258,0.50258,0.50258,0.50258,0.50258,0.50258,0.49233,0.49136,0.49134,0.49093,0.32185,0.27363,0.25082,0.23211,0.16344,0.15034,0.14157,0.12963,0.12475,0.12475,0.12408,0.11567,0.11567,0.11567,0.11567,0.11567,0.11461,0.11399,0.11399,0.11399,0.11399,0.11359,0.11221,0.11131,0.11124,0.11023,0.11023,0.10978,0.1077,0.1077,0.1077,0.10732,0.107,0.10678,0.10678,0.10643,0.10643,0.10528,0.10453,0.10453,0.10453,0.1042,0.10403,0.10403,0.10403,0.10403,0.10403,0.10403,0.10403,0.10403,0.10403,0.10403,0.10403,0.10403,0.10403,0.10403,0.10403,0.10403,0.10403,0.10403
0.50258,0.50258,0.50258,0.50258,0.50258,0.50258,0.50258,0.50258,0.50258,0.50258,0.50258,0.50258,0.50258,0.50258,0.50258,0.50258,0.50258,0.50258,0.50258,0.50258,0.50258,0.50258,0.50258,0.50258,0.50258,0.50258,0.50258,0.50258,0.50258,0.50258,0.50258,0.50258,0.50258,0.50258,0.50258,0.50258,0.50258,0.49181,0.49094,0.48997,0.48844,0.29884,0.25244,0.23193,0.22148,0.15015,0.13872,0.13285,0.12565,0.12097,0.12088,0.12013,0.11567,0.11567,0.11567,0.11567,0.11567,0.11401,0.11318,0.11318,0.11318,0.11286,0.11242,0.11082,0.1105,0.10994,0.10889,0.10889,0.10848,0.10656,0.10656,0.10656,0.10649,0.10593,0.10591,0.10591,0.10591,0.10591,0.10525,0.1043,0.1043,0.1043,0.10411,0.10403,0.10403,0.10403,0.10403,0.10403,0.10403,0.10403,0.10403,0.10403,0.10403,0.10403,0.10403,0.10403,0.10403,0.10403,0.10403,0.10403,0.10403
0.50258,0.50258,0.50258,0.50258,0.50258,0.50258,0.50258,0.50258,0.50258,0.50258,0.50258,0.50258,0.50258,0.50258,0.50258,0.50258,0.50258,0.50258,0.50258,0.50258,0.50258,0.50258,0.50258,0.50258,0.50258,0.50258,0.50258,0.50258,0.50258,0.50258,0.50258,0.50258,0.50258,0.50258,0.50258,0.50258,0.50542,0.49181,0.49094,0.48982,0.48596,0.24517,0.23526,0.22292,0.21168,0.13303,0.1315,0.12939,0.10987,0.11567,0.11567,0.11567,0.11567,0.11567,0.11567,0.11567,0.11567,0.11401,0.11318,0.11318,0.11318,0.11224,0.11193,0.1105,0.1105,0.10956,0.10848,0.10848,0.10848,0.10656,0.10656,0.10656,0.10649,0.10592,0.1053,0.10524,0.10467,0.10467,0.10352,0.10338,0.10338,0.10338,0.10297,0.10225,0.10221,0.10221,0.10221,0.10209,0.10171,0.10171,0.10171,0.10171,0.10171,0.10171,0.10171,0.10171,0.10171,0.10171,0.10171,0.10171,0.10171
0.49592,0.49592,0.49592,0.49592,0.49592,0.49592,0.49592,0.49592,0.49592,0.49592,0.49592,0.49592,0.49592,0.49592,0.49592,0.49592,0.49592,0.49592,0.49592,0.49592,0.49592,0.49592,0.49592,0.49592,0.49592,0.49592,0.49592,0.49592,0.49592,0.49592,0.49592,0.49592,0.49592,0.49592,0.49592,0.49592,0.49592,0.38352,0.35588,0.33857,0.29478,0.19525,0.17012,0.15436,0.13471,0.12913,0.12824,0.1262,0.11653,0.11567,0.11567,0.11567,0.11567,0.1153,0.1153,0.1153,0.11505,0.11401,0.11318,0.11318,0.11318,0.11224,0.11193,0.1105,0.11001,0.10956,0.10848,0.10848,0.10848,0.10656,0.10656,0.10656,0.10641,0.10592,0.10524,0.10524,0.10467,0.10467,0.10352,0.10338,0.10338,0.10338,0.10297,0.10225,0.10221,0.10221,0.10221,0.10209,0.10171,0.10171,0.10171,0.10171,0.10171,0.10171,0.10171,0.10171,0.10171,0.10171,0.10171,0.10171,0.10171
0.49592,0.49592,0.49592,0.49592,0.49592,0.49592,0.49592,0.49592,0.49592,0.49592,0.49592,0.49592,0.49592,0.49592,0.49592,0.49592,0.49592,0.49592,0.49592,0.49592,0.49592,0.49592,0.49592,0.49592,0.49592,0.49592,0.49592,0.49592,0.49592,0.49592,0.49592,0.49592,0.49592,0.49592,0.49592,0.49592,0.49592,0.35615,0.31864,0.30194,0.28657,0.18164,0.15448,0.14114,0.13078,0.1262,0.12563,0.12407,0.11653,0.11567,0.11567,0.11567,0.11567,0.11457,0.11457,0.11457,0.11408,0.11397,0.11318,0.11318,0.11281,0.11224,0.11193,0.1105,0.10974,0.10956,0.10848,0.10848,0.10825,0.10656,0.10656,0.10656,0.1059,0.10522,0.10483,0.10483,0.10457,0.10457,0.10352,0.10338,0.10338,0.10338,0.10297,0.10225,0.10221,0.10221,0.10221,0.10209,0.10171,0.10171,0.10171,0.10171,0.10171,0.10171,0.10171,0.10171,0.10171,0.10171,0.10171,0.10171,0.10171
0.49592,0.49592,0.49592,0.49592,0.49592,0.49592,0.49592,0.49592,0.49592,0.49592,0.49592,0.49592,0.49592,0.49592,0.49592,0.49592,0.49592,0.49592,0.49592,0.49592,0.49592,0.49592,0.49592,0.49592,0.49592,0.49592,0.49592,0.49592,0.49592,0.49592,0.49592,0.49592,0.49592,0.49592,0.49592,0.49592,0.49592,0.33882,0.30208,0.28701,0.27844,0.16919,0.14538,0.1351,0.12632,0.12268,0.12224,0.12085,0.11653,0.11567,0.11567,0.11567,0.11567,0.11398,0.11398,0.11398,0.1132,0.1132,0.11232,0.11218,0.11145,0.11085,0.11077,0.10937,0.10857,0.10856,0.10725,0.10725,0.10725,0.10587,0.10587,0.10587,0.10507,0.10473,0.10445,0.10445,0.10431,0.10431,0.10343,0.10338,0.10338,0.10338,0.10297,0.10225,0.10221,0.10221,0.10221,0.10171,0.10171,0.10171,0.10171,0.10171,0.10171,0.10171,0.10171,0.10171,0.10171,0.10171,0.10171,0.10171,0.10171
0.49592,0.49592,0.49592,0.49592,0.49592,0.49592,0.49592,0.49592,0.49592,0.49592,0.49592,0.49592,0.49592,0.49592,0.49592,0.49592,0.49592,0.49592,0.49592,0.49592,0.49592,0.49592,0.49592,0.49592,0.49592,0.49592,0.49592,0.49592,0.49592,0.49592,0.49592,0.49592,0.49592,0.49592,0.49592,0.49592,0.49623,0.29663,0.28823,0.27954,0.26953,0.13978,0.13545,0.12981,0.11109,0.11653,0.11653,0.11653,0.11653,0.11567,0.11567,0.11567,0.11567,0.11398,0.11398,0.11398,0.1127,0.11205,0.11087,0.11082,0.11008,0.10997,0.10988,0.10847,0.10803,0.10803,0.10721,0.10721,0.10608,0.10535,0.10535,0.10535,0.10416,0.10398,0.10398,0.10398,0.10273,0.10273,0.10229,0.10229,0.10138,0.10138,0.10105,0.10056,0.099977,0.099977,0.099977,0.099558,0.099558,0.099558,0.099558,0.099558,0.099558,0.099558,0.099558,0.099558,0.099558,0.099558,0.099558,0.099558,0.099558
0.48873,0.48873,0.48873,0.48873,0.48873,0.48873,0.48873,0.48873,0.48873,0.48873,0.48873,0.48873,0.48873,0.48873,0.48873,0.48873,0.48873,0.48873,0.48873,0.48873,0.48873,0.48873,0.48873,0.48873,0.48873,0.48873,0.48873,0.48873,0.48873,0.48873,0.48873,0.48873,0.48873,0.41352,0.40024,0.39006,0.35542,0.23079,0.19831,0.18046,0.14345,0.13485,0.13169,0.12695,0.11653,0.11653,0.11653,0.11653,0.11647,0.11567,0.11567,0.11567,0.11468,0.11398,0.11398,0.11398,0.11224,0.11205,0.11087,0.11082,0.11008,0.10997,0.10988,0.10847,0.10803,0.10803,0.10721,0.10721,0.10608,0.10535,0.10535,0.10535,0.10413,0.10398,0.10398,0.10398,0.10273,0.10273,0.10229,0.10229,0.10138,0.10138,0.10105,0.10056,0.099977,0.099977,0.099977,0.099558,0.099558,0.099558,0.099558,0.099558,0.099558,0.099558,0.099558,0.099558,0.099558,0.099558,0.099558,0.099558,0.099558
0.48873,0.48873,0.48873,0.48873,0.48873,0.48873,0.48873,0.48873,0.48873,0.48873,0.48873,0.48873,0.48873,0.48873,0.48873,0.48873,0.48873,0.48873,0.48873,0.48873,0.48873,0.48873,0.48873,0.48873,0.48873,0.48873,0.48873,0.48873,0.48873,0.48873,0.48873,0.48873,0.48873,0.39704,0.38283,0.38231,0.35542,0.21502,0.17934,0.17122,0.14157,0.13185,0.12892,0.12484,0.11653,0.11653,0.11653,0.11653,0.11647,0.11567,0.11567,0.11567,0.11414,0.11398,0.11398,0.11398,0.11224,0.11205,0.11087,0.11082,0.11008,0.10997,0.10988,0.10847,0.10803,0.10803,0.10721,0.10721,0.10608,0.10535,0.10535,0.10535,0.10413,0.10398,0.10398,0.10398,0.10273,0.10273,0.10229,0.10229,0.10138,0.10138,0.10105,0.10056,0.099977,0.099977,0.099977,0.099558,0.099558,0.099558,0.099558,0.099558,0.099558,0.099558,0.099558,0.099558,0.099558,0.099558,0.099558,0.099558,0.099558
0.48873,0.48873,0.48873,0.48873,0.48873,0.48873,0.48873,0.48873,0.48873,0.48873,0.48873,0.48873,0.48873,0.48873,0.48873,0.48873,0.48873,0.48873,0.48873,0.48873,0.48873,0.48873,0.48873,0.48873,0.48873,0.48873,0.48873,0.48873,0.48873,0.48873,0.48873,0.48873,0.48873,0.39164,0.38255,0.38207,0.35127,0.20355,0.17278,0.17119,0.13587,0.12772,0.12502,0.12226,0.11653,0.11653,0.11653,0.11653,0.11647,0.11567,0.11567,0.11567,0.11412,0.11398,0.11398,0.11398,0.11224,0.11205,0.11087,0.11082,0.11008,0.10997,0.10982,0.10847,0.10803,0.10803,0.10721,0.10721,0.10608,0.10535,0.10535,0.10535,0.10413,0.10398,0.10398,0.10398,0.10273,0.10273,0.10229,0.10229,0.10138,0.10138,0.10105,0.10056,0.099977,0.099977,0.099977,0.099558,0.099558,0.099558,0.099558,0.099558,0.099558,0.099558,0.099558,0.099558,0.099558,0.099558,0.099558,0.099558,0.099558
0.48873,0.48873,0.48873,0.48873,0.48873,0.48873,0.48873,0.48873,0.48873,0.48873,0.48873,0.48873,0.48873,0.48873,0.48873,0.48873,0.48873,0.48873,0.48873,0.48873,0.48873,0.48873,0.48873,0.48873,0.48873,0.48873,0.48873,0.48873,0.48873,0.48873,0.48873,0.48873,0.49948,0.38155,0.38155,0.38119,0.33158,0.17191,0.17107,0.17031,0.11332,0.11737,0.11737,0.11737,0.11653,0.11653,0.11653,0.11653,0.11549,0.11549,0.11549,0.11549,0.11268,0.11268,0.11268,0.11268,0.11041,0.11041,0.11041,0.11041,0.10837,0.10837,0.10837,0.10837,0.10641,0.10641,0.10641,0.10641,0.10472,0.10472,0.10472,0.10472,0.10329,0.10329,0.10329,0.10329,0.10195,0.10195,0.10195,0.10195,0.10056,0.10056,0.10056,0.10056,0.099445,0.099445,0.099445,0.099445,0.09918,0.09918,0.09918,0.09918,0.09918,0.09918,0.09918,0.09918,0.09918,0.09918,0.09918,0.09918,0.0985
0.48639,0.48639,0.48639,0.48639,0.48639,0.48639,0.48639,0.48639,0.48639,0.48639,0.48639,0.48639,0.48661,0.48661,0.48661,0.48661,0.48695,0.48716,0.48716,0.48716,0.48716,0.48869,0.48869,0.48869,0.48869,0.48869,0.48869,0.48869,0.48869,0.48869,0.48869,0.48869,0.43322,0.3803,0.3803,0.38,0.21812,0.17098,0.17028,0.16949,0.11737,0.11737,0.11737,0.11737,0.11653,0.11653,0.11653,0.11653,0.11549,0.11549,0.11549,0.11549,0.11268,0.11268,0.11268,0.11268,0.11041,0.11041,0.11041,0.11041,0.10837,0.10837,0.10837,0.10837,0.10641,0.10641,0.10641,0.10641,0.10472,0.10472,0.10472,0.10472,0.10329,0.10329,0.10329,0.10329,0.10195,0.10195,0.10195,0.10195,0.10056,0.10056,0.10056,0.10056,0.099445,0.099445,0.099445,0.099445,0.09918,0.09918,0.09918,0.09918,0.09918,0.09918,0.09918,0.09918,0.09918,0.09918,0.09918,0.09918,0.09918
0.48639,0.48639,0.48639,0.48639,0.48639,0.48639,0.48639,0.48639,0.48639,0.48639,0.48639,0.48639,0.48661,0.48661,0.48661,0.48661,0.48695,0.48716,0.48716,0.48716,0.48716,0.48869,0.48869,0.48869,0.48869,0.48869,0.48869,0.48869,0.48869,0.48869,0.48869,0.48869,0.43306,0.38005,0.38005,0.37981,0.21808,0.17045,0.16958,0.16905,0.11737,0.11737,0.11737,0.11737,0.11653,0.11653,0.11653,0.11653,0.11549,0.11549,0.11549,0.11549,0.11268,0.11268,0.11268,0.11268,0.11041,0.11041,0.11041,0.11041,0.10837,0.10837,0.10837,0.10837,0.10641,0.10641,0.10641,0.10641,0.10472,0.10472,0.10472,0.10472,0.10329,0.10329,0.10329,0.10329,0.10195,0.10195,0.10195,0.10195,0.10056,0.10056,0.10056,0.10056,0.099445,0.099445,0.099445,0.099445,0.09918,0.09918,0.09918,0.09918,0.09918,0.09918,0.09918,0.09918,0.09918,0.09918,0.09918,0.09918,0.09918
0.48586,0.48639,0.48639,0.48639,0.48639,0.48639,0.48639,0.48639,0.48639,0.48639,0.48639,0.48639,0.48661,0.48661,0.48661,0.48661,0.48695,0.48716,0.48716,0.48716,0.48716,0.48869,0.48869,0.48869,0.48869,0.48869,0.48869,0.48869,0.48869,0.48869,0.48869,0.48869,0.42567,0.38005,0.38005,0.37981,0.20704,0.17033,0.16935,0.16905,0.11737,0.11737,0.11737,0.11737,0.11653,0.11653,0.11653,0.11653,0.11549,0.11549,0.11549,0.11549,0.11268,0.11268,0.11268,0.11268,0.11041,0.11041,0.11041,0.11041,0.10837,0.10837,0.10837,0.10837,0.10641,0.10641,0.10641,0.10641,0.10472,0.10472,0.10472,0.10472,0.10329,0.10329,0.10329,0.10329,0.10195,0.10195,0.10195,0.10195,0.10056,0.10056,0.10056,0.10056,0.099445,0.099445,0.099445,0.099445,0.09918,0.09918,0.09918,0.09918,0.09918,0.09918,0.09918,0.09918,0.09918,0.09918,0.09918,0.09918,0.09918
0.48239,0.48639,0.48639,0.48639,0.48639,0.48639,0.48639,0.48639,0.48639,0.48639,0.48639,0.48639,0.48639,0.48645,0.48645,0.48645,0.48639,0.48716,0.48716,0.48716,0.48639,0.48869,0.48869,0.48869,0.48597,0.48869,0.48869,0.48869,0.49479,0.48869,0.48869,0.48869,0.37011,0.37951,0.37951,0.37951,0.12663,0.16905,0.16905,0.16905,0.11737,0.11737,0.11737,0.11737,0.11653,0.11653,0.11653,0.11653,0.11549,0.11549,0.11549,0.11549,0.11268,0.11268,0.11268,0.11268,0.11041,0.11041,0.11041,0.11041,0.10837,0.10837,0.10837,0.10837,0.10641,0.10641,0.10641,0.10641,0.10472,0.10472,0.10472,0.10472,0.10329,0.10329,0.10329,0.10329,0.10195,0.10195,0.10195,0.10195,0.10056,0.10056,0.10056,0.10056,0.099445,0.099445,0.099445,0.099445,0.09918,0.09918,0.09918,0.09918,0.098792,0.09918,0.09918,0.09918,0.097825,0.09918,0.09918,0.09918,0.097154
0.48179,0.48639,0.48639,0.48639,0.48639,0.48639,0.48639,0.48639,0.48639,0.48639,0.48639,0.48639,0.48639,0.48645,0.48645,0.48645,0.48645,0.48716,0.48716,0.48716,0.48716,0.48869,0.48869,0.48869,0.48869,0.48869,0.48869,0.48869,0.48869,0.48869,0.48869,0.48869,0.37951,0.37951,0.37951,0.37951,0.16905,0.16905,0.16905,0.16905,0.11737,0.11737,0.11737,0.11737,0.11653,0.11653,0.11653,0.11653,0.11549,0.11549,0.11549,0.11549,0.11268,0.11268,0.11268,0.11268,0.11041,0.11041,0.11041,0.11041,0.10837,0.10837,0.10837,0.10837,0.10641,0.10641,0.10641,0.10641,0.10472,0.10472,0.10472,0.10472,0.10329,0.10329,0.10329,0.10329,0.10195,0.10195,0.10195,0.10195,0.10056,0.10056,0.10056,0.10056,0.099445,0.099445,0.099445,0.099445,0.09918,0.09918,0.09918,0.09918,0.09918,0.09918,0.09918,0.09918,0.09918,0.09918,0.09918,0.09918,0.09918
0.48025,0.48639,0.48639,0.48639,0.48639,0.48639,0.48639,0.48639,0.48639,0.48639,0.48639,0.48639,0.48639,0.48645,0.48645,0.48645,0.48645,0.48716,0.48716,0.48716,0.48716,0.48869,0.48869,0.48869,0.48869,0.48869,0.48869,0.48869,0.48869,0.48869,0.48869,0.48869,0.37951,0.37951,0.37951,0.37951,0.16905,0.16905,0.16905,0.16905,0.11737,0.11737,0.11737,0.11737,0.11653,0.11653,0.11653,0.11653,0.11549,0.11549,0.11549,0.11549,0.11268,0.11268,0.11268,0.11268,0.11041,0.11041,0.11041,0.11041,0.10837,0.10837,0.10837,0.10837,0.10641,0.10641,0.10641,0.10641,0.10472,0.10472,0.10472,0.10472,0.10329,0.10329,0.10329,0.10329,0.10195,0.10195,0.10195,0.10195,0.10056,0.10056,0.10056,0.10056,0.099445,0.099445,0.099445,0.099445,0.09918,0.09918,0.09918,0.09918,0.09918,0.09918,0.09918,0.09918,0.09918,0.09918,0.09918,0.09918,0.09918
0.47986,0.48639,0.48639,0.48639,0.48639,0.48639,0.48639,0.48639,0.48639,0.48639,0.48639,0.48639,0.48639,0.48645,0.48645,0.48645,0.48645,0.48716,0.48716,0.48716,0.48716,0.48869,0.48869,0.48869,0.48869,0.48869,0.48869,0.48869,0.48869,0.48869,0.48869,0.48869,0.37951,0.37951,0.37951,0.37951,0.16905,0.16905,0.16905,0.16905,0.11737,0.11737,0.11737,0.11737,0.11653,0.11653,0.11653,0.11653,0.11549,0.11549,0.11549,0.11549,0.11268,0.11268,0.11268,0.11268,0.11041,0.11041,0.11041,0.11041,0.10837,0.10837,0.10837,0.10837,0.10641,0.10641,0.10641,0.10641,0.10472,0.10472,0.10472,0.10472,0.10329,0.10329,0.10329,0.10329,0.10195,0.10195,0.10195,0.10195,0.10056,0.10056,0.10056,0.10056,0.099445,0.099445,0.099445,0.099445,0.09918,0.09918,0.09918,0.09918,0.09918,0.09918,0.09918,0.09918,0.09918,0.09918,0.09918,0.09918,0.09918
0.47764,0.48639,0.48639,0.48639,0.47964,0.48639,0.48639,0.48639,0.47964,0.48639,0.48639,0.48639,0.47964,0.48645,0.48645,0.48645,0.47964,0.48716,0.48716,0.48716,0.47927,0.48869,0.48869,0.48869,0.48869,0.48869,0.48869,0.48869,0.41658,0.48869,0.48869,0.48869,0.15634,0.37951,0.37951,0.37951,0.11675,0.16905,0.16905,0.16905,0.11737,0.11737,0.11737,0.11737,0.11546,0.11653,0.11653,0.11653,0.11273,0.11549,0.11549,0.11549,0.11075,0.11268,0.11268,0.11268,0.10873,0.11041,0.11041,0.11041,0.10674,0.10837,0.10837,0.10837,0.10524,0.10641,0.10641,0.10641,0.10389,0.10472,0.10472,0.10472,0.10247,0.10329,0.10329,0.10329,0.1011,0.10195,0.10195,0.10195,0.10005,0.10056,0.10056,0.10056,0.0991,0.099445,0.099445,0.099445,0.098161,0.09918,0.09918,0.09918,0.097216,0.09918,0.09918,0.09918,0.096393,0.09918,0.09918,0.09918,0.095795
