-0.13085,-0.020606,0.014874,0.1158,-0.11644,-0.016328,0.016246,0.11627,-0.11628,-0.016269,0.016268,0.11627,-0.11628,-0.016268,0.016268,0.11628,-0.11628,-0.016269,0.016265,0.11627,-0.11624,-0.016191,0.016444,0.11657,-0.11681,-0.016957,0.014954,0.11389,-0.11514,-0.017543,0.010814,0.10561,-0.10678,-0.013193,0.011966,0.10501,-0.10521,-0.012338,0.012361,0.10523,-0.10524,-0.012384,0.012287,0.10511,-0.10513,-0.012338,0.012265,0.10503,-0.10504,-0.012303,0.012249,0.10497,-0.10498,-0.012281,0.012227,0.10491,-0.10492,-0.012259,0.012206,0.10485,-0.10486,-0.012234,0.012193,0.1048,-0.10481,-0.012215,0.012181,0.10476,-0.10476,-0.012161,0.012303,0.10526,-0.10543,-0.01266,0.011112,0.10112,-0.10274,-0.015057,0,0.055531,-0.057246,-0.0038259,0.00088047,0.048323,-0.048605,-0.0015826,0.0014849,0.048385,-0.048423,-0.0015722,0.0013152,0.047678,-0.047691,-0.0013585,0.0013915,0.0476,-0.045753,-0,0.013105,0.084456,0.062223
-0.019792,-0.001674,0,0.013512,-0.014075,-0,0,0.013912,-0.013923,-0,0,0.01392,-0.01392,-0,0,0.01392,-0.01392,-0,0,0.013923,-0.013904,-0,0,0.013953,-0.014092,-0,0,0.013294,-0.01398,-0,0,0.011645,-0.01228,-0,0,0.01175,-0.011856,-0,0,0.011838,-0.011845,-0,0,0.011811,-0.011824,-0,0,0.011797,-0.011807,-0,0,0.011786,-0.011795,-0,0,0.011775,-0.011783,-0,0,0.011764,-0.011771,-0,0,0.011756,-0.011762,-0,0,0.011753,-0.011742,-0,0,0.011813,-0.012003,-0,0,0.010606,-0.01201,-0,0,0.0016624,-0.0030654,-0,0,0.00094551,-0.0011612,-0,0,0.001056,-0.0010884,-0,0,0.00092589,-0.00093138,-0,0,0.0012439,-0,-0,0.0010344,0.016575,0.0049271
-0.0013583,-0,0,0,-0,-0,0,0,-0,-0,0,0,-0,-0,0,0,-0,-0,0,0,-0,-0,0,0,-0,-0,0,0,-0,-0,0,0,-0,-0,0,0,-0,-0,0,0,-0,-0,0,0,-0,-0,0,0,-0,-0,0,0,-0,-0,0,0,-0,-0,0,0,-0,-0,0,0,-0,-0,0,0,-0,-0,0,0,-0,-0,0,0,-0,-0,0,0,-0,-0,0,0,-0,-0,0,0,-0,-0,0,0,-0,-0,0,0,-0,0,0,0.0024554,0
-0.016653,-0.00016346,0,0.010658,-0.011197,-0,0,0.011038,-0.01105,-0,0,0.011047,-0.011047,-0,0,0.011047,-0.011047,-0,0,0.011048,-0.011045,-0,0,0.011041,-0.011071,-0,0,0.010976,-0.011116,-0,0,0.010897,-0.011026,-0,0,0.010952,-0.010975,-0,0,0.010967,-0.010969,-0,0,0.010966,-0.010968,-0,0,0.010965,-0.010967,-0,0,0.010965,-0.010967,-0,0,0.010965,-0.010966,-0,0,0.010964,-0.010966,-0,0,0.010964,-0.010965,-0,0,0.010973,-0.01094,-0,0,0.011191,-0.011605,-0,0,0.0074752,-0.009039,-0,0,0,-0.0011158,-0,0,0.00061814,-0.00071268,-0,0,0.00050244,-0.00054201,-0,0,0.00040034,-0.00040634,-0,0,0.00065155,-0,-0,0,0.013428,0.0021257
-0.11387,-0.014885,0.009679,0.099961,-0.10056,-0.01101,0.010928,0.10039,-0.1004,-0.010952,0.01095,0.1004,-0.1004,-0.010951,0.010951,0.1004,-0.1004,-0.01095,0.010951,0.1004,-0.1004,-0.01095,0.01095,0.1004,-0.10041,-0.010967,0.010928,0.10037,-0.10043,-0.010995,0.010893,0.10036,-0.10041,-0.010955,0.010927,0.10038,-0.10039,-0.010939,0.010937,0.10039,-0.10039,-0.010939,0.010937,0.10038,-0.10039,-0.010938,0.010937,0.10038,-0.10039,-0.010938,0.010937,0.10038,-0.10039,-0.010938,0.010937,0.10038,-0.10039,-0.010938,0.010937,0.10038,-0.10039,-0.010938,0.010937,0.10038,-0.10038,-0.010937,0.01094,0.10039,-0.10035,-0.010822,0.011343,0.102,-0.10257,-0.012685,0.0064966,0.084093,-0.08604,-0.01112,0,0.045384,-0.046759,-0.00086207,0.00057915,0.046164,-0.046238,-0.0007323,0.00043642,0.045351,-0.0454,-0.00055518,0.00034495,0.044772,-0.044785,-0.00038721,0.00037922,0.044581,-0.04324,-0,0.0088783,0.073054,0.048224
-0.016543,-7.2849e-05,0,0.010545,-0.011077,-0,0,0.010921,-0.010932,-0,0,0.010929,-0.010929,-0,0,0.010929,-0.010929,-0,0,0.010929,-0.010929,-0,0,0.010927,-0.010933,-0,0,0.010919,-0.010942,-0,0,0.010914,-0.010935,-0,0,0.010923,-0.010927,-0,0,0.010926,-0.010926,-0,0,0.010926,-0.010926,-0,0,0.010926,-0.010926,-0,0,0.010926,-0.010926,-0,0,0.010926,-0.010926,-0,0,0.010926,-0.010926,-0,0,0.010926,-0.010925,-0,0,0.010935,-0.010898,-0,0,0.011128,-0.011662,-0,0,0.0072144,-0.0088177,-0,0,0,-0.00098365,-0,0,0.00063165,-0.00068367,-0,0,0.0004796,-0.00052031,-0,0,0.00037964,-0.00038687,-0,0,0.0006068,-0,-0,0,0.013132,0.0019332
-0.00070637,-0,0,0,-0,-0,0,0,-0,-0,0,0,-0,-0,0,0,-0,-0,0,0,-0,-0,0,0,-0,-0,0,0,-0,-0,0,0,-0,-0,0,0,-0,-0,0,0,-0,-0,0,0,-0,-0,0,0,-0,-0,0,0,-0,-0,0,0,-0,-0,0,0,-0,-0,0,0,-0,-0,0,0,-0,-0,0,0,-0,-0,0,0,-0,-0,0,0,-0,-0,0,0,-0,-0,0,0,-0,-0,0,0,-0,-0,0,0,-0,-0,0,0.0013806,0
-0.016283,-0,0,0.010283,-0.010815,-0,0,0.010659,-0.01067,-0,0,0.010667,-0.010667,-0,0,0.010667,-0.010667,-0,0,0.010667,-0.010667,-0,0,0.010667,-0.010668,-0,0,0.010666,-0.010669,-0,0,0.010665,-0.010668,-0,0,0.010667,-0.010667,-0,0,0.010667,-0.010667,-0,0,0.010667,-0.010667,-0,0,0.010667,-0.010667,-0,0,0.010667,-0.010667,-0,0,0.010667,-0.010667,-0,0,0.010667,-0.010667,-0,0,0.010667,-0.010667,-0,0,0.010677,-0.010639,-0,0,0.010879,-0.011649,-0,0,0.0045909,-0.0062009,-0,0,0,-0.00066207,-0,0,0.00062405,-0.00064651,-0,0,0.00044858,-0.00048854,-0,0,0.00035603,-0.0003636,-0,0,0.00057398,-0,-0,0,0.012944,0.001658
-0.11239,-0.014589,0.0093888,0.098484,-0.099081,-0.010716,0.010636,0.098914,-0.098926,-0.010659,0.010657,0.098922,-0.098923,-0.010658,0.010658,0.098923,-0.098923,-0.010658,0.010658,0.098923,-0.098923,-0.010658,0.010657,0.098923,-0.098923,-0.010658,0.010657,0.098922,-0.098924,-0.010658,0.010657,0.098922,-0.098923,-0.010658,0.010657,0.098923,-0.098923,-0.010658,0.010657,0.098923,-0.098923,-0.010658,0.010657,0.098923,-0.098923,-0.010658,0.010657,0.098923,-0.098923,-0.010657,0.010657,0.098923,-0.098923,-0.010657,0.010657,0.098923,-0.098923,-0.010658,0.010658,0.098923,-0.098923,-0.010657,0.010658,0.098923,-0.098922,-0.010656,0.010661,0.098931,-0.098885,-0.010535,0.011116,0.10081,-0.10183,-0.013501,0.0028094,0.069707,-0.071668,-0.0074601,0,0.044354,-0.045246,-0.00045075,0.00066779,0.046041,-0.046057,-0.00069466,0.00040084,0.045175,-0.045223,-0.00051588,0.00032031,0.044637,-0.044652,-0.00036293,0.00034161,0.044421,-0.043136,-0,0.0086704,0.072471,0.046776
-0.016267,-0,0,0.010265,-0.010796,-0,0,0.01064,-0.010652,-0,0,0.010648,-0.010649,-0,0,0.010649,-0.010649,-0,0,0.010649,-0.010648,-0,0,0.010649,-0.010649,-0,0,0.010648,-0.010649,-0,0,0.010648,-0.010649,-0,0,0.010648,-0.010648,-0,0,0.010649,-0.010648,-0,0,0.010649,-0.010648,-0,0,0.010649,-0.010649,-0,0,0.010649,-0.010648,-0,0,0.010648,-0.010648,-0,0,0.010648,-0.010648,-0,0,0.010649,-0.010647,-0,0,0.010656,-0.010635,-0,0,0.010798,-0.011692,-0,0,0.0043738,-0.0059598,-0,0,0,-0.00061464,-0,0,0.00062572,-0.00064152,-0,0,0.00044691,-0.00048606,-0,0,0.00035434,-0.00036201,-0,0,0.00056948,-0,-0,0,0.012909,0.0016295
-0.00061186,-0,0,0,-0,-0,0,0,-0,-0,0,0,-0,-0,0,0,-0,-0,0,0,-0,-0,0,0,-0,-0,0,0,-0,-0,0,0,-0,-0,0,0,-0,-0,0,0,-0,-0,0,0,-0,-0,0,0,-0,-0,0,0,-0,-0,0,0,-0,-0,0,0,-0,-0,0,0,-0,-0,0,0,-0,-0,0,0,-0,-0,0,0,-0,-0,0,0,-0,-0,0,0,-0,-0,0,0,-0,-0,0,0,-0,-0,0,0,-0,-0,0,0.0012594,0
-0.016011,-0,0,0.01001,-0.010541,-0,0,0.010386,-0.010397,-0,0,0.010394,-0.010394,-0,0,0.010394,-0.010394,-0,0,0.010394,-0.010394,-0,0,0.010394,-0.010394,-0,0,0.010394,-0.010394,-0,0,0.010394,-0.010394,-0,0,0.010394,-0.010394,-0,0,0.010394,-0.010394,-0,0,0.010394,-0.010394,-0,0,0.010394,-0.010394,-0,0,0.010394,-0.010394,-0,0,0.010394,-0.010394,-0,0,0.010394,-0.010394,-0,0,0.010396,-0.010389,-0,0,0.010445,-0.010489,-0,0,0.0098958,-0.01103,-0,0,0.0017918,-0.0032793,-0,0,0.00026574,-0.00067339,-0,0,0.00057266,-0.00059758,-0,0,0.00042302,-0.00046008,-0,0,0.00033051,-0.00033809,-0,0,0.00054369,-0,-0,0,0.012751,0.0013714
-0.11094,-0.014314,0.0091162,0.097044,-0.097642,-0.010443,0.010363,0.097475,-0.097486,-0.010386,0.010384,0.097483,-0.097483,-0.010385,0.010385,0.097483,-0.097483,-0.010385,0.010385,0.097483,-0.097483,-0.010385,0.010385,0.097484,-0.097483,-0.010385,0.010384,0.097484,-0.097483,-0.010384,0.010384,0.097483,-0.097483,-0.010384,0.010384,0.097483,-0.097483,-0.010385,0.010384,0.097483,-0.097483,-0.010385,0.010384,0.097483,-0.097483,-0.010385,0.010384,0.097483,-0.097483,-0.010384,0.010384,0.097483,-0.097483,-0.010384,0.010384,0.097483,-0.097483,-0.010384,0.010385,0.097483,-0.097483,-0.010384,0.010386,0.097486,-0.097475,-0.010361,0.010464,0.097792,-0.097868,-0.010619,0.0099346,0.096072,-0.097527,-0.013382,0,0.055332,-0.05711,-0.003614,0,0.04539,-0.045806,-0.00059806,0.00056858,0.045772,-0.045803,-0.00063882,0.00038183,0.045033,-0.045078,-0.00048758,0.0002954,0.044502,-0.044517,-0.00033769,0.00031494,0.044284,-0.043016,-0,0.0085414,0.071996,0.045388
-0.015995,-0,0,0.0099918,-0.010523,-0,0,0.010367,-0.010379,-0,0,0.010375,-0.010376,-0,0,0.010376,-0.010376,-0,0,0.010376,-0.010375,-0,0,0.010376,-0.010375,-0,0,0.010376,-0.010375,-0,0,0.010376,-0.010375,-0,0,0.010376,-0.010375,-0,0,0.010376,-0.010375,-0,0,0.010376,-0.010376,-0,0,0.010376,-0.010376,-0,0,0.010376,-0.010376,-0,0,0.010375,-0.010375,-0,0,0.010376,-0.010375,-0,0,0.010379,-0.010367,-0,0,0.010417,-0.010526,-0,0,0.0097376,-0.010974,-0,0,0.0016546,-0.0030609,-0,0,0.00035293,-0.00065032,-0,0,0.00056646,-0.00059522,-0,0,0.00042167,-0.000458,-0,0,0.00032863,-0.00033646,-0,0,0.00054018,-0,-0,0,0.012719,0.0013449
-0.00051721,-0,0,0,-0,-0,0,0,-0,-0,0,0,-0,-0,0,0,-0,-0,0,0,-0,-0,0,0,-0,-0,0,0,-0,-0,0,0,-0,-0,0,0,-0,-0,0,0,-0,-0,0,0,-0,-0,0,0,-0,-0,0,0,-0,-0,0,0,-0,-0,0,0,-0,-0,0,0,-0,-0,0,0,-0,-0,0,0,-0,-0,0,0,-0,-0,0,0,-0,-0,0,0,-0,-0,0,0,-0,-0,0,0,-0,-0,0,0,-0,-0,0,0.0011493,0
-0.015742,-0,0,0.0097397,-0.010271,-0,0,0.010115,-0.010126,-0,0,0.010123,-0.010124,-0,0,0.010124,-0.010123,-0,0,0.010124,-0.010123,-0,0,0.010124,-0.010123,-0,0,0.010124,-0.010123,-0,0,0.010124,-0.010123,-0,0,0.010124,-0.010123,-0,0,0.010124,-0.010123,-0,0,0.010124,-0.010123,-0,0,0.010124,-0.010123,-0,0,0.010123,-0.010123,-0,0,0.010123,-0.010123,-0,0,0.010124,-0.010123,-0,0,0.01013,-0.010104,-0,0,0.010305,-0.010593,-0,0,0.0076555,-0.0090459,-0,0,0.0001709,-0.0013626,-0,0,0.00058808,-0.00072307,-0,0,0.00051754,-0.00055688,-0,0,0.00040013,-0.00043495,-0,0,0.00030429,-0.00031224,-0,0,0.00051458,-0,-0,0,0.012564,0.0010887
-0.1095,-0.014042,0.0088461,0.095618,-0.096216,-0.010173,0.010092,0.096049,-0.09606,-0.010115,0.010114,0.096057,-0.096057,-0.010114,0.010114,0.096057,-0.096057,-0.010114,0.010114,0.096057,-0.096057,-0.010114,0.010114,0.096057,-0.096057,-0.010114,0.010114,0.096057,-0.096057,-0.010114,0.010114,0.096057,-0.096057,-0.010114,0.010114,0.096057,-0.096057,-0.010114,0.010114,0.096057,-0.096057,-0.010114,0.010114,0.096057,-0.096057,-0.010114,0.010114,0.096057,-0.096057,-0.010114,0.010114,0.096057,-0.096057,-0.010114,0.010114,0.096057,-0.096057,-0.010114,0.010114,0.096057,-0.096057,-0.010113,0.010117,0.096065,-0.096028,-0.010025,0.010428,0.097303,-0.097711,-0.011373,0.0070161,0.084808,-0.086547,-0.011143,0,0.046658,-0.048039,-0.0011893,0.00050362,0.046238,-0.046353,-0.00074793,0.00047174,0.045529,-0.045578,-0.00058962,0.00036458,0.044907,-0.044949,-0.00046341,0.00026887,0.044365,-0.044379,-0.00031183,0.00028868,0.044147,-0.042896,-0,0.0084159,0.071531,0.044009
-0.015727,-0,0,0.0097215,-0.010253,-0,0,0.010097,-0.010108,-0,0,0.010105,-0.010105,-0,0,0.010105,-0.010105,-0,0,0.010105,-0.010105,-0,0,0.010105,-0.010105,-0,0,0.010105,-0.010105,-0,0,0.010105,-0.010105,-0,0,0.010105,-0.010105,-0,0,0.010105,-0.010105,-0,0,0.010105,-0.010105,-0,0,0.010105,-0.010105,-0,0,0.010105,-0.010105,-0,0,0.010105,-0.010105,-0,0,0.010105,-0.010105,-0,0,0.010113,-0.010083,-0,0,0.010264,-0.010666,-0,0,0.0074243,-0.008861,-0,0,0.00016817,-0.0012302,-0,0,0.0006312,-0.00071118,-0,0,0.00051312,-0.00055449,-0,0,0.0003989,-0.00043306,-0,0,0.0003025,-0.00031052,-0,0,0.00051139,-0,-0,0,0.012533,0.0010626
-0.000424,-0,0,0,-0,-0,0,0,-0,-0,0,0,-0,-0,0,0,-0,-0,0,0,-0,-0,0,0,-0,-0,0,0,-0,-0,0,0,-0,-0,0,0,-0,-0,0,0,-0,-0,0,0,-0,-0,0,0,-0,-0,0,0,-0,-0,0,0,-0,-0,0,0,-0,-0,0,0,-0,-0,0,0,-0,-0,0,0,-0,-0,0,0,-0,-0,0,0,-0,-0,0,0,-0,-0,0,0,-0,-0,0,0,-0,-0,0,0,-0,-0,0,0.0010409,0
-0.015478,-0,0,0.0094736,-0.010005,-0,0,0.0098489,-0.0098602,-0,0,0.009857,-0.0098573,-0,0,0.0098572,-0.0098573,-0,0,0.0098574,-0.0098572,-0,0,0.0098575,-0.0098571,-0,0,0.0098575,-0.0098572,-0,0,0.0098573,-0.0098571,-0,0,0.0098573,-0.0098572,-0,0,0.0098574,-0.0098572,-0,0,0.0098574,-0.0098572,-0,0,0.0098574,-0.0098571,-0,0,0.0098572,-0.0098572,-0,0,0.0098572,-0.0098572,-0,0,0.0098575,-0.0098566,-0,0,0.0098658,-0.0098322,-0,0,0.010052,-0.010712,-0,0,0.0045452,-0.0060071,-0,0,0,-0.00075075,-0,0,0.00065263,-0.00068768,-0,0,0.00047752,-0.00051955,-0,0,0.00037672,-0.00040977,-0,0,0.00027821,-0.00028606,-0,0,0.00048924,-0,-0,0,0.01238,0.00081011
-0.10809,-0.013774,0.0085805,0.094216,-0.094813,-0.0099068,0.009826,0.094646,-0.094658,-0.0098492,0.0098477,0.094654,-0.094655,-0.009848,0.0098482,0.094654,-0.094655,-0.0098481,0.0098481,0.094655,-0.094655,-0.0098482,0.009848,0.094655,-0.094654,-0.0098481,0.0098479,0.094655,-0.094654,-0.009848,0.0098479,0.094655,-0.094654,-0.009848,0.0098479,0.094655,-0.094654,-0.0098481,0.009848,0.094655,-0.094654,-0.0098482,0.0098479,0.094655,-0.094654,-0.0098481,0.0098478,0.094655,-0.094654,-0.009848,0.0098478,0.094654,-0.094654,-0.009848,0.0098479,0.094654,-0.094654,-0.009848,0.0098482,0.094655,-0.094654,-0.0098466,0.0098511,0.094661,-0.09462,-0.0097389,0.010257,0.096344,-0.097228,-0.012345,0.0029694,0.069044,-0.07083,-0.0072068,0,0.044828,-0.045687,-0.00055327,0.00068503,0.046233,-0.04626,-0.00073637,0.00042728,0.045331,-0.045382,-0.00054778,0.00034479,0.044778,-0.044818,-0.00043905,0.00024241,0.044227,-0.044242,-0.00028462,0.00026738,0.04403,-0.042794,-0,0.0082917,0.071076,0.042651
-0.015462,-0,0,0.0094556,-0.0099868,-0,0,0.009831,-0.0098424,-0,0,0.0098391,-0.0098394,-0,0,0.0098393,-0.0098394,-0,0,0.0098394,-0.0098393,-0,0,0.0098394,-0.0098392,-0,0,0.0098394,-0.0098392,-0,0,0.0098393,-0.0098392,-0,0,0.0098393,-0.0098392,-0,0,0.0098394,-0.0098393,-0,0,0.0098394,-0.0098392,-0,0,0.0098394,-0.0098392,-0,0,0.0098393,-0.0098392,-0,0,0.0098393,-0.0098392,-0,0,0.0098399,-0.009838,-0,0,0.0098457,-0.0098272,-0,0,0.0099742,-0.010764,-0,0,0.0043154,-0.0057608,-0,0,5.5558e-05,-0.00069357,-0,0,0.00065844,-0.00068205,-0,0,0.00047563,-0.00051688,-0,0,0.00037529,-0.00040796,-0,0,0.00027658,-0.00028419,-0,0,0.00048645,-0,-0,0,0.012349,0.00078434
-0.00033211,-0,0,0,-0,-0,0,0,-0,-0,0,0,-0,-0,0,0,-0,-0,0,0,-0,-0,0,0,-0,-0,0,0,-0,-0,0,0,-0,-0,0,0,-0,-0,0,0,-0,-0,0,0,-0,-0,0,0,-0,-0,0,0,-0,-0,0,0,-0,-0,0,0,-0,-0,0,0,-0,-0,0,0,-0,-0,0,0,-0,-0,0,0,-0,-0,0,0,-0,-0,0,0,-0,-0,0,0,-0,-0,0,0,-0,-0,0,0,-0,-0,0,0.00093374,0
-0.015216,-0,0,0.0092103,-0.0097414,-0,0,0.0095856,-0.009597,-0,0,0.0095937,-0.0095941,-0,0,0.009594,-0.009594,-0,0,0.0095941,-0.0095939,-0,0,0.0095942,-0.0095938,-0,0,0.0095941,-0.0095939,-0,0,0.009594,-0.0095939,-0,0,0.0095941,-0.0095939,-0,0,0.0095941,-0.0095939,-0,0,0.0095941,-0.0095939,-0,0,0.0095941,-0.0095939,-0,0,0.009594,-0.0095939,-0,0,0.009594,-0.0095938,-0,0,0.0095958,-0.0095892,-0,0,0.0096401,-0.0096796,-0,0,0.0091445,-0.010172,-0,0,0.0017653,-0.0031231,-0,0,0.00034254,-0.00072602,-0,0,0.00060691,-0.00063664,-0,0,0.00045069,-0.00048994,-0,0,0.00035181,-0.00038423,-0,0,0.0002523,-0.00025947,-0,0,0.00046731,-0,-0,0,0.012197,0.00053498
-0.10669,-0.013509,0.0083177,0.092828,-0.093425,-0.0096437,0.0095629,0.093258,-0.09327,-0.009586,0.0095846,0.093266,-0.093267,-0.0095849,0.0095851,0.093267,-0.093267,-0.0095849,0.009585,0.093267,-0.093267,-0.009585,0.0095848,0.093267,-0.093267,-0.0095849,0.0095847,0.093267,-0.093267,-0.0095848,0.0095848,0.093267,-0.093267,-0.0095848,0.0095848,0.093267,-0.093267,-0.009585,0.0095848,0.093267,-0.093267,-0.009585,0.0095847,0.093267,-0.093267,-0.009585,0.0095846,0.093267,-0.093267,-0.0095848,0.0095846,0.093267,-0.093267,-0.0095848,0.0095848,0.093267,-0.093267,-0.0095845,0.0095859,0.093269,-0.093259,-0.0095634,0.009657,0.093547,-0.093616,-0.0097967,0.0091795,0.091997,-0.093319,-0.012316,0,0.054868,-0.056491,-0.0034279,0,0.045712,-0.046101,-0.00066056,0.00059805,0.045965,-0.046001,-0.00067963,0.00040719,0.045184,-0.045231,-0.00051796,0.0003208,0.044644,-0.044684,-0.00041383,0.00021626,0.04409,-0.044104,-0.00025602,0.0002505,0.043929,-0.042708,-0,0.008167,0.070623,0.04131
-0.015201,-0,0,0.0091926,-0.0097237,-0,0,0.009568,-0.0095793,-0,0,0.009576,-0.0095763,-0,0,0.0095763,-0.0095763,-0,0,0.0095763,-0.0095762,-0,0,0.0095763,-0.0095762,-0,0,0.0095763,-0.0095762,-0,0,0.0095762,-0.0095762,-0,0,0.0095763,-0.0095762,-0,0,0.0095763,-0.0095762,-0,0,0.0095763,-0.0095762,-0,0,0.0095763,-0.0095762,-0,0,0.0095762,-0.0095762,-0,0,0.0095763,-0.009576,-0,0,0.0095794,-0.0095688,-0,0,0.0096142,-0.0097119,-0,0,0.0089994,-0.010124,-0,0,0.0016322,-0.0029164,-0,0,0.00042459,-0.0007027,-0,0,0.00060149,-0.00063388,-0,0,0.00044964,-0.00048769,-0,0,0.00035024,-0.00038246,-0,0,0.00025078,-0.00025753,-0,0,0.0004648,-0,-0,0,0.012167,0.00050949
-0.00024108,-0,0,0,-0,-0,0,0,-0,-0,0,0,-0,-0,0,0,-0,-0,0,0,-0,-0,0,0,-0,-0,0,0,-0,-0,0,0,-0,-0,0,0,-0,-0,0,0,-0,-0,0,0,-0,-0,0,0,-0,-0,0,0,-0,-0,0,0,-0,-0,0,0,-0,-0,0,0,-0,-0,0,0,-0,-0,0,0,-0,-0,0,0,-0,-0,0,0,-0,-0,0,0,-0,-0,0,0,-0,-0,0,0,-0,-0,0,0,-0,-0,0,0.0008273,0
-0.014956,-0,0,0.0089496,-0.0094807,-0,0,0.0093249,-0.0093363,-0,0,0.0093329,-0.0093334,-0,0,0.0093332,-0.0093333,-0,0,0.0093334,-0.0093332,-0,0,0.0093334,-0.0093332,-0,0,0.0093334,-0.0093333,-0,0,0.0093333,-0.0093332,-0,0,0.0093333,-0.0093332,-0,0,0.0093333,-0.0093332,-0,0,0.0093334,-0.0093331,-0,0,0.0093334,-0.0093331,-0,0,0.0093333,-0.0093331,-0,0,0.0093333,-0.0093329,-0,0,0.0093394,-0.0093156,-0,0,0.0094974,-0.0097574,-0,0,0.0071005,-0.0083632,-0,0,0.00029592,-0.001385,-0,0,0.00063289,-0.00076432,-0,0,0.00055035,-0.00059207,-0,0,0.0004273,-0.00046362,-0,0,0.00032624,-0.00035843,-0,0,0.00022723,-0.00023325,-0,0,0.00044818,-0,-0,0,0.012016,0.00026288
-0.10531,-0.013246,0.0080576,0.091454,-0.092051,-0.009383,0.0093023,0.091884,-0.091896,-0.0093254,0.009324,0.091892,-0.091893,-0.0093243,0.0093245,0.091893,-0.091893,-0.0093243,0.0093244,0.091893,-0.091893,-0.0093244,0.0093243,0.091893,-0.091893,-0.0093242,0.0093242,0.091893,-0.091893,-0.0093242,0.0093242,0.091893,-0.091893,-0.0093243,0.0093242,0.091893,-0.091893,-0.0093244,0.0093243,0.091893,-0.091892,-0.0093245,0.0093241,0.091893,-0.091892,-0.0093244,0.009324,0.091893,-0.091892,-0.0093242,0.009324,0.091893,-0.091892,-0.0093242,0.0093242,0.091893,-0.091892,-0.0093234,0.0093268,0.091899,-0.091866,-0.0092437,0.0096077,0.093019,-0.093388,-0.010463,0.0065228,0.081721,-0.083299,-0.010269,0,0.047051,-0.048313,-0.0012399,0.00054415,0.046456,-0.046571,-0.00079227,0.00050245,0.045706,-0.045759,-0.00062633,0.00038991,0.045053,-0.045097,-0.00049234,0.00029513,0.044509,-0.044548,-0.00038793,0.00019112,0.043957,-0.043969,-0.00022727,0.0002369,0.043842,-0.042636,-0,0.0080418,0.070171,0.039983
-0.014941,-0,0,0.0089321,-0.0094632,-0,0,0.0093075,-0.0093188,-0,0,0.0093156,-0.0093158,-0,0,0.0093158,-0.0093157,-0,0,0.0093158,-0.0093157,-0,0,0.0093158,-0.0093157,-0,0,0.0093158,-0.0093157,-0,0,0.0093158,-0.0093157,-0,0,0.0093158,-0.0093157,-0,0,0.0093158,-0.0093157,-0,0,0.0093159,-0.0093157,-0,0,0.0093158,-0.0093157,-0,0,0.0093157,-0.0093157,-0,0,0.0093159,-0.0093154,-0,0,0.0093231,-0.0092961,-0,0,0.0094588,-0.0098225,-0,0,0.0068901,-0.008194,-0,0,0.00029351,-0.0012645,-0,0,0.00067178,-0.0007532,-0,0,0.00054596,-0.00058943,-0,0,0.00042612,-0.00046166,-0,0,0.00032447,-0.0003567,-0,0,0.00022574,-0.00023136,-0,0,0.0004457,-0,-0,0,0.011986,0.00023769
-0.00015099,-0,0,0,-0,-0,0,0,-0,-0,0,0,-0,-0,0,0,-0,-0,0,0,-0,-0,0,0,-0,-0,0,0,-0,-0,0,0,-0,-0,0,0,-0,-0,0,0,-0,-0,0,0,-0,-0,0,0,-0,-0,0,0,-0,-0,0,0,-0,-0,0,0,-0,-0,0,0,-0,-0,0,0,-0,-0,0,0,-0,-0,0,0,-0,-0,0,0,-0,-0,0,0,-0,-0,0,0,-0,-0,0,0,-0,-0,0,0,-0,-0,0,0.0007218,0
-0.0147,-0,0,0.0086924,-0.0092234,-0,0,0.0090676,-0.0090791,-0,0,0.0090757,-0.0090761,-0,0,0.009076,-0.009076,-0,0,0.0090761,-0.0090759,-0,0,0.0090761,-0.0090759,-0,0,0.0090762,-0.009076,-0,0,0.0090761,-0.0090759,-0,0,0.0090761,-0.0090759,-0,0,0.0090761,-0.0090759,-0,0,0.0090762,-0.0090759,-0,0,0.0090761,-0.0090759,-0,0,0.009076,-0.0090759,-0,0,0.0090762,-0.0090754,-0,0,0.0090849,-0.0090547,-0,0,0.0092412,-0.0098384,-0,0,0.0042585,-0.0055854,-0,0,0.00010061,-0.00081445,-0,0,0.00068814,-0.00072773,-0,0,0.00050923,-0.00055312,-0,0,0.000404,-0.00043835,-0,0,0.0003002,-0.00033227,-0,0,0.00020324,-0.00020793,-0,0,0.00042975,-0,-0,0,0.011836,0
-0.10394,-0.012987,0.0078009,0.090098,-0.090695,-0.0091258,0.0090451,0.090528,-0.09054,-0.0090682,0.0090668,0.090536,-0.090537,-0.0090671,0.0090673,0.090537,-0.090537,-0.0090671,0.0090672,0.090537,-0.090537,-0.0090672,0.0090672,0.090537,-0.090537,-0.0090671,0.009067,0.090537,-0.090537,-0.0090671,0.009067,0.090537,-0.090537,-0.0090671,0.009067,0.090537,-0.090537,-0.0090672,0.0090671,0.090537,-0.090537,-0.0090673,0.0090669,0.090537,-0.090536,-0.0090672,0.0090668,0.090537,-0.090536,-0.0090671,0.0090668,0.090537,-0.090536,-0.0090671,0.0090671,0.090537,-0.090536,-0.0090655,0.0090715,0.09055,-0.090511,-0.008971,0.009426,0.092009,-0.092806,-0.011314,0.0028355,0.067307,-0.068929,-0.0066806,0,0.045306,-0.046096,-0.00064291,0.00070927,0.046431,-0.046465,-0.00077771,0.00045724,0.045502,-0.045555,-0.00058249,0.00037078,0.044924,-0.044966,-0.00046781,0.0002687,0.044371,-0.04441,-0.00036115,0.0001675,0.043829,-0.043839,-0.0001996,0.00022386,0.043759,-0.042568,-0,0.0079179,0.069724,0.038676
-0.014685,-0,0,0.0086751,-0.0092061,-0,0,0.0090504,-0.0090618,-0,0,0.0090585,-0.0090588,-0,0,0.0090587,-0.0090587,-0,0,0.0090587,-0.0090587,-0,0,0.0090587,-0.0090587,-0,0,0.0090588,-0.0090587,-0,0,0.0090587,-0.0090587,-0,0,0.0090587,-0.0090587,-0,0,0.0090588,-0.0090587,-0,0,0.0090588,-0.0090586,-0,0,0.0090588,-0.0090586,-0,0,0.0090587,-0.0090586,-0,0,0.0090591,-0.0090578,-0,0,0.0090663,-0.0090447,-0,0,0.0091814,-0.0098862,-0,0,0.0040613,-0.0053787,-0,0,0.0001677,-0.00076254,-0,0,0.00069387,-0.00072207,-0,0,0.00050728,-0.0005503,-0,0,0.00040274,-0.00043653,-0,0,0.00029852,-0.00033043,-0,0,0.00020199,-0.00020618,-0,0,0.00042727,-0,-0,0,0.011807,0
-6.1973e-05,-0,0,0,-0,-0,0,0,-0,-0,0,0,-0,-0,0,0,-0,-0,0,0,-0,-0,0,0,-0,-0,0,0,-0,-0,0,0,-0,-0,0,0,-0,-0,0,0,-0,-0,0,0,-0,-0,0,0,-0,-0,0,0,-0,-0,0,0,-0,-0,0,0,-0,-0,0,0,-0,-0,0,0,-0,-0,0,0,-0,-0,0,0,-0,-0,0,0,-0,-0,0,0,-0,-0,0,0,-0,-0,0,0,-0,-0,0,0,-0,-0,0,0.00061749,0
-0.014447,-0,0,0.0084377,-0.0089689,-0,0,0.0088129,-0.0088245,-0,0,0.008821,-0.0088215,-0,0,0.0088213,-0.0088215,-0,0,0.0088214,-0.0088213,-0,0,0.0088215,-0.0088214,-0,0,0.0088216,-0.0088214,-0,0,0.0088214,-0.0088213,-0,0,0.0088214,-0.0088213,-0,0,0.0088215,-0.0088213,-0,0,0.0088215,-0.0088212,-0,0,0.0088215,-0.0088212,-0,0,0.0088214,-0.0088212,-0,0,0.0088224,-0.0088186,-0,0,0.0088472,-0.0088587,-0,0,0.0086197,-0.009505,-0,0,0.0020801,-0.0033399,-0,0,0.00035692,-0.00075261,-0,0,0.00064464,-0.00067486,-0,0,0.00047845,-0.00051922,-0,0,0.00037996,-0.00041304,-0,0,0.00027442,-0.00030576,-0,0,0.00018299,-0.00018621,-0,0,0.00041121,-0,-0,0,0.011659,0
-0.10259,-0.012731,0.0075466,0.088756,-0.089353,-0.0088712,0.0087906,0.089186,-0.089198,-0.0088136,0.0088123,0.089194,-0.089195,-0.0088124,0.0088128,0.089194,-0.089195,-0.0088125,0.0088127,0.089194,-0.089194,-0.0088126,0.0088126,0.089194,-0.089194,-0.0088126,0.0088125,0.089195,-0.089194,-0.0088125,0.0088125,0.089194,-0.089194,-0.0088125,0.0088125,0.089194,-0.089194,-0.0088126,0.0088125,0.089194,-0.089194,-0.0088127,0.0088123,0.089194,-0.089194,-0.0088126,0.0088122,0.089194,-0.089194,-0.0088125,0.0088123,0.089194,-0.089194,-0.0088123,0.0088129,0.089196,-0.08919,-0.0088009,0.0088504,0.089339,-0.089365,-0.0088921,0.0087252,0.089071,-0.090204,-0.011409,0.00016726,0.056319,-0.057833,-0.0037591,0,0.045805,-0.046225,-0.00067998,0.00064014,0.046163,-0.046199,-0.0007207,0.00043206,0.045334,-0.045383,-0.00054684,0.00034884,0.044793,-0.044833,-0.00044309,0.0002424,0.044235,-0.044272,-0.00033311,0.00014875,0.043719,-0.043727,-0.0001769,0.0002095,0.043675,-0.042499,-0,0.0077958,0.069281,0.037382
-0.014434,-0,0,0.0084203,-0.0089518,-0,0,0.0087959,-0.0088073,-0,0,0.008804,-0.0088044,-0,0,0.0088042,-0.0088043,-0,0,0.0088042,-0.0088043,-0,0,0.0088043,-0.0088043,-0,0,0.0088043,-0.0088043,-0,0,0.0088042,-0.0088042,-0,0,0.0088042,-0.0088042,-0,0,0.0088043,-0.0088042,-0,0,0.0088044,-0.0088041,-0,0,0.0088043,-0.0088041,-0,0,0.0088043,-0.008804,-0,0,0.0088062,-0.0087996,-0,0,0.0088246,-0.0088762,-0,0,0.0085114,-0.0094775,-0,0,0.0019612,-0.0031669,-0,0,0.00042511,-0.00073163,-0,0,0.00063975,-0.00067189,-0,0,0.00047727,-0.00051681,-0,0,0.00037841,-0.00041126,-0,0,0.00027275,-0.00030373,-0,0,0.00018198,-0.00018473,-0,0,0.00040871,-0,-0,0,0.011631,0
-0,-0,0,0,-0,-0,0,0,-0,-0,0,0,-0,-0,0,0,-0,-0,0,0,-0,-0,0,0,-0,-0,0,0,-0,-0,0,0,-0,-0,0,0,-0,-0,0,0,-0,-0,0,0,-0,-0,0,0,-0,-0,0,0,-0,-0,0,0,-0,-0,0,0,-0,-0,0,0,-0,-0,0,0,-0,-0,0,0,-0,-0,0,0,-0,-0,0,0,-0,-0,0,0,-0,-0,0,0,-0,-0,0,0,-0,-0,0,0,-0,-0,0,0.0005233,0
-0.01422,-0,0,0.0081851,-0.0087171,-0,0,0.0085611,-0.0085726,-0,0,0.0085691,-0.0085696,-0,0,0.0085694,-0.0085696,-0,0,0.0085696,-0.0085695,-0,0,0.0085697,-0.0085695,-0,0,0.0085697,-0.0085695,-0,0,0.0085695,-0.0085695,-0,0,0.0085696,-0.0085695,-0,0,0.0085696,-0.0085694,-0,0,0.0085697,-0.0085694,-0,0,0.0085696,-0.0085694,-0,0,0.0085696,-0.0085692,-0,0,0.0085738,-0.0085569,-0,0,0.0086874,-0.0088583,-0,0,0.007065,-0.008163,-0,0,0.00061164,-0.0016665,-0,0,0.00062601,-0.00079011,-0,0,0.00058762,-0.00062867,-0,0,0.00045405,-0.00049161,-0,0,0.00035448,-0.00038723,-0,0,0.00024844,-0.0002783,-0,0,0.00016644,-0.00016775,-0,0,0.00039019,-0,-0,0,0.011528,0
-0.10131,-0.012491,0.0072923,0.087428,-0.088025,-0.0086193,0.0085389,0.087858,-0.08787,-0.0085618,0.0085605,0.087866,-0.087867,-0.0085607,0.008561,0.087867,-0.087867,-0.0085608,0.0085609,0.087867,-0.087867,-0.0085609,0.0085608,0.087867,-0.087867,-0.0085608,0.0085607,0.087867,-0.087867,-0.0085608,0.0085607,0.087867,-0.087867,-0.0085608,0.0085607,0.087867,-0.087867,-0.0085609,0.0085608,0.087867,-0.087867,-0.008561,0.0085606,0.087867,-0.087867,-0.0085608,0.0085605,0.087867,-0.087867,-0.0085607,0.0085605,0.087867,-0.087866,-0.00856,0.0085624,0.087871,-0.087847,-0.008503,0.0087614,0.08866,-0.088907,-0.0093273,0.0067217,0.081261,-0.082637,-0.0099878,0,0.048547,-0.049781,-0.0016134,0.00045927,0.046518,-0.046673,-0.00080659,0.00054444,0.045899,-0.04595,-0.00066578,0.00041401,0.045198,-0.045243,-0.00051977,0.00032357,0.044658,-0.044697,-0.00041747,0.00021601,0.044096,-0.044132,-0.00030201,0.00013617,0.043628,-0.043633,-0.00015828,0.00019221,0.043576,-0.042414,-0,0.0077306,0.069082,0.035862
-0.014195,-0,0,0.0081706,-0.008699,-0,0,0.0085444,-0.0085557,-0,0,0.0085523,-0.0085527,-0,0,0.0085525,-0.0085527,-0,0,0.0085526,-0.0085526,-0,0,0.0085527,-0.0085526,-0,0,0.0085527,-0.0085526,-0,0,0.0085526,-0.0085526,-0,0,0.0085526,-0.0085526,-0,0,0.0085527,-0.0085525,-0,0,0.0085527,-0.0085525,-0,0,0.0085527,-0.0085525,-0,0,0.0085527,-0.0085522,-0,0,0.0085581,-0.0085372,-0,0,0.0086562,-0.0089102,-0,0,0.0068897,-0.0080335,-0,0,0.0005876,-0.0015451,-0,0,0.00066779,-0.0007788,-0,0,0.00058289,-0.000626,-0,0,0.0004531,-0.00048965,-0,0,0.00035286,-0.00038546,-0,0,0.00024728,-0.00027506,-0,0,0.0001702,-0.00016717,-0,0,0.00039411,-0,-0,0,0.011488,0
-0,-0,0,0,-0,-0,0,0,-0,-0,0,0,-0,-0,0,0,-0,-0,0,0,-0,-0,0,0,-0,-0,0,0,-0,-0,0,0,-0,-0,0,0,-0,-0,0,0,-0,-0,0,0,-0,-0,0,0,-0,-0,0,0,-0,-0,0,0,-0,-0,0,0,-0,-0,0,0,-0,-0,0,0,-0,-0,0,0,-0,-0,0,0,-0,-0,0,0,-0,-0,0,0,-0,-0,0,0,-0,-0,0,0,-0,-0,0,0,-0,-0,0,0.0003764,0
-0.013835,-0,0,0.007951,-0.0084618,-0,0,0.0083129,-0.0083236,-0,0,0.0083204,-0.0083208,-0,0,0.0083207,-0.0083208,-0,0,0.0083209,-0.0083207,-0,0,0.0083209,-0.0083207,-0,0,0.0083209,-0.0083207,-0,0,0.0083208,-0.0083207,-0,0,0.0083208,-0.0083207,-0,0,0.0083208,-0.0083207,-0,0,0.0083209,-0.0083207,-0,0,0.0083208,-0.0083206,-0,0,0.0083208,-0.0083203,-0,0,0.0083273,-0.0082982,-0,0,0.0085048,-0.0089578,-0,0,0.0046267,-0.0058157,-0,0,0.00018279,-0.00091702,-0,0,0.00071449,-0.00076757,-0,0,0.00054093,-0.00058581,-0,0,0.00043145,-0.00046618,-0,0,0.00032878,-0.00036093,-0,0,0.00022294,-0.000246,-0,0,0.00023697,-0.0002244,-0,0,0.00060028,-0,-0,0,0.011121,0
-0.099627,-0.012096,0.0071074,0.086146,-0.086702,-0.0083655,0.0082925,0.086549,-0.086559,-0.0083131,0.0083119,0.086556,-0.086556,-0.0083121,0.0083123,0.086556,-0.086556,-0.0083122,0.0083123,0.086556,-0.086556,-0.0083123,0.0083122,0.086556,-0.086556,-0.0083122,0.0083121,0.086556,-0.086556,-0.0083121,0.0083121,0.086556,-0.086556,-0.0083122,0.0083121,0.086556,-0.086556,-0.0083122,0.0083121,0.086556,-0.086556,-0.0083123,0.008312,0.086556,-0.086556,-0.0083122,0.0083119,0.086556,-0.086556,-0.008312,0.008312,0.086556,-0.086556,-0.0083112,0.0083138,0.086559,-0.086521,-0.0082148,0.0086637,0.087981,-0.088595,-0.010109,0.0035415,0.068898,-0.070358,-0.0070071,0,0.045737,-0.04656,-0.00075351,0.00072195,0.046615,-0.046661,-0.00081676,0.00048703,0.04567,-0.045725,-0.00061619,0.00039694,0.045071,-0.045112,-0.00049442,0.00029865,0.044522,-0.04456,-0.00039081,0.00019062,0.043954,-0.043986,-0.00025162,0.00022388,0.043984,-0.043986,-0.0001904,0.00043891,0.044775,-0.043724,-0,0.0071868,0.067492,0.03575
-0.013556,-0,0,0.0079727,-0.008429,-0,0,0.0082973,-0.0083066,-0,0,0.0083038,-0.0083042,-0,0,0.0083041,-0.0083042,-0,0,0.0083042,-0.0083041,-0,0,0.0083042,-0.0083041,-0,0,0.0083042,-0.0083042,-0,0,0.0083041,-0.0083041,-0,0,0.0083041,-0.0083041,-0,0,0.0083042,-0.008304,-0,0,0.0083042,-0.008304,-0,0,0.0083042,-0.0083039,-0,0,0.0083044,-0.0083034,-0,0,0.0083098,-0.0082871,-0,0,0.0084503,-0.0090079,-0,0,0.0044318,-0.0056196,-0,0,0.00023799,-0.00085638,-0,0,0.00072484,-0.0007613,-0,0,0.00053851,-0.00058288,-0,0,0.00043081,-0.00046312,-0,0,0.00033176,-0.00036049,-0,0,0.00022498,-0.00026663,-0,0,0.00019111,-0.00024567,-0,0,0.00046879,-0,-0,0,0.010922,0
-0,-0,0,0,-0,-0,0,0,-0,-0,0,0,-0,-0,0,0,-0,-0,0,0,-0,-0,0,0,-0,-0,0,0,-0,-0,0,0,-0,-0,0,0,-0,-0,0,0,-0,-0,0,0,-0,-0,0,0,-0,-0,0,0,-0,-0,0,0,-0,-0,0,0,-0,-0,0,0,-0,-0,0,0,-0,-0,0,0,-0,-0,0,0,-0,-0,0,0,-0,-0,0,0,-0,-0,0,0,-0,-0,0,0,-0,-0,0,0,-0,-0,0,0,0
-0.010923,-0,0,0.0078524,-0.0081622,-0,0,0.0080694,-0.0080765,-0,0,0.0080744,-0.0080747,-0,0,0.0080747,-0.0080747,-0,0,0.0080748,-0.0080746,-0,0,0.0080748,-0.0080746,-0,0,0.0080748,-0.0080747,-0,0,0.0080747,-0.0080746,-0,0,0.0080747,-0.0080746,-0,0,0.0080747,-0.0080745,-0,0,0.0080747,-0.0080745,-0,0,0.0080747,-0.0080744,-0,0,0.0080755,-0.0080723,-0,0,0.0080973,-0.0081044,-0,0,0.0079224,-0.0086826,-0,0,0.0021972,-0.0033356,-0,0,0.00041068,-0.00080864,-0,0,0.00068032,-0.00071476,-0,0,0.00050739,-0.00054909,-0,0,0.00040728,-0.0004346,-0,0,0.00039408,-0.00041692,-0,0,0.00041788,-0.00054048,-0,0,0,-0,-0,0,0,-0,-0,0,0.0064015,0.0039788
-0.09185,-0.0099971,0.0074357,0.085037,-0.08534,-0.0080969,0.0080545,0.085254,-0.085261,-0.0080667,0.008066,0.085259,-0.085259,-0.0080661,0.0080663,0.085259,-0.085259,-0.0080662,0.0080662,0.085259,-0.085259,-0.0080662,0.0080661,0.085259,-0.085259,-0.0080661,0.008066,0.085259,-0.085259,-0.0080661,0.008066,0.085259,-0.085259,-0.0080661,0.008066,0.085259,-0.085259,-0.0080662,0.008066,0.085259,-0.085259,-0.0080663,0.0080659,0.085259,-0.085259,-0.0080661,0.0080658,0.085259,-0.085259,-0.0080658,0.0080663,0.08526,-0.085255,-0.0080559,0.0080987,0.085383,-0.085403,-0.0081273,0.0080162,0.085251,-0.086238,-0.010356,0.00050955,0.056535,-0.057904,-0.0037572,0,0.046087,-0.046504,-0.00073869,0.00067199,0.046363,-0.046403,-0.0007616,0.00045937,0.04549,-0.045539,-0.00057664,0.00037576,0.044932,-0.044969,-0.00044691,0.0003797,0.044857,-0.044902,-0.0004303,0.00041701,0.04511,-0.045304,-0.00082223,0,0.040667,-0.041127,-0.00036917,0,0.030872,-0.030439,-0,0.0016915,0.042418,0.059599
-0.010573,-0,0,0.0078835,-0.0081259,-0,0,0.0080541,-0.0080597,-0,0,0.008058,-0.0080583,-0,0,0.0080582,-0.0080583,-0,0,0.0080583,-0.0080582,-0,0,0.0080583,-0.0080583,-0,0,0.0080584,-0.0080583,-0,0,0.0080583,-0.0080583,-0,0,0.0080583,-0.0080582,-0,0,0.0080583,-0.0080581,-0,0,0.0080584,-0.008058,-0,0,0.0080583,-0.008058,-0,0,0.0080599,-0.0080541,-0,0,0.0080759,-0.0081195,-0,0,0.0078195,-0.0086667,-0,0,0.0020639,-0.0031535,-0,0,0.00048149,-0.00078402,-0,0,0.00067693,-0.00071018,-0,0,0.00051099,-0.00054791,-0,0,0.00040951,-0.0004564,-0,0,0.00034171,-0.00044831,-0,0,0.00025384,-0.0005026,-0,0,0,-0,-0,0,0,-0,-0,0,0.0062259,0.0042676
-0,-0,0,0,-0,-0,0,0,-0,-0,0,0,-0,-0,0,0,-0,-0,0,0,-0,-0,0,0,-0,-0,0,0,-0,-0,0,0,-0,-0,0,0,-0,-0,0,0,-0,-0,0,0,-0,-0,0,0,-0,-0,0,0,-0,-0,0,0,-0,-0,0,0,-0,-0,0,0,-0,-0,0,0,-0,-0,0,0,-0,-0,0,0,-0,-0,0,0,-0,-0,0,0,-0,-0,0,0,-0,-0,0,0,-0,-0,0,0,-0,0,0,0,0
-0.0096051,-0,0,0.0076961,-0.0078845,-0,0,0.0078282,-0.0078326,-0,0,0.0078312,-0.0078315,-0,0,0.0078314,-0.0078315,-0,0,0.0078316,-0.0078314,-0,0,0.0078316,-0.0078315,-0,0,0.0078316,-0.0078315,-0,0,0.0078314,-0.0078314,-0,0,0.0078315,-0.0078314,-0,0,0.0078315,-0.0078313,-0,0,0.0078315,-0.0078313,-0,0,0.0078315,-0.0078311,-0,0,0.0078352,-0.00782,-0,0,0.0079368,-0.0080884,-0,0,0.0064921,-0.0074724,-0,0,0.0006965,-0.0016484,-0,0,0.00067406,-0.00083257,-0,0,0.00062275,-0.00065944,-0,0,0.00057568,-0.00060407,-0,0,0.00060777,-0.00073925,-0,0,0,-6.2283e-05,-0,0,0,-0,-0,0,0,-0,-0,0,0,-0,0,0,0.0050344,0.0054584
-0.088573,-0.0091444,0.0073992,0.08383,-0.08403,-0.0078431,0.0078154,0.083974,-0.083978,-0.0078233,0.007823,0.083976,-0.083977,-0.0078229,0.0078231,0.083977,-0.083977,-0.007823,0.007823,0.083977,-0.083977,-0.007823,0.0078229,0.083977,-0.083977,-0.0078229,0.0078228,0.083977,-0.083977,-0.0078229,0.0078229,0.083977,-0.083977,-0.0078229,0.0078229,0.083977,-0.083977,-0.007823,0.0078229,0.083977,-0.083977,-0.007823,0.0078227,0.083977,-0.083977,-0.0078229,0.0078227,0.083977,-0.083976,-0.0078222,0.0078242,0.083981,-0.083959,-0.0077712,0.008002,0.084685,-0.084905,-0.0085056,0.0061854,0.078093,-0.079326,-0.0091125,0,0.048699,-0.049813,-0.001603,0.00051887,0.046751,-0.0469,-0.00085121,0.00057744,0.04608,-0.046129,-0.00068007,0.00055104,0.045832,-0.045883,-0.00061505,0.00060924,0.046121,-0.046327,-0.0010406,0,0.041357,-0.041958,-0.00081675,0,0.02769,-0.028535,-0,0,0.014234,-0.014801,-0,0,0.010197,-0.0092414,-0,0.0012386,0.035246,0.065777
-0.0095032,-0,0,0.0076924,-0.0078627,-0,0,0.0078122,-0.0078161,-0,0,0.0078149,-0.0078152,-0,0,0.0078151,-0.0078152,-0,0,0.0078152,-0.0078151,-0,0,0.0078152,-0.0078152,-0,0,0.0078153,-0.0078153,-0,0,0.0078152,-0.0078152,-0,0,0.0078152,-0.0078151,-0,0,0.0078152,-0.007815,-0,0,0.0078153,-0.007815,-0,0,0.0078153,-0.0078148,-0,0,0.00782,-0.0078014,-0,0,0.0079077,-0.0081338,-0,0,0.0063331,-0.0073579,-0,0,0.00066853,-0.001532,-0,0,0.0007159,-0.00082007,-0,0,0.00062052,-0.00067813,-0,0,0.0005232,-0.00063581,-0,0,0.00043927,-0.00070024,-0,0,0,-0,-0,0,0,-0,-0,0,0,-0,-0,0,0,-0,0,0,0.0050165,0.0055277
-0,-0,0,0,-0,-0,0,0,-0,-0,0,0,-0,-0,0,0,-0,-0,0,0,-0,-0,0,0,-0,-0,0,0,-0,-0,0,0,-0,-0,0,0,-0,-0,0,0,-0,-0,0,0,-0,-0,0,0,-0,-0,0,0,-0,-0,0,0,-0,-0,0,0,-0,-0,0,0,-0,-0,0,0,-0,-0,0,0,-0,-0,0,0,-0,-0,0,0,-0,-0,0,0,-0,-0,0,0,-0,-0,0,0,-0,-0,0,0,-0,0,0,0,0
-0.0092511,-0,0,0.007472,-0.0076369,-0,0,0.0075883,-0.0075919,-0,0,0.0075908,-0.007591,-0,0,0.007591,-0.0075911,-0,0,0.0075911,-0.007591,-0,0,0.0075911,-0.007591,-0,0,0.0075911,-0.0075911,-0,0,0.007591,-0.007591,-0,0,0.007591,-0.0075909,-0,0,0.007591,-0.0075909,-0,0,0.0075911,-0.0075909,-0,0,0.0075912,-0.0075905,-0,0,0.007597,-0.007571,-0,0,0.0077545,-0.0081571,-0,0,0.0043083,-0.0053719,-0,0,0.00030721,-0.0009692,-0,0,0.00077632,-0.00082331,-0,0,0.00075974,-0.00090281,-0,0,0,-0.00024339,-0,0,0,-0,-0,0,0,-0,-0,0,0,-0,-0,0,0,-0,-0,0,0,-0,0,0,0.0048533,0.0053413
-0.087219,-0.0088651,0.0071776,0.082571,-0.082759,-0.007601,0.0075759,0.082707,-0.082711,-0.007583,0.0075826,0.082709,-0.08271,-0.0075826,0.0075828,0.08271,-0.08271,-0.0075827,0.0075827,0.08271,-0.08271,-0.0075827,0.0075826,0.08271,-0.08271,-0.0075826,0.0075825,0.08271,-0.08271,-0.0075826,0.0075826,0.08271,-0.08271,-0.0075826,0.0075826,0.08271,-0.08271,-0.0075827,0.0075826,0.08271,-0.08271,-0.0075827,0.0075825,0.08271,-0.082709,-0.0075826,0.0075825,0.08271,-0.082709,-0.0075817,0.0075841,0.082713,-0.082679,-0.0074962,0.0078948,0.083976,-0.084521,-0.0091782,0.0033454,0.067026,-0.068331,-0.0064438,0,0.046188,-0.046931,-0.00082637,0.00077885,0.046934,-0.046989,-0.00084986,0.0007439,0.046938,-0.047163,-0.0012066,0,0.042266,-0.042885,-0.0010172,0,0.028244,-0.029114,-0,0,0.014377,-0.015001,-0,0,0.0096222,-0.009841,-0,0,0.0099386,-0.0099567,-0,0,0.010405,-0.0092816,-0,0.0011048,0.034678,0.064756
-0.0092272,-0,0,0.0074575,-0.0076199,-0,0,0.0075722,-0.0075757,-0,0,0.0075746,-0.0075748,-0,0,0.0075748,-0.0075749,-0,0,0.0075749,-0.0075748,-0,0,0.007575,-0.0075749,-0,0,0.007575,-0.0075749,-0,0,0.0075749,-0.0075748,-0,0,0.0075749,-0.0075748,-0,0,0.0075749,-0.0075748,-0,0,0.007575,-0.0075748,-0,0,0.0075752,-0.0075741,-0,0,0.0075801,-0.00756,-0,0,0.0077047,-0.0081999,-0,0,0.0041349,-0.0051947,-0,0,0.00036045,-0.00091945,-0,0,0.00076948,-0.00087149,-0,0,0.00060202,-0.00089695,-0,0,0,-8.6487e-05,-0,0,0,-0,-0,0,0,-0,-0,0,0,-0,-0,0,0,-0,-0,0,0,-0,0,0,0.0048223,0.0053273
-0,-0,0,0,-0,-0,0,0,-0,-0,0,0,-0,-0,0,0,-0,-0,0,0,-0,-0,0,0,-0,-0,0,0,-0,-0,0,0,-0,-0,0,0,-0,-0,0,0,-0,-0,0,0,-0,-0,0,0,-0,-0,0,0,-0,-0,0,0,-0,-0,0,0,-0,-0,0,0,-0,-0,0,0,-0,-0,0,0,-0,-0,0,0,-0,-0,0,0,-0,-0,0,0,-0,-0,0,0,-0,-0,0,0,-0,-0,0,0,-0,0,0,0,0
-0.0089375,-0,0,0.0072391,-0.007397,-0,0,0.0073506,-0.007354,-0,0,0.007353,-0.0073532,-0,0,0.0073531,-0.0073532,-0,0,0.0073532,-0.0073532,-0,0,0.0073532,-0.0073532,-0,0,0.0073532,-0.0073532,-0,0,0.0073531,-0.0073531,-0,0,0.0073531,-0.0073531,-0,0,0.0073531,-0.007353,-0,0,0.0073532,-0.0073529,-0,0,0.007354,-0.0073509,-0,0,0.0073735,-0.0073797,-0,0,0.0072164,-0.0078905,-0,0,0.0021369,-0.0031457,-0,0,0.00060904,-0.00098145,-0,0,0.00079661,-0.0011656,-0,0,0,-0,-0,0,0,-0,-0,0,0,-0,-0,0,0,-0,-0,0,0,-0,-0,0,0,-0,-0,0,0,-0,0,0,0.0045691,0.0052307
-0.085777,-0.0085729,0.0069571,0.081324,-0.081503,-0.0073624,0.0073384,0.081453,-0.081457,-0.0073452,0.0073449,0.081456,-0.081456,-0.0073448,0.007345,0.081456,-0.081456,-0.0073449,0.0073449,0.081456,-0.081456,-0.0073449,0.0073449,0.081456,-0.081456,-0.0073448,0.0073448,0.081456,-0.081456,-0.0073448,0.0073448,0.081456,-0.081456,-0.0073448,0.0073448,0.081456,-0.081456,-0.0073449,0.0073448,0.081456,-0.081456,-0.007345,0.0073447,0.081456,-0.081456,-0.0073447,0.007345,0.081457,-0.081453,-0.0073357,0.0073738,0.081567,-0.081584,-0.0073995,0.0072985,0.08144,-0.082314,-0.0093729,0.00064082,0.055962,-0.057178,-0.0035104,5.5728e-05,0.047031,-0.047451,-0.00096008,0.00079518,0.047363,-0.047902,-0.0020517,0,0.03229,-0.033335,-0,0,0.014218,-0.014968,-0,0,0.0097227,-0.0099421,-0,0,0.0099898,-0.010038,-0,0,0.01,-0.010028,-0,0,0.009621,-0.0096225,-0,0,0.0096172,-0.0085089,-0,0.00086806,0.0336,0.064236
-0.0089108,-0,0,0.007225,-0.0073803,-0,0,0.0073346,-0.007338,-0,0,0.007337,-0.0073372,-0,0,0.0073372,-0.0073372,-0,0,0.0073372,-0.0073372,-0,0,0.0073372,-0.0073372,-0,0,0.0073372,-0.0073372,-0,0,0.0073372,-0.0073372,-0,0,0.0073372,-0.0073371,-0,0,0.0073373,-0.0073371,-0,0,0.0073373,-0.0073369,-0,0,0.0073387,-0.0073335,-0,0,0.0073531,-0.0073909,-0,0,0.0071256,-0.007873,-0,0,0.0020201,-0.0030049,-0,0,0.00061087,-0.0010153,-0,0,0.00056305,-0.0010905,-0,0,0,-0,-0,0,0,-0,-0,0,0,-0,-0,0,0,-0,-0,0,0,-0,-0,0,0,-0,-0,0,0,-0,0,0,0.0045357,0.0052196
-0,-0,0,0,-0,-0,0,0,-0,-0,0,0,-0,-0,0,0,-0,-0,0,0,-0,-0,0,0,-0,-0,0,0,-0,-0,0,0,-0,-0,0,0,-0,-0,0,0,-0,-0,0,0,-0,-0,0,0,-0,-0,0,0,-0,-0,0,0,-0,-0,0,0,-0,-0,0,0,-0,-0,0,0,-0,-0,0,0,-0,-0,0,0,-0,-0,0,0,-0,-0,0,0,-0,-0,0,0,-0,-0,0,0,-0,-0,0,0,-0,0,0,0,0
-0.0086348,-0,0,0.0070078,-0.0071593,-0,0,0.0071148,-0.007118,-0,0,0.0071171,-0.0071172,-0,0,0.0071172,-0.0071173,-0,0,0.0071172,-0.0071173,-0,0,0.0071172,-0.0071173,-0,0,0.0071172,-0.0071173,-0,0,0.0071171,-0.0071172,-0,0,0.0071172,-0.0071172,-0,0,0.0071172,-0.0071171,-0,0,0.0071173,-0.0071169,-0,0,0.0071208,-0.0071075,-0,0,0.0072089,-0.0073378,-0,0,0.0059504,-0.0068043,-0,0,0.00097614,-0.0019251,-0,0,5.6823e-05,-0.00075957,-0,0,0,-0,-0,0,0,-0,-0,0,0,-0,-0,0,0,-0,-0,0,0,-0,-0,0,0,-0,-0,0,0,-0,-0,0,0,-0,0,0,0.0043039,0.0051013
-0.084377,-0.0082914,0.006736,0.080085,-0.080258,-0.0071259,0.0071029,0.08021,-0.080213,-0.0071093,0.0071091,0.080212,-0.080212,-0.007109,0.0071093,0.080212,-0.080212,-0.007109,0.0071091,0.080212,-0.080212,-0.0071091,0.0071091,0.080212,-0.080212,-0.007109,0.007109,0.080212,-0.080212,-0.0071089,0.0071091,0.080212,-0.080212,-0.0071089,0.007109,0.080212,-0.080212,-0.0071091,0.007109,0.080212,-0.080212,-0.0071091,0.0071089,0.080212,-0.080212,-0.0071084,0.0071105,0.080217,-0.080198,-0.0070642,0.0072643,0.080825,-0.081009,-0.0076936,0.0056918,0.075085,-0.076165,-0.008228,0,0.050027,-0.051197,-0.0021844,0,0.044101,-0.045039,-0.0019141,0,0.023287,-0.024371,-0,0,0.010352,-0.010862,-0,0,0.0099693,-0.010053,-0,0,0.0101,-0.010128,-0,0,0.0096773,-0.0097043,-0,0,0.0093098,-0.0093331,-0,0,0.008997,-0.0089965,-0,0,0.0090207,-0.0079279,-0,0.00065002,0.032645,0.063601
-0.0086115,-0,0,0.0069934,-0.007143,-0,0,0.0070989,-0.0071023,-0,0,0.0071013,-0.0071016,-0,0,0.0071014,-0.0071016,-0,0,0.0071015,-0.0071015,-0,0,0.0071015,-0.0071015,-0,0,0.0071015,-0.0071016,-0,0,0.0071014,-0.0071015,-0,0,0.0071015,-0.0071014,-0,0,0.0071015,-0.0071013,-0,0,0.0071016,-0.007101,-0,0,0.0071061,-0.0070892,-0,0,0.0071866,-0.0073645,-0,0,0.0058312,-0.0067618,-0,0,0.00083706,-0.0018777,-0,0,0,-0.0006066,-0,0,0,-0,-0,0,0,-0,-0,0,0,-0,-0,0,0,-0,-0,0,0,-0,-0,0,0,-0,-0,0,0,-0,-0,0,0,-0,0,0,0.0042725,0.0050875
-0,-0,0,0,-0,-0,0,0,-0,-0,0,0,-0,-0,0,0,-0,-0,0,0,-0,-0,0,0,-0,-0,0,0,-0,-0,0,0,-0,-0,0,0,-0,-0,0,0,-0,-0,0,0,-0,-0,0,0,-0,-0,0,0,-0,-0,0,0,-0,-0,0,0,-0,-0,0,0,-0,-0,0,0,-0,-0,0,0,-0,-0,0,0,-0,-0,0,0,-0,-0,0,0,-0,-0,0,0,-0,-0,0,0,-0,-0,0,0,-0,0,0,0,0
-0.0083557,-0,0,0.0067781,-0.0069249,-0,0,0.0068817,-0.006885,-0,0,0.006884,-0.0068842,-0,0,0.0068841,-0.0068842,-0,0,0.0068841,-0.0068842,-0,0,0.0068841,-0.0068842,-0,0,0.0068841,-0.0068842,-0,0,0.006884,-0.0068841,-0,0,0.006884,-0.0068841,-0,0,0.0068841,-0.006884,-0,0,0.0068844,-0.0068836,-0,0,0.0068886,-0.0068636,-0,0,0.0070412,-0.0073197,-0,0,0.0047463,-0.0058678,-0,0,0,-0.00033771,-0,0,0,-0,-0,0,0,-0,-0,0,0,-0,-0,0,0,-0,-0,0,0,-0,-0,0,0,-0,-0,0,0,-0,-0,0,0,-0,-0,0,0,-0,0,0,0.0040742,0.0049381
-0.083039,-0.0080264,0.0065134,0.07886,-0.079028,-0.0068924,0.0068701,0.078981,-0.078985,-0.0068763,0.0068762,0.078983,-0.078984,-0.006876,0.0068763,0.078984,-0.078984,-0.006876,0.0068763,0.078984,-0.078984,-0.006876,0.0068762,0.078984,-0.078984,-0.006876,0.0068761,0.078984,-0.078984,-0.0068759,0.0068761,0.078984,-0.078984,-0.006876,0.0068761,0.078984,-0.078984,-0.0068761,0.0068761,0.078984,-0.078984,-0.0068762,0.006876,0.078984,-0.078983,-0.0068747,0.0068768,0.07898,-0.078946,-0.0067942,0.0071543,0.080086,-0.080474,-0.0080107,0.0041663,0.069322,-0.070767,-0.0075315,0,0.039766,-0.041562,-0.001547,0,0.015942,-0.016992,-0,0,0.0091036,-0.0093947,-0,0,0.010095,-0.010124,-0,0,0.0097623,-0.0097906,-0,0,0.0093573,-0.0093829,-0,0,0.0090241,-0.0090466,-0,0,0.008736,-0.0087553,-0,0,0.0084763,-0.0084731,-0,0,0.008519,-0.0074385,-0,0.00047295,0.031876,0.062796
-0.0083346,-0,0,0.0067635,-0.0069089,-0,0,0.0068661,-0.0068694,-0,0,0.0068683,-0.0068687,-0,0,0.0068685,-0.0068687,-0,0,0.0068686,-0.0068686,-0,0,0.0068685,-0.0068686,-0,0,0.0068686,-0.0068687,-0,0,0.0068685,-0.0068686,-0,0,0.0068685,-0.0068686,-0,0,0.0068686,-0.0068685,-0,0,0.006869,-0.0068663,-0,0,0.0068775,-0.00685,-0,0,0.0069991,-0.0074173,-0,0,0.0044488,-0.0057408,-0,0,0,-0.00011038,-0,0,0,-0,-0,0,0,-0,-0,0,0,-0,-0,0,0,-0,-0,0,0,-0,-0,0,0,-0,-0,0,0,-0,-0,0,0,-0,-0,0,0,-0,0,0,0.0040442,0.0049227
-0,-0,0,0,-0,-0,0,0,-0,-0,0,0,-0,-0,0,0,-0,-0,0,0,-0,-0,0,0,-0,-0,0,0,-0,-0,0,0,-0,-0,0,0,-0,-0,0,0,-0,-0,0,0,-0,-0,0,0,-0,-0,0,0,-0,-0,0,0,-0,-0,0,0,-0,-0,0,0,-0,-0,0,0,-0,-0,0,0,-0,-0,0,0,-0,-0,0,0,-0,-0,0,0,-0,-0,0,0,-0,-0,0,0,-0,-0,0,0,-0,0,0,0,0
-0.008084,-0,0,0.006551,-0.0066939,-0,0,0.0066519,-0.006655,-0,0,0.0066541,-0.0066543,-0,0,0.0066542,-0.0066543,-0,0,0.0066541,-0.0066543,-0,0,0.0066541,-0.0066543,-0,0,0.0066541,-0.0066543,-0,0,0.0066541,-0.0066543,-0,0,0.0066541,-0.0066542,-0,0,0.0066543,-0.0066541,-0,0,0.0066489,-0.00664,-0,0,0.0067485,-0.006727,-0,0,0.0069851,-0.0078378,-0,0,0,-0.0015843,-0,0,0,-0,-0,0,0,-0,-0,0,0,-0,-0,0,0,-0,-0,0,0,-0,-0,0,0,-0,-0,0,0,-0,-0,0,0,-0,-0,0,0,-0,-0,0,0,-0,0,0,0.0038505,0.0047723
-0.081724,-0.0077667,0.0062932,0.077651,-0.077815,-0.0066621,0.0066404,0.077769,-0.077773,-0.0066465,0.0066464,0.077772,-0.077772,-0.0066462,0.0066465,0.077772,-0.077772,-0.0066462,0.0066464,0.077772,-0.077772,-0.0066462,0.0066464,0.077772,-0.077772,-0.0066462,0.0066463,0.077772,-0.077772,-0.0066461,0.0066464,0.077772,-0.077772,-0.0066462,0.0066463,0.077772,-0.077772,-0.0066464,0.0066463,0.077772,-0.077771,-0.0066464,0.0066395,0.077734,-0.077724,-0.0066088,0.006762,0.078242,-0.078253,-0.0066741,0.0071731,0.080426,-0.081612,-0.0099478,0,0.044594,-0.046788,-0.0030797,0,0.013809,-0.015074,-0,0,0.0089719,-0.0092113,-0,0,0.0098861,-0.0099019,-0,0,0.0094472,-0.009474,-0,0,0.009068,-0.0090928,-0,0,0.0087534,-0.0087749,-0,0,0.0084801,-0.0084995,-0,0,0.0082149,-0.0082316,-0,0,0.0080007,-0.0079947,-0,0,0.0080894,-0.0070218,-0,0.00029753,0.031129,0.061987
-0.0080635,-0,0,0.0065366,-0.0066781,-0,0,0.0066364,-0.0066396,-0,0,0.0066385,-0.0066389,-0,0,0.0066387,-0.0066389,-0,0,0.0066387,-0.0066388,-0,0,0.0066387,-0.0066389,-0,0,0.0066388,-0.0066389,-0,0,0.0066387,-0.0066388,-0,0,0.0066387,-0.0066389,-0,0,0.0066396,-0.006635,-0,0,0.0066405,-0.0066393,-0,0,0.0066796,-0.0068314,-0,0,0.0066118,-0.0077302,-0,0,0,-0.0011503,-0,0,0,-0,-0,0,0,-0,-0,0,0,-0,-0,0,0,-0,-0,0,0,-0,-0,0,0,-0,-0,0,0,-0,-0,0,0,-0,-0,0,0,-0,-0,0,0,-0,0,0,0.0038209,0.0047567
-0,-0,0,0,-0,-0,0,0,-0,-0,0,0,-0,-0,0,0,-0,-0,0,0,-0,-0,0,0,-0,-0,0,0,-0,-0,0,0,-0,-0,0,0,-0,-0,0,0,-0,-0,0,0,-0,-0,0,0,-0,-0,0,0,-0,-0,-0,0,-0,-0,0,0,-0,-0,0,0,-0,-0,0,0,-0,-0,0,0,-0,-0,0,0,-0,-0,0,0,-0,-0,0,0,-0,-0,0,0,-0,-0,0,0,-0,-0,0,0,-0,0,0,0,0
-0.0078173,-0,0,0.0063257,-0.0064649,-0,0,0.0064239,-0.0064271,-0,0,0.006426,-0.0064264,-0,0,0.0064261,-0.0064264,-0,0,0.0064261,-0.0064264,-0,0,0.0064261,-0.0064264,-0,0,0.0064262,-0.0064264,-0,0,0.0064261,-0.0064264,-0,0,0.0064261,-0.0064266,-0,0,0.0064165,-0.0063985,-0,0,0.0066391,-0.0066827,-0,0,0.0062719,-0.0070717,-0,0,0,-0.0014212,-0,-0,0,-0,-0,0,0,-0,-0,0,0,-0,-0,0,0,-0,-0,0,0,-0,-0,0,0,-0,-0,0,0,-0,-0,0,0,-0,-0,0,0,-0,-0,0,0,-0,-0,0,0,-0,0,0,0.0036333,0.0046032
-0.080426,-0.007511,0.0060742,0.076453,-0.076612,-0.0064337,0.0064127,0.076568,-0.076571,-0.0064185,0.0064185,0.07657,-0.07657,-0.0064182,0.0064186,0.07657,-0.07657,-0.0064183,0.0064185,0.07657,-0.07657,-0.0064183,0.0064184,0.07657,-0.07657,-0.0064182,0.0064184,0.07657,-0.07657,-0.0064181,0.0064184,0.07657,-0.07657,-0.0064182,0.0064184,0.07657,-0.07657,-0.0064206,0.0064033,0.076499,-0.076481,-0.0063366,0.0066972,0.077736,-0.077845,-0.0068284,0.0062203,0.076653,-0.077829,-0.0090156,0,0.043327,-0.045466,-0.0029748,0,0.010422,-0.011664,-0,0,0.0091388,-0.0093007,-0,0,0.0096247,-0.0096484,-0,0,0.0091383,-0.0091662,-0,0,0.0087825,-0.0088058,-0,0,0.008498,-0.0085183,-0,0,0.0082292,-0.0082483,-0,0,0.0079656,-0.0079823,-0,0,0.0077613,-0.0077751,-0,0,0.0075728,-0.007566,-0,0,0.0076507,-0.0065965,-0,0.00013031,0.030413,0.061161
-0.0077975,-0,0,0.0063113,-0.0064493,-0,0,0.0064086,-0.0064117,-0,0,0.0064107,-0.0064111,-0,0,0.0064108,-0.0064111,-0,0,0.0064109,-0.006411,-0,0,0.0064109,-0.006411,-0,0,0.0064109,-0.0064111,-0,0,0.0064108,-0.006411,-0,0,0.0064118,-0.0064075,-0,0,0.0064024,-0.0064164,-0,0,0.0065162,-0.0067777,-0,0,0.00582,-0.0069271,-0,0,0,-0.00087689,-0,-0,0,-0,-0,0,0,-0,-0,0,0,-0,-0,0,0,-0,-0,0,0,-0,-0,0,0,-0,-0,0,0,-0,-0,0,0,-0,-0,0,0,-0,-0,0,0,-0,-0,0,0,-0,0,0,0.0036042,0.0045873
-0,-0,0,0,-0,-0,0,0,-0,-0,0,0,-0,-0,0,0,-0,-0,0,0,-0,-0,0,0,-0,-0,0,0,-0,-0,0,0,-0,-0,0,0,-0,-0,0,0,-0,-0,0,0,-0,-0,0,0,-0,-0,0,0,-0,-0,0,0,-0,-0,0,0,-0,-0,0,0,-0,-0,0,0,-0,-0,0,0,-0,-0,0,0,-0,-0,0,0,-0,-0,0,0,-0,-0,0,0,-0,-0,0,0,-0,-0,0,0,-0,0,0,0,0
-0.0075557,-0,0,0.0061018,-0.0062377,-0,0,0.0061975,-0.0062007,-0,0,0.0061996,-0.0062,-0,0,0.0061997,-0.0062,-0,0,0.0061997,-0.0062,-0,0,0.0061997,-0.0062,-0,0,0.0061997,-0.0061999,-0,0,0.0061996,-0.0062002,-0,0,0.0061925,-0.0061709,-0,0,0.0064228,-0.0065786,-0,0,0.0050402,-0.0060722,-0,0,0,-0,-0,0,0,-0,-0,0,0,-0,-0,0,0,-0,-0,0,0,-0,-0,0,0,-0,-0,0,0,-0,-0,0,0,-0,-0,0,0,-0,-0,0,0,-0,-0,0,0,-0,-0,0,0,-0,-0,0,0,-0,0,0,0.0034224,0.0044296
-0.079144,-0.0072591,0.0058561,0.075262,-0.075418,-0.006207,0.0061866,0.075374,-0.075377,-0.0061921,0.0061922,0.075376,-0.075377,-0.0061919,0.0061923,0.075376,-0.075377,-0.0061919,0.0061923,0.075376,-0.075377,-0.006192,0.0061922,0.075377,-0.075377,-0.0061919,0.0061921,0.075377,-0.075377,-0.0061918,0.0061921,0.075377,-0.075376,-0.0061939,0.0061791,0.075316,-0.075291,-0.0060972,0.0065154,0.076713,-0.076986,-0.0070446,0.0046611,0.07042,-0.071903,-0.0082308,0,0.032293,-0.034319,-0.00030062,0,0.0077042,-0.0085997,-0,0,0.0096292,-0.0096991,-0,0,0.0095387,-0.0095706,-0,0,0.0090071,-0.0090399,-0,0,0.0085591,-0.0085863,-0,0,0.0082497,-0.0082711,-0,0,0.0079746,-0.0079938,-0,0,0.0077164,-0.0077326,-0,0,0.0075289,-0.0075428,-0,0,0.0073348,-0.0073482,-0,0,0.0071346,-0.0071266,-0,0,0.0072599,-0.0062179,-0,0,0.029729,0.060313
-0.0075364,-0,0,0.0060876,-0.0062221,-0,0,0.0061824,-0.0061855,-0,0,0.0061844,-0.0061849,-0,0,0.0061846,-0.0061849,-0,0,0.0061846,-0.0061849,-0,0,0.0061847,-0.0061849,-0,0,0.0061847,-0.0061849,-0,0,0.0061855,-0.006182,-0,0,0.0061786,-0.0061813,-0,0,0.0063039,-0.0067101,-0,0,0.0045259,-0.0058593,-0,0,0,-0,-0,0,0,-0,-0,0,0,-0,-0,0,0,-0,-0,0,0,-0,-0,0,0,-0,-0,0,0,-0,-0,0,0,-0,-0,0,0,-0,-0,0,0,-0,-0,0,0,-0,-0,0,0,-0,-0,0,0,-0,0,0,0.0033936,0.0044137
-0,-0,0,0,-0,-0,0,0,-0,-0,0,0,-0,-0,0,0,-0,-0,0,0,-0,-0,0,0,-0,-0,0,0,-0,-0,0,0,-0,-0,0,0,-0,-0,0,0,-0,-0,0,0,-0,-0,-0,0,-0,-0,0,0,-0,-0,0,0,-0,-0,0,0,-0,-0,0,0,-0,-0,0,0,-0,-0,0,0,-0,-0,0,0,-0,-0,0,0,-0,-0,0,0,-0,-0,0,0,-0,-0,0,0,-0,-0,0,0,-0,0,0,0,0
-0.0072978,-0,0,0.0058819,-0.0060143,-0,0,0.0059752,-0.0059783,-0,0,0.0059772,-0.0059776,-0,0,0.0059773,-0.0059777,-0,0,0.0059773,-0.0059776,-0,0,0.0059773,-0.0059777,-0,0,0.0059773,-0.0059778,-0,0,0.005975,-0.005956,-0,0,0.0061492,-0.0062635,-0,0,0.0050789,-0.0062809,-0,0,0,-0,-0,0,0,-0,-0,0,0,-0,-0,0,0,-0,-0,0,0,-0,-0,0,0,-0,-0,0,0,-0,-0,0,0,-0,-0,0,0,-0,-0,0,0,-0,-0,0,0,-0,-0,0,0,-0,-0,0,0,-0,-0,0,0,-0,0,0,0.0032124,0.004261
-0.077883,-0.007011,0.0056421,0.074093,-0.074245,-0.0059844,0.0059645,0.074202,-0.074206,-0.00597,0.00597,0.074204,-0.074205,-0.0059697,0.0059701,0.074205,-0.074205,-0.0059697,0.00597,0.074205,-0.074205,-0.0059697,0.00597,0.074205,-0.074205,-0.0059696,0.0059699,0.074205,-0.074205,-0.0059708,0.0059631,0.074173,-0.074147,-0.0058922,0.0062248,0.075226,-0.07543,-0.0066107,0.0048734,0.070782,-0.072475,-0.0089548,0,0.024201,-0.026303,-0,0,0.0072732,-0.0079171,-0,0,0.0099505,-0.0099757,-0,0,0.0094191,-0.0094538,-0,0,0.0089285,-0.0089613,-0,0,0.0084817,-0.0085099,-0,0,0.0081463,-0.0081705,-0,0,0.0078139,-0.0078364,-0,0,0.0075109,-0.0075294,-0,0,0.0072972,-0.0073122,-0,0,0.0071019,-0.0071162,-0,0,0.0068948,-0.0069068,-0,0,0.0067527,-0.0067424,-0,0,0.0068973,-0.0058692,-0,0,0.029043,0.059492
-0.0072786,-0,0,0.0058679,-0.005999,-0,0,0.0059603,-0.0059634,-0,0,0.0059623,-0.0059627,-0,0,0.0059624,-0.0059627,-0,0,0.0059625,-0.0059627,-0,0,0.0059625,-0.0059627,-0,0,0.0059629,-0.0059616,-0,0,0.0059618,-0.0059482,-0,0,0.0060773,-0.0063896,-0,0,0.0046493,-0.0061402,-0,0,0,-0,-0,0,0,-0,-0,0,0,-0,-0,0,0,-0,-0,0,0,-0,-0,0,0,-0,-0,0,0,-0,-0,0,0,-0,-0,0,0,-0,-0,0,0,-0,-0,0,0,-0,-0,0,0,-0,-0,0,0,-0,-0,0,0,-0,0,0,0.0031838,0.0042454
-0,-0,0,0,-0,-0,0,0,-0,-0,0,0,-0,-0,0,0,-0,-0,0,0,-0,-0,0,0,-0,-0,0,0,-0,-0,0,0,-0,-0,0,0,-0,-0,0,0,-0,-0,-0,0,-0,-0,0,0,-0,-0,0,0,-0,-0,0,0,-0,-0,0,0,-0,-0,0,0,-0,-0,0,0,-0,-0,0,0,-0,-0,0,0,-0,-0,0,0,-0,-0,0,0,-0,-0,0,0,-0,-0,0,0,-0,-0,0,0,-0,0,0,0,0
-0.0070415,-0,0,0.0056636,-0.0057926,-0,0,0.0057545,-0.0057575,-0,0,0.0057565,-0.0057568,-0,0,0.0057565,-0.0057569,-0,0,0.0057566,-0.0057569,-0,0,0.0057566,-0.0057569,-0,0,0.0057565,-0.0057478,-0,0,0.0058271,-0.0058514,-0,0,0.0056219,-0.0065675,-0,0,0,-0,-0,-0,0,-0,-0,0,0,-0,-0,0,0,-0,-0,0,0,-0,-0,0,0,-0,-0,0,0,-0,-0,0,0,-0,-0,0,0,-0,-0,0,0,-0,-0,0,0,-0,-0,0,0,-0,-0,0,0,-0,-0,0,0,-0,-0,0,0,-0,0,0,0.0030036,0.0040942
-0.07663,-0.0067646,0.0054297,0.072933,-0.07308,-0.0057634,0.0057439,0.073039,-0.073042,-0.0057492,0.0057493,0.073041,-0.073042,-0.005749,0.0057494,0.073041,-0.073042,-0.0057491,0.0057493,0.073041,-0.073042,-0.0057491,0.0057493,0.073041,-0.073042,-0.0057493,0.0057471,0.073031,-0.073018,-0.0057156,0.0058513,0.073435,-0.073501,-0.0059242,0.0056841,0.073333,-0.074681,-0.0088865,0,0.033938,-0.036145,-0.00082819,0,0.0072411,-0.0081801,-0,0,0.0099422,-0.0099594,-0,0,0.0093447,-0.0093789,-0,0,0.0088476,-0.0088809,-0,0,0.0084114,-0.0084396,-0,0,0.0080708,-0.008095,-0,0,0.0077451,-0.0077681,-0,0,0.0074247,-0.0074448,-0,0,0.0071873,-0.0072043,-0,0,0.0069618,-0.0069783,-0,0,0.0067274,-0.0067422,-0,0,0.0065408,-0.006552,-0,0,0.006404,-0.0063943,-0,0,0.0065256,-0.0055125,-0,0,0.028361,0.05868
-0.0070232,-0,0,0.0056496,-0.0057775,-0,0,0.0057398,-0.0057428,-0,0,0.0057417,-0.0057422,-0,0,0.0057418,-0.0057422,-0,0,0.0057419,-0.0057421,-0,0,0.0057421,-0.0057418,-0,0,0.0057436,-0.0057305,-0,0,0.0057873,-0.0059533,-0,0,0.0052844,-0.0065265,-0,0,0,-0,-0,-0,0,-0,-0,0,0,-0,-0,0,0,-0,-0,0,0,-0,-0,0,0,-0,-0,0,0,-0,-0,0,0,-0,-0,0,0,-0,-0,0,0,-0,-0,0,0,-0,-0,0,0,-0,-0,0,0,-0,-0,0,0,-0,-0,0,0,-0,0,0,0.0029757,0.0040781
-0,-0,0,0,-0,-0,0,0,-0,-0,0,0,-0,-0,0,0,-0,-0,0,0,-0,-0,0,0,-0,-0,0,0,-0,-0,0,0,-0,-0,0,0,-0,-0,-0,0,-0,-0,0,0,-0,-0,0,0,-0,-0,0,0,-0,-0,0,0,-0,-0,0,0,-0,-0,0,0,-0,-0,0,0,-0,-0,0,0,-0,-0,0,0,-0,-0,0,0,-0,-0,0,0,-0,-0,0,0,-0,-0,0,0,-0,-0,0,0,-0,0,0,0,0
-0.0067952,-0,0,0.0054464,-0.0055728,-0,0,0.0055355,-0.0055384,-0,0,0.0055374,-0.0055377,-0,0,0.0055374,-0.0055378,-0,0,0.0055375,-0.0055378,-0,0,0.0055378,-0.0055352,-0,0,0.0055518,-0.0055312,-0,0,0.0058085,-0.006472,-0,0,0,-0.0016447,-0,-0,0,-0,-0,0,0,-0,-0,0,0,-0,-0,0,0,-0,-0,0,0,-0,-0,0,0,-0,-0,0,0,-0,-0,0,0,-0,-0,0,0,-0,-0,0,0,-0,-0,0,0,-0,-0,0,0,-0,-0,0,0,-0,-0,0,0,-0,-0,0,0,-0,0,0,0.0028102,0.0039139
-0.075406,-0.0065261,0.0052165,0.071779,-0.071925,-0.0055442,0.0055249,0.071884,-0.071887,-0.0055302,0.0055302,0.071886,-0.071887,-0.00553,0.0055303,0.071886,-0.071887,-0.0055301,0.0055303,0.071886,-0.071887,-0.0055302,0.0055299,0.071885,-0.071879,-0.0055211,0.0055476,0.071937,-0.071932,-0.0054611,0.0059836,0.07401,-0.074985,-0.0082583,0,0.04446,-0.046658,-0.0034925,0,0.0073951,-0.0086634,-0,0,0.0096509,-0.0097087,-0,0,0.0092709,-0.0093012,-0,0,0.0087655,-0.0087988,-0,0,0.0083362,-0.0083642,-0,0,0.007997,-0.0080215,-0,0,0.0076663,-0.0076893,-0,0,0.0073493,-0.0073696,-0,0,0.0071033,-0.0071208,-0,0,0.0068792,-0.0068969,-0,0,0.0066425,-0.0066597,-0,0,0.0064335,-0.0064469,-0,0,0.0062781,-0.0062888,-0,0,0.0061267,-0.0061183,-0,0,0.006228,-0.0052281,-0,0,0.02776,0.057797
-0.0067787,-0,0,0.0054319,-0.0055586,-0,0,0.0055209,-0.005524,-0,0,0.0055229,-0.0055234,-0,0,0.005523,-0.0055234,-0,0,0.0055232,-0.0055233,-0,0,0.0055254,-0.0055146,-0,0,0.0055268,-0.0056117,-0,0,0.0055314,-0.0064957,-0,0,0,-0.0011765,-0,-0,0,-0,-0,0,0,-0,-0,0,0,-0,-0,0,0,-0,-0,0,0,-0,-0,0,0,-0,-0,0,0,-0,-0,0,0,-0,-0,0,0,-0,-0,0,0,-0,-0,0,0,-0,-0,0,0,-0,-0,0,0,-0,-0,0,0,-0,-0,0,0,-0,0,0,0.0027867,0.0038983
-0,-0,0,0,-0,-0,0,0,-0,-0,0,0,-0,-0,0,0,-0,-0,0,0,-0,-0,0,0,-0,-0,0,0,-0,-0,0,0,-0,-0,-0,0,-0,-0,-0,0,-0,-0,0,0,-0,-0,0,0,-0,-0,0,0,-0,-0,0,0,-0,-0,0,0,-0,-0,0,0,-0,-0,0,0,-0,-0,0,0,-0,-0,0,0,-0,-0,0,0,-0,-0,0,0,-0,-0,0,0,-0,-0,0,0,-0,-0,0,0,-0,0,0,0,0
-0.0065709,-0,0,0.0052315,-0.0053653,-0,0,0.0053247,-0.0053282,-0,0,0.005327,-0.0053274,-0,0,0.0053271,-0.0053274,-0,0,0.0053274,-0.0053272,-0,0,0.005324,-0.0052848,-0,0,0.0057172,-0.0062079,-0,0,0.0010996,-0.0026946,-0,-0,0,-0,-0,0,0,-0,-0,0,0,-0,-0,0,0,-0,-0,0,0,-0,-0,0,0,-0,-0,0,0,-0,-0,0,0,-0,-0,0,0,-0,-0,0,0,-0,-0,0,0,-0,-0,0,0,-0,-0,0,0,-0,-0,0,0,-0,-0,0,0,-0,-0,0,0,-0,0,0,0.0026692,0.0037388
-0.07427,-0.0063516,0.0050031,0.070655,-0.070821,-0.0053549,0.0053301,0.070773,-0.070777,-0.0053374,0.0053371,0.070775,-0.070776,-0.005337,0.0053373,0.070775,-0.070776,-0.005337,0.0053375,0.070776,-0.070774,-0.0053373,0.0053264,0.070716,-0.070673,-0.0051767,0.0059446,0.07334,-0.074079,-0.0076497,0,0.050388,-0.052486,-0.0048459,0,0.0095608,-0.011023,-0,0,0.0092702,-0.0094235,-0,0,0.0092414,-0.0092676,-0,0,0.0087228,-0.008756,-0,0,0.0082867,-0.0083145,-0,0,0.0079594,-0.0079838,-0,0,0.0076181,-0.0076418,-0,0,0.0072965,-0.0073168,-0,0,0.0070508,-0.0070679,-0,0,0.0068167,-0.0068394,-0,0,0.0065725,-0.0066396,-0,0,0.0063216,-0.0063906,-0,0,0.0061833,-0.006206,-0,0,0.0060322,-0.0060442,-0,0,0.0058813,-0.0058718,-0,0,0.005998,-0.0049566,-0,0,0.027355,0.056909
-0.0067982,-0,0,0.0053259,-0.0055051,-0,0,0.0054488,-0.0054539,-0,0,0.0054522,-0.0054527,-0,0,0.0054524,-0.0054527,-0,0,0.0054544,-0.0054471,-0,0,0.0054478,-0.0054637,-0,0,0.0056691,-0.0064308,-0,0,0.00074715,-0.0024502,-0,-0,0,-0,-0,0,0,-0,-0,0,0,-0,-0,0,0,-0,-0,0,0,-0,-0,0,0,-0,-0,0,0,-0,-0,0,0,-0,-0,0,0,-0,-0,0,0,-0,-0,0,0,-0,-0,0,0,-0,-0,0,0,-0,-0,0,0,-0,-0,0,0,-0,-0,0,0,-0,0,0,0.0030375,0.0038697
-0,-0,0,0,-0,-0,0,0,-0,-0,0,0,-0,-0,0,0,-0,-0,0,0,-0,-0,0,0,-0,-0,0,0,-0,-0,0,0,-0,-0,0,0,-0,-0,0,0,-0,-0,0,0,-0,-0,0,0,-0,-0,0,0,-0,-0,0,0,-0,-0,0,0,-0,-0,0,0,-0,-0,0,0,-0,-0,0,0,-0,-0,0,0,-0,-0,0,0,-0,-0,0,0,-0,-0,0,0,-0,-0,0,0,-0,-0,0,0,-0,0,0,0,0
-0.011746,-0,0,0.0086845,-0.0090455,-0,0,0.0089373,-0.0089455,-0,0,0.008943,-0.0089435,-0,0,0.0089431,-0.008944,-0,0,0.0089409,-0.0089051,-0,0,0.0092388,-0.0094743,-0,0,0.0065465,-0.0078981,-0,0,0,-0,-0,0,0,-0,-0,0,0,-0,-0,0,0,-0,-0,0,0,-0,-0,0,0,-0,-0,0,0,-0,-0,0,0,-0,-0,0,0,-0,-0,0,0,-0,-0,0,0,-0,-0,0,0,-0,-0,0,0,-0,-0,0,0,-0,-0,0,0,-0,-0,0,0,-0,-0,0,0,-0,0,0,0.0081295,0.0059843
-0.098608,-0.015379,0.011171,0.089586,-0.090126,-0.012329,0.012257,0.089975,-0.089985,-0.012277,0.012276,0.089982,-0.089983,-0.012276,0.012276,0.089982,-0.089984,-0.012279,0.012264,0.089932,-0.089882,-0.012133,0.012734,0.091776,-0.092107,-0.013576,0.0092643,0.078837,-0.080584,-0.013645,0,0.034864,-0.036543,-0.0028217,0.0001644,0.029087,-0.029403,-0.00082414,0.00089812,0.029718,-0.029737,-0.00093657,0.00072323,0.029084,-0.029118,-0.0008093,0.00064827,0.028631,-0.028658,-0.00071308,0.00059531,0.028303,-0.028326,-0.0006503,0.00053154,0.027966,-0.027988,-0.00058608,0.00046936,0.027634,-0.027653,-0.00051703,0.00042812,0.027385,-0.027401,-0.00046685,0.00038895,0.027164,-0.027168,-0.00040358,0.00039376,0.027006,-0.027124,-0.00062995,0,0.025783,-0.026927,-0.0021481,0,0.01693,-0.018152,-0,0,0.015938,-0.01615,-0,0,0.0159,-0.015932,-0,0,0.01562,-0.015626,-0,0,0.015856,-0.01408,-0,0.0073332,0.048141,0.067338
