0.53788,0.095629,0.025791,0.098733,0.54926,0.099532,0.027522,0.099636,0.54977,0.099655,0.027576,0.09966,0.54979,0.099658,0.027577,0.09966,0.54979,0.099655,0.027564,0.099633,0.54974,0.099721,0.027948,0.10043,0.55074,0.099939,0.025786,0.095505,0.5456,0.092865,0.016239,0.078258,0.52619,0.075819,0.0087386,0.073558,0.52368,0.072987,0.0072708,0.073063,0.52388,0.072977,0.0070933,0.072759,0.52358,0.072694,0.0068851,0.072541,0.52337,0.072495,0.0067366,0.072383,0.52323,0.072344,0.0066096,0.072232,0.52308,0.072192,0.0064843,0.072083,0.52293,0.072048,0.0063751,0.071964,0.52282,0.071935,0.0062812,0.071853,0.52269,0.071804,0.0062098,0.072241,0.52563,0.072745,0.0073917,0.070677,0.51203,0.072189,0.0074842,0.03039,0.29698,0.033523,0,0.025721,0.25975,0.026478,0,0.026352,0.25983,0.02655,0,0.025701,0.25639,0.025617,0,0.024592,0.25022,0.020443,0,0.021267,0.22806
0.085788,0.018523,0.0043404,0.019004,0.085852,0.01996,0.0053828,0.020015,0.086178,0.020041,0.0054221,0.020042,0.086186,0.020043,0.0054233,0.020044,0.086186,0.020041,0.0054189,0.020037,0.086187,0.02009,0.0055795,0.020283,0.086432,0.019995,0.0046144,0.018593,0.08432,0.017115,0.00050167,0.012738,0.077679,0.01182,0,0.01109,0.076575,0.011027,0,0.011039,0.076598,0.011019,0,0.01096,0.076498,0.010947,0,0.010907,0.076431,0.010898,0,0.010869,0.076382,0.010862,0,0.010832,0.076333,0.010826,0,0.010797,0.076285,0.010791,0,0.010768,0.076248,0.010762,0,0.010739,0.076196,0.010684,0,0.010736,0.076574,0.011399,0,0.011269,0.078281,0.013529,0,0.0019628,0.033593,0.00096321,0,0,0.026058,0,0,0,0.026478,0,0,0,0.025692,0,0,0,0.021813,0,0,0,0.038343
0.081429,0.012275,0,0.01072,0.075119,0.011286,0,0.011293,0.0753,0.011304,0,0.011304,0.075305,0.011303,0,0.011304,0.075305,0.011304,0,0.011304,0.075299,0.011287,0,0.011259,0.07528,0.011384,0,0.011633,0.076005,0.012123,0,0.012742,0.077927,0.013559,0,0.013626,0.078459,0.013822,0,0.013829,0.078518,0.013843,0,0.013857,0.078551,0.013871,0,0.01388,0.078576,0.013893,0,0.013899,0.078595,0.013908,0,0.013915,0.078613,0.013924,0,0.013931,0.078631,0.013938,0,0.013943,0.078645,0.01395,0,0.013955,0.078658,0.013993,0,0.014706,0.080716,0.014513,0,0.0060613,0.059983,0.0074247,0,0,0.023766,0,0,0,0.027782,0,0,0,0.027267,0,0,0,0.026599,0,0,0,0.023159,0.00012119,0,0.0012138,0.043095
0.52194,0.076503,0.0099328,0.075727,0.52328,0.075884,0.0096471,0.075941,0.52372,0.075948,0.0096794,0.075951,0.52373,0.07595,0.0096801,0.075951,0.52373,0.07595,0.0096804,0.07595,0.52373,0.075936,0.0096483,0.075936,0.52376,0.076048,0.0099688,0.076228,0.52429,0.076748,0.011507,0.077175,0.52544,0.07769,0.012742,0.077805,0.52588,0.077924,0.013038,0.07794,0.52595,0.077951,0.013074,0.07796,0.52597,0.077974,0.013119,0.077981,0.52599,0.077992,0.013153,0.077997,0.526,0.078006,0.013181,0.078011,0.52602,0.07802,0.013209,0.078025,0.52603,0.078033,0.013233,0.078036,0.52604,0.078043,0.013253,0.07804,0.52601,0.078103,0.013596,0.079788,0.53511,0.079063,0.009992,0.062463,0.45014,0.061995,0.003863,0.023443,0.26087,0.026223,0,0.026879,0.26357,0.027515,0,0.026639,0.25977,0.026719,0,0.026044,0.25678,0.025952,0,0.025034,0.2512,0.022095,0,0.026698,0.24681
0.52277,0.078475,0.013874,0.078043,0.52528,0.078555,0.014374,0.078634,0.52585,0.078656,0.014407,0.078661,0.52587,0.07866,0.014408,0.078662,0.52587,0.07866,0.014408,0.078662,0.52587,0.078666,0.014418,0.078667,0.52588,0.078622,0.014312,0.07858,0.52589,0.078371,0.013824,0.078275,0.52593,0.078085,0.013413,0.078059,0.52594,0.078015,0.013316,0.078011,0.52594,0.078006,0.013304,0.078003,0.52594,0.077998,0.013291,0.077996,0.52594,0.077993,0.013282,0.077991,0.52594,0.077987,0.013272,0.077986,0.52594,0.077983,0.013263,0.077982,0.52594,0.077978,0.013256,0.077977,0.52594,0.077973,0.013246,0.077963,0.52588,0.077978,0.013528,0.079718,0.53529,0.080215,0.013246,0.065307,0.45386,0.065634,0.0085427,0.027018,0.26293,0.028306,0,0.02792,0.26393,0.027944,0,0.026978,0.25988,0.027154,0,0.026428,0.25689,0.026309,0,0.025454,0.25139,0.022519,0.00017327,0.027027,0.24696
0.082654,0.013546,0,0.012337,0.078094,0.013562,0,0.013511,0.078424,0.013585,0,0.013583,0.078441,0.013586,0,0.013587,0.078442,0.013586,0,0.013586,0.078442,0.013588,0,0.013586,0.078441,0.013579,0,0.013559,0.078423,0.013518,0,0.013481,0.078396,0.013446,0,0.01343,0.078382,0.013423,0,0.01342,0.078378,0.013419,0,0.013418,0.078377,0.013417,0,0.013416,0.078376,0.013415,0,0.013415,0.078375,0.013414,0,0.013413,0.078375,0.013413,0,0.013412,0.078375,0.013411,0,0.013411,0.078372,0.013404,0,0.013411,0.078348,0.013328,0,0.01399,0.080339,0.015003,0.002522,0.0092047,0.06838,0.012205,0,0.001198,0.026158,0,0,0,0.027749,0,0,0,0.026927,0,0,0,0.026277,0,0,0,0.022932,0,0,0,0.042526
0.080425,0.012341,0,0.011053,0.075618,0.012304,0,0.012249,0.075941,0.012315,0,0.012314,0.075955,0.012314,0,0.012315,0.075956,0.012314,0,0.012315,0.075956,0.012315,0,0.012313,0.075959,0.012326,0,0.012317,0.075974,0.01236,0,0.012344,0.075992,0.012383,0,0.012376,0.076006,0.012387,0,0.012386,0.076009,0.012388,0,0.012387,0.07601,0.012389,0,0.012388,0.07601,0.012391,0,0.012389,0.076011,0.012391,0,0.012391,0.076011,0.012391,0,0.012391,0.076012,0.012392,0,0.012392,0.076012,0.012388,0,0.012394,0.075985,0.012298,0,0.013091,0.078241,0.012957,0,0.00062646,0.045567,0.0031124,0,0,0.023758,0,0,0,0.027432,0,0,0,0.026684,0,0,0,0.0261,0,0,0,0.022743,0,0,0,0.041835
0.51575,0.076321,0.012054,0.075743,0.51791,0.076108,0.012078,0.076174,0.51845,0.076197,0.012124,0.0762,0.51847,0.0762,0.012126,0.076202,0.51847,0.076201,0.012126,0.076201,0.51847,0.0762,0.012126,0.076201,0.51847,0.076207,0.012141,0.076209,0.51849,0.076231,0.012192,0.076233,0.51851,0.076253,0.01224,0.076255,0.51852,0.076261,0.012253,0.076261,0.51853,0.076262,0.012255,0.076262,0.51853,0.076262,0.012257,0.076263,0.51853,0.076263,0.012258,0.076263,0.51853,0.076264,0.012259,0.076264,0.51853,0.076264,0.012259,0.076264,0.51853,0.076265,0.012261,0.076265,0.51853,0.076266,0.012262,0.076257,0.51847,0.076248,0.012568,0.078284,0.52983,0.077404,0.007628,0.048047,0.38027,0.048827,0.0014466,0.023321,0.2556,0.025698,0,0.02731,0.26308,0.027535,0,0.026595,0.25901,0.026733,0,0.026076,0.25624,0.02599,0,0.025098,0.25075,0.022233,0,0.026713,0.24655
0.51621,0.076822,0.01268,0.076278,0.51848,0.076724,0.013054,0.076797,0.51904,0.076815,0.01308,0.07682,0.51906,0.076818,0.01308,0.07682,0.51906,0.076818,0.01308,0.076819,0.51906,0.076818,0.01308,0.076818,0.51906,0.076816,0.013076,0.076815,0.51906,0.076807,0.013061,0.076807,0.51906,0.0768,0.013047,0.076801,0.51907,0.076798,0.013042,0.076799,0.51907,0.076798,0.013042,0.076798,0.51907,0.076798,0.013042,0.076797,0.51907,0.076799,0.013043,0.076798,0.51907,0.076798,0.013042,0.076798,0.51907,0.076797,0.01304,0.076797,0.51907,0.076797,0.01304,0.076796,0.51906,0.076787,0.013024,0.076783,0.51904,0.076968,0.013685,0.079303,0.53135,0.079926,0.012812,0.051871,0.38417,0.052306,0.0048205,0.025975,0.25685,0.026485,0,0.02768,0.26328,0.027722,0,0.026771,0.25912,0.0269,0,0.026235,0.25635,0.026154,0,0.025272,0.25088,0.022405,0,0.026918,0.24685
0.081443,0.013079,0,0.011803,0.076744,0.013038,0,0.01298,0.077068,0.013055,0,0.013052,0.077084,0.013054,0,0.013055,0.077085,0.013054,0,0.013054,0.077085,0.013055,0,0.013054,0.077085,0.013054,0,0.013053,0.077084,0.013052,0,0.013051,0.077083,0.01305,0,0.013048,0.077082,0.013048,0,0.013048,0.077082,0.013048,0,0.013048,0.077082,0.013048,0,0.013048,0.077082,0.013048,0,0.013048,0.077082,0.013048,0,0.013048,0.077083,0.013048,0,0.013048,0.077082,0.013048,0,0.013048,0.077075,0.01302,0,0.013012,0.077041,0.013278,0,0.014257,0.080774,0.015691,0.0035477,0.0062923,0.053845,0.0083747,0,0,0.025227,0,0,0,0.027655,0,0,0,0.026782,0,0,0,0.026189,0,0,0,0.022892,0,0,0,0.042352
0.079144,0.011977,0,0.010657,0.074314,0.01194,0,0.011886,0.074646,0.011953,0,0.011951,0.074662,0.011952,0,0.011953,0.074662,0.011952,0,0.011952,0.074662,0.011952,0,0.011952,0.074663,0.011953,0,0.011952,0.074663,0.011954,0,0.011953,0.074664,0.011955,0,0.011955,0.074665,0.011956,0,0.011956,0.074664,0.011956,0,0.011955,0.074664,0.011956,0,0.011955,0.074664,0.011957,0,0.011956,0.074664,0.011956,0,0.011956,0.074664,0.011956,0,0.011956,0.074664,0.011955,0,0.011957,0.074665,0.011952,0,0.012115,0.075075,0.012112,0,0.010903,0.072793,0.01093,0,0,0.031301,0,0,0,0.025754,0,0,0,0.027259,0,0,0,0.026566,0,0,0,0.025989,0,0,0,0.022682,0,0,0,0.041539
0.50892,0.075045,0.011728,0.074453,0.511,0.074828,0.01178,0.074898,0.51155,0.074921,0.011828,0.074925,0.51157,0.074924,0.01183,0.074926,0.51157,0.074925,0.01183,0.074925,0.51157,0.074924,0.01183,0.074924,0.51157,0.074924,0.011831,0.074924,0.51157,0.074925,0.011833,0.074925,0.51157,0.074926,0.011834,0.074926,0.51157,0.074926,0.011835,0.074926,0.51157,0.074927,0.011835,0.074926,0.51157,0.074926,0.011836,0.074926,0.51157,0.074927,0.011836,0.074927,0.51157,0.074927,0.011836,0.074927,0.51157,0.074927,0.011835,0.074927,0.51157,0.074928,0.011837,0.074928,0.51157,0.07495,0.011931,0.075266,0.51323,0.075054,0.01125,0.073646,0.50753,0.072895,0.0061622,0.032958,0.30969,0.035436,0,0.025044,0.26017,0.026947,0,0.027228,0.26189,0.027322,0,0.026495,0.25834,0.026632,0,0.025981,0.25561,0.025899,0,0.025018,0.25017,0.022177,0,0.026622,0.24613
0.50937,0.075507,0.012263,0.074932,0.51153,0.075382,0.012623,0.075449,0.51209,0.075468,0.012653,0.075474,0.51211,0.075471,0.012654,0.075473,0.51211,0.075471,0.012654,0.075473,0.51211,0.075471,0.012654,0.075472,0.51211,0.075471,0.012654,0.075472,0.51211,0.075471,0.012654,0.075472,0.51211,0.075471,0.012654,0.075473,0.51212,0.075473,0.012654,0.075473,0.51211,0.075474,0.012654,0.075472,0.51211,0.075473,0.012654,0.075472,0.51211,0.075474,0.012655,0.075473,0.51211,0.075474,0.012654,0.075472,0.51211,0.075473,0.012653,0.075472,0.51211,0.075471,0.012651,0.075466,0.51209,0.075441,0.012649,0.075756,0.51386,0.076188,0.013596,0.075734,0.51038,0.07638,0.011995,0.037197,0.31321,0.038572,0.0014722,0.027038,0.26096,0.027189,0,0.027323,0.26198,0.027454,0,0.026629,0.25843,0.026754,0,0.026093,0.25568,0.026013,0,0.02514,0.25027,0.022306,0,0.026806,0.24642
0.080161,0.01269,0,0.01135,0.075404,0.012629,0,0.012542,0.075726,0.012621,0,0.012618,0.075743,0.01262,0,0.012622,0.075745,0.012621,0,0.01262,0.075744,0.012621,0,0.01262,0.075745,0.012621,0,0.01262,0.075745,0.012621,0,0.01262,0.075744,0.012621,0,0.01262,0.075744,0.012621,0,0.01262,0.075744,0.01262,0,0.01262,0.075744,0.012621,0,0.012621,0.075744,0.012621,0,0.01262,0.075744,0.012621,0,0.012621,0.075744,0.012621,0,0.012621,0.075743,0.012617,0,0.01262,0.075721,0.012528,0,0.012617,0.075954,0.013361,0.00033626,0.01345,0.078601,0.015263,0.0018525,0.0042132,0.037993,0.0034577,0,0,0.026667,0,0,0,0.027358,0,0,0,0.026649,0,0,0,0.026058,0,0,0,0.022806,0,0,0,0.042086
0.077885,0.011614,0,0.010231,0.073003,0.011558,0,0.011473,0.073334,0.011546,0,0.011543,0.073349,0.011544,0,0.011545,0.07335,0.011544,0,0.011545,0.07335,0.011545,0,0.011544,0.07335,0.011545,0,0.011544,0.073351,0.011545,0,0.011545,0.07335,0.011545,0,0.011546,0.073351,0.011546,0,0.011546,0.073351,0.011546,0,0.011545,0.07335,0.011546,0,0.011545,0.07335,0.011546,0,0.011545,0.07335,0.011546,0,0.011546,0.07335,0.011546,0,0.011546,0.07335,0.011543,0,0.011548,0.073342,0.011512,0,0.012143,0.074985,0.01218,0,0.0058844,0.060341,0.0070937,0,0,0.024139,0,0,0,0.027261,0,0,0,0.027026,0,0,0,0.026459,0,0,0,0.02586,0,0,0,0.022599,0,0,0,0.041285
0.50213,0.073751,0.011304,0.073131,0.50411,0.073515,0.011363,0.07358,0.50466,0.073604,0.011415,0.073608,0.50468,0.073607,0.011417,0.073609,0.50468,0.073608,0.011417,0.073608,0.50468,0.073607,0.011417,0.073608,0.50468,0.073607,0.011417,0.073608,0.50468,0.073608,0.011418,0.073609,0.50468,0.073608,0.011418,0.073609,0.50468,0.073609,0.011419,0.073609,0.50468,0.073609,0.011418,0.073608,0.50468,0.073609,0.011419,0.073609,0.50468,0.07361,0.01142,0.073609,0.50468,0.07361,0.01142,0.073609,0.50468,0.07361,0.011419,0.073609,0.50468,0.073609,0.011417,0.073605,0.50465,0.073652,0.011727,0.074958,0.51162,0.074385,0.0089382,0.062774,0.45306,0.062378,0.0036657,0.024454,0.26695,0.02731,0,0.026831,0.26403,0.027777,0,0.026986,0.26076,0.027101,0,0.026387,0.25773,0.026521,0,0.025853,0.25494,0.025772,0,0.024903,0.24956,0.02209,0,0.026524,0.24572
0.50256,0.07421,0.011876,0.07361,0.50464,0.074066,0.012233,0.07413,0.5052,0.074151,0.012265,0.074155,0.50522,0.074154,0.012265,0.074155,0.50522,0.074154,0.012265,0.074155,0.50522,0.074154,0.012266,0.074154,0.50522,0.074154,0.012266,0.074155,0.50522,0.074154,0.012266,0.074155,0.50522,0.074155,0.012267,0.074156,0.50522,0.074156,0.012267,0.074156,0.50522,0.074157,0.012267,0.074155,0.50522,0.074156,0.012267,0.074155,0.50522,0.074157,0.012268,0.074156,0.50522,0.074157,0.012267,0.074156,0.50522,0.074156,0.012266,0.074156,0.50522,0.074154,0.012263,0.074147,0.50518,0.074151,0.012457,0.075489,0.51241,0.07606,0.012819,0.066067,0.45721,0.066422,0.0089,0.028519,0.26947,0.029677,0,0.027954,0.26449,0.027938,0,0.02708,0.26084,0.027233,0,0.02651,0.25781,0.026634,0,0.02596,0.25502,0.02588,0,0.025017,0.24965,0.022213,0,0.026707,0.24602
0.078843,0.012297,0,0.010901,0.074072,0.012218,0,0.012111,0.074395,0.012194,0,0.012192,0.074413,0.012194,0,0.012194,0.074415,0.012194,0,0.012194,0.074414,0.012194,0,0.012194,0.074414,0.012194,0,0.012194,0.074414,0.012194,0,0.012194,0.074414,0.012194,0,0.012194,0.074414,0.012194,0,0.012194,0.074414,0.012194,0,0.012194,0.074414,0.012194,0,0.012194,0.074414,0.012194,0,0.012194,0.074414,0.012195,0,0.012194,0.074414,0.012194,0,0.012194,0.074413,0.012189,0,0.012195,0.074391,0.012111,0,0.012636,0.075928,0.013754,0.0021252,0.010038,0.069561,0.012757,0,0.0015768,0.027768,0,0,0,0.02781,0,0,0,0.027119,0,0,0,0.026537,0,0,0,0.025927,0,0,0,0.022715,0,0,0,0.041866
0.076607,0.011248,0,0.0098102,0.071713,0.011172,0,0.011067,0.072044,0.011144,0,0.011142,0.07206,0.011142,0,0.011144,0.07206,0.011143,0,0.011143,0.072061,0.011144,0,0.011142,0.072061,0.011143,0,0.011142,0.072061,0.011143,0,0.011143,0.072061,0.011144,0,0.011143,0.072061,0.011144,0,0.011144,0.072061,0.011144,0,0.011143,0.072061,0.011144,0,0.011143,0.07206,0.011144,0,0.011143,0.072061,0.011144,0,0.011143,0.072061,0.011144,0,0.011144,0.072061,0.01114,0,0.011145,0.072036,0.011064,0,0.01183,0.074129,0.011814,0,0.00020866,0.044409,0.0027212,0,0,0.024048,0,0,0,0.027571,0,0,0,0.026829,0,0,0,0.026345,0,0,0,0.025728,0,0,0,0.022534,0,0,0,0.04108
0.49545,0.072473,0.010884,0.071829,0.49733,0.072221,0.010952,0.072283,0.49789,0.072308,0.011007,0.072313,0.49791,0.072312,0.011009,0.072313,0.49791,0.072312,0.011009,0.072313,0.49791,0.072311,0.011009,0.072313,0.49791,0.072312,0.011009,0.072313,0.49791,0.072313,0.01101,0.072314,0.49791,0.072313,0.01101,0.072314,0.49791,0.072314,0.01101,0.072314,0.49791,0.072314,0.01101,0.072313,0.49791,0.072314,0.011011,0.072313,0.49791,0.072315,0.011012,0.072314,0.49791,0.072315,0.011012,0.072314,0.49791,0.072314,0.01101,0.072314,0.49791,0.072315,0.01101,0.072304,0.49785,0.072299,0.011291,0.074122,0.50796,0.073229,0.0064022,0.04744,0.37646,0.047937,0.0010667,0.023627,0.25775,0.026047,0,0.027446,0.26403,0.027747,0,0.026772,0.25979,0.026914,0,0.026272,0.2571,0.026402,0,0.02572,0.25428,0.025641,0,0.024806,0.24904,0.022022,0,0.026432,0.24533
0.49587,0.072936,0.011498,0.072311,0.49785,0.07277,0.011853,0.072835,0.49842,0.072855,0.011885,0.07286,0.49844,0.072858,0.011885,0.072859,0.49844,0.072858,0.011885,0.072859,0.49844,0.072858,0.011885,0.072858,0.49844,0.072858,0.011886,0.072859,0.49844,0.072858,0.011886,0.072859,0.49844,0.07286,0.011887,0.07286,0.49844,0.072861,0.011887,0.072861,0.49844,0.072861,0.011887,0.072859,0.49844,0.072861,0.011887,0.072859,0.49844,0.072861,0.011888,0.07286,0.49844,0.072861,0.011887,0.07286,0.49844,0.07286,0.011886,0.072859,0.49844,0.072851,0.011872,0.072849,0.49843,0.073023,0.012453,0.075094,0.50941,0.075756,0.011826,0.051351,0.3806,0.051689,0.0047839,0.026554,0.25916,0.027002,0,0.027874,0.26424,0.027898,0,0.026905,0.25988,0.027044,0,0.026388,0.25718,0.026514,0,0.025826,0.25435,0.025744,0,0.024912,0.24912,0.022138,0,0.02661,0.24562
0.077551,0.011913,0,0.01046,0.072762,0.011799,0,0.011693,0.07309,0.011776,0,0.011774,0.073108,0.011776,0,0.011777,0.073109,0.011776,0,0.011776,0.073109,0.011776,0,0.011776,0.073109,0.011776,0,0.011775,0.073109,0.011776,0,0.011776,0.073109,0.011776,0,0.011776,0.073109,0.011776,0,0.011776,0.073109,0.011776,0,0.011776,0.073108,0.011776,0,0.011776,0.073108,0.011776,0,0.011776,0.073108,0.011776,0,0.011776,0.073108,0.011775,0,0.011775,0.073102,0.011751,0,0.011744,0.07308,0.012035,0,0.012851,0.076455,0.014407,0.0031914,0.0058998,0.053287,0.0081949,0,0,0.025764,0,0,0,0.02784,0,0,0,0.026928,0,0,0,0.026421,0,0,0,0.025794,0,0,0,0.022643,0,0,0,0.041654
0.075339,0.010886,0,0.0093918,0.070431,0.010774,0,0.010669,0.070766,0.010745,0,0.010743,0.070782,0.010744,0,0.010745,0.070783,0.010744,0,0.010744,0.070783,0.010745,0,0.010743,0.070782,0.010744,0,0.010743,0.070783,0.010744,0,0.010744,0.070783,0.010745,0,0.010744,0.070784,0.010745,0,0.010744,0.070784,0.010745,0,0.010744,0.070783,0.010745,0,0.010743,0.070783,0.010745,0,0.010744,0.070783,0.010745,0,0.010744,0.070783,0.010744,0,0.010747,0.070783,0.010741,0,0.010892,0.071164,0.010939,0,0.009794,0.069125,0.0099575,0,0,0.031111,0,0,0,0.026087,0,0,0,0.027426,0,0,0,0.026703,0,0,0,0.026224,0,0,0,0.025595,0,0,0,0.022485,0,0,0,0.040873
0.48883,0.071208,0.010465,0.070539,0.49063,0.070939,0.010551,0.071002,0.49118,0.071025,0.010602,0.07103,0.4912,0.071029,0.010603,0.07103,0.4912,0.071029,0.010604,0.07103,0.4912,0.071028,0.010603,0.071031,0.49121,0.071029,0.010604,0.071031,0.49121,0.07103,0.010605,0.071031,0.49121,0.07103,0.010605,0.071032,0.49121,0.071031,0.010605,0.071031,0.49121,0.071031,0.010605,0.07103,0.4912,0.071031,0.010605,0.071031,0.4912,0.071032,0.010607,0.071032,0.49121,0.071032,0.010606,0.071031,0.4912,0.071032,0.010606,0.071032,0.4912,0.071053,0.010696,0.071338,0.49271,0.07115,0.010068,0.069878,0.4876,0.069176,0.0052689,0.03262,0.30717,0.034948,0,0.025404,0.26169,0.027223,0,0.027401,0.26284,0.027509,0,0.026641,0.25908,0.026782,0,0.026149,0.25645,0.026278,0,0.025588,0.25361,0.025508,0,0.024727,0.2486,0.021969,0,0.026337,0.24494
0.48926,0.071677,0.011125,0.071027,0.49114,0.071486,0.011459,0.071552,0.49172,0.071574,0.011507,0.071579,0.49174,0.071577,0.011508,0.071579,0.49174,0.071577,0.011508,0.071578,0.49174,0.071577,0.011508,0.071578,0.49174,0.071578,0.011509,0.071578,0.49174,0.071578,0.01151,0.071579,0.49174,0.071579,0.01151,0.07158,0.49174,0.07158,0.01151,0.07158,0.49174,0.07158,0.01151,0.071578,0.49174,0.07158,0.01151,0.071578,0.49174,0.071581,0.011512,0.07158,0.49174,0.071581,0.011511,0.07158,0.49174,0.071579,0.011507,0.071575,0.49172,0.071548,0.011487,0.071839,0.49333,0.072257,0.012361,0.071819,0.49023,0.07246,0.010969,0.0367,0.31051,0.037982,0.0013129,0.027341,0.26247,0.027507,0,0.02751,0.26293,0.027637,0,0.026772,0.25917,0.026901,0,0.026259,0.25653,0.026389,0,0.025692,0.25368,0.025606,0,0.024826,0.24868,0.02208,0,0.026512,0.24523
0.076271,0.011533,0,0.010024,0.071466,0.011394,0,0.011287,0.071799,0.011363,0,0.01136,0.071815,0.011362,0,0.011363,0.071816,0.011362,0,0.011362,0.071816,0.011362,0,0.011361,0.071816,0.011362,0,0.011361,0.071816,0.011362,0,0.011362,0.071816,0.011362,0,0.011362,0.071817,0.011362,0,0.011362,0.071817,0.011362,0,0.011362,0.071816,0.011362,0,0.011362,0.071816,0.011362,0,0.011362,0.071816,0.011362,0,0.011362,0.071815,0.011359,0,0.011361,0.071797,0.01129,0,0.011372,0.072033,0.012168,0,0.012067,0.074428,0.013912,0.0012847,0.0036252,0.037369,0.0030381,0,0,0.027,0,0,0,0.027548,0,0,0,0.026791,0,0,0,0.026298,0,0,0,0.02566,0,0,0,0.022586,0,0,0,0.041441
0.074081,0.010526,0,0.0089773,0.069161,0.010382,0,0.010276,0.069499,0.010351,0,0.010349,0.069516,0.010349,0,0.010351,0.069517,0.01035,0,0.010349,0.069516,0.01035,0,0.010348,0.069516,0.01035,0,0.010348,0.069517,0.010349,0,0.010349,0.069517,0.01035,0,0.01035,0.069518,0.010351,0,0.01035,0.069518,0.010351,0,0.010349,0.069517,0.010351,0,0.010349,0.069517,0.010351,0,0.01035,0.069517,0.010351,0,0.01035,0.069517,0.010348,0,0.010353,0.069509,0.010322,0,0.010896,0.07102,0.011069,0,0.0051967,0.05778,0.0064966,0,0,0.02487,0,0,0,0.027491,0,0,0,0.027184,0,0,0,0.026591,0,0,0,0.0261,0,0,0,0.025465,0,0,0,0.022447,0,0,0,0.040664
0.48228,0.069955,0.010051,0.069262,0.48398,0.069671,0.010159,0.069734,0.48455,0.069757,0.010207,0.069761,0.48457,0.06976,0.010208,0.069762,0.48457,0.06976,0.010208,0.069762,0.48457,0.06976,0.010208,0.069763,0.48457,0.069761,0.010209,0.069763,0.48457,0.069762,0.010209,0.069763,0.48457,0.069762,0.010209,0.069763,0.48457,0.069762,0.010209,0.069763,0.48457,0.069763,0.010209,0.069762,0.48457,0.069763,0.01021,0.069763,0.48457,0.069764,0.010211,0.069763,0.48457,0.069764,0.01021,0.069762,0.48457,0.069762,0.010209,0.069759,0.48454,0.0698,0.010488,0.070982,0.49085,0.070477,0.0079142,0.05995,0.43792,0.059639,0.0031868,0.025126,0.2688,0.02777,0,0.027108,0.26511,0.027978,0,0.027153,0.26163,0.02727,0,0.026525,0.25844,0.026663,0,0.026021,0.2558,0.026153,0,0.025459,0.25296,0.025378,0,0.024661,0.24823,0.02193,0,0.026241,0.24453
0.4827,0.070429,0.010755,0.069756,0.4845,0.070213,0.01106,0.07028,0.48507,0.070302,0.011109,0.070308,0.48509,0.070305,0.01111,0.070308,0.48509,0.070305,0.01111,0.070307,0.48509,0.070305,0.01111,0.070307,0.4851,0.070306,0.011111,0.070307,0.4851,0.070306,0.011112,0.070308,0.48509,0.070307,0.011112,0.070308,0.4851,0.070308,0.011112,0.070308,0.4851,0.070309,0.011112,0.070307,0.48509,0.070309,0.011112,0.070307,0.4851,0.07031,0.011114,0.070308,0.4851,0.070311,0.011114,0.070308,0.48509,0.070307,0.011108,0.0703,0.48505,0.070306,0.011304,0.071522,0.49162,0.07207,0.011641,0.062997,0.44171,0.063346,0.0079964,0.028834,0.2711,0.029923,0,0.028135,0.26554,0.028141,0,0.027247,0.26171,0.027399,0,0.02665,0.25852,0.026777,0,0.026128,0.25587,0.026262,0,0.025561,0.25302,0.025471,0,0.024754,0.2483,0.022038,0,0.026412,0.24482
0.075002,0.011155,0,0.0095912,0.070182,0.010995,0,0.010888,0.070522,0.010965,0,0.010962,0.070539,0.010964,0,0.010964,0.07054,0.010964,0,0.010964,0.070539,0.010965,0,0.010963,0.070539,0.010964,0,0.010963,0.07054,0.010964,0,0.010964,0.07054,0.010965,0,0.010964,0.07054,0.010964,0,0.010964,0.07054,0.010964,0,0.010964,0.07054,0.010965,0,0.010964,0.07054,0.010964,0,0.010964,0.070539,0.010964,0,0.010964,0.070538,0.010958,0,0.010964,0.070515,0.010881,0,0.011361,0.071949,0.012529,0.0015388,0.0089563,0.066199,0.011688,0,0.0013086,0.028191,0,0,0,0.028015,0,0,0,0.027289,0,0,0,0.02667,0,0,0,0.026173,0,0,0,0.025529,0,0,0,0.022543,0,0,0,0.041226
0.072845,0.010173,0,0.0085702,0.067912,0.0099972,0,0.0098913,0.068254,0.0099664,0,0.0099645,0.06827,0.0099651,0,0.0099662,0.068271,0.0099655,0,0.009965,0.068271,0.0099657,0,0.0099642,0.068271,0.0099654,0,0.0099639,0.068272,0.0099656,0,0.0099648,0.068272,0.0099664,0,0.0099651,0.068272,0.0099668,0,0.0099655,0.068272,0.009967,0,0.0099648,0.068272,0.0099669,0,0.0099646,0.068271,0.0099668,0,0.0099656,0.068272,0.0099665,0,0.0099665,0.068271,0.0099628,0,0.0099715,0.068258,0.0098983,0,0.010563,0.070105,0.010727,0,1.5112e-05,0.043214,0.0025282,0,0,0.024682,0,0,0,0.027756,0,0,0,0.026984,0,0,0,0.026478,0,0,0,0.025973,0,0,0,0.025342,0,0,0,0.022411,0,0,0,0.040459
0.47582,0.068718,0.0096434,0.068001,0.47743,0.06842,0.0097755,0.068484,0.478,0.068507,0.0098238,0.068511,0.47802,0.06851,0.009825,0.068512,0.47802,0.06851,0.0098254,0.068512,0.47802,0.06851,0.0098251,0.068513,0.47802,0.068511,0.0098257,0.068512,0.47802,0.068512,0.0098262,0.068513,0.47802,0.068512,0.0098262,0.068513,0.47802,0.068512,0.0098264,0.068513,0.47802,0.068513,0.0098264,0.068512,0.47802,0.068513,0.0098271,0.068512,0.47802,0.068514,0.0098281,0.068512,0.47802,0.068514,0.0098276,0.068512,0.47802,0.068513,0.0098269,0.06851,0.478,0.068513,0.010082,0.070114,0.48683,0.069353,0.0056505,0.045994,0.36786,0.046481,0.00085895,0.024318,0.26005,0.026525,0,0.027646,0.26501,0.027938,0,0.026935,0.26063,0.027074,0,0.026409,0.25781,0.026543,0,0.025888,0.25513,0.026024,0,0.025336,0.25233,0.025251,0,0.024596,0.24787,0.02189,0,0.026144,0.24413
0.47623,0.069195,0.010388,0.068499,0.47794,0.068957,0.010666,0.069023,0.47852,0.069046,0.010716,0.069051,0.47854,0.069049,0.010717,0.069051,0.47854,0.06905,0.010717,0.069051,0.47854,0.06905,0.010717,0.069051,0.47854,0.06905,0.010718,0.069051,0.47854,0.069051,0.010718,0.069051,0.47854,0.069052,0.010719,0.069052,0.47854,0.069053,0.010719,0.069052,0.47854,0.069053,0.010719,0.069051,0.47854,0.069053,0.010719,0.069051,0.47854,0.069054,0.010721,0.069052,0.47854,0.069054,0.01072,0.069052,0.47854,0.069047,0.010707,0.06905,0.47855,0.069169,0.011199,0.070936,0.48802,0.071476,0.010437,0.049312,0.37136,0.049671,0.0041229,0.026869,0.2613,0.027447,0,0.028058,0.26522,0.028086,0,0.027066,0.26072,0.027207,0,0.026528,0.25789,0.026655,0,0.025994,0.2552,0.026127,0,0.025435,0.25239,0.025339,0,0.024685,0.24795,0.021997,0,0.026315,0.24442
0.073755,0.010784,0,0.0091651,0.068919,0.010603,0,0.010497,0.069265,0.010573,0,0.010571,0.069281,0.010572,0,0.010573,0.069282,0.010573,0,0.010573,0.069282,0.010573,0,0.010572,0.069282,0.010573,0,0.010572,0.069283,0.010573,0,0.010572,0.069283,0.010573,0,0.010572,0.069283,0.010573,0,0.010573,0.069283,0.010573,0,0.010572,0.069283,0.010573,0,0.010572,0.069282,0.010573,0,0.010572,0.069282,0.010572,0,0.010572,0.069278,0.010559,0,0.010562,0.069271,0.010689,0,0.011358,0.071883,0.012733,0.0019317,0.0046946,0.050688,0.0070177,0,0,0.026236,0,0,0,0.028035,0,0,0,0.027093,0,0,0,0.026556,0,0,0,0.02604,0,0,0,0.025402,0,0,0,0.022506,0,0,0,0.041011
0.071662,0.0098301,0,0.0081643,0.066672,0.0096147,0,0.009509,0.067019,0.0095839,0,0.0095827,0.067035,0.0095825,0,0.0095847,0.067036,0.0095829,0,0.0095831,0.067036,0.0095834,0,0.009582,0.067036,0.0095834,0,0.0095819,0.067037,0.0095835,0,0.009583,0.067037,0.0095843,0,0.0095831,0.067037,0.0095848,0,0.0095835,0.067037,0.0095851,0,0.009583,0.067037,0.009585,0,0.009583,0.067036,0.0095847,0,0.0095836,0.067036,0.0095843,0,0.0095853,0.067037,0.0095821,0,0.0096591,0.06722,0.0096557,0,0.009261,0.066875,0.0095588,0,0,0.033484,0.00041498,0,0,0.026191,0,0,0,0.027605,0,0,0,0.026834,0,0,0,0.026361,0,0,0,0.025841,0,0,0,0.02524,0,0,0,0.022374,0,0,0,0.040211
0.46937,0.067489,0.0092417,0.066755,0.47094,0.067182,0.0093951,0.067247,0.47152,0.06727,0.0094439,0.067275,0.47154,0.067273,0.0094453,0.067276,0.47154,0.067274,0.0094454,0.067276,0.47154,0.067273,0.0094448,0.067276,0.47154,0.067274,0.0094454,0.067275,0.47154,0.067275,0.009446,0.067276,0.47154,0.067275,0.0094461,0.067276,0.47154,0.067275,0.0094461,0.067276,0.47154,0.067276,0.0094461,0.067275,0.47154,0.067276,0.0094469,0.067275,0.47154,0.067276,0.0094474,0.067275,0.47154,0.067276,0.0094477,0.067275,0.47153,0.067288,0.009496,0.06743,0.47229,0.067306,0.0092087,0.067279,0.47325,0.066728,0.0052074,0.034662,0.31452,0.036636,0,0.025641,0.26225,0.027302,0,0.027587,0.2638,0.027696,0,0.026779,0.2598,0.026917,0,0.02629,0.25718,0.026422,0,0.025756,0.25446,0.025893,0,0.025239,0.2518,0.02515,0,0.024532,0.24752,0.021855,0,0.026059,0.24377
0.46976,0.067961,0.010023,0.067255,0.47145,0.067713,0.010276,0.067781,0.47203,0.067803,0.010326,0.067809,0.47205,0.067807,0.010328,0.067809,0.47205,0.067807,0.010327,0.067808,0.47205,0.067807,0.010327,0.067808,0.47205,0.067808,0.010328,0.067808,0.47205,0.067808,0.010329,0.067808,0.47205,0.067809,0.010329,0.067809,0.47205,0.06781,0.010329,0.067809,0.47205,0.06781,0.010329,0.067808,0.47205,0.06781,0.01033,0.067808,0.47205,0.06781,0.010331,0.067809,0.47205,0.067809,0.010328,0.067806,0.47204,0.067785,0.010299,0.067936,0.47288,0.068276,0.011101,0.068788,0.47528,0.06937,0.010028,0.037962,0.31731,0.039131,0.0013653,0.0273,0.26295,0.0276,0,0.027705,0.26389,0.027822,0,0.026909,0.25989,0.027041,0,0.026403,0.25725,0.026533,0,0.02586,0.25453,0.025988,0,0.025327,0.25185,0.025225,0,0.024611,0.24758,0.02195,0,0.026206,0.24403
0.072518,0.010413,0,0.00874,0.067667,0.010214,0,0.010109,0.06802,0.010185,0,0.010184,0.068037,0.010184,0,0.010186,0.068038,0.010184,0,0.010185,0.068038,0.010184,0,0.010185,0.068038,0.010184,0,0.010184,0.068038,0.010184,0,0.010185,0.068038,0.010185,0,0.010185,0.068038,0.010185,0,0.010185,0.068038,0.010186,0,0.010184,0.068037,0.010186,0,0.010184,0.068037,0.010185,0,0.010184,0.068036,0.010183,0,0.010183,0.068024,0.010133,0,0.010168,0.068132,0.010814,0,0.010953,0.070835,0.012618,0.00087439,0.0032908,0.03883,0.0034081,0,0,0.027021,0,0,0,0.027746,0,0,0,0.026932,0,0,0,0.026438,0,0,0,0.025906,0,0,0,0.025293,0,0,0,0.022466,0,0,0,0.040686
0.070565,0.0095053,0,0.0077584,0.065446,0.009237,0,0.0091321,0.065798,0.0092069,0,0.0092066,0.065815,0.0092058,0,0.0092083,0.065816,0.0092062,0,0.0092064,0.065816,0.0092069,0,0.0092055,0.065816,0.0092068,0,0.0092056,0.065817,0.0092067,0,0.0092065,0.065817,0.0092076,0,0.0092065,0.065817,0.0092084,0,0.0092071,0.065817,0.0092084,0,0.0092067,0.065817,0.0092083,0,0.0092065,0.065816,0.0092079,0,0.0092069,0.065816,0.0092058,0,0.0092093,0.065811,0.0091904,0,0.0096027,0.066901,0.0098078,0,0.0057238,0.058143,0.0068149,0,0,0.026498,0,0,0,0.027485,0,0,0,0.027365,0,0,0,0.02672,0,0,0,0.026238,0,0,0,0.025706,0,0,0,0.025155,0,0,0,0.022313,0,0,0,0.040248
0.46301,0.066265,0.008828,0.065511,0.46453,0.065957,0.0090184,0.066023,0.46511,0.066048,0.0090697,0.066052,0.46513,0.066051,0.0090712,0.066053,0.46513,0.066051,0.0090709,0.066053,0.46513,0.066051,0.0090701,0.066053,0.46513,0.066052,0.0090707,0.066052,0.46513,0.066052,0.0090713,0.066053,0.46513,0.066053,0.0090713,0.066053,0.46513,0.066053,0.0090714,0.066053,0.46513,0.066053,0.0090714,0.066052,0.46513,0.066053,0.0090718,0.066051,0.46513,0.066053,0.0090723,0.066052,0.46513,0.066053,0.0090719,0.06605,0.46511,0.066086,0.0092813,0.066917,0.46953,0.066542,0.0074439,0.059683,0.43555,0.059379,0.0033144,0.026904,0.2762,0.029298,0,0.027088,0.26548,0.028043,0,0.027345,0.26256,0.027454,0,0.026661,0.25914,0.026796,0,0.026165,0.25652,0.026298,0,0.025623,0.25378,0.025759,0,0.025169,0.25134,0.025078,0,0.024472,0.24706,0.021777,0,0.026167,0.24461
0.46352,0.066822,0.0097162,0.066054,0.46504,0.066487,0.0098948,0.066553,0.46562,0.066575,0.009941,0.066579,0.46564,0.066578,0.0099421,0.06658,0.46564,0.066578,0.0099417,0.066579,0.46564,0.066578,0.0099411,0.066578,0.46564,0.066579,0.0099418,0.066578,0.46564,0.066579,0.0099426,0.066579,0.46564,0.06658,0.0099428,0.066579,0.46564,0.06658,0.0099428,0.066579,0.46564,0.06658,0.0099429,0.066579,0.46564,0.06658,0.0099434,0.066579,0.46564,0.06658,0.009944,0.066579,0.46564,0.066578,0.0099402,0.066572,0.4656,0.066561,0.010041,0.067409,0.4702,0.06792,0.010619,0.062211,0.43872,0.062611,0.0078324,0.030242,0.27841,0.031387,0,0.028136,0.26591,0.028205,0,0.027428,0.26264,0.027575,0,0.026784,0.25922,0.026908,0,0.026269,0.25659,0.026403,0,0.025722,0.25384,0.025833,0,0.025209,0.25136,0.025086,0,0.024428,0.24709,0.021947,0,0.026473,0.24503
0.071624,0.010184,0,0.0083827,0.066444,0.0098301,0,0.009729,0.066789,0.009801,0,0.0098004,0.066805,0.0097998,0,0.0098022,0.066806,0.0098002,0,0.0098012,0.066806,0.0098006,0,0.0098005,0.066806,0.0098005,0,0.0098001,0.066806,0.0098005,0,0.0098009,0.066806,0.0098014,0,0.0098008,0.066806,0.0098019,0,0.009801,0.066806,0.009802,0,0.0097999,0.066806,0.0098018,0,0.0097995,0.066805,0.0098013,0,0.0097994,0.066804,0.0097972,0,0.0098003,0.066784,0.0097171,0,0.010037,0.067725,0.011125,0.00053468,0.0087405,0.065071,0.011173,0,0.0014862,0.029934,0,0,0,0.028029,0,0,0,0.02748,0,0,0,0.026806,0,0,0,0.026314,0,0,0,0.025771,0,0,0,0.025174,0,0,0,0.022295,0,0,0,0.041108
0.068958,0.0090491,0,0.007374,0.064237,0.0088597,0,0.0087612,0.064593,0.0088347,0,0.008834,0.06461,0.0088339,0,0.0088356,0.064611,0.0088341,0,0.0088339,0.064611,0.0088349,0,0.0088331,0.064611,0.0088346,0,0.0088329,0.064612,0.0088349,0,0.008834,0.064611,0.0088359,0,0.0088341,0.064611,0.008836,0,0.0088347,0.064611,0.0088359,0,0.0088346,0.064612,0.0088361,0,0.0088343,0.064611,0.0088355,0,0.0088346,0.06461,0.0088318,0,0.0088342,0.064587,0.0087714,0,0.0094571,0.066453,0.0097924,0,0.00073473,0.045239,0.0030872,0,0,0.02496,0,0,0,0.027891,0,0,0,0.027137,0,0,0,0.02661,0,0,0,0.026111,0,0,0,0.025539,0,0,0,0.025551,0,0,0,0.023749,0,0,0,0.038538
0.45655,0.064729,0.0081565,0.064182,0.45821,0.06474,0.0086377,0.064812,0.45878,0.06484,0.0086993,0.064845,0.4588,0.064844,0.008701,0.064846,0.4588,0.064845,0.0087009,0.064846,0.4588,0.064844,0.0087005,0.064846,0.4588,0.064845,0.008701,0.064846,0.4588,0.064845,0.0087012,0.064845,0.4588,0.064845,0.0087014,0.064846,0.4588,0.064845,0.0087013,0.064846,0.4588,0.064845,0.0087009,0.064844,0.4588,0.064845,0.0087013,0.064844,0.4588,0.064846,0.008702,0.064845,0.4588,0.064846,0.0087002,0.064833,0.45873,0.064841,0.0089536,0.066363,0.46703,0.065698,0.005129,0.047814,0.37549,0.048009,0.0010967,0.02469,0.26214,0.026849,0,0.027749,0.2659,0.028113,0,0.027099,0.26145,0.027234,0,0.026549,0.25853,0.026686,0,0.026045,0.25586,0.026182,0,0.025478,0.25303,0.025439,0,0.02539,0.25307,0.024929,0,0.02514,0.25332,0.022279,0,0.023843,0.23857
0.4595,0.066585,0.0098957,0.065159,0.45887,0.065313,0.0095422,0.065352,0.45929,0.065363,0.0095616,0.065366,0.4593,0.065365,0.009562,0.065366,0.4593,0.065365,0.0095614,0.065365,0.4593,0.065365,0.0095613,0.065365,0.4593,0.065365,0.0095623,0.065365,0.4593,0.065366,0.009563,0.065366,0.4593,0.065366,0.0095631,0.065366,0.4593,0.065366,0.0095632,0.065366,0.4593,0.065366,0.0095629,0.065366,0.4593,0.065366,0.0095633,0.065366,0.4593,0.065366,0.0095634,0.065365,0.4593,0.065361,0.0095502,0.065353,0.45926,0.065457,0.010038,0.067121,0.46811,0.067701,0.0097186,0.050945,0.37899,0.051181,0.0045542,0.027377,0.26353,0.027965,0,0.028241,0.26614,0.02826,0,0.027218,0.26154,0.027358,0,0.026666,0.2586,0.026779,0,0.026099,0.25589,0.02624,0,0.025542,0.25321,0.026116,0,0.026302,0.25425,0.027419,0.0010077,0.028214,0.25648,0.026583,0.0039746,0.0292,0.24295
0.074359,0.011269,0,0.008578,0.065364,0.0094447,0,0.0093728,0.065578,0.0094221,0,0.0094221,0.065588,0.0094209,0,0.0094232,0.06559,0.0094214,0,0.0094221,0.065589,0.0094221,0,0.0094213,0.065589,0.0094217,0,0.0094208,0.06559,0.0094219,0,0.0094218,0.065589,0.0094227,0,0.0094218,0.065589,0.0094227,0,0.0094219,0.065589,0.0094228,0,0.0094207,0.065589,0.0094225,0,0.0094202,0.065589,0.0094216,0,0.0094198,0.065585,0.0094102,0,0.0094062,0.065558,0.0094774,0,0.010148,0.068027,0.011647,0.0018045,0.0050562,0.052941,0.0077661,0,0,0.026719,0,0,0,0.028208,0,0,0,0.027255,0,0,0,0.026697,0,0,0,0.026133,0,0,0,0.025518,0,0,0,0.026902,0.00059773,0.00042304,0.0018096,0.029049,0.0049247,0.0028678,0.0082814,0.047959
0.061003,0.0074455,0,0.0074227,0.06315,0.0084827,0,0.0084144,0.063404,0.0084658,0,0.0084652,0.063416,0.0084648,0,0.0084663,0.063417,0.0084652,0,0.0084644,0.063416,0.0084658,0,0.0084639,0.063417,0.0084657,0,0.0084638,0.063417,0.0084662,0,0.008465,0.063417,0.0084667,0,0.0084652,0.063417,0.0084671,0,0.0084659,0.063417,0.008467,0,0.0084654,0.063417,0.0084668,0,0.0084652,0.063417,0.0084659,0,0.0084661,0.063417,0.0084637,0,0.0085297,0.06357,0.0084997,0,0.0082178,0.063366,0.0085892,0,0,0.033566,0.00034407,0,0,0.026393,0,0,0,0.027776,0,0,0,0.02697,0,0,0,0.026465,0,0,0,0.026503,0,0,0,0.026981,0,0,0,0.022155,0,0,0,0.0101,0,0,0,0.010553
0.44774,0.062442,0.0072177,0.063019,0.45215,0.063571,0.0082799,0.063623,0.45252,0.063645,0.0083319,0.063649,0.45253,0.063648,0.0083332,0.06365,0.45253,0.063649,0.0083335,0.06365,0.45253,0.063648,0.0083332,0.06365,0.45253,0.063649,0.0083336,0.06365,0.45253,0.063649,0.008334,0.063649,0.45253,0.063649,0.008334,0.06365,0.45253,0.063649,0.0083335,0.063649,0.45253,0.063649,0.0083332,0.063648,0.45253,0.063649,0.0083336,0.063648,0.45253,0.06365,0.0083346,0.063649,0.45253,0.06366,0.0083763,0.063778,0.45316,0.063649,0.0080947,0.063718,0.45447,0.063125,0.0040875,0.034899,0.31514,0.036652,0,0.025816,0.26356,0.02752,0,0.027757,0.26477,0.027891,0,0.026932,0.26056,0.027075,0,0.026418,0.2578,0.026404,0,0.026246,0.2575,0.025914,0,0.02619,0.25918,0.025673,0,0.020453,0.23691,0.020158,0,0.0088484,0.18269,0.0068249,0,0,0.11664
0.45129,0.064544,0.0094677,0.064169,0.45286,0.064156,0.0091866,0.064162,0.45302,0.064164,0.0091855,0.064165,0.45303,0.064164,0.0091851,0.064164,0.45303,0.064163,0.0091846,0.064164,0.45303,0.064164,0.0091851,0.064164,0.45303,0.064165,0.0091862,0.064164,0.45303,0.064165,0.0091868,0.064164,0.45303,0.064165,0.0091868,0.064165,0.45303,0.064165,0.0091866,0.064165,0.45303,0.064165,0.0091862,0.064164,0.45303,0.064165,0.0091866,0.064164,0.45303,0.064164,0.0091852,0.064162,0.45302,0.064143,0.0091593,0.064275,0.45375,0.06461,0.0099621,0.065145,0.4564,0.065767,0.0091818,0.038349,0.31807,0.039308,0.0014728,0.027638,0.26434,0.027903,0,0.027902,0.26487,0.027995,0,0.027025,0.2606,0.027144,0,0.026487,0.25797,0.027041,0,0.027187,0.25879,0.028783,0.0022142,0.029531,0.26298,0.031753,0.0055729,0.027913,0.24407,0.029735,0.0066341,0.019634,0.19132,0.017602,0.0050043,0.008744,0.12306
0.066725,0.0094471,0,0.0087169,0.064294,0.0090588,0,0.0090253,0.064379,0.009046,0,0.0090469,0.064383,0.0090452,0,0.0090472,0.064385,0.0090461,0,0.0090461,0.064384,0.0090465,0,0.0090451,0.064384,0.0090461,0,0.0090446,0.064385,0.0090462,0,0.0090458,0.064385,0.0090467,0,0.0090458,0.064385,0.009047,0,0.0090456,0.064385,0.009047,0,0.0090447,0.064384,0.0090466,0,0.009044,0.064383,0.009044,0,0.0090438,0.064371,0.008999,0,0.00903,0.064473,0.0096646,0,0.0097313,0.06703,0.011477,0.00064044,0.0030449,0.039191,0.0034344,0,0,0.027326,0,0,0,0.027946,0,0,0,0.027009,0,0,0,0.026431,0,0,0,0.027883,0.0015105,0.0018709,0.0043111,0.032792,0.0071871,0.0068329,0.0091817,0.033472,0.0087822,0.0066635,0.0064102,0.020659,0.0064105,0.0030836,0,0.020656
0.061444,0.0076764,0,0.0076958,0.062128,0.0081086,0,0.0080785,0.062232,0.0081019,0,0.0081024,0.062237,0.008101,0,0.0081027,0.062238,0.0081013,0,0.0081007,0.062238,0.0081021,0,0.0081006,0.062238,0.0081022,0,0.0081004,0.062239,0.0081026,0,0.0081017,0.062238,0.008103,0,0.0081018,0.062238,0.0081032,0,0.0081023,0.062239,0.0081028,0,0.0081016,0.062239,0.0081026,0,0.0081014,0.062238,0.0081009,0,0.0081028,0.062233,0.0080873,0,0.0084577,0.063222,0.0087179,0,0.0049615,0.055394,0.0061157,0,0,0.026826,0,0,0,0.02771,0,0,0,0.027508,0,0,0,0.027386,0,0,0,0.027955,0,0,0,0.022748,0,0,0,0.0086818,0,0,0,0,0,0,0,0,0,0,0,0.0094281
0.44317,0.061878,0.007439,0.062189,0.44617,0.062434,0.0079457,0.062455,0.44633,0.062465,0.0079692,0.062467,0.44634,0.062466,0.0079699,0.062467,0.44634,0.062466,0.00797,0.062468,0.44634,0.062466,0.0079701,0.062467,0.44634,0.062467,0.0079708,0.062467,0.44634,0.062467,0.0079709,0.062467,0.44634,0.062467,0.0079707,0.062467,0.44634,0.062467,0.0079705,0.062467,0.44634,0.062467,0.0079702,0.062466,0.44634,0.062467,0.0079702,0.062465,0.44634,0.062467,0.0079705,0.062464,0.44632,0.062496,0.0081574,0.063239,0.45027,0.062897,0.0064545,0.05677,0.41999,0.056501,0.0026557,0.02717,0.27674,0.029406,0,0.027343,0.26659,0.028252,0,0.027494,0.26339,0.027484,0,0.027163,0.26223,0.026838,0,0.02711,0.26411,0.026644,0,0.021081,0.24067,0.020934,0,0.0061498,0.17061,0.007404,0,0,0.099557,0,0,0,0.073659,0,0,0,0.085395
0.44452,0.06278,0.0087499,0.062913,0.44674,0.06297,0.0088083,0.062974,0.44683,0.062976,0.0088126,0.062978,0.44683,0.062976,0.0088126,0.062977,0.44683,0.062976,0.0088126,0.062977,0.44683,0.062977,0.008813,0.062978,0.44683,0.062978,0.0088139,0.062977,0.44683,0.062978,0.0088143,0.062978,0.44683,0.062978,0.0088138,0.062978,0.44683,0.062978,0.0088135,0.062978,0.44683,0.062978,0.0088135,0.062977,0.44683,0.062978,0.0088142,0.062977,0.44683,0.062977,0.0088114,0.062971,0.4468,0.062963,0.0089041,0.063723,0.45093,0.06422,0.0094962,0.059093,0.42289,0.059498,0.0069452,0.030357,0.27885,0.031418,0,0.028354,0.26702,0.028419,0,0.027612,0.26359,0.02813,0,0.028109,0.26354,0.029682,0.0023408,0.03055,0.268,0.032778,0.0058804,0.028694,0.24806,0.030747,0.0075529,0.017515,0.17976,0.019449,0.0045963,0.0076686,0.10897,0.0065069,0.00025497,0.0026864,0.080407,0.0035201,0,0,0.087874
0.063456,0.00837,0,0.0085242,0.063146,0.0086829,0,0.0086628,0.063191,0.0086748,0,0.0086762,0.063194,0.0086741,0,0.0086759,0.063195,0.0086748,0,0.0086746,0.063194,0.0086753,0,0.0086736,0.063194,0.0086748,0,0.0086736,0.063195,0.0086746,0,0.0086746,0.063195,0.0086754,0,0.0086744,0.063195,0.0086757,0,0.0086742,0.063195,0.0086758,0,0.0086733,0.063194,0.008675,0,0.0086724,0.063193,0.0086709,0,0.008673,0.063174,0.0086,0,0.0088875,0.064039,0.0099809,2.3304e-05,0.0076326,0.061658,0.010099,0,0.0011712,0.030068,0,0,0,0.028248,0,0,0,0.027567,0,0,0,0.028838,0.0017699,0.0020482,0.0045624,0.033952,0.007665,0.0071088,0.0096588,0.03463,0.0093723,0.0062277,0.0075432,0.019426,0.00338,0.0012299,0.0010036,0.0037443,0,0,0,6.1973e-06,0,0,0,0.01214
0.061311,0.0074195,0,0.0075728,0.06102,0.0077478,0,0.007729,0.061071,0.0077427,0,0.0077432,0.061074,0.0077417,0,0.0077435,0.061075,0.0077423,0,0.007742,0.061074,0.0077429,0,0.0077418,0.061075,0.007743,0,0.0077418,0.061075,0.0077433,0,0.007743,0.061075,0.0077438,0,0.0077426,0.061075,0.0077437,0,0.0077432,0.061075,0.0077436,0,0.0077427,0.061075,0.0077437,0,0.0077424,0.061074,0.0077412,0,0.0077422,0.061055,0.0076887,0,0.0082989,0.062742,0.0087608,0,0.00050139,0.04391,0.0028617,0,0,0.025601,0,0,0,0.028186,0,0,0,0.028638,0,0,0,0.023503,0,0,0,0.0090439,0,0,0,0,0,0,0,0,0,0,0,0,0,0,0,0,0,0,0,0.011067
0.43797,0.061005,0.0073991,0.061166,0.44012,0.061284,0.0075999,0.061293,0.44022,0.061298,0.0076118,0.0613,0.44022,0.061299,0.007612,0.0613,0.44022,0.061299,0.0076119,0.0613,0.44022,0.061299,0.0076122,0.061299,0.44022,0.061299,0.0076127,0.061299,0.44022,0.061299,0.0076126,0.061299,0.44022,0.061299,0.0076124,0.061299,0.44022,0.061299,0.007612,0.061299,0.44022,0.061299,0.0076115,0.061298,0.44022,0.061299,0.0076116,0.061297,0.44022,0.061299,0.0076113,0.061289,0.44017,0.061296,0.0078369,0.062649,0.44755,0.062065,0.0043509,0.046148,0.36626,0.046391,0.00085317,0.025347,0.26428,0.027296,0,0.028034,0.26741,0.027996,0,0.027959,0.26805,0.027452,0,0.021934,0.2452,0.021746,0,0.0065493,0.17336,0.0078057,0,0,0.10045,0,0,0,0.076505,0,0,0,0.080924,0,0,0,0.079201,0,0,0,0.08594
0.43852,0.061547,0.0082899,0.061698,0.44062,0.061792,0.0084367,0.0618,0.44071,0.061803,0.0084451,0.061805,0.44071,0.061803,0.0084455,0.061805,0.44071,0.061804,0.0084456,0.061804,0.44071,0.061804,0.0084457,0.061805,0.44071,0.061805,0.0084462,0.061804,0.44071,0.061805,0.0084459,0.061804,0.44071,0.061804,0.0084455,0.061804,0.44071,0.061804,0.0084455,0.061805,0.44071,0.061804,0.0084455,0.061804,0.44071,0.061804,0.0084456,0.061804,0.44071,0.0618,0.0084353,0.061795,0.44068,0.061889,0.0088716,0.063369,0.44856,0.063929,0.0086716,0.048996,0.3694,0.049208,0.0039305,0.02773,0.26553,0.0284,0,0.028696,0.26821,0.029986,0.0016418,0.030638,0.27139,0.03319,0.0058497,0.02935,0.25259,0.031603,0.0077718,0.018073,0.1827,0.020027,0.0048343,0.0079387,0.10995,0.0069508,0.00019759,0.0037397,0.083136,0.0016725,0,0.0012764,0.084013,0.00035332,0,0,0.080571,0.00083848,0,0,0.086599
0.062341,0.0079893,0,0.0081714,0.061973,0.0083143,0,0.0082981,0.062017,0.0083091,0,0.0083102,0.062019,0.0083084,0,0.0083098,0.06202,0.0083091,0,0.0083088,0.06202,0.0083097,0,0.0083079,0.06202,0.0083092,0,0.008308,0.062021,0.0083089,0,0.0083087,0.062021,0.0083096,0,0.0083087,0.062021,0.00831,0,0.0083084,0.062021,0.0083098,0,0.0083077,0.06202,0.0083089,0,0.0083064,0.062016,0.0082988,0,0.0082953,0.061994,0.008361,0,0.0089572,0.064214,0.01043,0.001135,0.0043201,0.050793,0.0069388,0,0,0.027124,0,0,0,0.028737,0.00052361,0.00040169,0.0033734,0.033544,0.0071628,0.0067012,0.0097252,0.035628,0.0097913,0.0064912,0.0078441,0.020139,0.0036264,0.0013523,0.0012083,0.0040714,0,0,0,0,0,0,0,0,0,0,0,0,0,0,0,0.011873
0.060066,0.0070327,0,0.0072467,0.059876,0.0073922,0,0.0073753,0.05992,0.0073866,0,0.0073873,0.059922,0.0073858,0,0.0073875,0.059923,0.0073864,0,0.0073867,0.059923,0.0073869,0,0.0073865,0.059923,0.0073869,0,0.0073865,0.059924,0.007387,0,0.0073873,0.059923,0.0073876,0,0.007387,0.059924,0.0073878,0,0.0073875,0.059924,0.0073881,0,0.0073868,0.059924,0.0073882,0,0.0073871,0.059923,0.0073864,0,0.0074433,0.060059,0.0074174,0,0.007165,0.059904,0.0076932,0,0,0.033442,0.00027639,0,0,0.027491,0,0,0,0.029097,0,0,0,0.013005,0,0,0,0,0,0,0,0,0,0,0,0,0,0,0,0,0,0,0,0,0,0,0,0,0,0,0,0.010291
0.43196,0.059847,0.0070571,0.060023,0.43408,0.060131,0.0072472,0.060139,0.43416,0.060143,0.0072572,0.060145,0.43417,0.060143,0.0072571,0.060144,0.43417,0.060143,0.0072572,0.060144,0.43417,0.060144,0.0072574,0.060143,0.43417,0.060144,0.0072577,0.060143,0.43417,0.060144,0.0072575,0.060143,0.43417,0.060143,0.0072576,0.060144,0.43417,0.060144,0.0072572,0.060143,0.43417,0.060144,0.0072569,0.060142,0.43417,0.060143,0.0072577,0.060143,0.43417,0.060153,0.0072958,0.060258,0.43473,0.060139,0.0070334,0.060197,0.43585,0.059698,0.0034207,0.034617,0.3122,0.036096,0,0.026756,0.26821,0.027782,0,0.028078,0.27074,0.027461,0,0.010846,0.1946,0.011707,0,0,0.099552,0,0,0,0.076919,0,0,0,0.081288,0,0,0,0.083167,0,0,0,0.081296,0,0,0,0.075523,0,0,0,0.082326
0.43251,0.06038,0.0079329,0.060546,0.43457,0.060633,0.0080745,0.06064,0.43465,0.060643,0.0080828,0.060645,0.43465,0.060643,0.008083,0.060645,0.43465,0.060643,0.008083,0.060644,0.43465,0.060643,0.0080829,0.060644,0.43465,0.060644,0.008083,0.060644,0.43465,0.060644,0.0080828,0.060644,0.43465,0.060644,0.0080828,0.060644,0.43465,0.060644,0.0080832,0.060645,0.43465,0.060644,0.0080831,0.060644,0.43465,0.060643,0.0080818,0.060641,0.43464,0.060626,0.0080615,0.060745,0.4353,0.061056,0.0088276,0.061499,0.43758,0.062058,0.0079846,0.037667,0.31487,0.038871,0.0022035,0.029273,0.27032,0.031439,0.0035851,0.032535,0.27578,0.035142,0.0076294,0.021099,0.20362,0.023409,0.0052354,0.0082648,0.10921,0.0069409,0.00029126,0.0038444,0.083687,0.0017794,0,0.0014549,0.084584,0.00029435,0,6.764e-05,0.084391,0,0,0,0.082036,0,0,0,0.076324,0.000431,0,0,0.082943
0.061105,0.007592,0,0.0078355,0.060818,0.0079532,0,0.0079376,0.060855,0.0079481,0,0.0079486,0.060857,0.0079474,0,0.0079485,0.060858,0.0079482,0,0.0079475,0.060858,0.0079486,0,0.0079467,0.060858,0.007948,0,0.0079467,0.060859,0.0079478,0,0.0079473,0.060859,0.0079485,0,0.0079474,0.060859,0.007949,0,0.0079472,0.060859,0.0079488,0,0.0079464,0.060858,0.0079466,0,0.0079455,0.060846,0.0079074,0,0.0079366,0.060942,0.0085059,0,0.0084839,0.063181,0.01025,0,0.0023551,0.038268,0.003338,0,0.00063544,0.02978,0.0026338,0.0037872,0.006889,0.037134,0.0099729,0.0061866,0.008752,0.024616,0.0049317,0.0014838,0.0014153,0.0041676,0,0,0,0,0,0,0,0,0,0,0,0,0,0,0,0,0,0,0,0,0,0,0,0.011119
0.058903,0.0066579,0,0.0069187,0.058737,0.007038,0,0.0070213,0.058774,0.0070327,0,0.0070327,0.058777,0.0070321,0,0.0070332,0.058777,0.0070325,0,0.0070326,0.058777,0.0070326,0,0.0070325,0.058777,0.0070325,0,0.0070322,0.058778,0.0070326,0,0.0070328,0.058778,0.0070331,0,0.0070325,0.058778,0.0070334,0,0.0070331,0.058778,0.0070338,0,0.0070326,0.058778,0.0070328,0,0.0070345,0.058775,0.0070216,0,0.0073427,0.059639,0.0076291,0,0.004286,0.052845,0.0055013,0,0,0.02864,0,0,0,0.024706,0,0,0,0.0040933,0,0,0,0,0,0,0,0,0,0,0,0,0,0,0,0,0,0,0,0,0,0,0,0,0,0,0,0,0,0,0,0.0097256
0.42603,0.058709,0.0067215,0.05889,0.42808,0.058986,0.0068958,0.058994,0.42816,0.058996,0.0069045,0.058999,0.42816,0.058996,0.0069043,0.058998,0.42816,0.058996,0.0069044,0.058997,0.42816,0.058997,0.0069044,0.058997,0.42816,0.058997,0.0069047,0.058997,0.42816,0.058997,0.0069049,0.058997,0.42816,0.058997,0.0069053,0.058998,0.42816,0.058998,0.0069051,0.058997,0.42816,0.058998,0.0069048,0.058996,0.42816,0.058997,0.0069055,0.058996,0.42815,0.059026,0.0070723,0.059667,0.43155,0.05941,0.0056413,0.054091,0.40518,0.053714,0.0019526,0.028635,0.28354,0.029976,0,0.023152,0.25471,0.023553,0,0.0015987,0.14788,0.0034575,0,0,0.079932,0,0,0,0.080965,0,0,0,0.083672,0,0,0,0.081852,0,0,0,0.079977,0,0,0,0.07815,0,0,0,0.072612,0,0,0,0.07934
0.42654,0.059222,0.0075727,0.059399,0.42857,0.059483,0.0077142,0.059488,0.42864,0.059492,0.007722,0.059493,0.42864,0.059492,0.0077218,0.059493,0.42864,0.059492,0.007722,0.059493,0.42864,0.059492,0.0077215,0.059493,0.42864,0.059492,0.0077218,0.059492,0.42864,0.059492,0.0077218,0.059492,0.42864,0.059492,0.0077221,0.059493,0.42864,0.059493,0.0077224,0.059493,0.42864,0.059493,0.0077224,0.059492,0.42864,0.059491,0.0077194,0.059487,0.42862,0.059476,0.0077897,0.060123,0.43213,0.060474,0.0080818,0.055858,0.4075,0.056754,0.0076972,0.032754,0.28749,0.035984,0.0065614,0.030745,0.26199,0.033319,0.0080589,0.013482,0.15743,0.015257,0.0018244,0.0054478,0.087735,0.0027101,0,0.0017751,0.084575,0.00029891,0,0.0001198,0.084939,0,0,0,0.082593,0,0,0,0.080606,0,0,0,0.078718,0,0,0,0.073227,0.00020756,0,0,0.079881
0.059889,0.0072057,0,0.0074944,0.059668,0.0075933,0,0.0075792,0.059701,0.0075884,0,0.0075898,0.059704,0.0075876,0,0.0075893,0.059704,0.0075881,0,0.0075881,0.059704,0.0075885,0,0.0075874,0.059704,0.0075882,0,0.0075875,0.059705,0.0075878,0,0.007588,0.059705,0.0075887,0,0.007588,0.059705,0.0075894,0,0.0075877,0.059705,0.0075892,0,0.007587,0.059703,0.0075853,0,0.0075877,0.059688,0.0075167,0,0.0077749,0.060405,0.0086205,0,0.0061215,0.057282,0.0088953,0.0012018,0.0038677,0.034302,0.0062587,0.0064739,0.0096814,0.03663,0.010264,0.0046526,0.0062079,0.01394,0.00114,0,0,0.0010386,0,0,0,0,0,0,0,0,0,0,0,0,0,0,0,0,0,0,0,0,0,0,0,0,0,0,0,0.01045
0.057789,0.006303,0,0.0065897,0.057612,0.0066898,0,0.0066742,0.057646,0.0066849,0,0.0066848,0.057648,0.0066845,0,0.0066855,0.057648,0.0066848,0,0.0066855,0.057649,0.0066848,0,0.0066851,0.057649,0.0066847,0,0.0066848,0.057649,0.0066848,0,0.006685,0.057649,0.0066851,0,0.0066849,0.057649,0.0066852,0,0.0066854,0.05765,0.0066857,0,0.0066849,0.057649,0.0066842,0,0.0066823,0.057622,0.0066328,0,0.0071718,0.059072,0.0076134,0,0.0020325,0.047696,0.0039098,0,0,0.018669,0,0,0,0,0,0,0,0,0,0,0,0,0,0,0,0,0,0,0,0,0,0,0,0,0,0,0,0,0,0,0,0,0,0,0,0,0,0,0,0.0093132
0.42019,0.05759,0.0063895,0.057767,0.42216,0.057855,0.0065494,0.057863,0.42223,0.057864,0.0065573,0.057868,0.42223,0.057864,0.006557,0.057866,0.42223,0.057864,0.006557,0.057865,0.42223,0.057864,0.0065569,0.057865,0.42223,0.057864,0.0065577,0.057865,0.42223,0.057864,0.0065577,0.057865,0.42223,0.057865,0.0065582,0.057866,0.42223,0.057866,0.006558,0.057866,0.42223,0.057866,0.0065574,0.057864,0.42223,0.05787,0.0065659,0.057856,0.42214,0.05788,0.0067963,0.059036,0.4284,0.05841,0.0039917,0.048277,0.37823,0.047643,0,0.016966,0.23355,0.018823,0,0,0.109,0,0,0,0.074419,0,0,0,0.082898,0,0,0,0.082223,0,0,0,0.080224,0,0,0,0.078524,0,0,0,0.07705,0,0,0,0.075495,0,0,0,0.070137,0,0,0,0.077228
0.42067,0.058089,0.0072194,0.058266,0.42263,0.058346,0.0073573,0.058352,0.4227,0.058354,0.0073643,0.058356,0.4227,0.058354,0.0073641,0.058356,0.4227,0.058354,0.0073645,0.058356,0.4227,0.058354,0.007364,0.058356,0.4227,0.058354,0.0073642,0.058356,0.4227,0.058354,0.0073642,0.058356,0.4227,0.058355,0.0073646,0.058356,0.4227,0.058355,0.007365,0.058357,0.4227,0.058356,0.0073652,0.058355,0.4227,0.058339,0.0073235,0.058308,0.42256,0.058338,0.007572,0.059594,0.42937,0.060816,0.0097789,0.053007,0.38387,0.055219,0.011173,0.027193,0.24245,0.029797,0.0065509,0.0093526,0.11891,0.008543,0,0.0035048,0.080446,0.00085824,0,0.00075338,0.085054,0,0,0,0.083077,0,0,0,0.080879,0,0,0,0.079112,0,0,0,0.077584,0,0,0,0.075986,0,0,0,0.070649,3.6938e-05,0,0,0.077721
0.058732,0.0068395,0,0.0071508,0.058529,0.0072372,0,0.007223,0.058559,0.0072321,0,0.0072331,0.058561,0.0072309,0,0.0072326,0.058562,0.0072315,0,0.0072315,0.058562,0.0072319,0,0.007231,0.058562,0.0072316,0,0.007231,0.058563,0.0072313,0,0.0072313,0.058562,0.0072323,0,0.0072313,0.058563,0.0072328,0,0.0072314,0.058562,0.0072325,0,0.0072336,0.058567,0.007205,0,0.0071833,0.058405,0.0071487,0,0.0075726,0.059965,0.0099784,0.0046703,0.0093966,0.057966,0.014975,0.0085917,0.011357,0.031994,0.0085469,0.0019079,0.0028794,0.0062137,0,0,0,0,0,0,0,0,0,0,0,0,0,0,0,0,0,0,0,0,0,0,0,0,0,0,0,0,0,0,0,0,0,0,0,0.0099675
0.056669,0.0059513,0,0.0062604,0.056503,0.0063459,0,0.0063317,0.056533,0.0063413,0,0.0063419,0.056535,0.0063411,0,0.0063422,0.056536,0.0063414,0,0.0063419,0.056536,0.0063414,0,0.0063416,0.056536,0.0063411,0,0.0063411,0.056536,0.0063411,0,0.0063415,0.056536,0.0063413,0,0.0063416,0.056536,0.0063417,0,0.0063419,0.056538,0.0063452,0,0.0063234,0.056478,0.0062983,0,0.006551,0.057073,0.0063724,0,0.0072218,0.059812,0.0073556,0,0,0.020128,0,0,0,0,0,0,0,0,0,0,0,0,0,0,0,0,0,0,0,0,0,0,0,0,0,0,0,0,0,0,0,0,0,0,0,0,0,0,0,0,0,0,0,0.0088695
0.4144,0.056482,0.0060548,0.056655,0.41631,0.05674,0.0062069,0.056745,0.41637,0.056747,0.0062143,0.05675,0.41638,0.056747,0.0062134,0.056748,0.41638,0.056747,0.0062138,0.056748,0.41638,0.056748,0.0062138,0.056748,0.41638,0.056748,0.0062146,0.056748,0.41638,0.056748,0.0062151,0.056749,0.41638,0.056749,0.0062154,0.056749,0.41638,0.056749,0.0062143,0.056749,0.41638,0.056762,0.0062326,0.056723,0.41616,0.056692,0.0062325,0.057121,0.41864,0.056583,0.0054985,0.058484,0.43173,0.056938,0,0.019492,0.25627,0.021655,0,0,0.0978,0,0,0,0.074988,0,0,0,0.082518,0,0,0,0.08067,0,0,0,0.078738,0,0,0,0.077138,0,0,0,0.075744,0,0,0,0.074368,0,0,0,0.073046,0,0,0,0.068026,0,0,0,0.075183
0.41488,0.056973,0.0068738,0.057149,0.41678,0.057225,0.0070064,0.05723,0.41684,0.057232,0.007013,0.057234,0.41685,0.057233,0.0070124,0.057233,0.41685,0.057233,0.007013,0.057234,0.41685,0.057233,0.0070127,0.057234,0.41685,0.057233,0.007013,0.057234,0.41685,0.057233,0.0070133,0.057234,0.41685,0.057234,0.007014,0.057235,0.41685,0.057236,0.0070171,0.057236,0.41684,0.0572,0.0069223,0.057129,0.41655,0.057253,0.0073014,0.057948,0.42007,0.059662,0.011618,0.064426,0.43935,0.06727,0.015399,0.033682,0.26878,0.035565,0.0072989,0.010046,0.10824,0.0066036,0,0.0025236,0.079503,9.6997e-05,0,9.6458e-05,0.083815,0,0,0,0.081385,0,0,0,0.07936,0,0,0,0.077695,0,0,0,0.076258,0,0,0,0.074844,0,0,0,0.073491,0,0,0,0.068504,0,0,0,0.075662
0.057597,0.0064812,0,0.0068135,0.057409,0.0068872,0,0.006874,0.057436,0.0068821,0,0.0068835,0.057438,0.0068813,0,0.0068827,0.057439,0.0068819,0,0.0068818,0.057439,0.0068824,0,0.0068815,0.057439,0.0068824,0,0.0068813,0.05744,0.006882,0,0.0068817,0.057439,0.0068831,0,0.0068819,0.05744,0.0068855,0,0.0068891,0.05745,0.0068302,0,0.0067569,0.057096,0.0069571,0,0.007201,0.058886,0.010466,0.0068214,0.015851,0.074023,0.022572,0.013839,0.016966,0.041083,0.012447,0.002361,0.0026412,0.0051448,0,0,0,0,0,0,0,0,0,0,0,0,0,0,0,0,0,0,0,0,0,0,0,0,0,0,0,0,0,0,0,0,0,0,0,0,0,0,0,0.0095048
0.055562,0.0056032,0,0.0059315,0.0554,0.0060038,0,0.0059913,0.055428,0.0059996,0,0.0060008,0.05543,0.0059995,0,0.0060009,0.055431,0.0059999,0,0.0060007,0.055431,0.0059998,0,0.0060002,0.055431,0.0059996,0,0.0059999,0.055431,0.0059997,0,0.0060004,0.055431,0.0060003,0,0.0060006,0.055433,0.0060046,0,0.005962,0.055317,0.0059041,0,0.0065352,0.056896,0.0064527,0,0.0055365,0.055539,0.0057319,0,0,0.016954,0,0,0,0,0,0,0,0,0,0,0,0,0,0,0,0,0,0,0,0,0,0,0,0,0,0,0,0,0,0,0,0,0,0,0,0,0,0,0,0,0,0,0,0,0,0,0,0.0084493
0.40867,0.055382,0.0057212,0.055552,0.41051,0.055632,0.0058658,0.055636,0.41057,0.055639,0.0058729,0.055641,0.41057,0.055638,0.005872,0.055639,0.41057,0.055639,0.0058723,0.055639,0.41057,0.055639,0.0058725,0.055639,0.41057,0.05564,0.0058737,0.055639,0.41057,0.055639,0.0058742,0.05564,0.41057,0.05564,0.0058744,0.055641,0.41058,0.055653,0.0058845,0.055574,0.41016,0.055471,0.0058443,0.056581,0.41648,0.055806,0.0041964,0.054399,0.41307,0.052871,0,0.016583,0.24793,0.018531,0,0,0.078216,0,0,0,0.07593,0,0,0,0.081327,0,0,0,0.079097,0,0,0,0.077271,0,0,0,0.075825,0,0,0,0.074451,0,0,0,0.073086,0,0,0,0.072035,0,0,0,0.070846,0,0,0,0.065844,0,0,0,0.073267
0.40913,0.055866,0.0065311,0.056041,0.41098,0.056114,0.0066595,0.056118,0.41104,0.05612,0.0066656,0.056121,0.41104,0.05612,0.0066652,0.056121,0.41104,0.056121,0.0066656,0.056122,0.41104,0.056121,0.0066653,0.056121,0.41104,0.056121,0.0066659,0.056121,0.41104,0.056121,0.0066665,0.056122,0.41104,0.056123,0.006669,0.056122,0.41103,0.056082,0.0065593,0.055995,0.41066,0.056383,0.0076994,0.058043,0.41886,0.060215,0.0125,0.062465,0.42258,0.065332,0.016666,0.033992,0.26314,0.035181,0.0074269,0.010261,0.090249,0.0043842,0,0.0023972,0.080306,3.2161e-05,0,0,0.082388,0,0,0,0.07973,0,0,0,0.07785,0,0,0,0.076361,0,0,0,0.074952,0,0,0,0.07355,0,0,0,0.072469,0,0,0,0.071266,0,0,0,0.066301,0,0,0,0.073734
0.056475,0.0061283,0,0.0064782,0.056299,0.0065407,0,0.0065286,0.056324,0.0065362,0,0.0065376,0.056327,0.0065355,0,0.0065367,0.056327,0.0065362,0,0.0065363,0.056327,0.0065368,0,0.0065358,0.056327,0.0065366,0,0.0065359,0.056327,0.0065361,0,0.0065362,0.056328,0.0065386,0,0.0065424,0.056333,0.0064772,0,0.0063742,0.055986,0.0070081,0,0.0078089,0.060581,0.012412,0.010569,0.01819,0.073055,0.024674,0.015321,0.018305,0.041591,0.012485,0.0019959,0.0012232,0.0027187,0,0,0,0,0,0,0,0,0,0,0,0,0,0,0,0,0,0,0,0,0,0,0,0,0,0,0,0,0,0,0,0,0,0,0,0,0,0,0,0,0,0,0,0.0090644
0.054465,0.0052595,0,0.0056036,0.054305,0.0056642,0,0.0056528,0.05433,0.0056599,0,0.0056616,0.054332,0.0056598,0,0.005662,0.054333,0.0056601,0,0.005662,0.054333,0.0056603,0,0.0056616,0.054333,0.0056603,0,0.0056613,0.054333,0.0056608,0,0.0056619,0.054334,0.005664,0,0.0056284,0.054233,0.0055816,0,0.0062992,0.056101,0.0063495,0,0.0024834,0.047986,0.003286,0,0,0.0067663,0,0.0010884,0,0,0,0,0,0,0,0,0,0,0,0,0,0,0,0,0,0,0,0,0,0,0,0,0,0,0,0,0,0,0,0,0,0,0,0,0,0,0,0,0,0,0,0,0,0,0,0,0,0.0080537
0.40297,0.05429,0.0053897,0.054456,0.40475,0.054532,0.005528,0.054537,0.40481,0.054539,0.0055348,0.054541,0.40481,0.054538,0.0055339,0.054539,0.40481,0.054539,0.0055345,0.054539,0.40481,0.05454,0.0055348,0.054539,0.40481,0.05454,0.0055359,0.054539,0.40481,0.054539,0.0055365,0.054541,0.40481,0.054551,0.0055452,0.054482,0.40444,0.054415,0.0056157,0.055735,0.41185,0.054657,0.0023886,0.048163,0.38294,0.046983,0,0.0054663,0.19137,0.0077857,0,0,0.063144,0,0,0,0.079061,0,0,0,0.081023,0,0,0,0.078478,0,0,0,0.076156,0,0,0,0.074559,0,0,0,0.073137,0,0,0,0.071795,0,0,0,0.070844,0,0,0,0.069837,0,0,0,0.068572,0,0,0,0.063919,0,0,0,0.071497
0.40343,0.054768,0.0061892,0.054939,0.40521,0.055008,0.0063119,0.055012,0.40527,0.055014,0.0063175,0.055015,0.40527,0.055014,0.0063172,0.055015,0.40527,0.055015,0.0063178,0.055016,0.40527,0.055015,0.0063181,0.055016,0.40527,0.055015,0.0063185,0.055016,0.40527,0.055016,0.0063192,0.055015,0.40526,0.054979,0.0062243,0.054905,0.40493,0.055227,0.0072339,0.057058,0.4142,0.059472,0.012387,0.057369,0.39342,0.060061,0.015841,0.023616,0.20688,0.025047,0.0051577,0.0079362,0.074475,0.002214,0,0.001945,0.082889,4.3614e-06,0,0,0.081934,0,0,0,0.079038,0,0,0,0.076651,0,0,0,0.075034,0,0,0,0.073606,0,0,0,0.072243,0,0,0,0.071268,0,0,0,0.070251,0,0,0,0.068968,0,0,0,0.064348,0,0,0,0.071954
0.055367,0.0057785,0,0.0061427,0.055192,0.0061944,0,0.0061834,0.055215,0.00619,0,0.0061917,0.055217,0.0061894,0,0.0061911,0.055217,0.0061901,0,0.006191,0.055218,0.006191,0,0.0061904,0.055218,0.0061906,0,0.0061905,0.055218,0.0061904,0,0.0061939,0.055216,0.0061355,0,0.0060563,0.054944,0.0065549,0,0.007357,0.059346,0.012245,0.011968,0.017756,0.067617,0.023105,0.0117,0.013839,0.027111,0.0061638,0.00027015,0,0.00024339,0,0,0,0,0,0,0,0,0,0,0,0,0,0,0,0,0,0,0,0,0,0,0,0,0,0,0,0,0,0,0,0,0,0,0,0,0,0,0,0,0,0,0,0,0,0,0,0.0086605
0.053386,0.0049234,0,0.0052832,0.053234,0.0053331,0,0.005322,0.053256,0.0053286,0,0.0053304,0.053258,0.0053286,0,0.0053312,0.053259,0.0053293,0,0.0053309,0.053259,0.0053294,0,0.0053307,0.053259,0.0053294,0,0.0053305,0.053259,0.0053301,0,0.0053124,0.053202,0.0052846,0,0.0058333,0.054616,0.0058737,0,0.0030147,0.048917,0.003561,0,0,0,0,0,0,0,0,0,0,0,0,0,0,0,0,0,0,0,0,0,0,0,0,0,0,0,0,0,0,0,0,0,0,0,0,0,0,0,0,0,0,0,0,0,0,0,0,0,0,0,0,0,0,0,0,0,0,0.0076383
0.39738,0.05322,0.005066,0.053382,0.3991,0.053455,0.0051982,0.053458,0.39915,0.053461,0.0052042,0.053462,0.39915,0.053461,0.0052038,0.053461,0.39915,0.053461,0.0052049,0.053461,0.39915,0.053462,0.0052055,0.053461,0.39915,0.053462,0.0052067,0.053463,0.39915,0.053466,0.0052079,0.053427,0.39894,0.053423,0.0053667,0.054443,0.40452,0.053613,0.0029308,0.049167,0.38551,0.047938,0,0,0.15008,0.0018079,0,0,0.062385,0,0,0,0.081834,0,0,0,0.080501,0,0,0,0.078078,0,0,0,0.075786,0,0,0,0.074077,0,0,0,0.07235,0,0,0,0.070759,0,0,0,0.069657,0,0,0,0.068645,0,0,0,0.067552,0,0,0,0.066607,0,0,0,0.062148,0,0,0,0.069723
0.39783,0.053689,0.0058542,0.053858,0.39955,0.053922,0.0059714,0.053927,0.3996,0.053928,0.0059769,0.05393,0.3996,0.053929,0.0059771,0.053931,0.39961,0.05393,0.0059779,0.05393,0.3996,0.05393,0.0059779,0.05393,0.3996,0.053929,0.0059779,0.053929,0.3996,0.053913,0.0059344,0.05387,0.39939,0.053988,0.0063939,0.055264,0.40605,0.05716,0.010702,0.056188,0.39366,0.05871,0.013909,0.016526,0.16479,0.017622,0.0026724,0.005688,0.071212,0.00098912,0,0.0010854,0.084423,0,0,0,0.081256,0,0,0,0.078621,0,0,0,0.076244,0,0,0,0.074485,0,0,0,0.072744,0,0,0,0.071139,0,0,0,0.070027,0,0,0,0.069022,0,0,0,0.067925,0,0,0,0.066964,0,0,0,0.062558,0,0,0,0.070151
0.054281,0.0054364,0,0.0058151,0.05411,0.0058565,0,0.005846,0.05413,0.0058522,0,0.0058536,0.054133,0.0058517,0,0.0058532,0.054133,0.0058524,0,0.0058536,0.054133,0.0058532,0,0.0058533,0.054133,0.0058529,0,0.0058544,0.054131,0.0058271,0,0.0057952,0.054004,0.0059412,0,0.0064292,0.056369,0.010034,0.0081023,0.013957,0.063726,0.018983,0.0077575,0.0098145,0.01612,0.0017031,0,0,0,0,0,0,0,0,0,0,0,0,0,0,0,0,0,0,0,0,0,0,0,0,0,0,0,0,0,0,0,0,0,0,0,0,0,0,0,0,0,0,0,0,0,0,0,0,0,0,0,0,0,0,0.0082574
0.052309,0.0045865,0,0.0049619,0.052165,0.0050014,0,0.0049909,0.052184,0.0049971,0,0.0049991,0.052187,0.0049976,0,0.0049999,0.052188,0.0049982,0,0.0049992,0.052187,0.004998,0,0.0049988,0.052187,0.0049977,0,0.0049928,0.052168,0.0049845,0,0.0051903,0.052682,0.0051219,0,0.0047444,0.052564,0.0049777,0,0,0.0089328,0,0,0,0,0,0,0,0,0,0,0,0,0,0,0,0,0,0,0,0,0,0,0,0,0,0,0,0,0,0,0,0,0,0,0,0,0,0,0,0,0,0,0,0,0,0,0,0,0,0,0,0,0,0,0,0,0,0,0,0.0072224
0.39183,0.052158,0.0047457,0.052316,0.39348,0.052384,0.004871,0.052387,0.39353,0.05239,0.0048773,0.052391,0.39353,0.05239,0.0048771,0.05239,0.39353,0.05239,0.0048778,0.052391,0.39354,0.052391,0.0048782,0.05239,0.39354,0.052392,0.0048787,0.052379,0.39346,0.052395,0.0049761,0.052775,0.39553,0.052257,0.0038685,0.052088,0.39758,0.050747,0,0.0082923,0.20191,0.011053,0,0,0.063988,0,0,0,0.082425,0,0,0,0.0802,0,0,0,0.07769,0,0,0,0.075445,0,0,0,0.073709,0,0,0,0.072032,0,0,0,0.070366,0,0,0,0.069147,0,0,0,0.067975,0,0,0,0.066739,0,0,0,0.065757,0,0,0,0.064833,0,0,0,0.060335,0,0,0,0.067953
0.39225,0.052609,0.0055081,0.052778,0.39393,0.05284,0.005624,0.052844,0.39397,0.052847,0.0056303,0.052848,0.39398,0.052848,0.0056309,0.052848,0.39398,0.052848,0.0056309,0.052848,0.39398,0.052847,0.0056301,0.052847,0.39398,0.052842,0.0056182,0.052826,0.39389,0.052821,0.0056685,0.053297,0.39651,0.054722,0.0092458,0.057016,0.40395,0.060019,0.014492,0.023558,0.21481,0.025409,0.0029543,0.0056753,0.071542,0.00026283,0,0.00050345,0.084171,0,0,0,0.080774,0,0,0,0.078134,0,0,0,0.075816,0,0,0,0.07403,0,0,0,0.072325,0,0,0,0.070628,0,0,0,0.069391,0,0,0,0.06823,0,0,0,0.067004,0,0,0,0.066013,0,0,0,0.065091,0,0,0,0.060656,0,0,0,0.068319
0.053179,0.0050863,0,0.00548,0.053029,0.0055137,0,0.0055032,0.053047,0.005509,0,0.0055107,0.05305,0.0055085,0,0.0055104,0.05305,0.0055092,0,0.0055108,0.05305,0.0055098,0,0.0055106,0.053049,0.0055027,0,0.005499,0.053015,0.0054616,0,0.0055481,0.053598,0.0081383,0.0043974,0.011578,0.063844,0.017622,0.0101,0.012962,0.027596,0.0064567,0,0,0,0,0,0,0,0,0,0,0,0,0,0,0,0,0,0,0,0,0,0,0,0,0,0,0,0,0,0,0,0,0,0,0,0,0,0,0,0,0,0,0,0,0,0,0,0,0,0,0,0,0,0,0,0,0,0,0.0078075
0.051273,0.004273,0,0.0046539,0.051109,0.004685,0,0.0046755,0.051128,0.0046815,0,0.0046832,0.05113,0.004682,0,0.0046839,0.051131,0.0046824,0,0.0046836,0.05113,0.004682,0,0.0046823,0.051127,0.0046827,0,0.0047018,0.051158,0.0045984,0,0.0055322,0.053948,0.0057568,0,0,0.019585,0,0,0,0,0,0,0,0,0,0,0,0,0,0,0,0,0,0,0,0,0,0,0,0,0,0,0,0,0,0,0,0,0,0,0,0,0,0,0,0,0,0,0,0,0,0,0,0,0,0,0,0,0,0,0,0,0,0,0,0,0,0,0,0.0069248
0.38633,0.05116,0.0045338,0.051311,0.38791,0.051375,0.0046509,0.051378,0.38796,0.051381,0.0046569,0.051381,0.38796,0.051381,0.0046566,0.051381,0.38796,0.051381,0.0046569,0.051381,0.38796,0.051382,0.0046575,0.051379,0.38794,0.051401,0.0047086,0.051432,0.38813,0.051101,0.0043267,0.053066,0.40031,0.051526,0,0.01962,0.25543,0.021393,0,0,0.064065,0,0,0,0.08064,0,0,0,0.080012,0,0,0,0.077484,0,0,0,0.075275,0,0,0,0.073547,0,0,0,0.071843,0,0,0,0.070199,0,0,0,0.068938,0,0,0,0.067768,0,0,0,0.066507,0,0,0,0.065395,0,0,0,0.064581,0,0,0,0.063581,0,0,0,0.059064,0,0,0,0.066594
0.38661,0.051399,0.0048406,0.051558,0.38821,0.05162,0.0049556,0.051623,0.38826,0.051626,0.0049632,0.051627,0.38826,0.051627,0.0049637,0.051627,0.38826,0.051627,0.004963,0.051626,0.38826,0.051625,0.0049595,0.051618,0.38822,0.051562,0.0048274,0.051624,0.3887,0.052742,0.0079318,0.056393,0.4053,0.059433,0.013339,0.032619,0.267,0.034111,0.0038325,0.0065597,0.072278,0.00014664,0,9.404e-06,0.081797,0,0,0,0.079469,0,0,0,0.076779,0,0,0,0.074495,0,0,0,0.072715,0,0,0,0.070979,0,0,0,0.069299,0,0,0,0.068021,0,0,0,0.066946,0,0,0,0.065862,0,0,0,0.064855,0,0,0,0.064063,0,0,0,0.063064,0,0,0,0.058576,0,0,0,0.066708
0.052028,0.0045816,0,0.0049629,0.051836,0.0049893,0,0.0049753,0.05185,0.0049825,0,0.0049838,0.051852,0.0049819,0,0.004984,0.051852,0.0049823,0,0.0049837,0.051851,0.0049802,0,0.0049848,0.051843,0.004879,0,0.0047791,0.051612,0.00667,0.0016203,0.0094337,0.062679,0.015766,0.010379,0.014017,0.038866,0.0099228,0,0,0,0,0,0,0,0,0,0,0,0,0,0,0,0,0,0,0,0,0,0,0,0,0,0,0,0,0,0,0,0,0,0,0,0,0,0,0,0,0,0,0,0,0,0,0,0,0,0,0,0,0,0,0,0,0,0,0,0,0,0,0.0072698
0.05018,0.0041107,0,0.0045863,0.050161,0.0046205,0,0.0046136,0.050188,0.0046204,0,0.0046215,0.05019,0.004621,0,0.0046221,0.05019,0.0046211,0,0.0046229,0.050192,0.0046279,0,0.0045971,0.05008,0.0045008,0,0.0058032,0.053632,0.0060061,0,0,0.026099,0,0,0,0,0,0,0,0,0,0,0,0,0,0,0,0,0,0,0,0,0,0,0,0,0,0,0,0,0,0,0,0,0,0,0,0,0,0,0,0,0,0,0,0,0,0,0,0,0,0,0,0,0,0,0,0,0,0,0,0,0,0,0,0,0,0,0,0.0066417
0.38032,0.051411,0.0069861,0.051751,0.38226,0.05181,0.0070796,0.051818,0.38233,0.051818,0.0070757,0.051819,0.38234,0.051818,0.0070752,0.051818,0.38234,0.051818,0.0070755,0.051819,0.38234,0.051844,0.0071393,0.05179,0.38194,0.051635,0.0070434,0.054103,0.39642,0.052781,0.0014785,0.028523,0.28518,0.029433,0,0,0.074151,0,0,0.0021158,0.078531,0.0032492,0.0013365,0.0045046,0.080228,0.0045882,0.0020166,0.0047344,0.077705,0.0046006,0.0019742,0.0046811,0.075449,0.0045807,0.0019436,0.0046478,0.073756,0.0045599,0.0019033,0.0045971,0.071963,0.0045064,0.0018436,0.0045406,0.070262,0.0044682,0.0018092,0.0045117,0.068985,0.0044467,0.0017741,0.0044682,0.067751,0.0042786,0.001499,0.0042084,0.066486,0.0034108,0.00019791,0.003166,0.065331,0.0023827,0,0.0022745,0.064424,0.00201,0,0.0019956,0.06355,0.0019171,0,0.0018263,0.062523,0.0018915,0,0.00034368,0.058209,0.0030246,0,0,0.06514
0.37796,0.046414,0,0.046073,0.37847,0.046144,0,0.04614,0.37852,0.046147,0,0.046148,0.37853,0.046148,0,0.046148,0.37853,0.046149,0,0.046148,0.37851,0.046095,0,0.045923,0.3781,0.046434,0,0.050425,0.3953,0.052411,0.0038847,0.031078,0.28901,0.033434,0,0,0.075941,0,0,0,0.072852,0,0,0,0.07246,0,0,0,0.069753,0,0,0,0.06745,0,0,0,0.06573,0,0,0,0.063908,0,0,0,0.062176,0,0,0,0.06086,0,0,0,0.059709,0,0,0,0.059093,0,0,0,0.058836,0,0,0,0.058678,0,0,0,0.058019,0,0,0,0.057029,0,0,0,0.052335,0,0,0,0.062734
0.048139,0.0023396,0,0.001678,0.04634,0.0016529,0,0.001586,0.046292,0.0016011,0,0.0016014,0.046293,0.0015994,0,0.0016018,0.046293,0.0016003,0,0.0016103,0.046299,0.0015228,0,0.0013695,0.045806,0.0020269,0,0.0035859,0.053182,0.0060744,0,0.0032815,0.034698,0.0022395,0,0,0,0,0,0,0,0,0,0,0,0,0,0,0,0,0,0,0,0,0,0,0,0,0,0,0,0,0,0,0,0,0,0,0,0,0,0,0,0,0,0,0,0,0,0,0,0,0,0,0,0,0,0,0,0,0,0,0,0,0,0,0,0,0,0,0.006229
0.060279,0.018275,0.012764,0.020463,0.065444,0.020444,0.012861,0.020439,0.065509,0.020452,0.012867,0.020453,0.065514,0.020453,0.012867,0.020453,0.065513,0.02045,0.012856,0.020423,0.065442,0.020479,0.01318,0.021516,0.067864,0.021165,0.011116,0.013715,0.051347,0.013451,0.0032871,0.0031181,0.0025077,0.0010949,0.0096587,0.011149,0.0096498,0.012812,0.015546,0.015212,0.014342,0.015917,0.017335,0.016161,0.014297,0.016107,0.017413,0.016222,0.014017,0.016186,0.017481,0.016302,0.013846,0.016257,0.017531,0.016346,0.01361,0.016285,0.017551,0.016373,0.013367,0.016326,0.017589,0.016419,0.013219,0.016386,0.017633,0.016459,0.013082,0.016462,0.017716,0.016581,0.012974,0.016131,0.017368,0.016341,0.011875,0.011995,0.01248,0.010003,0.0069141,0.007248,0.0080128,0.0066336,0.0047146,0.0062815,0.0070637,0.0061655,0.0044502,0.0061134,0.0068955,0.0059899,0.0042147,0.0057881,0.0063892,0.0048606,0.0040404,0.004694,0.0045828,0.0026443,0.01114
0.40666,0.097562,0.039971,0.099161,0.4202,0.099211,0.039763,0.099233,0.4204,0.099239,0.039766,0.09924,0.42041,0.09924,0.039766,0.09924,0.42041,0.099238,0.039757,0.099178,0.42007,0.099213,0.039986,0.10095,0.42971,0.10078,0.038779,0.08997,0.37046,0.090873,0.037905,0.047117,0.15956,0.053965,0.033919,0.047631,0.13452,0.051575,0.036412,0.052557,0.13949,0.053275,0.037367,0.052596,0.13678,0.052848,0.037467,0.052303,0.13466,0.052498,0.037535,0.052106,0.13315,0.052266,0.037587,0.051863,0.13157,0.052011,0.037625,0.051614,0.13,0.051749,0.037667,0.051453,0.12885,0.051568,0.037708,0.051303,0.1278,0.051428,0.037846,0.051399,0.12711,0.051579,0.037412,0.04966,0.125,0.049459,0.029537,0.031991,0.099386,0.029831,0.021989,0.026785,0.095697,0.026515,0.020986,0.026519,0.095214,0.026505,0.020895,0.02604,0.093691,0.025606,0.019761,0.024104,0.08712,0.023986,0.01921,0.024296,0.071929
0.20181,0.025649,0.00031977,0.021518,0.17962,0.02142,0,0.021403,0.17959,0.021402,0,0.021402,0.17959,0.021401,0,0.021402,0.17959,0.021402,0,0.021464,0.17996,0.021441,0,0.019534,0.1687,0.019669,0.0010981,0.032223,0.24246,0.035072,0.013493,0.080277,0.50028,0.084783,0.02549,0.092058,0.54073,0.093503,0.028203,0.093342,0.53901,0.093587,0.028626,0.094251,0.54279,0.094379,0.028948,0.094847,0.54553,0.094941,0.029178,0.095283,0.54752,0.095361,0.029372,0.095708,0.54954,0.095783,0.029561,0.096122,0.55152,0.09619,0.029729,0.096448,0.55303,0.096505,0.02987,0.096741,0.55438,0.096832,0.030154,0.097704,0.55921,0.097434,0.029131,0.093247,0.5383,0.090631,0.017583,0.041222,0.2723,0.038559,0.0064579,0.030219,0.22453,0.029904,0.0054061,0.029946,0.22477,0.029898,0.0053004,0.029329,0.2216,0.029211,0.0050381,0.028589,0.21878,0.028191,0.0059406,0.032941,0.23463
