0,0,0,0,0,0,0,0,0,0,0,0,0,0,0,0,0,0,0,0,0,0,0,0,0,0,0,0,0,1.3878e-17,0,0,0,0,-5.2042e-18,1.3878e-17,0,1.3878e-17,-5.2042e-18,1.3878e-17,0,1.3878e-17,-5.2042e-18,1.3878e-17,0,1.3878e-17,-5.2042e-18,1.3878e-17,0,1.3878e-17,-5.2042e-18,1.3878e-17,0,1.3878e-17,-5.2042e-18,1.3878e-17,0,1.3878e-17,-5.2042e-18,1.3878e-17,0,1.3878e-17,-5.2042e-18,1.3878e-17,0,1.3878e-17,-5.2042e-18,1.3878e-17,0,1.3878e-17,-5.2042e-18,1.3878e-17,0,1.3878e-17,-5.2042e-18,1.3878e-17,0,1.3878e-17,-5.2042e-18,0,0,0,0.0022995,0,0,0,0.0038314,0,0,0,0.0037801,0,0,0,0.0039017,0,0,0,0.0036318,0,-2.7756e-17
0,0,-3.4694e-18,0,-1.3878e-17,0,-3.4694e-18,0,1.3878e-17,0,-3.4694e-18,0,0,0,-3.4694e-18,0,1.3878e-17,0,-3.4694e-18,0,0,0,-3.4694e-18,0,1.3878e-17,0,-3.4694e-18,0,-1.3878e-17,0,0,-5.2042e-18,0,-5.2042e-18,0.0036629,-5.2042e-18,1.3878e-17,-5.2042e-18,0.004,-5.2042e-18,1.3878e-17,-5.2042e-18,0.0040179,-5.2042e-18,1.3878e-17,-5.2042e-18,0.0040224,-5.2042e-18,1.3878e-17,-5.2042e-18,0.0040238,-5.2042e-18,1.3878e-17,-5.2042e-18,0.0040246,-5.2042e-18,1.3878e-17,-5.2042e-18,0.0040254,-5.2042e-18,1.3878e-17,-5.2042e-18,0.0040261,-5.2042e-18,1.3878e-17,-5.2042e-18,0.0040259,-5.2042e-18,1.3878e-17,-5.2042e-18,0.0039969,-5.2042e-18,1.3878e-17,-5.2042e-18,0.0017209,-5.2042e-18,0,-5.2042e-18,0.0001582,0,0,0,0.0023928,0.0022677,0,0.0028615,0.0021919,0.0026648,0,0.0026889,0.0021377,0.0027413,0,0.002795,0.0023681,0.0028776,0,0.001763,0.003274,0.0034059,0
0,5.2042e-18,-0.00031982,5.2042e-18,-1.3878e-17,5.2042e-18,-0.00029212,5.2042e-18,-1.3878e-17,5.2042e-18,-0.00030125,5.2042e-18,-1.3878e-17,5.2042e-18,-0.00030178,5.2042e-18,-1.3878e-17,5.2042e-18,-0.00030127,5.2042e-18,-1.3878e-17,5.2042e-18,-0.00029928,5.2042e-18,-1.3878e-17,5.2042e-18,-0.00037914,5.2042e-18,-1.3878e-17,5.2042e-18,-0.00057742,5.2042e-18,-1.3878e-17,5.2042e-18,-0.001154,5.2042e-18,-1.3878e-17,5.2042e-18,-0.0012069,5.2042e-18,-1.3878e-17,5.2042e-18,-0.0011975,5.2042e-18,-1.3878e-17,5.2042e-18,-0.001185,5.2042e-18,-1.3878e-17,5.2042e-18,-0.0011765,5.2042e-18,-1.3878e-17,5.2042e-18,-0.0011701,5.2042e-18,-1.3878e-17,5.2042e-18,-0.0011637,5.2042e-18,-1.3878e-17,5.2042e-18,-0.0011577,5.2042e-18,-1.3878e-17,5.2042e-18,-0.0011506,5.2042e-18,-1.3878e-17,5.2042e-18,-0.00089244,5.2042e-18,0,5.2042e-18,-0.00055419,5.2042e-18,6.9389e-18,5.2042e-18,-0.00044231,2.7628e-06,0,-0.00056204,-0.0010386,-0.0010612,0,-0.0010048,-0.00057466,-0.0010759,0,-0.0010729,-0.00053879,-0.0011502,0,-0.0011499,-0.00069289,-0.00097627,0,0.00019414,0.00023308,0,0
0,-1.3878e-17,5.2042e-18,-1.3878e-17,0,-1.3878e-17,5.2042e-18,-1.3878e-17,0,-1.3878e-17,5.2042e-18,-1.3878e-17,0,-1.3878e-17,5.2042e-18,-1.3878e-17,0,-1.3878e-17,5.2042e-18,-1.3878e-17,0,-1.3878e-17,5.2042e-18,-1.3878e-17,0,-1.3878e-17,5.2042e-18,-1.3878e-17,0,-1.3878e-17,5.2042e-18,-1.3878e-17,0,-1.3878e-17,5.2042e-18,-1.3878e-17,0,-1.3878e-17,5.2042e-18,-1.3878e-17,0,-1.3878e-17,5.2042e-18,-1.3878e-17,0,-1.3878e-17,5.2042e-18,-1.3878e-17,0,-1.3878e-17,5.2042e-18,-1.3878e-17,0,-1.3878e-17,5.2042e-18,-1.3878e-17,0,-1.3878e-17,5.2042e-18,-1.3878e-17,0,-1.3878e-17,5.2042e-18,-1.3878e-17,0,-1.3878e-17,5.2042e-18,-1.3878e-17,0,-1.3878e-17,5.2042e-18,-1.3878e-17,0,-1.3878e-17,5.2042e-18,6.9389e-18,0,6.9389e-18,0,0,0,0,-0.0016997,0,0,0,-0.0016131,0,0,0,-0.0017002,0,0,0,-0.0017665,0,0,0,-0.00040865,0,0
0,0,-5.2042e-18,1.3878e-17,0,1.3878e-17,-5.2042e-18,1.3878e-17,0,1.3878e-17,-5.2042e-18,1.3878e-17,0,1.3878e-17,-5.2042e-18,1.3878e-17,0,1.3878e-17,-5.2042e-18,1.3878e-17,0,1.3878e-17,-5.2042e-18,1.3878e-17,0,1.3878e-17,-5.2042e-18,1.3878e-17,0,1.3878e-17,-5.2042e-18,1.3878e-17,0,1.3878e-17,-5.2042e-18,1.3878e-17,0,1.3878e-17,-5.2042e-18,1.3878e-17,0,1.3878e-17,-5.2042e-18,1.3878e-17,0,1.3878e-17,-5.2042e-18,1.3878e-17,0,1.3878e-17,-5.2042e-18,1.3878e-17,0,1.3878e-17,-5.2042e-18,1.3878e-17,0,1.3878e-17,-5.2042e-18,1.3878e-17,0,1.3878e-17,-5.2042e-18,1.3878e-17,0,1.3878e-17,-5.2042e-18,1.3878e-17,0,1.3878e-17,-5.2042e-18,0,0,0,-5.2042e-18,0,0,0,-5.2042e-18,0,0,0,0.00068731,0,0,0,0.0013123,0,0,0,0.0014274,0,0,0,0.0016383,0,0,0,1.7347e-18,0,-2.7756e-17
0,-5.2042e-18,0.00094743,-5.2042e-18,1.3878e-17,-5.2042e-18,0.0015151,-5.2042e-18,1.3878e-17,-5.2042e-18,0.0015002,-5.2042e-18,1.3878e-17,-5.2042e-18,0.0014976,-5.2042e-18,1.3878e-17,-5.2042e-18,0.0014974,-5.2042e-18,1.3878e-17,-5.2042e-18,0.001494,-5.2042e-18,1.3878e-17,-5.2042e-18,0.0015261,-5.2042e-18,1.3878e-17,-5.2042e-18,0.0016747,-5.2042e-18,1.3878e-17,-5.2042e-18,0.0018016,-5.2042e-18,1.3878e-17,-5.2042e-18,0.0018306,-5.2042e-18,1.3878e-17,-5.2042e-18,0.0018346,-5.2042e-18,1.3878e-17,-5.2042e-18,0.0018387,-5.2042e-18,1.3878e-17,-5.2042e-18,0.0018416,-5.2042e-18,1.3878e-17,-5.2042e-18,0.0018438,-5.2042e-18,1.3878e-17,-5.2042e-18,0.0018463,-5.2042e-18,1.3878e-17,-5.2042e-18,0.0018489,-5.2042e-18,1.3878e-17,-5.2042e-18,0.0018568,-5.2042e-18,1.3878e-17,-5.2042e-18,0.0017176,-5.2042e-18,0,-5.2042e-18,0,-5.2042e-18,1.3878e-17,1.7347e-18,0.0003345,0,0,0.0013744,0.0011597,0.0014734,0,0.0015849,0.0010796,0.0016904,0,0.0017565,0.0010335,0.001803,0,0.0017903,0.0011125,0.0016662,0,0.00048945,0.0011816,0.00028365,0
0,5.2042e-18,-0.0017898,5.2042e-18,-1.3878e-17,5.2042e-18,-0.0021009,5.2042e-18,-1.3878e-17,5.2042e-18,-0.0021133,5.2042e-18,-1.3878e-17,5.2042e-18,-0.0021123,5.2042e-18,-1.3878e-17,5.2042e-18,-0.0021125,5.2042e-18,-1.3878e-17,5.2042e-18,-0.002112,5.2042e-18,-1.3878e-17,5.2042e-18,-0.0021229,5.2042e-18,-1.3878e-17,5.2042e-18,-0.0021675,5.2042e-18,-1.3878e-17,5.2042e-18,-0.0022126,5.2042e-18,-1.3878e-17,5.2042e-18,-0.0022217,5.2042e-18,-1.3878e-17,5.2042e-18,-0.0022226,5.2042e-18,-1.3878e-17,5.2042e-18,-0.002223,5.2042e-18,-1.3878e-17,5.2042e-18,-0.002223,5.2042e-18,-1.3878e-17,5.2042e-18,-0.0022238,5.2042e-18,-1.3878e-17,5.2042e-18,-0.0022245,5.2042e-18,-1.3878e-17,5.2042e-18,-0.002225,5.2042e-18,-1.3878e-17,5.2042e-18,-0.0022283,5.2042e-18,-1.3878e-17,5.2042e-18,-0.0021229,5.2042e-18,-1.3878e-17,5.2042e-18,-0.00082789,0,0,-1.7347e-18,-0.0010282,-0.0008017,0,-0.0017169,-0.0012928,-0.0018076,0,-0.0016736,-0.0011318,-0.0017686,0,-0.001787,-0.0010959,-0.0018313,0,-0.0018305,-0.0012565,-0.001668,0,-0.00062537,-0.001008,-0.00042299,0
0,-1.3878e-17,5.2042e-18,-1.3878e-17,0,-1.3878e-17,5.2042e-18,-1.3878e-17,0,-1.3878e-17,5.2042e-18,-1.3878e-17,0,-1.3878e-17,5.2042e-18,-1.3878e-17,0,-1.3878e-17,5.2042e-18,-1.3878e-17,0,-1.3878e-17,5.2042e-18,-1.3878e-17,0,-1.3878e-17,5.2042e-18,-1.3878e-17,0,-1.3878e-17,5.2042e-18,-1.3878e-17,0,-1.3878e-17,5.2042e-18,-1.3878e-17,0,-1.3878e-17,5.2042e-18,-1.3878e-17,0,-1.3878e-17,5.2042e-18,-1.3878e-17,0,-1.3878e-17,5.2042e-18,-1.3878e-17,0,-1.3878e-17,5.2042e-18,-1.3878e-17,0,-1.3878e-17,5.2042e-18,-1.3878e-17,0,-1.3878e-17,5.2042e-18,-1.3878e-17,0,-1.3878e-17,5.2042e-18,-1.3878e-17,0,-1.3878e-17,5.2042e-18,-1.3878e-17,0,-1.3878e-17,5.2042e-18,-1.3878e-17,0,-1.3878e-17,5.2042e-18,0,0,0,0,0,0,0,-0.0020193,0,0,0,-0.001779,0,0,0,-0.0018438,0,0,0,-0.0018595,0,0,0,-0.00036023,0,-2.7756e-17
0,0,-5.2042e-18,1.3878e-17,0,1.3878e-17,-5.2042e-18,1.3878e-17,0,1.3878e-17,-5.2042e-18,1.3878e-17,0,1.3878e-17,-5.2042e-18,1.3878e-17,0,1.3878e-17,-5.2042e-18,1.3878e-17,0,1.3878e-17,-5.2042e-18,1.3878e-17,0,1.3878e-17,-5.2042e-18,1.3878e-17,0,1.3878e-17,-5.2042e-18,1.3878e-17,0,1.3878e-17,-5.2042e-18,1.3878e-17,0,1.3878e-17,-5.2042e-18,1.3878e-17,0,1.3878e-17,-5.2042e-18,1.3878e-17,0,1.3878e-17,-5.2042e-18,1.3878e-17,0,1.3878e-17,-5.2042e-18,1.3878e-17,0,1.3878e-17,-5.2042e-18,1.3878e-17,0,1.3878e-17,-5.2042e-18,1.3878e-17,0,1.3878e-17,-5.2042e-18,1.3878e-17,0,1.3878e-17,-5.2042e-18,1.3878e-17,0,1.3878e-17,-5.2042e-18,1.3878e-17,0,0,-5.2042e-18,0,0,0,0,0,0,0,0.00167,0,0,0,0.0016089,0,0,0,0.0017173,0,0,0,0.0017276,0,0,0,8.6873e-05,0,0
0,-5.2042e-18,0.0012077,-5.2042e-18,1.3878e-17,-5.2042e-18,0.0018285,-5.2042e-18,1.3878e-17,-5.2042e-18,0.0018154,-5.2042e-18,1.3878e-17,-5.2042e-18,0.001813,-5.2042e-18,1.3878e-17,-5.2042e-18,0.0018134,-5.2042e-18,1.3878e-17,-5.2042e-18,0.0018132,-5.2042e-18,1.3878e-17,-5.2042e-18,0.0018146,-5.2042e-18,1.3878e-17,-5.2042e-18,0.0018189,-5.2042e-18,1.3878e-17,-5.2042e-18,0.0018235,-5.2042e-18,1.3878e-17,-5.2042e-18,0.0018245,-5.2042e-18,1.3878e-17,-5.2042e-18,0.001825,-5.2042e-18,1.3878e-17,-5.2042e-18,0.0018246,-5.2042e-18,1.3878e-17,-5.2042e-18,0.0018248,-5.2042e-18,1.3878e-17,-5.2042e-18,0.0018244,-5.2042e-18,1.3878e-17,-5.2042e-18,0.0018245,-5.2042e-18,1.3878e-17,-5.2042e-18,0.0018256,-5.2042e-18,1.3878e-17,-5.2042e-18,0.0018649,-5.2042e-18,1.3878e-17,-5.2042e-18,0.0010996,-5.2042e-18,0,-6.9389e-18,0,-5.2042e-18,-6.9389e-18,-5.2042e-18,0.00083648,8.9412e-05,0,0.0017416,0.0010298,0.0017119,0,0.0016074,0.0010538,0.0017334,0,0.0017648,0.0010161,0.0017864,0,0.0017804,0.0011567,0.0016302,0,0.00054054,0.0010296,0.00025175,0
0,5.2042e-18,-0.0018933,5.2042e-18,-1.3878e-17,5.2042e-18,-0.0022441,5.2042e-18,-1.3878e-17,5.2042e-18,-0.0022559,5.2042e-18,-1.3878e-17,5.2042e-18,-0.0022552,5.2042e-18,-1.3878e-17,5.2042e-18,-0.0022554,5.2042e-18,-1.3878e-17,5.2042e-18,-0.0022552,5.2042e-18,-1.3878e-17,5.2042e-18,-0.0022551,5.2042e-18,-1.3878e-17,5.2042e-18,-0.002256,5.2042e-18,-1.3878e-17,5.2042e-18,-0.002257,5.2042e-18,-1.3878e-17,5.2042e-18,-0.0022575,5.2042e-18,-1.3878e-17,5.2042e-18,-0.0022577,5.2042e-18,-1.3878e-17,5.2042e-18,-0.0022576,5.2042e-18,-1.3878e-17,5.2042e-18,-0.0022572,5.2042e-18,-1.3878e-17,5.2042e-18,-0.0022574,5.2042e-18,-1.3878e-17,5.2042e-18,-0.0022578,5.2042e-18,-1.3878e-17,5.2042e-18,-0.0022583,5.2042e-18,-1.3878e-17,5.2042e-18,-0.002251,5.2042e-18,-1.3878e-17,5.2042e-18,-0.0020983,5.2042e-18,-1.3878e-17,5.2042e-18,-0.0014359,-0.00089321,0,-0.00014295,-0.0012051,-0.0013216,0,-0.0016807,-0.0011753,-0.0018137,0,-0.001719,-0.0011123,-0.0017878,0,-0.0018038,-0.001078,-0.0018222,0,-0.0018166,-0.0012201,-0.0016687,0,-0.00065387,-0.0010239,-0.00048536,0
0,-1.3878e-17,5.2042e-18,-1.3878e-17,0,-1.3878e-17,5.2042e-18,-1.3878e-17,0,-1.3878e-17,5.2042e-18,-1.3878e-17,0,-1.3878e-17,5.2042e-18,-1.3878e-17,0,-1.3878e-17,5.2042e-18,-1.3878e-17,0,-1.3878e-17,5.2042e-18,-1.3878e-17,0,-1.3878e-17,5.2042e-18,-1.3878e-17,0,-1.3878e-17,5.2042e-18,-1.3878e-17,0,-1.3878e-17,5.2042e-18,-1.3878e-17,0,-1.3878e-17,5.2042e-18,-1.3878e-17,0,-1.3878e-17,5.2042e-18,-1.3878e-17,0,-1.3878e-17,5.2042e-18,-1.3878e-17,0,-1.3878e-17,5.2042e-18,-1.3878e-17,0,-1.3878e-17,5.2042e-18,-1.3878e-17,0,-1.3878e-17,5.2042e-18,-1.3878e-17,0,-1.3878e-17,5.2042e-18,-1.3878e-17,0,-1.3878e-17,5.2042e-18,-1.3878e-17,0,-1.3878e-17,5.2042e-18,-1.3878e-17,0,-1.3878e-17,5.2042e-18,0,0,0,-0.00107,0,0,0,-0.0018465,0,0,0,-0.0017854,0,0,0,-0.0018238,0,0,0,-0.0018349,0,0,0,-0.00034698,0,0
0,1.3878e-17,-5.2042e-18,1.3878e-17,0,1.3878e-17,-5.2042e-18,1.3878e-17,0,1.3878e-17,-5.2042e-18,1.3878e-17,0,1.3878e-17,-5.2042e-18,1.3878e-17,0,1.3878e-17,-5.2042e-18,1.3878e-17,0,1.3878e-17,-5.2042e-18,1.3878e-17,0,1.3878e-17,-5.2042e-18,1.3878e-17,0,1.3878e-17,-5.2042e-18,1.3878e-17,0,1.3878e-17,-5.2042e-18,1.3878e-17,0,1.3878e-17,-5.2042e-18,1.3878e-17,0,1.3878e-17,-5.2042e-18,1.3878e-17,0,1.3878e-17,-5.2042e-18,1.3878e-17,0,1.3878e-17,-5.2042e-18,1.3878e-17,0,1.3878e-17,-5.2042e-18,1.3878e-17,0,1.3878e-17,-5.2042e-18,1.3878e-17,0,1.3878e-17,-5.2042e-18,1.3878e-17,0,1.3878e-17,-5.2042e-18,1.3878e-17,0,1.3878e-17,-5.2042e-18,1.3878e-17,0,1.3878e-17,-5.2042e-18,0,0,0,0,0,0,0,0.0017488,0,0,0,0.0016746,0,0,0,0.0017343,0,0,0,0.0017453,0,0,0,0.00015348,0,0
0,-5.2042e-18,0.0012756,-5.2042e-18,1.3878e-17,-5.2042e-18,0.0019093,-5.2042e-18,1.3878e-17,-5.2042e-18,0.0018704,-5.2042e-18,1.3878e-17,-5.2042e-18,0.0018678,-5.2042e-18,1.3878e-17,-5.2042e-18,0.0018682,-5.2042e-18,1.3878e-17,-5.2042e-18,0.0018682,-5.2042e-18,1.3878e-17,-5.2042e-18,0.0018681,-5.2042e-18,1.3878e-17,-5.2042e-18,0.0018677,-5.2042e-18,1.3878e-17,-5.2042e-18,0.0018679,-5.2042e-18,1.3878e-17,-5.2042e-18,0.0018676,-5.2042e-18,1.3878e-17,-5.2042e-18,0.0018678,-5.2042e-18,1.3878e-17,-5.2042e-18,0.0018673,-5.2042e-18,1.3878e-17,-5.2042e-18,0.0018673,-5.2042e-18,1.3878e-17,-5.2042e-18,0.001867,-5.2042e-18,1.3878e-17,-5.2042e-18,0.0018671,-5.2042e-18,1.3878e-17,-5.2042e-18,0.0018712,-5.2042e-18,1.3878e-17,-5.2042e-18,0.0019638,-5.2042e-18,1.3878e-17,-5.2042e-18,0,-5.2042e-18,1.3878e-17,-5.2042e-18,0,0,0,0,0.0014862,0.00093862,0,0.0017292,0.0010766,0.0017479,0,0.0016726,0.0010437,0.0017504,0,0.0017748,0.0010153,0.0017839,0,0.0017785,0.0011553,0.0016343,0,0.0005773,0.0010224,0.00029484,0
0,5.2042e-18,-0.0018987,5.2042e-18,-1.3878e-17,5.2042e-18,-0.0022738,5.2042e-18,-1.3878e-17,5.2042e-18,-0.00226,5.2042e-18,-1.3878e-17,5.2042e-18,-0.0022593,5.2042e-18,-1.3878e-17,5.2042e-18,-0.0022594,5.2042e-18,-1.3878e-17,5.2042e-18,-0.0022591,5.2042e-18,-1.3878e-17,5.2042e-18,-0.0022586,5.2042e-18,-1.3878e-17,5.2042e-18,-0.0022583,5.2042e-18,-1.3878e-17,5.2042e-18,-0.0022583,5.2042e-18,-1.3878e-17,5.2042e-18,-0.0022585,5.2042e-18,-1.3878e-17,5.2042e-18,-0.0022586,5.2042e-18,-1.3878e-17,5.2042e-18,-0.0022585,5.2042e-18,-1.3878e-17,5.2042e-18,-0.0022582,5.2042e-18,-1.3878e-17,5.2042e-18,-0.0022583,5.2042e-18,-1.3878e-17,5.2042e-18,-0.0022588,5.2042e-18,-1.3878e-17,5.2042e-18,-0.0022606,5.2042e-18,-1.3878e-17,5.2042e-18,-0.0022281,5.2042e-18,-1.3878e-17,5.2042e-18,-0.0015492,5.2042e-18,6.9389e-18,5.2042e-18,-0.001235,-0.00066574,0,-0.00083065,-0.0017276,-0.0017199,0,-0.0016497,-0.0011538,-0.0017906,0,-0.0017501,-0.001099,-0.0017877,0,-0.0018076,-0.0010674,-0.0018143,0,-0.0018091,-0.0012078,-0.0016694,0,-0.00068452,-0.0010178,-0.00052326,0
0,-1.3878e-17,5.2042e-18,-1.3878e-17,0,-1.3878e-17,5.2042e-18,-1.3878e-17,0,-1.3878e-17,5.2042e-18,-1.3878e-17,0,-1.3878e-17,5.2042e-18,-1.3878e-17,0,-1.3878e-17,5.2042e-18,-1.3878e-17,0,-1.3878e-17,5.2042e-18,-1.3878e-17,0,-1.3878e-17,5.2042e-18,-1.3878e-17,0,-1.3878e-17,5.2042e-18,-1.3878e-17,0,-1.3878e-17,5.2042e-18,-1.3878e-17,0,-1.3878e-17,5.2042e-18,-1.3878e-17,0,-1.3878e-17,5.2042e-18,-1.3878e-17,0,-1.3878e-17,5.2042e-18,-1.3878e-17,0,-1.3878e-17,5.2042e-18,-1.3878e-17,0,-1.3878e-17,5.2042e-18,-1.3878e-17,0,-1.3878e-17,5.2042e-18,-1.3878e-17,0,-1.3878e-17,5.2042e-18,-1.3878e-17,0,-1.3878e-17,5.2042e-18,-1.3878e-17,0,-1.3878e-17,5.2042e-18,0,0,6.9389e-18,0,0,0,0,-0.0018491,0,0,0,-0.001749,0,0,0,-0.0017986,0,0,0,-0.0018208,0,0,0,-0.0018326,0,0,0,-0.00038411,0,0
0,1.3878e-17,-5.2042e-18,1.3878e-17,0,1.3878e-17,-5.2042e-18,1.3878e-17,0,1.3878e-17,-5.2042e-18,1.3878e-17,0,1.3878e-17,-5.2042e-18,1.3878e-17,0,1.3878e-17,-5.2042e-18,1.3878e-17,0,1.3878e-17,-5.2042e-18,1.3878e-17,0,1.3878e-17,-5.2042e-18,1.3878e-17,0,1.3878e-17,-5.2042e-18,1.3878e-17,0,1.3878e-17,-5.2042e-18,1.3878e-17,0,1.3878e-17,-5.2042e-18,1.3878e-17,0,1.3878e-17,-5.2042e-18,1.3878e-17,0,1.3878e-17,-5.2042e-18,1.3878e-17,0,1.3878e-17,-5.2042e-18,1.3878e-17,0,1.3878e-17,-5.2042e-18,1.3878e-17,0,1.3878e-17,-5.2042e-18,1.3878e-17,0,1.3878e-17,-5.2042e-18,1.3878e-17,0,1.3878e-17,-5.2042e-18,1.3878e-17,0,1.3878e-17,-5.2042e-18,0,0,0,-5.2042e-18,0,0,0,0.00057457,0,0,0,0.001626,0,0,0,0.0017029,0,0,0,0.0017358,0,0,0,0.0017482,0,2.7756e-17,0,0.00019999,0,-2.7756e-17
0,-5.2042e-18,0.0013369,-5.2042e-18,1.3878e-17,-5.2042e-18,0.0019728,-5.2042e-18,1.3878e-17,-5.2042e-18,0.0019171,-5.2042e-18,1.3878e-17,-5.2042e-18,0.0019148,-5.2042e-18,1.3878e-17,-5.2042e-18,0.001915,-5.2042e-18,1.3878e-17,-5.2042e-18,0.0019148,-5.2042e-18,1.3878e-17,-5.2042e-18,0.0019146,-5.2042e-18,1.3878e-17,-5.2042e-18,0.0019144,-5.2042e-18,1.3878e-17,-5.2042e-18,0.0019145,-5.2042e-18,1.3878e-17,-5.2042e-18,0.0019141,-5.2042e-18,1.3878e-17,-5.2042e-18,0.0019142,-5.2042e-18,1.3878e-17,-5.2042e-18,0.0019139,-5.2042e-18,1.3878e-17,-5.2042e-18,0.0019137,-5.2042e-18,1.3878e-17,-5.2042e-18,0.0019131,-5.2042e-18,1.3878e-17,-5.2042e-18,0.001914,-5.2042e-18,1.3878e-17,-5.2042e-18,0.0019194,-5.2042e-18,1.3878e-17,-5.2042e-18,0.0018634,-5.2042e-18,1.3878e-17,-5.2042e-18,0,-5.2042e-18,1.3878e-17,-5.2042e-18,0.00014969,0,0,0.00088388,0.0011945,0.0013918,0,0.0015942,0.0010885,0.0017145,0,0.0017214,0.0010314,0.001747,0,0.0017802,0.0010095,0.0017788,0,0.0017739,0.0011482,0.0016378,0,0.00061247,0.0010215,0.00033005,0
0,5.2042e-18,-0.0018993,5.2042e-18,-1.3878e-17,5.2042e-18,-0.0022912,5.2042e-18,-1.3878e-17,5.2042e-18,-0.0022603,5.2042e-18,-1.3878e-17,5.2042e-18,-0.0022594,5.2042e-18,-1.3878e-17,5.2042e-18,-0.0022596,5.2042e-18,-1.3878e-17,5.2042e-18,-0.0022593,5.2042e-18,-1.3878e-17,5.2042e-18,-0.0022587,5.2042e-18,-1.3878e-17,5.2042e-18,-0.0022585,5.2042e-18,-1.3878e-17,5.2042e-18,-0.0022584,5.2042e-18,-1.3878e-17,5.2042e-18,-0.0022586,5.2042e-18,-1.3878e-17,5.2042e-18,-0.0022586,5.2042e-18,-1.3878e-17,5.2042e-18,-0.0022584,5.2042e-18,-1.3878e-17,5.2042e-18,-0.0022582,5.2042e-18,-1.3878e-17,5.2042e-18,-0.0022584,5.2042e-18,-1.3878e-17,5.2042e-18,-0.0022587,5.2042e-18,-1.3878e-17,5.2042e-18,-0.0022611,5.2042e-18,-1.3878e-17,5.2042e-18,-0.0021941,5.2042e-18,-1.3878e-17,5.2042e-18,-0.00097633,0,0,0,-0.0011518,-0.00089699,0,-0.0016061,-0.0013386,-0.0018147,0,-0.0016725,-0.0011392,-0.0017816,0,-0.0017741,-0.0010873,-0.0017826,0,-0.0018132,-0.001061,-0.0018091,0,-0.0018035,-0.0011997,-0.0016689,0,-0.00071213,-0.0010145,-0.00055292,0
5.5511e-17,-1.3878e-17,5.2042e-18,-1.3878e-17,0,-1.3878e-17,5.2042e-18,-1.3878e-17,-5.5511e-17,-1.3878e-17,5.2042e-18,-1.3878e-17,5.5511e-17,-1.3878e-17,5.2042e-18,-1.3878e-17,0,-1.3878e-17,5.2042e-18,-1.3878e-17,0,-1.3878e-17,5.2042e-18,-1.3878e-17,0,-1.3878e-17,5.2042e-18,-1.3878e-17,0,-1.3878e-17,5.2042e-18,-1.3878e-17,5.5511e-17,-1.3878e-17,5.2042e-18,-1.3878e-17,0,-1.3878e-17,5.2042e-18,-1.3878e-17,0,-1.3878e-17,5.2042e-18,-1.3878e-17,0,-1.3878e-17,5.2042e-18,-1.3878e-17,-5.5511e-17,-1.3878e-17,5.2042e-18,-1.3878e-17,0,-1.3878e-17,5.2042e-18,-1.3878e-17,0,-1.3878e-17,5.2042e-18,-1.3878e-17,0,-1.3878e-17,5.2042e-18,-1.3878e-17,0,-1.3878e-17,5.2042e-18,-1.3878e-17,0,-1.3878e-17,5.2042e-18,0,0,0,0,0,0,0,-0.0019871,0,0,0,-0.0017516,0,0,0,-0.0018042,0,0,0,-0.0018205,0,0,0,-0.0018298,0,2.7756e-17,0,-0.00042016,0,2.7756e-17
0,1.3878e-17,-5.2042e-18,1.3878e-17,-5.5511e-17,1.3878e-17,-5.2042e-18,1.3878e-17,0,1.3878e-17,-5.2042e-18,1.3878e-17,0,1.3878e-17,-5.2042e-18,1.3878e-17,0,1.3878e-17,-5.2042e-18,1.3878e-17,0,1.3878e-17,-5.2042e-18,1.3878e-17,0,1.3878e-17,-5.2042e-18,1.3878e-17,-5.5511e-17,1.3878e-17,-5.2042e-18,1.3878e-17,0,1.3878e-17,-5.2042e-18,1.3878e-17,0,1.3878e-17,-5.2042e-18,1.3878e-17,0,1.3878e-17,-5.2042e-18,1.3878e-17,-5.5511e-17,1.3878e-17,-5.2042e-18,1.3878e-17,0,1.3878e-17,-5.2042e-18,1.3878e-17,-5.5511e-17,1.3878e-17,-5.2042e-18,1.3878e-17,0,1.3878e-17,-5.2042e-18,1.3878e-17,0,1.3878e-17,-5.2042e-18,1.3878e-17,0,1.3878e-17,-5.2042e-18,1.3878e-17,0,1.3878e-17,-5.2042e-18,0,0,0,0,0,0,0,0.0015485,0,0,0,0.0016074,0,0,0,0.0017118,0,0,0,0.0017364,0,0,0,0.0017499,0,2.7756e-17,0,0.0002472,0,0
0,-5.2042e-18,0.0013948,-5.2042e-18,1.3878e-17,-5.2042e-18,0.0020168,-5.2042e-18,1.3878e-17,-5.2042e-18,0.0019606,-5.2042e-18,1.3878e-17,-5.2042e-18,0.0019584,-5.2042e-18,1.3878e-17,-5.2042e-18,0.0019583,-5.2042e-18,1.3878e-17,-5.2042e-18,0.0019584,-5.2042e-18,1.3878e-17,-5.2042e-18,0.001958,-5.2042e-18,1.3878e-17,-5.2042e-18,0.001958,-5.2042e-18,1.3878e-17,-5.2042e-18,0.001958,-5.2042e-18,1.3878e-17,-5.2042e-18,0.0019578,-5.2042e-18,1.3878e-17,-5.2042e-18,0.0019581,-5.2042e-18,1.3878e-17,-5.2042e-18,0.0019578,-5.2042e-18,1.3878e-17,-5.2042e-18,0.0019572,-5.2042e-18,1.3878e-17,-5.2042e-18,0.0019574,-5.2042e-18,1.3878e-17,-5.2042e-18,0.0019593,-5.2042e-18,1.3878e-17,-5.2042e-18,0.0019948,-5.2042e-18,1.3878e-17,-5.2042e-18,0.0013583,-5.2042e-18,1.3878e-17,-5.2042e-18,0,-5.2042e-18,-6.9389e-18,-5.2042e-18,0.00088607,6.6039e-05,0,0.0016979,0.001056,0.0016723,0,0.0015738,0.001069,0.0017225,0,0.0017468,0.0010226,0.0017431,0,0.0017853,0.0010035,0.001774,0,0.0017689,0.0011431,0.0016392,0,0.00064526,0.0010206,0.00036322,0
-1.3878e-17,5.2042e-18,-0.0018997,5.2042e-18,-1.3878e-17,5.2042e-18,-0.0022909,5.2042e-18,-1.3878e-17,5.2042e-18,-0.0022606,5.2042e-18,-1.3878e-17,5.2042e-18,-0.0022597,5.2042e-18,-1.3878e-17,5.2042e-18,-0.0022598,5.2042e-18,-1.3878e-17,5.2042e-18,-0.0022596,5.2042e-18,-1.3878e-17,5.2042e-18,-0.0022591,5.2042e-18,-1.3878e-17,5.2042e-18,-0.002259,5.2042e-18,-1.3878e-17,5.2042e-18,-0.0022588,5.2042e-18,-1.3878e-17,5.2042e-18,-0.0022589,5.2042e-18,-1.3878e-17,5.2042e-18,-0.0022589,5.2042e-18,-1.3878e-17,5.2042e-18,-0.0022588,5.2042e-18,-1.3878e-17,5.2042e-18,-0.0022585,5.2042e-18,-1.3878e-17,5.2042e-18,-0.0022586,5.2042e-18,-1.3878e-17,5.2042e-18,-0.0022592,5.2042e-18,-1.3878e-17,5.2042e-18,-0.002251,5.2042e-18,-1.3878e-17,5.2042e-18,-0.0021651,5.2042e-18,-1.3878e-17,5.2042e-18,-0.0015385,-0.0010349,0,-0.00014588,-0.0012803,-0.0013416,0,-0.0016685,-0.0011914,-0.0018082,0,-0.0016959,-0.0011192,-0.001784,0,-0.0017856,-0.0010762,-0.001776,0,-0.0018193,-0.0010546,-0.0018044,0,-0.0017974,-0.0011931,-0.0016667,0,-0.00073823,-0.0010114,-0.00058427,0
0,-1.3878e-17,5.2042e-18,-1.3878e-17,0,-1.3878e-17,5.2042e-18,-1.3878e-17,0,-1.3878e-17,5.2042e-18,-1.3878e-17,0,-1.3878e-17,5.2042e-18,-1.3878e-17,0,-1.3878e-17,5.2042e-18,-1.3878e-17,5.5511e-17,-1.3878e-17,5.2042e-18,-1.3878e-17,5.5511e-17,-1.3878e-17,5.2042e-18,-1.3878e-17,0,-1.3878e-17,5.2042e-18,-1.3878e-17,0,-1.3878e-17,5.2042e-18,-1.3878e-17,-5.5511e-17,-1.3878e-17,5.2042e-18,-1.3878e-17,5.5511e-17,-1.3878e-17,5.2042e-18,-1.3878e-17,0,-1.3878e-17,5.2042e-18,-1.3878e-17,5.5511e-17,-1.3878e-17,5.2042e-18,-1.3878e-17,0,-1.3878e-17,5.2042e-18,-1.3878e-17,-5.5511e-17,-1.3878e-17,5.2042e-18,-1.3878e-17,0,-1.3878e-17,5.2042e-18,-1.3878e-17,-5.5511e-17,-1.3878e-17,5.2042e-18,-1.3878e-17,0,-1.3878e-17,0,0,0,0,-0.0011564,0,0,0,-0.0018329,0,0,0,-0.0017705,0,0,0,-0.0018041,0,0,0,-0.0018208,0,0,0,-0.0018255,0,0,0,-0.0004577,0,2.7756e-17
0,1.3878e-17,-5.2042e-18,1.3878e-17,0,1.3878e-17,-5.2042e-18,1.3878e-17,0,1.3878e-17,-5.2042e-18,1.3878e-17,0,1.3878e-17,-5.2042e-18,1.3878e-17,0,1.3878e-17,-5.2042e-18,1.3878e-17,0,1.3878e-17,-5.2042e-18,1.3878e-17,-5.5511e-17,1.3878e-17,-5.2042e-18,1.3878e-17,0,1.3878e-17,-5.2042e-18,1.3878e-17,5.5511e-17,1.3878e-17,-5.2042e-18,1.3878e-17,0,1.3878e-17,-5.2042e-18,1.3878e-17,-5.5511e-17,1.3878e-17,-5.2042e-18,1.3878e-17,0,1.3878e-17,-5.2042e-18,1.3878e-17,0,1.3878e-17,-5.2042e-18,1.3878e-17,0,1.3878e-17,-5.2042e-18,1.3878e-17,0,1.3878e-17,-5.2042e-18,1.3878e-17,0,1.3878e-17,-5.2042e-18,1.3878e-17,-5.5511e-17,1.3878e-17,-5.2042e-18,1.3878e-17,-5.5511e-17,1.3878e-17,-5.2042e-18,0,0,0,0,0,0,0,0.0016936,0,0,0,0.0016488,0,0,0,0.0017166,0,0,0,0.0017376,0,0,0,0.0017493,0,0,0,0.00029294,0,-2.7756e-17
1.3878e-17,-5.2042e-18,0.0014518,-5.2042e-18,1.3878e-17,-5.2042e-18,0.0020137,-5.2042e-18,1.3878e-17,-5.2042e-18,0.001999,-5.2042e-18,1.3878e-17,-5.2042e-18,0.0019981,-5.2042e-18,1.3878e-17,-5.2042e-18,0.0019982,-5.2042e-18,1.3878e-17,-5.2042e-18,0.0019983,-5.2042e-18,1.3878e-17,-5.2042e-18,0.0019981,-5.2042e-18,1.3878e-17,-5.2042e-18,0.0019979,-5.2042e-18,1.3878e-17,-5.2042e-18,0.0019978,-5.2042e-18,1.3878e-17,-5.2042e-18,0.0019979,-5.2042e-18,1.3878e-17,-5.2042e-18,0.001998,-5.2042e-18,1.3878e-17,-5.2042e-18,0.0019977,-5.2042e-18,1.3878e-17,-5.2042e-18,0.0019976,-5.2042e-18,1.3878e-17,-5.2042e-18,0.0019978,-5.2042e-18,1.3878e-17,-5.2042e-18,0.0019992,-5.2042e-18,1.3878e-17,-5.2042e-18,0.0020287,-5.2042e-18,1.3878e-17,-5.2042e-18,8.946e-05,-5.2042e-18,1.3878e-17,-5.2042e-18,0,0,0,0,0.0014741,0.00097248,0,0.0016999,0.0010904,0.0017205,0,0.0016354,0.0010556,0.0017417,0,0.0017567,0.0010156,0.0017381,0,0.0017914,0.00099781,0.0017701,0,0.0017639,0.0011396,0.0016387,0,0.00067661,0.0010201,0.00039698,0
-1.3878e-17,5.2042e-18,-0.0019003,5.2042e-18,-1.3878e-17,5.2042e-18,-0.0022725,5.2042e-18,-1.3878e-17,5.2042e-18,-0.0022575,5.2042e-18,-1.3878e-17,5.2042e-18,-0.0022569,5.2042e-18,-1.3878e-17,5.2042e-18,-0.0022571,5.2042e-18,-1.3878e-17,5.2042e-18,-0.002257,5.2042e-18,-1.3878e-17,5.2042e-18,-0.0022566,5.2042e-18,-1.3878e-17,5.2042e-18,-0.0022566,5.2042e-18,-1.3878e-17,5.2042e-18,-0.0022563,5.2042e-18,-1.3878e-17,5.2042e-18,-0.0022561,5.2042e-18,-1.3878e-17,5.2042e-18,-0.0022562,5.2042e-18,-1.3878e-17,5.2042e-18,-0.0022561,5.2042e-18,-1.3878e-17,5.2042e-18,-0.0022557,5.2042e-18,-1.3878e-17,5.2042e-18,-0.0022558,5.2042e-18,-1.3878e-17,5.2042e-18,-0.002257,5.2042e-18,-1.3878e-17,5.2042e-18,-0.0022081,5.2042e-18,-1.3878e-17,5.2042e-18,-0.001648,0,6.9389e-18,5.2042e-18,-0.0013366,-0.0007753,0,-0.00085317,-0.0016926,-0.0017222,0,-0.0016279,-0.0011628,-0.0017865,0,-0.001729,-0.001107,-0.0017878,0,-0.0017918,-0.0010678,-0.0017696,0,-0.0018254,-0.001048,-0.0018002,0,-0.0017911,-0.0011877,-0.0016635,0,-0.00076361,-0.0010088,-0.00061646,0
0,-1.3878e-17,5.2042e-18,-1.3878e-17,0,-1.3878e-17,5.2042e-18,-1.3878e-17,0,-1.3878e-17,5.2042e-18,-1.3878e-17,0,-1.3878e-17,5.2042e-18,-1.3878e-17,0,-1.3878e-17,5.2042e-18,-1.3878e-17,0,-1.3878e-17,5.2042e-18,-1.3878e-17,0,-1.3878e-17,5.2042e-18,-1.3878e-17,0,-1.3878e-17,5.2042e-18,-1.3878e-17,0,-1.3878e-17,5.2042e-18,-1.3878e-17,0,-1.3878e-17,5.2042e-18,-1.3878e-17,0,-1.3878e-17,5.2042e-18,-1.3878e-17,0,-1.3878e-17,5.2042e-18,-1.3878e-17,0,-1.3878e-17,5.2042e-18,-1.3878e-17,0,-1.3878e-17,5.2042e-18,-1.3878e-17,0,-1.3878e-17,5.2042e-18,-1.3878e-17,0,-1.3878e-17,5.2042e-18,-1.3878e-17,0,-1.3878e-17,5.2042e-18,6.9389e-18,0,6.9389e-18,0,0,0,0,-0.0018108,0,0,0,-0.001733,0,0,0,-0.0017896,0,0,0,-0.0018035,0,0,0,-0.0018211,0,0,0,-0.0018202,0,0,0,-0.00049693,0,0
0,1.3878e-17,-5.2042e-18,1.3878e-17,0,1.3878e-17,-5.2042e-18,1.3878e-17,0,1.3878e-17,-5.2042e-18,1.3878e-17,0,1.3878e-17,-5.2042e-18,1.3878e-17,0,1.3878e-17,-5.2042e-18,1.3878e-17,0,1.3878e-17,-5.2042e-18,1.3878e-17,0,1.3878e-17,-5.2042e-18,1.3878e-17,0,1.3878e-17,-5.2042e-18,1.3878e-17,0,1.3878e-17,-5.2042e-18,1.3878e-17,0,1.3878e-17,-5.2042e-18,1.3878e-17,0,1.3878e-17,-5.2042e-18,1.3878e-17,0,1.3878e-17,-5.2042e-18,1.3878e-17,0,1.3878e-17,-5.2042e-18,1.3878e-17,0,1.3878e-17,-5.2042e-18,1.3878e-17,0,1.3878e-17,-5.2042e-18,1.3878e-17,0,1.3878e-17,-5.2042e-18,1.3878e-17,0,1.3878e-17,-5.2042e-18,0,0,0,-5.2042e-18,0,0,0,0.00061233,0,0,0,0.0015944,0,0,0,0.0016871,0,0,0,0.0017184,0,0,0,0.0017396,0,0,0,0.0017473,0,0,0,0.0003369,0,-2.7756e-17
1.3878e-17,-5.2042e-18,0.00151,-5.2042e-18,1.3878e-17,-5.2042e-18,0.0019907,-5.2042e-18,1.3878e-17,-5.2042e-18,0.0019751,-5.2042e-18,1.3878e-17,-5.2042e-18,0.0019744,-5.2042e-18,1.3878e-17,-5.2042e-18,0.0019745,-5.2042e-18,1.3878e-17,-5.2042e-18,0.0019745,-5.2042e-18,1.3878e-17,-5.2042e-18,0.0019742,-5.2042e-18,1.3878e-17,-5.2042e-18,0.0019742,-5.2042e-18,1.3878e-17,-5.2042e-18,0.0019742,-5.2042e-18,1.3878e-17,-5.2042e-18,0.0019741,-5.2042e-18,1.3878e-17,-5.2042e-18,0.001974,-5.2042e-18,1.3878e-17,-5.2042e-18,0.0019738,-5.2042e-18,1.3878e-17,-5.2042e-18,0.0019739,-5.2042e-18,1.3878e-17,-5.2042e-18,0.0019743,-5.2042e-18,1.3878e-17,-5.2042e-18,0.0019768,-5.2042e-18,1.3878e-17,-5.2042e-18,0.0019744,-5.2042e-18,1.3878e-17,-5.2042e-18,0,1.7347e-18,0,-5.2042e-18,0.00023045,0,0,0.00085996,0.0012071,0.0013907,0,0.0015557,0.0010984,0.0016975,0,0.001691,0.0010419,0.0017514,0,0.001764,0.0010092,0.0017325,0,0.0017984,0.00099177,0.0017664,0,0.0017588,0.0011368,0.0016367,0,0.00070518,0.0010189,0.0004313,0
-1.3878e-17,5.2042e-18,-0.0019007,5.2042e-18,-1.3878e-17,5.2042e-18,-0.002246,5.2042e-18,-1.3878e-17,5.2042e-18,-0.0022307,5.2042e-18,-1.3878e-17,5.2042e-18,-0.0022302,5.2042e-18,-1.3878e-17,5.2042e-18,-0.0022305,5.2042e-18,-1.3878e-17,5.2042e-18,-0.0022305,5.2042e-18,-1.3878e-17,5.2042e-18,-0.0022302,5.2042e-18,-1.3878e-17,5.2042e-18,-0.00223,5.2042e-18,-1.3878e-17,5.2042e-18,-0.0022297,5.2042e-18,-1.3878e-17,5.2042e-18,-0.0022298,5.2042e-18,-1.3878e-17,5.2042e-18,-0.0022299,5.2042e-18,-1.3878e-17,5.2042e-18,-0.0022296,5.2042e-18,-1.3878e-17,5.2042e-18,-0.0022292,5.2042e-18,-1.3878e-17,5.2042e-18,-0.0022292,5.2042e-18,-1.3878e-17,5.2042e-18,-0.0022302,5.2042e-18,-1.3878e-17,5.2042e-18,-0.0021915,5.2042e-18,-1.3878e-17,5.2042e-18,-0.001113,0,0,-1.7347e-18,-0.0011612,-0.00097547,0,-0.0015653,-0.0013369,-0.0018076,0,-0.00165,-0.0011469,-0.0017791,0,-0.0017564,-0.0010965,-0.0017875,0,-0.0017972,-0.0010609,-0.0017634,0,-0.0018309,-0.0010413,-0.0017963,0,-0.0017844,-0.0011824,-0.0016602,0,-0.00078955,-0.0010067,-0.00064802,0
0,-1.3878e-17,5.2042e-18,-1.3878e-17,0,-1.3878e-17,5.2042e-18,-1.3878e-17,0,-1.3878e-17,5.2042e-18,-1.3878e-17,0,-1.3878e-17,5.2042e-18,-1.3878e-17,0,-1.3878e-17,5.2042e-18,-1.3878e-17,0,-1.3878e-17,5.2042e-18,-1.3878e-17,0,-1.3878e-17,5.2042e-18,-1.3878e-17,0,-1.3878e-17,5.2042e-18,-1.3878e-17,0,-1.3878e-17,5.2042e-18,-1.3878e-17,0,-1.3878e-17,5.2042e-18,-1.3878e-17,0,-1.3878e-17,5.2042e-18,-1.3878e-17,0,-1.3878e-17,5.2042e-18,-1.3878e-17,0,-1.3878e-17,5.2042e-18,-1.3878e-17,0,-1.3878e-17,5.2042e-18,-1.3878e-17,0,-1.3878e-17,5.2042e-18,-1.3878e-17,0,-1.3878e-17,5.2042e-18,-1.3878e-17,0,-1.3878e-17,5.2042e-18,0,0,0,0,0,0,0,-0.0019463,0,0,0,-0.0017393,0,0,0,-0.0018015,0,0,0,-0.0018034,0,0,0,-0.0018219,0,0,0,-0.0018149,0,0,0,-0.00053866,0,0
0,1.3878e-17,-5.2042e-18,1.3878e-17,0,1.3878e-17,-5.2042e-18,1.3878e-17,0,1.3878e-17,-5.2042e-18,1.3878e-17,0,1.3878e-17,-5.2042e-18,1.3878e-17,0,1.3878e-17,-5.2042e-18,1.3878e-17,0,1.3878e-17,-5.2042e-18,1.3878e-17,0,1.3878e-17,-5.2042e-18,1.3878e-17,0,1.3878e-17,-5.2042e-18,1.3878e-17,0,1.3878e-17,-5.2042e-18,1.3878e-17,0,1.3878e-17,-5.2042e-18,1.3878e-17,0,1.3878e-17,-5.2042e-18,1.3878e-17,0,1.3878e-17,-5.2042e-18,1.3878e-17,0,1.3878e-17,-5.2042e-18,1.3878e-17,0,1.3878e-17,-5.2042e-18,1.3878e-17,0,1.3878e-17,-5.2042e-18,1.3878e-17,0,1.3878e-17,-5.2042e-18,1.3878e-17,0,1.3878e-17,-5.2042e-18,0,0,0,0,0,0,0,0.001487,0,0,0,0.0015806,0,0,0,0.0017072,0,0,0,0.001719,0,0,0,0.0017378,0,0,0,0.0017467,0,0,0,0.00038058,0,-2.7756e-17
1.3878e-17,-5.2042e-18,0.0015661,-5.2042e-18,1.3878e-17,-5.2042e-18,0.0019673,-5.2042e-18,1.3878e-17,-5.2042e-18,0.0019514,-5.2042e-18,1.3878e-17,-5.2042e-18,0.0019507,-5.2042e-18,1.3878e-17,-5.2042e-18,0.0019508,-5.2042e-18,1.3878e-17,-5.2042e-18,0.0019508,-5.2042e-18,1.3878e-17,-5.2042e-18,0.0019506,-5.2042e-18,1.3878e-17,-5.2042e-18,0.0019507,-5.2042e-18,1.3878e-17,-5.2042e-18,0.0019507,-5.2042e-18,1.3878e-17,-5.2042e-18,0.0019506,-5.2042e-18,1.3878e-17,-5.2042e-18,0.0019506,-5.2042e-18,1.3878e-17,-5.2042e-18,0.0019504,-5.2042e-18,1.3878e-17,-5.2042e-18,0.0019505,-5.2042e-18,1.3878e-17,-5.2042e-18,0.0019511,-5.2042e-18,1.3878e-17,-5.2042e-18,0.0019577,-5.2042e-18,1.3878e-17,-5.2042e-18,0.0016921,-5.2042e-18,1.3878e-17,-5.2042e-18,0,-3.4694e-18,0,1.7347e-18,0.00094908,0.00023048,0,0.0016603,0.0010809,0.0016399,0,0.0015376,0.0010789,0.0017047,0,0.0017324,0.0010307,0.0017475,0,0.0017691,0.0010031,0.001728,0,0.0017961,0.00098866,0.0017638,0,0.001754,0.0011345,0.0016353,0,0.00073251,0.0010184,0.00046363,0
-1.3878e-17,5.2042e-18,-0.0019034,5.2042e-18,0,5.2042e-18,-0.0022205,5.2042e-18,0,5.2042e-18,-0.0022048,5.2042e-18,0,5.2042e-18,-0.0022044,5.2042e-18,0,5.2042e-18,-0.0022048,5.2042e-18,0,5.2042e-18,-0.0022046,5.2042e-18,0,5.2042e-18,-0.0022043,5.2042e-18,0,5.2042e-18,-0.0022039,5.2042e-18,0,5.2042e-18,-0.0022035,5.2042e-18,0,5.2042e-18,-0.0022036,5.2042e-18,0,5.2042e-18,-0.0022035,5.2042e-18,0,5.2042e-18,-0.0022034,5.2042e-18,0,5.2042e-18,-0.0022032,5.2042e-18,0,5.2042e-18,-0.002203,5.2042e-18,0,5.2042e-18,-0.0021948,5.2042e-18,-1.3878e-17,5.2042e-18,-0.0021743,5.2042e-18,0,5.2042e-18,-0.0015632,-0.00068513,0,0,-0.0012545,-0.0013423,0,-0.0016796,-0.0011972,-0.0018052,0,-0.0016724,-0.0011276,-0.0017814,0,-0.0017773,-0.0010853,-0.001782,0,-0.0018027,-0.0010547,-0.001759,0,-0.0018244,-0.0010376,-0.0017931,0,-0.0017774,-0.001175,-0.0016582,0,-0.00081603,-0.0010043,-0.00068548,0
0,-1.3878e-17,5.2042e-18,0,0,-1.3878e-17,5.2042e-18,-1.3878e-17,0,-1.3878e-17,5.2042e-18,-1.3878e-17,0,-1.3878e-17,5.2042e-18,-1.3878e-17,0,-1.3878e-17,5.2042e-18,-1.3878e-17,0,-1.3878e-17,5.2042e-18,-1.3878e-17,0,-1.3878e-17,5.2042e-18,-1.3878e-17,0,-1.3878e-17,5.2042e-18,-1.3878e-17,0,-1.3878e-17,5.2042e-18,-1.3878e-17,0,-1.3878e-17,5.2042e-18,-1.3878e-17,0,-1.3878e-17,5.2042e-18,-1.3878e-17,0,-1.3878e-17,5.2042e-18,-1.3878e-17,0,-1.3878e-17,5.2042e-18,-1.3878e-17,0,-1.3878e-17,5.2042e-18,-1.3878e-17,0,-1.3878e-17,5.2042e-18,-1.3878e-17,0,-1.3878e-17,5.2042e-18,-1.3878e-17,0,0,0,0,0,0,-0.00082382,0,0,0,-0.0018382,0,0,0,-0.0017582,0,0,0,-0.0018043,0,0,0,-0.0018033,0,0,0,-0.0018145,0,0,0,-0.0018085,0,0,0,-0.00057683,0,0
0,1.3878e-17,-5.2042e-18,1.3878e-17,0,1.3878e-17,-5.2042e-18,1.3878e-17,0,1.3878e-17,-5.2042e-18,1.3878e-17,0,1.3878e-17,-5.2042e-18,1.3878e-17,0,1.3878e-17,-5.2042e-18,1.3878e-17,0,1.3878e-17,-5.2042e-18,1.3878e-17,0,1.3878e-17,-5.2042e-18,1.3878e-17,0,1.3878e-17,-5.2042e-18,1.3878e-17,0,1.3878e-17,-5.2042e-18,1.3878e-17,0,1.3878e-17,-5.2042e-18,1.3878e-17,0,1.3878e-17,-5.2042e-18,1.3878e-17,0,1.3878e-17,-5.2042e-18,1.3878e-17,0,1.3878e-17,-5.2042e-18,1.3878e-17,0,1.3878e-17,-5.2042e-18,1.3878e-17,0,1.3878e-17,-5.2042e-18,1.3878e-17,0,1.3878e-17,-5.2042e-18,1.3878e-17,0,1.3878e-17,-5.2042e-18,0,0,0,0,0,0,0,0.001675,0,0,0,0.0016232,0,0,0,0.0017142,0,0,0,0.0017198,0,0,0,0.0017379,0,0,0,0.0017512,0,0,0,0.00043576,0,0
1.3878e-17,-5.2042e-18,0.0016208,-5.2042e-18,1.3878e-17,-5.2042e-18,0.0019444,-5.2042e-18,1.3878e-17,-5.2042e-18,0.0019281,-5.2042e-18,1.3878e-17,-5.2042e-18,0.0019274,-5.2042e-18,1.3878e-17,-5.2042e-18,0.0019275,-5.2042e-18,1.3878e-17,-5.2042e-18,0.0019276,-5.2042e-18,1.3878e-17,-5.2042e-18,0.0019275,-5.2042e-18,1.3878e-17,-5.2042e-18,0.0019273,-5.2042e-18,1.3878e-17,-5.2042e-18,0.0019272,-5.2042e-18,1.3878e-17,-5.2042e-18,0.0019272,-5.2042e-18,1.3878e-17,-5.2042e-18,0.0019273,-5.2042e-18,1.3878e-17,-5.2042e-18,0.0019271,-5.2042e-18,1.3878e-17,-5.2042e-18,0.0019273,-5.2042e-18,1.3878e-17,-5.2042e-18,0.0019283,-5.2042e-18,1.3878e-17,-5.2042e-18,0.0019514,-5.2042e-18,1.3878e-17,-5.2042e-18,0.00086483,-5.2042e-18,1.3878e-17,-5.2042e-18,0,0,0,0,0.0015572,0.00097073,0,0.0016963,0.0010962,0.0017029,0,0.0015984,0.0010663,0.0017284,0,0.0017484,0.0010226,0.0017428,0,0.0017743,0.00099745,0.0017241,0,0.0017917,0.00098962,0.0017634,0,0.0017516,0.0011359,0.0016369,0,0.00076137,0.0010147,0.00053843,0
-1.3878e-17,5.2042e-18,-0.0019034,5.2042e-18,0,5.2042e-18,-0.002195,5.2042e-18,0,5.2042e-18,-0.0021788,5.2042e-18,0,5.2042e-18,-0.0021783,5.2042e-18,0,5.2042e-18,-0.0021787,5.2042e-18,0,5.2042e-18,-0.0021785,5.2042e-18,0,5.2042e-18,-0.0021781,5.2042e-18,0,5.2042e-18,-0.0021778,5.2042e-18,0,5.2042e-18,-0.0021777,5.2042e-18,0,5.2042e-18,-0.0021775,5.2042e-18,0,5.2042e-18,-0.0021775,5.2042e-18,0,5.2042e-18,-0.0021772,5.2042e-18,0,5.2042e-18,-0.002177,5.2042e-18,0,5.2042e-18,-0.0021777,5.2042e-18,0,5.2042e-18,-0.0021401,5.2042e-18,0,5.2042e-18,-0.0019608,5.2042e-18,6.9389e-18,5.2042e-18,-0.0014728,-0.000889,0,-0.00062862,-0.0017406,-0.0017029,0,-0.0016331,-0.0011721,-0.0017827,0,-0.0017063,-0.001114,-0.001786,0,-0.0017852,-0.001075,-0.0017752,0,-0.0018087,-0.0010479,-0.0017551,0,-0.001816,-0.0010304,-0.0017902,0,-0.0017683,-0.0011551,-0.0016605,0,-0.00084076,-0.0010021,-0.00062987,0
0,-1.3878e-17,5.2042e-18,0,0,0,5.2042e-18,0,0,0,5.2042e-18,0,0,0,5.2042e-18,0,0,0,5.2042e-18,0,0,0,5.2042e-18,0,0,0,5.2042e-18,0,0,0,5.2042e-18,0,0,0,5.2042e-18,0,0,0,5.2042e-18,0,0,0,5.2042e-18,0,0,0,5.2042e-18,0,0,0,5.2042e-18,0,0,0,5.2042e-18,0,0,0,5.2042e-18,0,0,0,5.2042e-18,6.9389e-18,0,6.9389e-18,0,0,0,0,-0.0016979,0,0,0,-0.001725,0,0,0,-0.0017763,0,0,0,-0.0018021,0,0,0,-0.0018022,0,0,0,-0.0017984,0,0,0,-0.0017857,0,0,0,-0.00060042,0,0
0,1.3878e-17,-5.2042e-18,0,0,0,-5.2042e-18,0,0,0,-5.2042e-18,0,0,0,-5.2042e-18,0,0,0,-5.2042e-18,0,0,0,-5.2042e-18,0,0,0,-5.2042e-18,0,0,0,-5.2042e-18,0,0,0,-5.2042e-18,0,0,0,-5.2042e-18,0,0,0,-5.2042e-18,0,0,0,-5.2042e-18,0,0,0,-5.2042e-18,0,0,0,-5.2042e-18,0,0,0,-5.2042e-18,1.3878e-17,0,1.3878e-17,-5.2042e-18,-6.9389e-18,0,0,-5.2042e-18,0,0,0,0.00037329,0,0,0,0.0015897,0,0,0,0.0016645,0,0,0,0.001719,0,0,0,0.0017232,0,0,0,0.0017447,0,0,0,0.0017558,0,0,0,0.00036015,0,-2.7756e-17
1.3878e-17,-5.2042e-18,0.0016072,-5.2042e-18,0,-5.2042e-18,0.0019216,-5.2042e-18,0,-5.2042e-18,0.0019048,-5.2042e-18,0,-5.2042e-18,0.0019043,-5.2042e-18,0,-5.2042e-18,0.0019044,-5.2042e-18,0,-5.2042e-18,0.0019045,-5.2042e-18,0,-5.2042e-18,0.0019043,-5.2042e-18,0,-5.2042e-18,0.0019042,-5.2042e-18,0,-5.2042e-18,0.0019041,-5.2042e-18,0,-5.2042e-18,0.0019042,-5.2042e-18,0,-5.2042e-18,0.0019042,-5.2042e-18,0,-5.2042e-18,0.0019041,-5.2042e-18,0,-5.2042e-18,0.0019042,-5.2042e-18,0,-5.2042e-18,0.0019059,-5.2042e-18,0,-5.2042e-18,0.0019182,-5.2042e-18,1.3878e-17,-5.2042e-18,0,1.7347e-18,0,-5.2042e-18,0.0001316,0,0,0.00027682,0.0012632,0.0013227,0,0.0015594,0.0011068,0.0016865,0,0.0016531,0.0010528,0.0017453,0,0.0017574,0.0010182,0.0017381,0,0.0017813,0.00099359,0.0017208,0,0.0017695,0.00097098,0.0017594,0,0.0017069,0.0010703,0.0016243,0,0.00079146,0.00094605,0.0001474,0
-1.3878e-17,5.2042e-18,-0.0018688,5.2042e-18,0,5.2042e-18,-0.0021683,5.2042e-18,0,5.2042e-18,-0.002153,5.2042e-18,0,5.2042e-18,-0.0021524,5.2042e-18,0,5.2042e-18,-0.0021528,5.2042e-18,0,5.2042e-18,-0.0021525,5.2042e-18,0,5.2042e-18,-0.0021521,5.2042e-18,0,5.2042e-18,-0.0021518,5.2042e-18,0,5.2042e-18,-0.0021515,5.2042e-18,0,5.2042e-18,-0.0021514,5.2042e-18,0,5.2042e-18,-0.0021514,5.2042e-18,0,5.2042e-18,-0.0021511,5.2042e-18,0,5.2042e-18,-0.002151,5.2042e-18,0,5.2042e-18,-0.0021526,5.2042e-18,0,5.2042e-18,-0.0021101,5.2042e-18,0,5.2042e-18,-0.0012585,0,0,0,-0.0012026,-0.00099471,0,-0.0014155,-0.0013842,-0.0017924,0,-0.0016195,-0.001153,-0.0017775,0,-0.0017375,-0.0011028,-0.0017897,0,-0.001791,-0.0010623,-0.001768,0,-0.0018172,-0.0010366,-0.0017546,0,-0.0018408,-0.0010974,-0.0018104,0,-0.0018471,-0.0014591,-0.0015237,0,-0.0010362,-0.0012751,-0.001268,0
0,-1.3878e-17,5.2042e-18,0,0,0,5.2042e-18,0,0,0,5.2042e-18,0,0,0,5.2042e-18,0,0,0,5.2042e-18,0,0,0,5.2042e-18,0,0,0,5.2042e-18,0,0,0,5.2042e-18,0,0,0,5.2042e-18,0,0,0,5.2042e-18,0,0,0,5.2042e-18,0,0,0,5.2042e-18,0,0,0,5.2042e-18,0,0,0,5.2042e-18,0,0,0,5.2042e-18,0,0,0,0,0,0,0,0,0,0,0,-0.0019108,0,0,0,-0.001727,0,0,0,-0.0017939,0,0,0,-0.00179,0,0,0,-0.0017914,0,0,0,-0.0020043,0,0,0,-0.0021581,0,0,0,-0.0018507,0,0
0,1.3878e-17,-5.2042e-18,0,0,0,-5.2042e-18,0,0,0,-5.2042e-18,0,0,0,-5.2042e-18,0,0,0,-5.2042e-18,0,0,0,-5.2042e-18,0,0,0,-5.2042e-18,0,0,0,-5.2042e-18,0,0,0,-5.2042e-18,0,0,0,-5.2042e-18,0,0,0,-5.2042e-18,0,0,0,-5.2042e-18,0,0,0,-5.2042e-18,0,0,0,-5.2042e-18,0,0,0,-5.2042e-18,0,0,1.3878e-17,-5.2042e-18,0,0,0,0,0,0,0,0.0013471,0,0,0,0.0015628,0,0,0,0.0017006,0,0,0,0.0017367,0,0,0,0.0017182,0,0,0,0.0010168,0,0,0,0,0,0,0,0,0,0
1.3878e-17,-5.2042e-18,0.0013433,-5.2042e-18,0,-5.2042e-18,0.0018955,-5.2042e-18,0,-5.2042e-18,0.0018818,-5.2042e-18,0,-5.2042e-18,0.0018815,-5.2042e-18,0,-5.2042e-18,0.0018816,-5.2042e-18,0,-5.2042e-18,0.0018816,-5.2042e-18,0,-5.2042e-18,0.0018816,-5.2042e-18,0,-5.2042e-18,0.0018815,-5.2042e-18,0,-5.2042e-18,0.0018813,-5.2042e-18,0,-5.2042e-18,0.0018815,-5.2042e-18,0,-5.2042e-18,0.0018816,-5.2042e-18,0,-5.2042e-18,0.0018816,-5.2042e-18,0,-5.2042e-18,0.0018818,-5.2042e-18,0,-5.2042e-18,0.0018883,-5.2042e-18,0,-5.2042e-18,0.0017865,-5.2042e-18,1.3878e-17,-5.2042e-18,0,-3.4694e-18,-6.9389e-18,-5.2042e-18,0.00088267,5.0086e-05,0,0.0016031,0.0011149,0.0015986,0,0.0015074,0.001092,0.0016914,0,0.0017058,0.0010404,0.0017525,0,0.0017594,0.00099671,0.001736,0,0.00174,0.00091253,0.0016801,0,0.0014354,0.00037604,0.00050473,0,0,-0.00051291,0,0,0,0,-5.2042e-18,0
6.9389e-18,5.2042e-18,-0.0017649,5.2042e-18,0,5.2042e-18,-0.0021322,5.2042e-18,0,5.2042e-18,-0.0021273,5.2042e-18,0,5.2042e-18,-0.0021271,5.2042e-18,0,5.2042e-18,-0.0021275,5.2042e-18,0,5.2042e-18,-0.0021271,5.2042e-18,0,5.2042e-18,-0.0021267,5.2042e-18,0,5.2042e-18,-0.0021263,5.2042e-18,0,5.2042e-18,-0.0021261,5.2042e-18,0,5.2042e-18,-0.0021259,5.2042e-18,0,5.2042e-18,-0.0021258,5.2042e-18,0,5.2042e-18,-0.0021256,5.2042e-18,0,5.2042e-18,-0.0021256,5.2042e-18,0,5.2042e-18,-0.0021186,5.2042e-18,0,5.2042e-18,-0.0021547,5.2042e-18,0,5.2042e-18,-0.0016616,-0.0011678,0,0,-0.0012758,-0.0013222,0,-0.0016568,-0.0012215,-0.0018022,0,-0.0016516,-0.0011337,-0.0017808,0,-0.0017654,-0.001087,-0.0017898,0,-0.0018395,-0.0011032,-0.0017702,0,-0.0018251,-0.0012697,-0.0017274,0,-0.001501,-0.0020065,-0.0015007,0,-0.0013595,-0.0031408,-0.0019729,5.2042e-18,-0.0010055,-0.0026861,-0.002714,5.2042e-18
0,6.9389e-18,5.2042e-18,0,0,0,5.2042e-18,0,0,0,5.2042e-18,0,0,0,5.2042e-18,0,0,0,5.2042e-18,0,0,0,5.2042e-18,0,0,0,5.2042e-18,0,0,0,5.2042e-18,0,0,0,5.2042e-18,0,0,0,5.2042e-18,0,0,0,5.2042e-18,0,0,0,5.2042e-18,0,0,0,5.2042e-18,0,0,0,5.2042e-18,0,0,0,5.2042e-18,0,0,0,0,0,0,0,-0.00091081,0,0,0,-0.0018282,0,0,0,-0.0017414,0,0,0,-0.0017878,0,0,0,-0.0019813,0,0,0,-0.0022955,0,0,0,-0.0024739,0,0,0,-0.0036439,5.2042e-18,0,5.2042e-18,-0.0053326,-0.0026529,0
0,0,-5.2042e-18,0,0,0,-5.2042e-18,0,0,0,-5.2042e-18,0,0,0,-5.2042e-18,0,0,0,-5.2042e-18,0,0,0,-5.2042e-18,0,0,0,-5.2042e-18,0,0,0,-5.2042e-18,0,0,0,-5.2042e-18,0,0,0,-5.2042e-18,0,0,0,-5.2042e-18,0,0,0,-5.2042e-18,0,0,0,-5.2042e-18,0,0,0,-5.2042e-18,0,0,0,-5.2042e-18,0,0,0,-5.2042e-18,0,0,0,0,0,0,0,0.001611,0,0,0,0.0016368,0,0,0,0.0017095,0,0,0,0.00082678,0,0,0,0,0,0,0,0,0,0,0,1.7347e-18,-6.9389e-18,0,-6.9389e-18,0,1.7347e-18,1.3878e-17
1.3878e-17,-5.2042e-18,0.0018761,-5.2042e-18,0,-5.2042e-18,0.0018618,-5.2042e-18,0,-5.2042e-18,0.0018595,-5.2042e-18,0,-5.2042e-18,0.0018595,-5.2042e-18,0,-5.2042e-18,0.0018595,-5.2042e-18,0,-5.2042e-18,0.0018596,-5.2042e-18,0,-5.2042e-18,0.0018596,-5.2042e-18,0,-5.2042e-18,0.0018595,-5.2042e-18,0,-5.2042e-18,0.0018593,-5.2042e-18,0,-5.2042e-18,0.0018594,-5.2042e-18,0,-5.2042e-18,0.0018595,-5.2042e-18,0,-5.2042e-18,0.0018595,-5.2042e-18,0,-5.2042e-18,0.0018603,-5.2042e-18,0,-5.2042e-18,0.0018807,-5.2042e-18,0,-5.2042e-18,0.0012108,-5.2042e-18,0,-5.2042e-18,0,0,0,0,0.0015226,0.00092879,0,0.0016661,0.0011074,0.001672,0,0.001564,0.0010692,0.0017693,0,0.001696,0.00095461,0.0017,0,0.0012713,0.00040268,0.0002802,0,0,0,0,0,-5.2042e-18,1.7347e-18,-5.2042e-18,0,-5.2042e-18,1.7347e-18,-5.2042e-18,0,1.7347e-18,-0.00033421,8.0648e-05,0
6.9389e-18,5.2042e-18,-0.0020777,5.2042e-18,6.9389e-18,5.2042e-18,-0.0021007,5.2042e-18,6.9389e-18,5.2042e-18,-0.0021016,5.2042e-18,6.9389e-18,5.2042e-18,-0.0021016,5.2042e-18,6.9389e-18,5.2042e-18,-0.0021019,5.2042e-18,6.9389e-18,5.2042e-18,-0.0021016,5.2042e-18,6.9389e-18,5.2042e-18,-0.0021012,5.2042e-18,6.9389e-18,5.2042e-18,-0.0021009,5.2042e-18,6.9389e-18,5.2042e-18,-0.0021007,5.2042e-18,6.9389e-18,5.2042e-18,-0.0021005,5.2042e-18,6.9389e-18,5.2042e-18,-0.0021006,5.2042e-18,6.9389e-18,5.2042e-18,-0.0021003,5.2042e-18,6.9389e-18,5.2042e-18,-0.0021008,5.2042e-18,6.9389e-18,5.2042e-18,-0.0020664,5.2042e-18,0,5.2042e-18,-0.0020932,0,6.9389e-18,5.2042e-18,-0.0015635,-0.0010017,0,-0.00063889,-0.0017098,-0.0016976,0,-0.0016081,-0.0011902,-0.0017762,0,-0.0017236,-0.0011572,-0.0017994,0,-0.0017792,-0.0013297,-0.0016424,0,-0.0013736,-0.0020393,-0.0014068,0,-0.00072717,-0.003263,-0.00094977,5.2042e-18,-0.0011125,-0.0027753,-0.0005128,0.00097653,-0.0018689,-0.002002,-0.0018838,3.3735e-05,-0.0011529,-0.0038073,-0.0028363,5.2042e-18
0,6.9389e-18,5.2042e-18,6.9389e-18,0,6.9389e-18,5.2042e-18,6.9389e-18,0,6.9389e-18,5.2042e-18,6.9389e-18,0,6.9389e-18,5.2042e-18,6.9389e-18,0,6.9389e-18,5.2042e-18,6.9389e-18,0,6.9389e-18,5.2042e-18,6.9389e-18,0,6.9389e-18,5.2042e-18,6.9389e-18,0,6.9389e-18,5.2042e-18,6.9389e-18,0,6.9389e-18,5.2042e-18,6.9389e-18,0,6.9389e-18,5.2042e-18,6.9389e-18,0,6.9389e-18,5.2042e-18,6.9389e-18,0,6.9389e-18,5.2042e-18,6.9389e-18,0,6.9389e-18,5.2042e-18,6.9389e-18,0,6.9389e-18,5.2042e-18,0,0,0,5.2042e-18,6.9389e-18,0,6.9389e-18,0,0,0,0,-0.0016968,0,0,0,-0.0016952,0,0,0,-0.0019138,0,0,0,-0.0022053,0,0,0,-0.0023808,0,2.7756e-17,0,-0.0032907,-1.7347e-18,0,5.2042e-18,-0.0043071,-0.0027438,0,-0.0013014,-0.003779,-0.0032836,-1.3878e-17,-0.002445,-0.0040776,-0.0053468,-1.3878e-17
0,0,-5.2042e-18,0,0,0,-5.2042e-18,0,0,0,-5.2042e-18,0,0,0,-5.2042e-18,0,0,0,-5.2042e-18,0,0,0,-5.2042e-18,0,0,0,-5.2042e-18,0,0,0,-5.2042e-18,0,0,0,-5.2042e-18,0,0,0,-5.2042e-18,0,0,0,-5.2042e-18,0,0,0,-5.2042e-18,0,0,0,-5.2042e-18,0,0,0,-5.2042e-18,0,0,0,-5.2042e-18,-6.9389e-18,0,-6.9389e-18,-5.2042e-18,0,0,0,0.00041249,0,0,0,0.0015518,0,0,0,0.00067648,0,0,0,0,0,0,0,1.7347e-18,0,0,0,1.7347e-18,0,0,-6.9389e-18,0,-5.2042e-18,0,1.7347e-18,-0.0020466,0,1.3878e-17,0,-0.0011164,0.00027413,1.3878e-17
0,-5.2042e-18,0.0017801,-5.2042e-18,0,-5.2042e-18,0.0018348,-5.2042e-18,0,-5.2042e-18,0.0018374,-5.2042e-18,0,-5.2042e-18,0.0018376,-5.2042e-18,0,-5.2042e-18,0.0018377,-5.2042e-18,0,-5.2042e-18,0.0018377,-5.2042e-18,0,-5.2042e-18,0.0018376,-5.2042e-18,0,-5.2042e-18,0.0018375,-5.2042e-18,0,-5.2042e-18,0.0018373,-5.2042e-18,0,-5.2042e-18,0.0018373,-5.2042e-18,0,-5.2042e-18,0.0018374,-5.2042e-18,0,-5.2042e-18,0.0018378,-5.2042e-18,0,-5.2042e-18,0.0018392,-5.2042e-18,0,-5.2042e-18,0.0018484,-5.2042e-18,0,-5.2042e-18,0,-5.2042e-18,-6.9389e-18,-5.2042e-18,0.00023134,0,0,0.00035822,0.0012637,0.0013397,0,0.0014892,0.0010482,0.0016518,0,0.0010533,0.00045847,0.00019171,0,0,0,0,0,-5.2042e-18,1.7347e-18,-5.2042e-18,0,-5.2042e-18,1.7347e-18,-5.2042e-18,0,0,-0.0012289,-0.00051632,0,-0.00019657,-0.00127,-5.0807e-05,0,-2.9529e-05,-0.00012932,0.0016541,-5.2042e-18
6.9389e-18,5.2042e-18,-0.0020171,5.2042e-18,6.9389e-18,5.2042e-18,-0.0020741,5.2042e-18,6.9389e-18,5.2042e-18,-0.0020764,5.2042e-18,6.9389e-18,5.2042e-18,-0.0020764,5.2042e-18,6.9389e-18,5.2042e-18,-0.0020766,5.2042e-18,6.9389e-18,5.2042e-18,-0.0020765,5.2042e-18,6.9389e-18,5.2042e-18,-0.0020762,5.2042e-18,6.9389e-18,5.2042e-18,-0.0020759,5.2042e-18,6.9389e-18,5.2042e-18,-0.0020759,5.2042e-18,6.9389e-18,5.2042e-18,-0.0020758,5.2042e-18,6.9389e-18,5.2042e-18,-0.0020758,5.2042e-18,6.9389e-18,5.2042e-18,-0.0020754,5.2042e-18,6.9389e-18,5.2042e-18,-0.0020762,5.2042e-18,6.9389e-18,5.2042e-18,-0.0020364,5.2042e-18,0,5.2042e-18,-0.0014051,0,0,0,-0.0011993,-0.0010719,0,-0.0014112,-0.0013836,-0.0017949,0,-0.0016653,-0.0013173,-0.0015908,0,-0.0012959,-0.0020394,-0.0014189,0,-0.00061331,-0.0032658,-0.00096315,5.2042e-18,-0.0010034,-0.002818,-0.0004494,0.0012021,-0.0020287,-0.0018981,-0.00082631,7.5239e-05,-0.0013646,-0.001976,-0.0016744,-0.00078696,-0.0011764,-0.0014001,-0.0021851,-0.00055076,-0.0006858,-0.001432,-0.0021923,5.2042e-18
0,6.9389e-18,5.2042e-18,6.9389e-18,0,6.9389e-18,5.2042e-18,6.9389e-18,0,6.9389e-18,5.2042e-18,6.9389e-18,0,6.9389e-18,5.2042e-18,6.9389e-18,0,6.9389e-18,5.2042e-18,6.9389e-18,0,6.9389e-18,5.2042e-18,6.9389e-18,0,6.9389e-18,5.2042e-18,6.9389e-18,0,6.9389e-18,5.2042e-18,6.9389e-18,0,6.9389e-18,5.2042e-18,6.9389e-18,0,6.9389e-18,5.2042e-18,6.9389e-18,0,6.9389e-18,5.2042e-18,6.9389e-18,0,6.9389e-18,5.2042e-18,6.9389e-18,0,6.9389e-18,5.2042e-18,6.9389e-18,0,6.9389e-18,5.2042e-18,0,0,6.9389e-18,0,0,0,0,0,0,0,0,-0.0019101,0,0,0,-0.0020982,0,0,0,-0.0023638,0,0,0,-0.0032529,5.2042e-18,0,5.2042e-18,-0.0042563,-0.0026668,0,-0.00093487,-0.0038249,-0.0026605,0,-0.0021553,-0.0020232,-0.0021349,0,-0.0017867,-0.0014429,-0.0016603,-1.3878e-17,-0.00048041,-0.0016462,-0.0026341,1.3878e-17
0,-6.9389e-18,-5.2042e-18,-6.9389e-18,0,-6.9389e-18,-5.2042e-18,-6.9389e-18,0,-6.9389e-18,-5.2042e-18,-6.9389e-18,0,-6.9389e-18,-5.2042e-18,-6.9389e-18,0,-6.9389e-18,-5.2042e-18,-6.9389e-18,0,-6.9389e-18,-5.2042e-18,-6.9389e-18,0,-6.9389e-18,-5.2042e-18,-6.9389e-18,0,-6.9389e-18,-5.2042e-18,-6.9389e-18,0,-6.9389e-18,-5.2042e-18,-6.9389e-18,0,-6.9389e-18,-5.2042e-18,-6.9389e-18,0,-6.9389e-18,-5.2042e-18,-6.9389e-18,0,-6.9389e-18,-5.2042e-18,-6.9389e-18,0,-6.9389e-18,-5.2042e-18,-6.9389e-18,0,-6.9389e-18,-5.2042e-18,0,0,0,-5.2042e-18,0,0,0,0,0,0,0,0.001138,0,0,0,0,0,0,0,1.7347e-18,0,0,0,1.7347e-18,-6.9389e-18,0,-6.9389e-18,0,1.7347e-18,0,1.7347e-18,-0.0021183,0,0,0,-0.00147,0,1.3878e-17,1.7347e-18,-0.00027379,0.00017076,1.3878e-17,0,0.00070726,0.0015743,0
-6.9389e-18,-5.2042e-18,0.0017581,-5.2042e-18,-6.9389e-18,-5.2042e-18,0.0018124,-5.2042e-18,-6.9389e-18,-5.2042e-18,0.0018152,-5.2042e-18,-6.9389e-18,-5.2042e-18,0.0018155,-5.2042e-18,-6.9389e-18,-5.2042e-18,0.0018156,-5.2042e-18,-6.9389e-18,-5.2042e-18,0.0018154,-5.2042e-18,-6.9389e-18,-5.2042e-18,0.0018152,-5.2042e-18,-6.9389e-18,-5.2042e-18,0.0018152,-5.2042e-18,-6.9389e-18,-5.2042e-18,0.0018149,-5.2042e-18,-6.9389e-18,-5.2042e-18,0.001815,-5.2042e-18,-6.9389e-18,-5.2042e-18,0.0018153,-5.2042e-18,-6.9389e-18,-5.2042e-18,0.0018157,-5.2042e-18,-6.9389e-18,-5.2042e-18,0.0018209,-5.2042e-18,-6.9389e-18,-5.2042e-18,0.001727,-5.2042e-18,0,-5.2042e-18,0,-3.4694e-18,0,-5.2042e-18,0.0010369,0.00027694,0,0.0014706,0.000972,0.0012405,0,0,-0.00035559,0,0,-5.2042e-18,1.7347e-18,-5.2042e-18,0,-5.2042e-18,1.7347e-18,-5.2042e-18,0,0,-0.001085,-0.00039008,0,-6.5809e-05,-0.0012663,-0.00053793,7.0276e-05,-0.00033503,-0.00080486,-0.00029995,0.00038154,-0.00012334,-0.00018813,0.00090707,-3.2115e-05,0.00019982,0.00062526,0.0017977,-5.2042e-18
6.9389e-18,5.2042e-18,-0.0019835,5.2042e-18,6.9389e-18,5.2042e-18,-0.002049,5.2042e-18,6.9389e-18,5.2042e-18,-0.0020519,5.2042e-18,6.9389e-18,5.2042e-18,-0.0020519,5.2042e-18,6.9389e-18,5.2042e-18,-0.0020519,5.2042e-18,6.9389e-18,5.2042e-18,-0.002052,5.2042e-18,6.9389e-18,5.2042e-18,-0.0020518,5.2042e-18,6.9389e-18,5.2042e-18,-0.0020517,5.2042e-18,6.9389e-18,5.2042e-18,-0.0020517,5.2042e-18,6.9389e-18,5.2042e-18,-0.0020514,5.2042e-18,6.9389e-18,5.2042e-18,-0.0020513,5.2042e-18,6.9389e-18,5.2042e-18,-0.0020508,5.2042e-18,6.9389e-18,5.2042e-18,-0.0020446,5.2042e-18,6.9389e-18,5.2042e-18,-0.0020788,5.2042e-18,6.9389e-18,5.2042e-18,-0.0017293,-0.001234,0,0,-0.0013888,-0.0013833,0,-0.001573,-0.0015422,-0.0015152,0,-0.00029033,-0.0032032,-0.00097569,5.2042e-18,-0.00049571,-0.0034169,-0.00050089,0.0012799,-0.0021292,-0.00188,-0.0008153,0.00012542,-0.0013616,-0.0019831,-0.0016451,-0.00058273,-0.0012119,-0.0010395,-0.00092207,-0.0010899,-0.00070609,-0.00053427,-0.00059409,-0.00095181,-0.00052998,-0.0005665,-0.0015298,-0.00032817,-0.00037812,-0.0010431,-0.0020379,5.2042e-18
0,6.9389e-18,5.2042e-18,6.9389e-18,0,6.9389e-18,5.2042e-18,6.9389e-18,0,6.9389e-18,5.2042e-18,6.9389e-18,0,6.9389e-18,5.2042e-18,6.9389e-18,0,6.9389e-18,5.2042e-18,6.9389e-18,0,6.9389e-18,5.2042e-18,6.9389e-18,0,6.9389e-18,5.2042e-18,6.9389e-18,0,6.9389e-18,5.2042e-18,6.9389e-18,0,6.9389e-18,5.2042e-18,6.9389e-18,0,6.9389e-18,5.2042e-18,6.9389e-18,0,6.9389e-18,5.2042e-18,6.9389e-18,0,6.9389e-18,5.2042e-18,6.9389e-18,0,6.9389e-18,5.2042e-18,6.9389e-18,0,6.9389e-18,5.2042e-18,6.9389e-18,0,6.9389e-18,0,0,0,0,-0.0011293,0,0,0,-0.00225,0,0,0,-0.0026813,5.2042e-18,0,5.2042e-18,-0.0040994,-0.0025447,0,-0.0010283,-0.0038691,-0.0026781,-1.3878e-17,-0.0021104,-0.0020614,-0.0020778,-1.3878e-17,-0.001603,-0.0010355,-0.0013134,-1.3878e-17,-0.001235,-0.00060559,-0.0011049,-1.3878e-17,-0.0010038,-0.00069686,-0.0011972,-1.3878e-17,-0.00034561,-0.001441,-0.0031411,0
0,-6.9389e-18,-5.2042e-18,-6.9389e-18,0,-6.9389e-18,-5.2042e-18,-6.9389e-18,0,-6.9389e-18,-5.2042e-18,-6.9389e-18,0,-6.9389e-18,-5.2042e-18,-6.9389e-18,0,-6.9389e-18,-5.2042e-18,-6.9389e-18,0,-6.9389e-18,-5.2042e-18,-6.9389e-18,0,-6.9389e-18,-5.2042e-18,-6.9389e-18,0,-6.9389e-18,-5.2042e-18,-6.9389e-18,0,-6.9389e-18,-5.2042e-18,-6.9389e-18,0,-6.9389e-18,-5.2042e-18,-6.9389e-18,0,-6.9389e-18,-5.2042e-18,-6.9389e-18,0,-6.9389e-18,-5.2042e-18,-6.9389e-18,0,-6.9389e-18,-5.2042e-18,-6.9389e-18,0,-6.9389e-18,-5.2042e-18,-6.9389e-18,0,-6.9389e-18,1.7347e-18,0,0,0,0,0,0,0,0,0,0,0,1.7347e-18,0,0,0,0,-5.2042e-18,0,1.7347e-18,-0.0020598,0,1.3878e-17,0,-0.0015037,1.7347e-18,1.3878e-17,0,-0.00054863,1.7347e-18,1.3878e-17,0.00038739,-0.00013702,0.00042291,1.3878e-17,0.00041559,0.00014621,0.0006579,0,1.7347e-18,0.00088826,0.0022765,0
-6.9389e-18,-5.2042e-18,0.0017298,-5.2042e-18,-6.9389e-18,-5.2042e-18,0.0017899,-5.2042e-18,-6.9389e-18,-5.2042e-18,0.001793,-5.2042e-18,-6.9389e-18,-5.2042e-18,0.0017932,-5.2042e-18,-6.9389e-18,-5.2042e-18,0.0017934,-5.2042e-18,-6.9389e-18,-5.2042e-18,0.0017932,-5.2042e-18,-6.9389e-18,-5.2042e-18,0.0017931,-5.2042e-18,-6.9389e-18,-5.2042e-18,0.001793,-5.2042e-18,-6.9389e-18,-5.2042e-18,0.0017926,-5.2042e-18,-6.9389e-18,-5.2042e-18,0.0017928,-5.2042e-18,-6.9389e-18,-5.2042e-18,0.0017932,-5.2042e-18,-6.9389e-18,-5.2042e-18,0.0017939,-5.2042e-18,-6.9389e-18,-5.2042e-18,0.0018106,-5.2042e-18,-6.9389e-18,-5.2042e-18,0.0015198,-5.2042e-18,0,-5.2042e-18,-0.00022454,0,0,0,0.00079815,0,0,0,0,-5.2042e-18,0,-5.2042e-18,1.7347e-18,-5.2042e-18,0,0,-0.00044528,-0.00014421,0,-1.7252e-05,-0.001274,-0.00053733,3.4488e-05,-0.0003434,-0.00082217,-0.00031948,0.00032086,-0.0001601,-0.00042769,-0.00015153,0.00044264,-8.7459e-05,-0.0002623,-4.7649e-05,0.00057052,1.1351e-05,1.5405e-05,0.0010097,6.5043e-05,0.00016926,0.00068014,0.0018092,-5.2042e-18
6.9389e-18,5.2042e-18,-0.0019529,5.2042e-18,6.9389e-18,5.2042e-18,-0.0020249,5.2042e-18,6.9389e-18,5.2042e-18,-0.002028,5.2042e-18,6.9389e-18,5.2042e-18,-0.002028,5.2042e-18,6.9389e-18,5.2042e-18,-0.0020281,5.2042e-18,6.9389e-18,5.2042e-18,-0.0020282,5.2042e-18,6.9389e-18,5.2042e-18,-0.0020281,5.2042e-18,6.9389e-18,5.2042e-18,-0.002028,5.2042e-18,6.9389e-18,5.2042e-18,-0.002028,5.2042e-18,6.9389e-18,5.2042e-18,-0.0020278,5.2042e-18,6.9389e-18,5.2042e-18,-0.0020275,5.2042e-18,6.9389e-18,5.2042e-18,-0.0020276,5.2042e-18,6.9389e-18,5.2042e-18,-0.0019975,5.2042e-18,6.9389e-18,5.2042e-18,-0.0021657,0,6.9389e-18,0,-0.0015767,-0.0010749,0,-0.0004228,-0.0022965,-0.0013253,0,-0.00013923,-0.0033444,-0.00074774,0,-0.0010674,-0.0030619,-0.00087558,0.00064939,-0.0017717,-0.0020876,-0.001699,-0.00057079,-0.0013067,-0.0010732,-0.00092892,-0.0010637,-0.00073024,-0.00053657,-0.00057308,-0.00091259,-0.00047807,-0.00030945,-0.00042301,-0.00081347,-0.00039693,-0.00023184,-0.00038073,-0.00081006,-0.00039206,-0.00041028,-0.0013469,-0.00030904,-0.00035205,-0.00098768,-0.0019914,5.2042e-18
0,6.9389e-18,5.2042e-18,6.9389e-18,0,6.9389e-18,5.2042e-18,6.9389e-18,0,6.9389e-18,5.2042e-18,6.9389e-18,0,6.9389e-18,5.2042e-18,6.9389e-18,0,6.9389e-18,5.2042e-18,6.9389e-18,0,6.9389e-18,5.2042e-18,6.9389e-18,0,6.9389e-18,5.2042e-18,6.9389e-18,0,6.9389e-18,5.2042e-18,6.9389e-18,0,6.9389e-18,5.2042e-18,6.9389e-18,0,6.9389e-18,5.2042e-18,6.9389e-18,0,6.9389e-18,5.2042e-18,6.9389e-18,0,6.9389e-18,5.2042e-18,6.9389e-18,0,6.9389e-18,5.2042e-18,6.9389e-18,0,6.9389e-18,5.2042e-18,6.9389e-18,0,6.9389e-18,0,0,0,0,-0.0023205,0,0,0,-0.003058,0,0,0,-0.0042458,-0.0026018,0,-0.0018035,-0.0024557,-0.0021523,-1.3878e-17,-0.0016426,-0.0010697,-0.0013217,0,-0.0012168,-0.00059189,-0.0010232,-1.3878e-17,-0.0010323,-0.00045095,-0.00091555,-1.3878e-17,-0.00095031,-0.00041072,-0.00093586,0,-0.00086084,-0.00053715,-0.0012175,-1.3878e-17,-0.00032602,-0.0013933,-0.0035844,0
0,-6.9389e-18,-5.2042e-18,-6.9389e-18,0,-6.9389e-18,-5.2042e-18,-6.9389e-18,0,-6.9389e-18,-5.2042e-18,-6.9389e-18,0,-6.9389e-18,-5.2042e-18,-6.9389e-18,0,-6.9389e-18,-5.2042e-18,-6.9389e-18,0,-6.9389e-18,-5.2042e-18,-6.9389e-18,0,-6.9389e-18,-5.2042e-18,-6.9389e-18,0,-6.9389e-18,-5.2042e-18,-6.9389e-18,0,-6.9389e-18,-5.2042e-18,-6.9389e-18,0,-6.9389e-18,-5.2042e-18,-6.9389e-18,0,-6.9389e-18,-5.2042e-18,-6.9389e-18,0,-6.9389e-18,-5.2042e-18,-6.9389e-18,0,-6.9389e-18,-5.2042e-18,-6.9389e-18,0,-6.9389e-18,-5.2042e-18,-6.9389e-18,0,-6.9389e-18,-5.2042e-18,0,0,0,1.7347e-18,0,0,0,1.7347e-18,-5.2042e-18,-2.7756e-17,-5.2042e-18,-0.00094775,0,0,1.7347e-18,-0.0015305,0,1.3878e-17,0,-0.00056494,0,0,0.00035308,-0.00016565,0.00033238,1.3878e-17,0.0004506,-8.8312e-05,0.0003786,1.3878e-17,0.00045172,-5.286e-05,0.00046489,1.3878e-17,0.00041092,0.0001194,0.0008075,0,0,0.00096721,0.0028492,0
-6.9389e-18,-5.2042e-18,0.0017039,-5.2042e-18,-6.9389e-18,-5.2042e-18,0.0017684,-5.2042e-18,-6.9389e-18,-5.2042e-18,0.0017717,-5.2042e-18,-6.9389e-18,-5.2042e-18,0.001772,-5.2042e-18,-6.9389e-18,-5.2042e-18,0.0017722,-5.2042e-18,-6.9389e-18,-5.2042e-18,0.001772,-5.2042e-18,-6.9389e-18,-5.2042e-18,0.0017717,-5.2042e-18,-6.9389e-18,-5.2042e-18,0.0017716,-5.2042e-18,-6.9389e-18,-5.2042e-18,0.0017713,-5.2042e-18,-6.9389e-18,-5.2042e-18,0.0017716,-5.2042e-18,-6.9389e-18,-5.2042e-18,0.0017718,-5.2042e-18,-6.9389e-18,-5.2042e-18,0.0017729,-5.2042e-18,-6.9389e-18,-5.2042e-18,0.0017822,-5.2042e-18,-6.9389e-18,-5.2042e-18,0.0010129,-5.2042e-18,-6.9389e-18,-5.2042e-18,0,0,0,1.7347e-18,1.7347e-18,-5.2042e-18,0,-5.2042e-18,0,1.7347e-18,1.7347e-18,0,-0.0016953,-0.00078541,0,-0.00024284,-0.00088751,-0.00036941,0.00027111,-0.00017904,-0.00044219,-0.00015702,0.00039776,-8.9767e-05,-0.00027799,-7.6805e-05,0.00053789,-3.4687e-05,-0.0002284,-4.5115e-05,0.00053587,-2.0646e-05,-0.00020321,-1.2988e-05,0.00055469,2.4288e-05,2.3869e-05,0.00097329,0.00010367,0.00011253,0.00069136,0.0018032,-5.2042e-18
6.9389e-18,5.2042e-18,-0.0019241,5.2042e-18,6.9389e-18,5.2042e-18,-0.0020002,5.2042e-18,6.9389e-18,5.2042e-18,-0.0020035,5.2042e-18,6.9389e-18,5.2042e-18,-0.0020035,5.2042e-18,6.9389e-18,5.2042e-18,-0.0020035,5.2042e-18,6.9389e-18,5.2042e-18,-0.0020036,5.2042e-18,6.9389e-18,5.2042e-18,-0.0020038,5.2042e-18,6.9389e-18,5.2042e-18,-0.0020038,5.2042e-18,6.9389e-18,5.2042e-18,-0.0020037,5.2042e-18,6.9389e-18,5.2042e-18,-0.0020035,5.2042e-18,6.9389e-18,5.2042e-18,-0.0020033,5.2042e-18,6.9389e-18,5.2042e-18,-0.0020036,5.2042e-18,6.9389e-18,5.2042e-18,-0.0019692,5.2042e-18,6.9389e-18,5.2042e-18,-0.0017419,0,0,0,-0.0013712,-0.00050689,6.9389e-18,-0.00032424,-0.0032735,-0.0003297,0.0012997,-0.0017925,-0.0022618,-0.0010494,-1.5706e-05,-0.0015383,-0.0015335,-0.0012604,-0.00096448,-0.00094295,-0.00067718,-0.00065922,-0.00095254,-0.00050765,-0.00032637,-0.00042991,-0.00080415,-0.0004017,-0.00023365,-0.00036718,-0.00078573,-0.00035904,-0.00019481,-0.00033122,-0.00074773,-0.00033064,-0.00017775,-0.00032713,-0.00074585,-0.00034204,-0.0003586,-0.0012513,-0.00032031,-0.00034959,-0.00095317,-0.0019447,5.2042e-18
0,6.9389e-18,5.2042e-18,6.9389e-18,0,6.9389e-18,5.2042e-18,6.9389e-18,0,6.9389e-18,5.2042e-18,6.9389e-18,0,6.9389e-18,5.2042e-18,6.9389e-18,0,6.9389e-18,5.2042e-18,6.9389e-18,0,6.9389e-18,5.2042e-18,6.9389e-18,0,6.9389e-18,5.2042e-18,6.9389e-18,0,6.9389e-18,5.2042e-18,6.9389e-18,0,6.9389e-18,5.2042e-18,6.9389e-18,0,6.9389e-18,5.2042e-18,6.9389e-18,0,6.9389e-18,5.2042e-18,6.9389e-18,0,6.9389e-18,5.2042e-18,6.9389e-18,0,6.9389e-18,5.2042e-18,6.9389e-18,0,6.9389e-18,0,0,0,0,-0.00077218,6.9389e-18,0,0,-0.0036775,-0.0021229,-1.3878e-17,-0.00033701,-0.0040727,-0.0025706,-1.3878e-17,-0.0021017,-0.0015723,-0.0016774,-1.3878e-17,-0.0013416,-0.00073366,-0.0011098,-1.3878e-17,-0.0010793,-0.00047193,-0.00092616,0,-0.00096658,-0.00040534,-0.00086358,0,-0.00090806,-0.00036902,-0.00082253,0,-0.00086064,-0.00035656,-0.00086403,0,-0.00078127,-0.00046488,-0.0012385,0,-0.00031651,-0.0013809,-0.0038587,0
0,-6.9389e-18,-5.2042e-18,-6.9389e-18,0,-6.9389e-18,-5.2042e-18,-6.9389e-18,0,-6.9389e-18,-5.2042e-18,-6.9389e-18,0,-6.9389e-18,-5.2042e-18,-6.9389e-18,0,-6.9389e-18,-5.2042e-18,-6.9389e-18,0,-6.9389e-18,-5.2042e-18,-6.9389e-18,0,-6.9389e-18,-5.2042e-18,-6.9389e-18,0,-6.9389e-18,-5.2042e-18,-6.9389e-18,0,-6.9389e-18,-5.2042e-18,-6.9389e-18,0,-6.9389e-18,-5.2042e-18,-6.9389e-18,0,-6.9389e-18,-5.2042e-18,-6.9389e-18,0,-6.9389e-18,-5.2042e-18,-6.9389e-18,0,-6.9389e-18,-5.2042e-18,-6.9389e-18,0,-6.9389e-18,-5.2042e-18,-6.9389e-18,0,-6.9389e-18,-5.2042e-18,0,0,0,1.7347e-18,-5.2042e-18,1.3878e-17,1.7347e-18,-0.0020336,0,0,0,-0.0010578,0,1.3878e-17,0.00013218,-0.00026285,0.00026227,1.3878e-17,0.0004379,-0.00010367,0.00036254,1.3878e-17,0.00044708,-7.7677e-05,0.00037383,0,0.00044379,-6.3413e-05,0.00038113,1.3878e-17,0.00043742,-3.9004e-05,0.0004593,0,0.00039211,0.00010463,0.00088927,1.3878e-17,-3.0416e-05,0.0010178,0.0032081,0
-6.9389e-18,-5.2042e-18,0.0016801,-5.2042e-18,-6.9389e-18,-5.2042e-18,0.0017476,-5.2042e-18,-6.9389e-18,-5.2042e-18,0.001751,-5.2042e-18,-6.9389e-18,-5.2042e-18,0.0017514,-5.2042e-18,-6.9389e-18,-5.2042e-18,0.0017518,-5.2042e-18,-6.9389e-18,-5.2042e-18,0.0017514,-5.2042e-18,-6.9389e-18,-5.2042e-18,0.001751,-5.2042e-18,-6.9389e-18,-5.2042e-18,0.0017508,-5.2042e-18,-6.9389e-18,-5.2042e-18,0.0017506,-5.2042e-18,-6.9389e-18,-5.2042e-18,0.0017508,-5.2042e-18,-6.9389e-18,-5.2042e-18,0.0017504,-5.2042e-18,-6.9389e-18,-5.2042e-18,0.0017658,-5.2042e-18,-6.9389e-18,-5.2042e-18,0.0017397,-5.2042e-18,-6.9389e-18,-5.2042e-18,1.7347e-18,1.7347e-18,-6.9389e-18,-5.2042e-18,1.7347e-18,1.7347e-18,0,-5.2042e-18,0,0,1.7347e-18,0.00025512,-0.0011532,-0.00054158,0.0002738,-0.00029947,-0.00065186,-0.00025411,0.00032862,-0.00012617,-0.00032829,-0.00011442,0.00052716,-4.7602e-05,-0.00024173,-5.5967e-05,0.00053211,-2.8882e-05,-0.00021902,-4.2269e-05,0.00052086,-2.1316e-05,-0.00020474,-3.3383e-05,0.0005106,-1.5204e-05,-0.00018718,-6.7143e-06,0.00052855,2.4397e-05,2.346e-05,0.00092922,0.00013149,7.2223e-05,0.00070187,0.0017781,-5.2042e-18
6.9389e-18,5.2042e-18,-0.0018969,5.2042e-18,6.9389e-18,5.2042e-18,-0.0019758,5.2042e-18,6.9389e-18,5.2042e-18,-0.0019794,5.2042e-18,6.9389e-18,5.2042e-18,-0.0019794,5.2042e-18,6.9389e-18,5.2042e-18,-0.0019792,5.2042e-18,6.9389e-18,5.2042e-18,-0.0019794,5.2042e-18,6.9389e-18,5.2042e-18,-0.0019797,5.2042e-18,6.9389e-18,5.2042e-18,-0.0019797,5.2042e-18,6.9389e-18,5.2042e-18,-0.0019795,5.2042e-18,6.9389e-18,5.2042e-18,-0.0019794,5.2042e-18,6.9389e-18,5.2042e-18,-0.0019788,5.2042e-18,6.9389e-18,5.2042e-18,-0.0019725,5.2042e-18,6.9389e-18,5.2042e-18,-0.0019774,5.2042e-18,6.9389e-18,5.2042e-18,-0.0013797,-0.0010203,6.9389e-18,9.2595e-05,-0.0026816,-0.00048159,0.0010995,-0.001836,-0.0024015,-0.0016227,-0.00035504,-0.0014677,-0.0011412,-0.00098649,-0.0011691,-0.00068206,-0.00045342,-0.00050687,-0.00084555,-0.0004358,-0.00026423,-0.00039189,-0.00080273,-0.00037444,-0.00020704,-0.00034054,-0.00075418,-0.00033875,-0.00017978,-0.00031368,-0.00072168,-0.00031428,-0.00016046,-0.00029339,-0.00069502,-0.00029485,-0.00015054,-0.00029558,-0.00069898,-0.00031016,-0.00032822,-0.0011728,-0.00032793,-0.0003383,-0.00091429,-0.0019115,5.2042e-18
0,6.9389e-18,5.2042e-18,6.9389e-18,0,6.9389e-18,5.2042e-18,6.9389e-18,0,6.9389e-18,5.2042e-18,6.9389e-18,0,6.9389e-18,5.2042e-18,6.9389e-18,0,6.9389e-18,5.2042e-18,6.9389e-18,0,6.9389e-18,5.2042e-18,6.9389e-18,0,6.9389e-18,5.2042e-18,6.9389e-18,0,6.9389e-18,5.2042e-18,6.9389e-18,0,6.9389e-18,5.2042e-18,6.9389e-18,0,6.9389e-18,5.2042e-18,6.9389e-18,0,6.9389e-18,5.2042e-18,6.9389e-18,0,6.9389e-18,5.2042e-18,6.9389e-18,0,6.9389e-18,0,6.9389e-18,0,6.9389e-18,-0.00089907,0,0,0,-0.0034439,-0.0019389,0,-0.00074102,-0.0036345,-0.0023622,0,-0.0019352,-0.0011745,-0.0013818,-1.3878e-17,-0.0012232,-0.0005559,-0.00097966,-1.3878e-17,-0.00099951,-0.00042738,-0.00088243,0,-0.00092766,-0.00038057,-0.00082901,-1.3878e-17,-0.00087454,-0.00035032,-0.00079178,0,-0.00083398,-0.00032726,-0.00076273,0,-0.00079626,-0.00032135,-0.00081196,0,-0.00072616,-0.00044097,-0.0012365,-1.3878e-17,-0.00027317,-0.0014013,-0.004093,1.3878e-17
0,-6.9389e-18,-5.2042e-18,-6.9389e-18,0,-6.9389e-18,-5.2042e-18,-6.9389e-18,0,-6.9389e-18,-5.2042e-18,-6.9389e-18,0,-6.9389e-18,-5.2042e-18,-6.9389e-18,0,-6.9389e-18,-5.2042e-18,-6.9389e-18,0,-6.9389e-18,-5.2042e-18,-6.9389e-18,0,-6.9389e-18,-5.2042e-18,-6.9389e-18,0,-6.9389e-18,-5.2042e-18,-6.9389e-18,0,-6.9389e-18,-5.2042e-18,-6.9389e-18,0,-6.9389e-18,-5.2042e-18,-6.9389e-18,0,-6.9389e-18,-5.2042e-18,-6.9389e-18,0,-6.9389e-18,-5.2042e-18,-6.9389e-18,0,-6.9389e-18,-5.2042e-18,0,0,0,-5.2042e-18,0,0,0,1.7347e-18,1.7347e-18,0,1.7347e-18,-0.001536,0,1.3878e-17,0,-0.00057746,1.7347e-18,1.3878e-17,0.00038154,-0.0001492,0.00033244,1.3878e-17,0.0004381,-9.1297e-05,0.00036008,0,0.00043836,-7.2809e-05,0.00036797,0,0.00043281,-6.3229e-05,0.0003678,1.3878e-17,0.00042523,-5.5476e-05,0.00037058,1.3878e-17,0.00041782,-3.3879e-05,0.00044678,1.3878e-17,0.00037148,0.00011079,0.00091516,0,-8.9951e-05,0.0010474,0.0034654,0
-6.9389e-18,-5.2042e-18,0.0016561,-5.2042e-18,-6.9389e-18,-5.2042e-18,0.0017265,-5.2042e-18,-6.9389e-18,-5.2042e-18,0.00173,-5.2042e-18,-6.9389e-18,-5.2042e-18,0.0017304,-5.2042e-18,-6.9389e-18,-5.2042e-18,0.0017305,-5.2042e-18,-6.9389e-18,-5.2042e-18,0.0017302,-5.2042e-18,-6.9389e-18,-5.2042e-18,0.0017298,-5.2042e-18,-6.9389e-18,-5.2042e-18,0.0017297,-5.2042e-18,-6.9389e-18,-5.2042e-18,0.0017294,-5.2042e-18,-6.9389e-18,-5.2042e-18,0.0017278,-5.2042e-18,-6.9389e-18,-5.2042e-18,0.0017624,-5.2042e-18,-6.9389e-18,-5.2042e-18,0.0016459,-5.2042e-18,-6.9389e-18,-5.2042e-18,1.7347e-18,-6.9389e-18,1.3878e-17,0,-5.2042e-18,0,0,-5.2042e-18,0,0,0,0.00023264,-0.00098511,-0.00052103,0.00030841,-0.00026809,-0.00047,-0.00018136,0.00045487,-8.8763e-05,-0.00027084,-7.4946e-05,0.00052616,-3.9046e-05,-0.00023081,-5.2226e-05,0.00051796,-2.766e-05,-0.00021282,-4.1352e-05,0.000506,-2.2663e-05,-0.00020206,-3.6036e-05,0.00049384,-1.9269e-05,-0.00019217,-2.9757e-05,0.00048413,-1.4243e-05,-0.00017679,-5.1848e-06,0.00050199,2.0174e-05,2.0696e-05,0.00087705,0.00015135,7.1734e-05,0.00069338,0.0017478,-5.2042e-18
6.9389e-18,3.4694e-18,-0.0018708,5.2042e-18,6.9389e-18,5.2042e-18,-0.0019521,5.2042e-18,6.9389e-18,5.2042e-18,-0.0019559,5.2042e-18,6.9389e-18,5.2042e-18,-0.0019558,5.2042e-18,6.9389e-18,5.2042e-18,-0.0019559,5.2042e-18,6.9389e-18,5.2042e-18,-0.0019561,5.2042e-18,6.9389e-18,5.2042e-18,-0.0019563,5.2042e-18,6.9389e-18,5.2042e-18,-0.0019563,5.2042e-18,6.9389e-18,5.2042e-18,-0.0019561,5.2042e-18,6.9389e-18,5.2042e-18,-0.0019573,5.2042e-18,6.9389e-18,5.2042e-18,-0.0019407,5.2042e-18,6.9389e-18,5.2042e-18,-0.002039,0,6.9389e-18,-1.7347e-18,-0.0018247,-0.0015579,6.9389e-18,0.00025874,-0.0028283,-0.00068898,0.0009723,-0.0018733,-0.001957,-0.001641,-0.00051028,-0.0014313,-0.0010203,-0.00088889,-0.0011058,-0.00057326,-0.00034353,-0.00043217,-0.00081809,-0.00039667,-0.00022544,-0.00035532,-0.00076571,-0.00035128,-0.00019098,-0.00032316,-0.0007287,-0.00032266,-0.00016803,-0.00029922,-0.00069863,-0.00030127,-0.0001514,-0.00028062,-0.00067233,-0.00028177,-0.00013597,-0.00026407,-0.00065058,-0.00026573,-0.00012913,-0.0002699,-0.00065887,-0.00028635,-0.00030515,-0.0011007,-0.00034314,-0.00032678,-0.00088872,-0.001874,5.2042e-18
0,6.9389e-18,5.2042e-18,6.9389e-18,0,6.9389e-18,5.2042e-18,6.9389e-18,0,6.9389e-18,5.2042e-18,6.9389e-18,0,6.9389e-18,5.2042e-18,6.9389e-18,0,6.9389e-18,5.2042e-18,6.9389e-18,0,6.9389e-18,5.2042e-18,6.9389e-18,0,6.9389e-18,5.2042e-18,6.9389e-18,0,6.9389e-18,5.2042e-18,6.9389e-18,0,6.9389e-18,5.2042e-18,6.9389e-18,0,6.9389e-18,5.2042e-18,6.9389e-18,0,6.9389e-18,5.2042e-18,6.9389e-18,0,6.9389e-18,0,6.9389e-18,0,6.9389e-18,-0.0020051,6.9389e-18,0,0,-0.0039531,-0.0024107,0,-0.0017778,-0.0032296,-0.0023355,-1.3878e-17,-0.0018539,-0.0010648,-0.0012924,0,-0.0011416,-0.00047902,-0.0009037,-1.3878e-17,-0.00094781,-0.000393,-0.00084065,-1.3878e-17,-0.0008908,-0.00036083,-0.00080111,0,-0.00084613,-0.00033536,-0.00076702,-1.3878e-17,-0.00080941,-0.00031417,-0.00073688,-1.3878e-17,-0.00077345,-0.00029468,-0.000714,-1.3878e-17,-0.00074317,-0.00029387,-0.00076838,0,-0.00068415,-0.00042572,-0.0012435,0,-0.00023551,-0.0014289,-0.0042884,0
0,-6.9389e-18,-5.2042e-18,-6.9389e-18,0,-6.9389e-18,-5.2042e-18,-6.9389e-18,0,-6.9389e-18,-5.2042e-18,-6.9389e-18,0,-6.9389e-18,-5.2042e-18,-6.9389e-18,0,-6.9389e-18,-5.2042e-18,-6.9389e-18,0,-6.9389e-18,-5.2042e-18,-6.9389e-18,0,-6.9389e-18,-5.2042e-18,-6.9389e-18,0,-6.9389e-18,-5.2042e-18,-6.9389e-18,0,-6.9389e-18,-5.2042e-18,-6.9389e-18,0,-6.9389e-18,-5.2042e-18,-6.9389e-18,0,-6.9389e-18,-5.2042e-18,-6.9389e-18,0,-6.9389e-18,-5.2042e-18,-6.9389e-18,0,0,-6.9389e-18,0,0,0,1.7347e-18,-5.2042e-18,0,0,-0.0017145,0,1.3878e-17,1.7347e-18,-0.00048052,9.1167e-05,1.3878e-17,0.00043146,-0.00010225,0.00035521,1.3878e-17,0.00044527,-7.5595e-05,0.00036181,0,0.00043074,-6.92e-05,0.00036027,1.3878e-17,0.00041994,-6.4628e-05,0.00035564,0,0.00041137,-5.8592e-05,0.00035464,1.3878e-17,0.00040426,-5.1778e-05,0.0003577,1.3878e-17,0.00039535,-3.5482e-05,0.00042669,1.3878e-17,0.00034876,0.00011272,0.00093828,1.3878e-17,-0.00011213,0.0010891,0.0036795,0
-6.9389e-18,-5.2042e-18,0.0016324,-5.2042e-18,-6.9389e-18,-5.2042e-18,0.0017052,-5.2042e-18,-6.9389e-18,-5.2042e-18,0.0017087,-5.2042e-18,-6.9389e-18,-5.2042e-18,0.0017092,-5.2042e-18,-6.9389e-18,-5.2042e-18,0.0017091,-5.2042e-18,-6.9389e-18,-5.2042e-18,0.0017089,-5.2042e-18,-6.9389e-18,-5.2042e-18,0.0017085,-5.2042e-18,-6.9389e-18,-5.2042e-18,0.0017084,-5.2042e-18,-6.9389e-18,-5.2042e-18,0.0017066,-5.2042e-18,-6.9389e-18,-5.2042e-18,0.0017484,-5.2042e-18,-6.9389e-18,-5.2042e-18,0.0013567,-5.2042e-18,-6.9389e-18,1.7347e-18,-5.2042e-18,0,1.3878e-17,0,-5.2042e-18,-6.9389e-18,0,-5.2042e-18,0,-0.00024178,0,-0.00010023,-0.001064,-0.00052277,0.00032286,-0.00024031,-0.00042692,-0.00017994,0.00050148,-4.6247e-05,-0.00023125,-4.9002e-05,0.00052422,-2.4205e-05,-0.0002124,-4.1809e-05,0.00050778,-2.4198e-05,-0.00020564,-4.003e-05,0.00049176,-2.5059e-05,-0.00020057,-3.9067e-05,0.00047804,-2.2992e-05,-0.00019189,-3.4037e-05,0.00046697,-1.9557e-05,-0.00018336,-2.9439e-05,0.00045764,-1.9e-05,-0.00017421,-1.035e-05,0.00047464,1.2893e-05,1.4363e-05,0.00082017,0.00017573,7.299e-05,0.00067984,0.0017139,-5.2042e-18
6.9389e-18,3.4694e-18,-0.0018451,0,6.9389e-18,-1.7347e-18,-0.0019286,-1.7347e-18,6.9389e-18,-1.7347e-18,-0.0019326,-1.7347e-18,6.9389e-18,-1.7347e-18,-0.0019326,-1.7347e-18,6.9389e-18,-1.7347e-18,-0.0019326,-1.7347e-18,6.9389e-18,-1.7347e-18,-0.0019327,-1.7347e-18,6.9389e-18,-1.7347e-18,-0.0019328,-1.7347e-18,6.9389e-18,-1.7347e-18,-0.0019327,-1.7347e-18,6.9389e-18,-1.7347e-18,-0.001934,-1.7347e-18,6.9389e-18,0,-0.0018959,5.2042e-18,6.9389e-18,5.2042e-18,-0.0022326,0,0,0,-0.0022021,-0.0010346,-1.7347e-18,-0.00034098,-0.0018923,-0.00095893,0.00083751,-0.0018345,-0.0017879,-0.0017761,-0.00085606,-0.0013827,-0.00094117,-0.00081202,-0.0010559,-0.00052915,-0.00030462,-0.00040313,-0.000802,-0.00036172,-0.00018785,-0.0003171,-0.000732,-0.00032187,-0.00016492,-0.00029667,-0.00070065,-0.00030265,-0.00015268,-0.0002824,-0.0006755,-0.0002881,-0.00014259,-0.00026901,-0.00065163,-0.00027074,-0.00012854,-0.00025297,-0.00062989,-0.00025432,-0.00011627,-0.00024045,-0.0006125,-0.00024537,-0.00011602,-0.0002512,-0.00062295,-0.00026576,-0.000285,-0.001036,-0.00035301,-0.00031158,-0.00086047,-0.0018322,5.2042e-18
0,6.9389e-18,0,6.9389e-18,0,6.9389e-18,0,6.9389e-18,0,6.9389e-18,0,6.9389e-18,0,6.9389e-18,0,6.9389e-18,0,6.9389e-18,0,6.9389e-18,0,6.9389e-18,0,6.9389e-18,0,6.9389e-18,0,6.9389e-18,0,6.9389e-18,0,6.9389e-18,0,6.9389e-18,0,6.9389e-18,0,6.9389e-18,3.4694e-18,6.9389e-18,0,6.9389e-18,0,0,0,0,-0.0022564,0,0,5.2042e-18,-0.0047053,-0.0029577,-1.3878e-17,-0.0026645,-0.0024038,-0.0022458,-1.3878e-17,-0.0016956,-0.00093536,-0.0011888,0,-0.0010816,-0.00043825,-0.00085599,-1.3878e-17,-0.00090913,-0.00035403,-0.00078496,0,-0.00084779,-0.00032762,-0.00075696,0,-0.00081042,-0.00031266,-0.000735,0,-0.000782,-0.00029933,-0.0007125,0,-0.00074971,-0.00028232,-0.00068957,-1.3878e-17,-0.00072247,-0.00026894,-0.00067264,0,-0.00070222,-0.00027361,-0.0007299,-1.3878e-17,-0.0006431,-0.00041001,-0.0012467,0,-0.00019606,-0.0014463,-0.0044575,0
0,-6.9389e-18,-5.2042e-18,-6.9389e-18,0,-6.9389e-18,-5.2042e-18,-6.9389e-18,0,-6.9389e-18,-5.2042e-18,-6.9389e-18,0,-6.9389e-18,-5.2042e-18,-6.9389e-18,0,-6.9389e-18,-5.2042e-18,-6.9389e-18,0,-6.9389e-18,-5.2042e-18,-6.9389e-18,0,-6.9389e-18,-5.2042e-18,-6.9389e-18,0,-6.9389e-18,-5.2042e-18,-6.9389e-18,0,-6.9389e-18,-5.2042e-18,-6.9389e-18,0,-6.9389e-18,-5.2042e-18,-6.9389e-18,0,-6.9389e-18,-5.2042e-18,-6.9389e-18,0,-6.9389e-18,-6.9389e-18,0,0,0,0,1.7347e-18,0,0,-0.001941,0,0,0,-0.00040501,0.0001589,0,0.00045801,-7.8689e-05,0.00036708,1.3878e-17,0.00047178,-4.8906e-05,0.00037574,0,0.00045254,-4.5587e-05,0.00036984,0,0.00042713,-5.2201e-05,0.00035442,0,0.00040641,-5.5205e-05,0.0003461,0,0.00039264,-5.362e-05,0.00034289,1.3878e-17,0.00038219,-5.4108e-05,0.00033656,1.3878e-17,0.00037128,-3.9272e-05,0.00040624,1.3878e-17,0.00032754,0.0001163,0.00096046,0,-0.00013247,0.0011217,0.0038672,0
-6.9389e-18,-5.2042e-18,0.0016098,-5.2042e-18,-6.9389e-18,-5.2042e-18,0.001685,-5.2042e-18,-6.9389e-18,-5.2042e-18,0.0016886,-5.2042e-18,-6.9389e-18,-5.2042e-18,0.0016891,-5.2042e-18,-6.9389e-18,-5.2042e-18,0.0016889,-5.2042e-18,-6.9389e-18,-5.2042e-18,0.0016887,-5.2042e-18,-6.9389e-18,-5.2042e-18,0.0016882,-5.2042e-18,-6.9389e-18,-5.2042e-18,0.0016875,-5.2042e-18,-6.9389e-18,-5.2042e-18,0.0017235,-5.2042e-18,-6.9389e-18,-5.2042e-18,0.0013942,-5.2042e-18,-6.9389e-18,-5.2042e-18,-5.2042e-18,0,0,0,-5.2042e-18,1.7347e-18,0,1.7347e-18,-0.00096889,-0.00081054,0,-0.00040133,-0.0010397,-0.00045064,0.00035765,-0.00018847,-0.00038291,-0.00014869,0.00050886,-3.0354e-05,-0.00021446,-3.6431e-05,0.00052703,-4.1691e-06,-0.00018772,-2.2558e-05,0.00050982,-2.3217e-06,-0.00017979,-2.1692e-05,0.00048986,-1.0944e-05,-0.0001832,-2.8891e-05,0.00047047,-1.7267e-05,-0.00018283,-3.0884e-05,0.00045521,-1.9701e-05,-0.00018015,-3.1515e-05,0.00044236,-2.3599e-05,-0.00018054,-3.4347e-05,0.00043143,-2.409e-05,-0.00017101,-1.3583e-05,0.00044951,8.981e-06,1.2344e-05,0.00077281,0.00019512,7.0775e-05,0.00065873,0.001666,-5.2042e-18
6.9389e-18,0,-0.0018187,0,6.9389e-18,0,-0.0019047,0,6.9389e-18,0,-0.0019088,0,6.9389e-18,0,-0.0019086,0,6.9389e-18,0,-0.0019086,0,6.9389e-18,0,-0.0019087,0,6.9389e-18,0,-0.0019088,0,6.9389e-18,0,-0.0019101,0,6.9389e-18,0,-0.0018706,5.2042e-18,6.9389e-18,-1.7347e-18,-0.0021127,0,0,0,-0.0023457,-0.00015337,0.0019904,-0.00061664,-0.0026201,-0.0010058,0.00071669,-0.00175,-0.001774,-0.0015496,-0.0013653,-0.0011508,-0.00074563,-0.0006737,-0.00097853,-0.00048229,-0.00027717,-0.00038366,-0.00078514,-0.00034753,-0.00017353,-0.00030071,-0.00071396,-0.00029972,-0.00013967,-0.00026877,-0.00067553,-0.00027369,-0.00012253,-0.0002514,-0.00064796,-0.00026176,-0.00011753,-0.0002429,-0.0006257,-0.00024967,-0.00011022,-0.00023301,-0.00060651,-0.00023831,-0.00010365,-0.00022513,-0.00059061,-0.00023208,-0.00010111,-0.0002199,-0.00057595,-0.00022373,-0.00010026,-0.00023004,-0.00058771,-0.00024235,-0.00026181,-0.00097068,-0.00036387,-0.0002995,-0.00084008,-0.0018619,5.2042e-18
0,6.9389e-18,0,6.9389e-18,0,6.9389e-18,0,6.9389e-18,0,6.9389e-18,0,6.9389e-18,0,6.9389e-18,0,6.9389e-18,0,6.9389e-18,0,6.9389e-18,0,6.9389e-18,0,6.9389e-18,0,6.9389e-18,0,6.9389e-18,0,6.9389e-18,0,6.9389e-18,0,6.9389e-18,0,6.9389e-18,0,6.9389e-18,0,0,0,0,-0.0023193,-0.00010076,2.7756e-17,0,-0.0045193,-0.0028335,6.9389e-18,-0.0026123,-0.0019852,-0.0019175,-1.3878e-17,-0.0014367,-0.0007459,-0.0010558,-1.3878e-17,-0.0010225,-0.00041522,-0.00083941,-1.3878e-17,-0.00089501,-0.00034093,-0.00076341,-1.3878e-17,-0.00082371,-0.00030231,-0.00071887,-1.3878e-17,-0.0007758,-0.00027971,-0.00068932,0,-0.00074479,-0.00026758,-0.00066868,-1.3878e-17,-0.000714,-0.00025534,-0.00065171,0,-0.00069048,-0.00024727,-0.00063881,-1.3878e-17,-0.00067629,-0.00024312,-0.00062905,0,-0.00065537,-0.00024796,-0.00068888,-1.3878e-17,-0.00059986,-0.00039178,-0.0012471,0,-0.00015364,-0.0014163,-0.004457,1.3878e-17
0,-6.9389e-18,-5.2042e-18,-6.9389e-18,0,-6.9389e-18,1.7347e-18,-6.9389e-18,0,-6.9389e-18,-5.2042e-18,-6.9389e-18,0,-6.9389e-18,-5.2042e-18,-6.9389e-18,0,-6.9389e-18,-5.2042e-18,-6.9389e-18,0,-6.9389e-18,-5.2042e-18,-6.9389e-18,0,-6.9389e-18,-5.2042e-18,-6.9389e-18,0,-6.9389e-18,-5.2042e-18,-6.9389e-18,0,-6.9389e-18,-5.2042e-18,-6.9389e-18,0,-6.9389e-18,-5.2042e-18,-6.9389e-18,0,-6.9389e-18,-5.2042e-18,-6.9389e-18,-2.7756e-17,-6.9389e-18,-0.0005208,1.7347e-18,0,0,-0.0013385,0,1.3878e-17,0.00023536,-0.00021336,0.00027553,1.3878e-17,0.00046927,-6.8401e-05,0.00037024,1.3878e-17,0.00047428,-4.2185e-05,0.00037965,1.3878e-17,0.00046469,-2.9783e-05,0.00038119,1.3878e-17,0.00044951,-2.8901e-05,0.00036871,0,0.00042877,-3.1286e-05,0.00035888,1.3878e-17,0.00040922,-3.3435e-05,0.00035127,0,0.00039021,-4.0891e-05,0.00033556,0,0.00037188,-4.7055e-05,0.00032643,0,0.00035752,-3.3103e-05,0.00039787,0,0.00031299,0.00012202,0.00098196,1.3878e-17,-0.00015706,0.001125,0.003983,0
-6.9389e-18,-3.4694e-18,0.0015867,-5.2042e-18,-6.9389e-18,-5.2042e-18,0.0016646,-5.2042e-18,-6.9389e-18,-5.2042e-18,0.0016686,-5.2042e-18,-6.9389e-18,-5.2042e-18,0.001669,-5.2042e-18,-6.9389e-18,-5.2042e-18,0.0016686,-5.2042e-18,-6.9389e-18,-5.2042e-18,0.0016682,-5.2042e-18,-6.9389e-18,-5.2042e-18,0.0016676,-5.2042e-18,-6.9389e-18,-5.2042e-18,0.0016833,-5.2042e-18,-6.9389e-18,-5.2042e-18,0.0015579,-5.2042e-18,-6.9389e-18,-5.2042e-18,-5.2042e-18,-5.2042e-18,0,-6.9389e-18,1.7347e-18,-5.2042e-18,0,0,-0.0010498,-0.0007008,0.00016071,-0.00050522,-0.00080208,-0.00032835,0.0003477,-0.00014064,-0.00029725,-8.6697e-05,0.00052785,-1.5359e-05,-0.00020243,-2.8953e-05,0.00052856,2.4627e-06,-0.0001789,-1.5153e-05,0.0005122,9.2179e-06,-0.00016459,-8.3896e-06,0.00049473,8.2108e-06,-0.00016019,-9.8801e-06,0.00047619,5.3799e-06,-0.00015616,-9.9191e-06,0.0004595,2.0034e-06,-0.00015445,-1.2405e-05,0.0004433,-6.7945e-06,-0.00016029,-2.1249e-05,0.00042686,-1.4931e-05,-0.00016367,-2.5561e-05,0.00041482,-1.6965e-05,-0.00015595,-6.49e-06,0.00043197,9.6989e-06,1.2941e-05,0.00072705,0.00021687,6.7512e-05,0.00063039,0.0016084,-5.2042e-18
0,0,-0.0017938,0,0,0,-0.0018819,0,0,0,-0.0018859,0,0,0,-0.0018856,0,0,0,-0.0018858,0,0,0,-0.0018861,0,0,0,-0.0018869,0,0,0,-0.0018685,0,6.9389e-18,0,-0.001941,0,6.9389e-18,0,-0.0017747,-0.0007336,5.2042e-18,-0.00047874,-0.0027671,-0.0011186,0.00060448,-0.0020257,-0.0015616,-0.0012879,-0.0012673,-0.00090002,-0.00053543,-0.00053137,-0.00086856,-0.000418,-0.00022278,-0.00034046,-0.00075661,-0.00032466,-0.00015482,-0.00028385,-0.00069862,-0.00028387,-0.00012394,-0.00025231,-0.00065896,-0.00025454,-0.00010202,-0.00022943,-0.00062716,-0.00023576,-8.8987e-05,-0.000213,-0.00059934,-0.00021746,-7.5904e-05,-0.00019795,-0.00057676,-0.00020391,-6.8415e-05,-0.00018976,-0.00056048,-0.00020023,-6.9756e-05,-0.00018781,-0.0005464,-0.00019553,-6.8353e-05,-0.00018349,-0.00053329,-0.00018805,-6.9611e-05,-0.00019709,-0.00054849,-0.00021316,-0.0002315,-0.00089515,-0.00037557,-0.00028283,-0.00081539,-0.0018942,5.2042e-18
0,0,0,0,0,0,0,0,0,0,0,0,0,0,0,0,0,0,0,0,0,0,0,0,0,0,0,0,0,0,0,6.9389e-18,0,0,0,0,0,0,-0.0015627,5.2042e-18,0,5.2042e-18,-0.0039308,-0.00216,-1.3878e-17,-0.0025187,-0.0016617,-0.0016259,0,-0.0012633,-0.00056498,-0.00093603,0,-0.00095301,-0.00036499,-0.00079263,0,-0.00085721,-0.00030887,-0.00073029,-1.3878e-17,-0.00079144,-0.00027269,-0.00068575,0,-0.0007411,-0.00024628,-0.00065052,0,-0.00070442,-0.00022687,-0.00061971,0,-0.0006661,-0.00020809,-0.00059513,-1.3878e-17,-0.00063869,-0.00019873,-0.00058075,0,-0.0006259,-0.00019789,-0.00057164,0,-0.00060956,-0.00019317,-0.00056313,0,-0.00058846,-0.00020016,-0.00062714,0,-0.00054432,-0.00035703,-0.0012319,0,-9.3186e-05,-0.0013674,-0.0044406,0
0,-6.9389e-18,0,-6.9389e-18,0,-6.9389e-18,0,-6.9389e-18,0,-6.9389e-18,1.7347e-18,-6.9389e-18,0,-6.9389e-18,1.7347e-18,-6.9389e-18,0,-6.9389e-18,1.7347e-18,-6.9389e-18,0,-6.9389e-18,1.7347e-18,-6.9389e-18,0,-6.9389e-18,0,-6.9389e-18,0,-6.9389e-18,1.7347e-18,-6.9389e-18,0,-6.9389e-18,-5.2042e-18,-6.9389e-18,0,-6.9389e-18,-5.2042e-18,0,0,0,-0.00011115,1.7347e-18,1.3878e-17,0,-0.0008732,0,1.3878e-17,0.00044306,-8.1753e-05,0.00038717,1.3878e-17,0.00052719,-9.6927e-06,0.00042271,0,0.00052459,1.0666e-05,0.0004288,0,0.00051278,2.1309e-05,0.0004288,0,0.00049867,2.43e-05,0.00041916,0,0.0004839,2.6809e-05,0.00041269,0,0.00046942,2.8701e-05,0.00040672,0,0.00044934,1.8731e-05,0.00038585,0,0.00042369,4.6417e-06,0.00036502,0,0.00040297,-2.2687e-07,0.00036052,0,0.00038843,1.1117e-05,0.00042603,0,0.00034085,0.00016581,0.0010423,-6.9389e-18,-0.00013862,0.0011696,0.004141,1.3878e-17
-6.9389e-18,0,0.0015687,0,-6.9389e-18,0,0.0016481,0,-6.9389e-18,0,0.0016523,0,-6.9389e-18,0,0.0016527,0,-6.9389e-18,0,0.0016523,0,-6.9389e-18,0,0.001652,0,-6.9389e-18,0,0.0016547,0,-6.9389e-18,0,0.0016583,0,-6.9389e-18,-5.2042e-18,1.7347e-18,-5.2042e-18,0,-6.9389e-18,1.7347e-18,-5.2042e-18,0,1.7347e-18,-0.00055892,-0.00054119,2.117e-05,-0.00018654,-0.00053033,-0.00017398,0.00051095,8.0205e-06,-0.00015358,3.5871e-05,0.00060931,8.2252e-05,-9.9825e-05,6.4608e-05,0.0005985,9.5313e-05,-7.833e-05,7.7294e-05,0.00058161,0.00010109,-6.5085e-05,8.3352e-05,0.00056398,0.00010049,-5.9611e-05,8.3318e-05,0.00054661,0.00010063,-5.2555e-05,8.5567e-05,0.00053011,9.9127e-05,-4.9596e-05,8.232e-05,0.00050928,8.3849e-05,-6.4106e-05,6.3543e-05,0.00048237,6.3161e-05,-8.0983e-05,4.6353e-05,0.00046031,5.2873e-05,-8.4604e-05,4.2725e-05,0.00044819,4.9496e-05,-7.9395e-05,5.8709e-05,0.00046395,7.2627e-05,7.9392e-05,0.00074186,0.00029215,0.00013148,0.00067328,0.0016157,-5.2042e-18
0,0,-0.0017611,0,0,0,-0.0018508,0,0,0,-0.0018546,0,0,0,-0.0018543,0,0,0,-0.0018547,0,0,0,-0.0018552,0,0,0,-0.0018507,0,0,0,-0.0018261,0,6.9389e-18,-1.7347e-18,-0.0016886,-0.0013484,6.9389e-18,0.00020744,-0.0029306,-0.000821,0.0008962,-0.0018111,-0.0014086,-0.0012178,-0.0011958,-0.00080942,-0.00032549,-0.0003339,-0.00076055,-0.0002194,-8.4922e-06,-0.00014667,-0.00064122,-0.00014113,4.248e-05,-0.00010276,-0.0005898,-0.00010257,7.2778e-05,-7.137e-05,-0.00055037,-7.4045e-05,9.4147e-05,-4.8614e-05,-0.00051811,-5.4471e-05,0.00010804,-3.1171e-05,-0.00048916,-3.454e-05,0.0001233,-1.395e-05,-0.00046513,-2.1336e-05,0.0001286,-9.6625e-06,-0.00045356,-3.4291e-05,0.00010587,-2.8585e-05,-0.0004499,-5.4019e-05,8.0972e-05,-4.5433e-05,-0.00044303,-5.5664e-05,7.7026e-05,-4.5677e-05,-0.000433,-5.1807e-05,7.2734e-05,-6.1085e-05,-0.00044828,-7.623e-05,-8.1409e-05,-0.00071175,-0.00031924,-0.00015072,-0.00066366,-0.0017974,5.2042e-18
0,0,0,0,0,0,0,0,0,0,0,0,0,0,0,0,0,0,0,0,0,0,0,0,0,0,0,0,0,0,0,6.9389e-18,0,0,-0.001574,0,0,0,-0.0035702,-0.0017874,0,-0.0022079,-0.0016102,-0.0015215,-1.3878e-17,-0.0010045,-0.0002163,-0.00057671,-1.3878e-17,-0.00058087,1.6967e-05,-0.0004173,0,-0.00048432,6.9508e-05,-0.00035833,0,-0.00041828,0.00010647,-0.00031274,0,-0.00036858,0.00013312,-0.00027653,-1.3878e-17,-0.00032979,0.00015418,-0.00024418,-1.3878e-17,-0.00029025,0.00017499,-0.00021659,0,-0.00026695,0.00017667,-0.00021281,0,-0.00029394,0.00013193,-0.00025017,-1.3878e-17,-0.00033082,8.4622e-05,-0.00028526,0,-0.00033119,7.3393e-05,-0.00029128,0,-0.00031826,6.1987e-05,-0.00035542,-1.3878e-17,-0.0002733,-9.5008e-05,-0.00099247,-6.9389e-18,0.00019034,-0.0010894,-0.004169,0
0,0,0,0,0,0,0,0,0,0,0,0,0,0,0,0,0,0,0,0,0,0,0,0,0,0,0,0,0,-6.9389e-18,-5.2042e-18,-6.9389e-18,0,-6.9389e-18,-5.2042e-18,0,0,0,0,1.7347e-18,1.3878e-17,0,-0.0004345,0,0,0.0010597,0.00052393,0.00099677,1.3878e-17,0.0011503,0.00062998,0.0010534,1.3878e-17,0.0011563,0.00065425,0.0010634,1.3878e-17,0.0011488,0.00066821,0.0010664,1.3878e-17,0.0011382,0.00067386,0.0010599,1.3878e-17,0.0011266,0.00067952,0.0010571,0,0.0011166,0.00068434,0.0010513,0,0.0010909,0.00065914,0.00099894,0,0.0010067,0.00056727,0.00089284,0,0.00089867,0.0004744,0.00081108,0,0.00083384,0.00043812,0.00078553,0,0.0008098,0.00044301,0.00084695,1.3878e-17,0.00077035,0.0006143,0.0015092,6.9389e-18,0.0002697,0.001567,0.0044274,0
0,0,0.0015869,0,0,0,0.001687,0,0,0,0.0016922,0,0,0,0.0016925,0,0,0,0.0016923,0,0,0,0.0016944,0,0,0,0.0017395,0,0,1.7347e-18,0,-5.2042e-18,0,-6.9389e-18,-5.2042e-18,-5.2042e-18,0,-5.2042e-18,0.00041139,0.00014804,0.00027366,0.00068255,0.00026799,0.00031752,0.000931,0.00070857,0.00077446,0.00076484,0.0011127,0.00082321,0.00085382,0.00081935,0.0011525,0.00085528,0.00088453,0.00084322,0.0011426,0.00087215,0.00090584,0.00086068,0.0011324,0.00088288,0.00091845,0.00087135,0.0011215,0.00089312,0.00093238,0.00088292,0.0011113,0.00090176,0.0009428,0.00088771,0.0010916,0.00088543,0.00091363,0.00085179,0.0010315,0.00079959,0.00078923,0.0007703,0.00096493,0.00071883,0.00066488,0.00068626,0.00090384,0.00067191,0.00061771,0.00065729,0.00087923,0.00066113,0.00061627,0.00067478,0.00089877,0.00069744,0.00079722,0.001381,0.000723,0.00068681,0.0013215,0.0021502,1.7347e-18
0,0,-0.0017062,0,0,0,-0.0017658,0,0,0,-0.0017688,0,0,0,-0.0017688,0,0,0,-0.001769,0,0,0,-0.0017618,0,0,0,-0.0017185,5.2042e-18,6.9389e-18,-1.7347e-18,-0.0022002,-0.0016527,0,0.00048923,-0.001922,0.0001457,0.00083386,-0.00060994,0.00028876,-0.00046957,-0.0012029,-0.00018347,0.0010272,9.7977e-05,-0.00029936,0.00031369,0.0014823,0.00042978,-0.00021296,0.00045487,0.0015528,0.00050283,-0.00026017,0.00051819,0.0015929,0.00056755,-0.00021347,0.000581,0.0016268,0.00062896,-0.00017152,0.00063827,0.0016516,0.00068251,-0.00013376,0.00069224,0.0016774,0.00072735,-0.0001016,0.00073432,0.0016966,0.000763,-8.3795e-05,0.00074982,0.0016608,0.00078076,-8.8826e-05,0.00073378,0.0014758,0.00085016,-4.1356e-05,0.00081335,0.0012964,0.00084835,-4.2566e-05,0.00082534,0.001228,0.00084193,-4.2315e-05,0.00083764,0.0012144,0.00084743,-5.2807e-05,0.00083906,0.0011076,0.00049242,-0.00011726,0.00047479,0.00040198,-0.0013102,-1.7347e-18
0,0,5.2042e-18,0,0,0,5.2042e-18,0,0,0,5.2042e-18,0,0,0,5.2042e-18,0,0,0,5.2042e-18,0,0,0,-1.7347e-18,0,0,0,5.2042e-18,6.9389e-18,0,6.9389e-18,0,0,0,0,-0.0015787,-0.00084954,0,1.0327e-05,0.00021077,0,-1.3878e-17,0,0.0015403,0,0,0,0.0013801,0,0,-1.7347e-18,0.0014495,-1.7347e-18,-1.3878e-17,-1.7347e-18,0.0014942,0,-1.3878e-17,0,0.0015392,-1.7347e-18,0,0,0.001591,0,0,0,0.0016271,-1.7347e-18,-1.3878e-17,0,0.0016581,0,0,0,0.0018097,-1.7347e-18,0,0,0.0025778,-1.7347e-18,0,0,0.0022596,0,0,-1.7347e-18,0.002064,0,0,0,0.0020006,0,0,0,0.0017255,0.00030029,6.9389e-18,0,0.0010062,-0.0011523,0
0,0,0.00069927,0,0,0,0.00090083,0,0,0,0.00090991,0,0,0,0.00091008,0,0,0,0.00090959,0,0,0,0.00094687,0,0,0,0.00012665,0,0,0,0,0,0,0,0.00032103,-0.00062166,0,0.00098632,0.0016244,0.0013267,0,0.0018454,0.0019968,0.0019396,0,0.0020252,0.0022314,0.0021377,0,0.0021667,0.002294,0.0021989,0,0.002272,0.0023394,0.0022446,0,0.0023332,0.0023713,0.0022861,0,0.0023693,0.0023954,0.0023266,-6.9389e-18,0.0023996,0.0024188,0.0023615,0,0.002421,0.0024255,0.0023527,-6.9389e-18,0.0024171,0.0023554,0.002209,-6.9389e-18,0.0023934,0.0022822,0.0024119,6.9389e-18,0.0027224,0.0023093,0.002517,0,0.0025932,0.0022265,0.0025037,6.9389e-18,0.0025376,0.0022173,0.002593,6.9389e-18,0.0024988,0.0023569,0.0031732,0,0.0015329,0.0027796,0.004883,1.3878e-17
0,-0.00099624,-0.00032886,-0.0015407,0,-0.0013517,0.00021968,-0.0013677,0,-0.0013544,0.00023251,-0.0013534,0,-0.0013545,0.00023273,-0.0013531,0,-0.0013535,0.00023273,-0.0013485,0,-0.0014125,0.00024231,-0.0015928,0,-0.0010711,9.4364e-05,0,-6.9389e-18,1.7347e-18,-0.0018027,0,0,-0.0005703,0.00050099,-0.0023251,-0.0038648,-0.00077566,-0.0012033,-0.002111,-0.0031622,-0.0014285,-0.00091869,-0.0016361,-0.0029513,-0.0014329,-0.00081502,-0.0015734,-0.0028236,-0.00144,-0.00077569,-0.0015258,-0.0027669,-0.0014689,-0.00075057,-0.0014912,-0.002742,-0.0014685,-0.00072597,-0.001466,-0.002745,-0.0014432,-0.0006993,-0.0014433,-0.0027503,-0.0014227,-0.00067512,-0.0014216,-0.0027532,-0.0014062,-0.00066174,-0.001421,-0.0027771,-0.0014164,-0.0006418,-0.0013566,-0.0027131,-0.0012904,-0.00029245,-0.00034079,-0.001195,-0.00016743,0.00024524,4.0749e-06,-0.00093937,4.0524e-05,0.00041821,1.6341e-05,-0.00094699,2.3231e-05,0.00043368,5.2139e-05,-0.00090132,6.3314e-05,0.00064422,0.00086374,-0.0012743,-0.00032905,0.00090602,0.00053104,1.7347e-18
6.9389e-18,0,-1.7347e-18,0,-1.3878e-17,0,5.2042e-18,0,-1.3878e-17,0,5.2042e-18,0,-1.3878e-17,0,5.2042e-18,0,-1.3878e-17,0,5.2042e-18,0,-1.3878e-17,0,5.2042e-18,0,-1.3878e-17,0,5.2042e-18,5.2042e-18,0,5.2042e-18,3.4694e-18,3.4694e-18,-1.7347e-18,0,5.2042e-18,-1.7347e-18,-1.7347e-18,5.2042e-18,5.2042e-18,5.2042e-18,-1.7347e-18,6.9389e-18,6.9389e-18,6.9389e-18,-1.7347e-18,0,6.9389e-18,6.9389e-18,-1.7347e-18,0,0,6.9389e-18,-1.7347e-18,6.9389e-18,6.9389e-18,0,-1.7347e-18,6.9389e-18,6.9389e-18,6.9389e-18,-1.7347e-18,6.9389e-18,6.9389e-18,0,-1.7347e-18,0,6.9389e-18,6.9389e-18,-1.7347e-18,6.9389e-18,6.9389e-18,6.9389e-18,-1.7347e-18,6.9389e-18,6.9389e-18,6.9389e-18,-1.7347e-18,-1.7347e-18,5.2042e-18,5.2042e-18,5.2042e-18,-1.7347e-18,-1.7347e-18,-1.7347e-18,0,5.2042e-18,-1.7347e-18,5.2042e-18,3.4694e-18,5.2042e-18,-1.7347e-18,5.2042e-18,3.4694e-18,-1.7347e-18,-1.7347e-18,0,-1.7347e-18,3.4694e-18,0,3.4694e-18,-1.7347e-18
0,0,0,0,0,0,0,0,0,0,0,0,0,0,0,0,0,0,0,0,0,0,0,0,0,0,0,0,0,0,0,0,0,6.9389e-18,0,0,0,0,0,6.9389e-18,0,0,0,0,0,6.9389e-18,0,0,0,0,0,0,0,0,0,0,0,0,0,0,0,0,0,0,0,0,0,0,0,0,0,0,0,0,0,0,0,0,0,0,0,0,0,0,0,0,0,0,0,0,0,0,0,0,6.9389e-18,0,0,0,0,0,0
0,0,0.00097823,0,0,0,0.0013567,6.9389e-18,0,6.9389e-18,0.0013622,6.9389e-18,0,6.9389e-18,0.0013625,6.9389e-18,0,6.9389e-18,0.0013658,0,0,0,0.0012766,6.9389e-18,0,6.9389e-18,0.00070777,0,0,0,5.2042e-18,-1.3878e-17,0,-1.3878e-17,0,0,0,0,0,0,0,0,0,0,0,0,0,0,0,0,0,0,0,0,0,0,0,0,0,0,0,0,0,0,0,0,0,0,0,0,0,0,0,0,0,0,0,0,6.9389e-18,0,0,0,-1.7347e-18,0,0,0,0,0,0,0,0,0,0,0,-1.7347e-18,0,0,0,-1.7347e-18,0,0
