0.31553,0.067863,0.028317,0.06555,0.30331,0.066036,0.028243,0.06608,0.30356,0.066099,0.028282,0.066101,0.30357,0.066101,0.028283,0.066101,0.30357,0.066099,0.028278,0.066086,0.30355,0.066124,0.028456,0.066641,0.30452,0.066433,0.027414,0.062851,0.29782,0.06164,0.021939,0.051191,0.27525,0.050219,0.016668,0.048339,0.27148,0.048135,0.015691,0.048175,0.27159,0.048159,0.015625,0.048005,0.27127,0.047988,0.01551,0.047874,0.27103,0.047861,0.015424,0.047777,0.27086,0.047766,0.01535,0.047681,0.27068,0.04767,0.015277,0.047588,0.27051,0.047578,0.015214,0.047515,0.27037,0.047506,0.01516,0.047447,0.27025,0.04742,0.015122,0.047648,0.27163,0.047968,0.015526,0.046705,0.26398,0.047731,0.01328,0.026045,0.15551,0.026625,0.010485,0.022932,0.13592,0.023002,0.0099132,0.022949,0.1357,0.022971,0.0098772,0.022645,0.13399,0.02263,0.0097391,0.022336,0.13221,0.022374,0.010212,0.03306,0.17321
0.062897,0.024472,0.016588,0.023953,0.057933,0.023959,0.01699,0.024051,0.058095,0.024056,0.017017,0.024059,0.0581,0.024059,0.017018,0.024059,0.0581,0.024058,0.017015,0.024055,0.0581,0.024092,0.017117,0.024227,0.058333,0.023981,0.016452,0.023002,0.056131,0.021796,0.013349,0.018789,0.049734,0.01759,0.010351,0.017023,0.04856,0.016813,0.0098427,0.016821,0.048554,0.016806,0.0098077,0.01676,0.048464,0.016735,0.0097439,0.016701,0.048397,0.016682,0.009696,0.016657,0.048348,0.016641,0.0096555,0.016616,0.048298,0.0166,0.009615,0.016576,0.048249,0.016562,0.0095797,0.016543,0.048212,0.016531,0.0095487,0.016509,0.048169,0.016484,0.0094889,0.016479,0.048419,0.016776,0.010332,0.018082,0.04882,0.017737,0.0092819,0.012461,0.026987,0.011505,0.0066323,0.01004,0.022262,0.0097795,0.0059306,0.0098476,0.02228,0.0098473,0.0059343,0.0097679,0.021938,0.0097484,0.0058465,0.0095314,0.02155,0.010266,0.0068391,0.013419,0.042924
0.049704,0.01312,0.0055555,0.012235,0.043878,0.011982,0.0051463,0.012036,0.043934,0.012034,0.0051541,0.012036,0.043936,0.012035,0.0051541,0.012035,0.043936,0.012035,0.0051544,0.012034,0.043931,0.012019,0.0051142,0.011992,0.043922,0.01211,0.0054502,0.012534,0.044564,0.013088,0.0069979,0.01443,0.04618,0.015049,0.0085143,0.015397,0.046657,0.015507,0.0087913,0.01552,0.046698,0.015528,0.0088134,0.015551,0.046723,0.015564,0.008847,0.015582,0.046745,0.015593,0.0088728,0.015606,0.046761,0.015615,0.0088943,0.015628,0.046777,0.015637,0.0089155,0.01565,0.046792,0.015657,0.0089342,0.015667,0.046804,0.015674,0.0089501,0.015681,0.046817,0.015734,0.0091008,0.016056,0.047743,0.015471,0.0075575,0.012181,0.037637,0.01106,0.0046183,0.0078084,0.019992,0.0074718,0.0041686,0.0083971,0.021133,0.0085504,0.0046328,0.0084203,0.020717,0.0083888,0.0045492,0.0083337,0.020437,0.0083171,0.0044763,0.0081233,0.020079,0.008161,0.0042393,0.0087332,0.035951
0.27793,0.048672,0.014022,0.044741,0.26283,0.045046,0.013766,0.045048,0.26297,0.045057,0.013781,0.045058,0.26297,0.045058,0.013782,0.045058,0.26297,0.045058,0.013781,0.045057,0.26297,0.045048,0.013765,0.045045,0.26298,0.045127,0.013951,0.045285,0.26331,0.045655,0.014765,0.046103,0.26407,0.046475,0.015552,0.046604,0.26435,0.046674,0.015705,0.046683,0.26438,0.046689,0.015719,0.046696,0.26439,0.046704,0.015736,0.04671,0.2644,0.046717,0.01575,0.046721,0.26441,0.046727,0.015761,0.046731,0.26442,0.046736,0.015772,0.046741,0.26443,0.046745,0.015782,0.046749,0.26443,0.046752,0.01579,0.046755,0.26443,0.046762,0.015949,0.047623,0.26874,0.047505,0.014255,0.03837,0.22584,0.038651,0.0095232,0.020818,0.13215,0.0208,0.0084255,0.02101,0.13243,0.021172,0.0087009,0.020759,0.13044,0.020769,0.0085979,0.020477,0.12899,0.020461,0.00847,0.020144,0.12717,0.02009,0.0075219,0.027449,0.16017
0.27971,0.051179,0.017286,0.047443,0.26507,0.047818,0.017214,0.047834,0.26524,0.047846,0.017236,0.047847,0.26524,0.047847,0.017236,0.047847,0.26524,0.047847,0.017237,0.047848,0.26525,0.04785,0.017243,0.047849,0.26524,0.047818,0.017161,0.047753,0.26513,0.047619,0.016812,0.047457,0.26491,0.047323,0.016478,0.047269,0.26481,0.047243,0.01641,0.047238,0.2648,0.047235,0.016403,0.047232,0.2648,0.04723,0.016395,0.047227,0.26479,0.047225,0.01639,0.047223,0.26479,0.047221,0.016385,0.04722,0.26479,0.047218,0.01638,0.047216,0.26478,0.047214,0.016376,0.047213,0.26478,0.047211,0.016371,0.047207,0.26476,0.047199,0.016501,0.048085,0.26925,0.048566,0.016231,0.040659,0.22812,0.041153,0.011987,0.022507,0.13336,0.021872,0.0094079,0.021596,0.13276,0.021555,0.0091846,0.021142,0.13072,0.021158,0.0090917,0.020862,0.12927,0.020852,0.0089828,0.020576,0.12761,0.020789,0.008704,0.028642,0.16153
0.052938,0.017106,0.010064,0.01674,0.047349,0.0166,0.0099173,0.016671,0.047455,0.016672,0.0099335,0.016674,0.047458,0.016673,0.009934,0.016674,0.047458,0.016674,0.0099342,0.016674,0.047459,0.016675,0.0099358,0.016674,0.047454,0.016657,0.0099028,0.016637,0.047411,0.01657,0.0097702,0.016523,0.047328,0.016459,0.009643,0.01644,0.047288,0.016427,0.0096152,0.016424,0.047282,0.016423,0.0096121,0.016422,0.04728,0.016421,0.0096093,0.01642,0.047279,0.016419,0.0096072,0.016418,0.047278,0.016417,0.0096054,0.016417,0.047277,0.016416,0.0096036,0.016416,0.047276,0.016415,0.0096019,0.016414,0.047274,0.016413,0.0095991,0.016409,0.047269,0.016435,0.009683,0.016705,0.048276,0.01685,0.010103,0.016591,0.041932,0.015755,0.0078707,0.010401,0.02185,0.009343,0.0054081,0.0092206,0.021501,0.0091457,0.0052378,0.009055,0.021091,0.0090336,0.0051786,0.0089657,0.0208,0.0089506,0.0051105,0.0087826,0.020532,0.0091283,0.0056037,0.01071,0.038411
0.051554,0.015985,0.0090119,0.015612,0.045889,0.015451,0.0088067,0.015518,0.045983,0.015518,0.008821,0.01552,0.045986,0.01552,0.0088212,0.01552,0.045986,0.015519,0.0088209,0.015519,0.045986,0.015519,0.0088208,0.01552,0.04599,0.015527,0.0088356,0.01554,0.046009,0.015567,0.0088899,0.015592,0.046043,0.015618,0.0089419,0.015629,0.046062,0.015635,0.0089543,0.015637,0.046066,0.015637,0.0089558,0.015638,0.046066,0.015639,0.0089572,0.015639,0.046067,0.01564,0.0089585,0.01564,0.046067,0.01564,0.0089591,0.01564,0.046068,0.015641,0.0089597,0.015641,0.046068,0.015642,0.0089605,0.015642,0.046069,0.015643,0.0089609,0.015637,0.046061,0.01566,0.0090452,0.015961,0.047091,0.015174,0.006967,0.01053,0.030828,0.009685,0.0047051,0.0085163,0.020434,0.0085452,0.0049362,0.0089415,0.021297,0.0089907,0.0050883,0.0089087,0.020916,0.0088904,0.0050393,0.0088366,0.020655,0.0088197,0.0049684,0.0086366,0.020352,0.0088884,0.0052678,0.01028,0.037724
0.27559,0.049572,0.015774,0.045738,0.26073,0.046089,0.015661,0.0461,0.26089,0.04611,0.01568,0.046111,0.26089,0.046111,0.015681,0.046111,0.26089,0.046111,0.015681,0.046111,0.26089,0.046111,0.015681,0.046111,0.26089,0.046115,0.015688,0.04612,0.2609,0.046132,0.015712,0.046141,0.26092,0.046154,0.015735,0.046158,0.26093,0.046161,0.015741,0.046162,0.26093,0.046162,0.015742,0.046162,0.26093,0.046162,0.015742,0.046163,0.26093,0.046163,0.015743,0.046163,0.26093,0.046163,0.015743,0.046163,0.26093,0.046164,0.015743,0.046164,0.26094,0.046164,0.015744,0.046164,0.26094,0.046165,0.015745,0.046162,0.26091,0.046133,0.015844,0.047117,0.26617,0.047112,0.013287,0.031584,0.19126,0.032091,0.0091782,0.02062,0.12942,0.020698,0.0088581,0.021283,0.13224,0.021329,0.0089703,0.020921,0.13021,0.020937,0.0088836,0.020665,0.12886,0.020653,0.0087688,0.020351,0.12712,0.020463,0.0082314,0.028045,0.16041
0.27588,0.049936,0.016215,0.046126,0.26108,0.046483,0.016118,0.046495,0.26124,0.046506,0.016137,0.046507,0.26124,0.046506,0.016137,0.046507,0.26124,0.046506,0.016137,0.046506,0.26124,0.046506,0.016137,0.046506,0.26124,0.046505,0.016134,0.046503,0.26124,0.046498,0.016125,0.046495,0.26123,0.04649,0.016116,0.046489,0.26123,0.046488,0.016113,0.046487,0.26123,0.046487,0.016113,0.046487,0.26122,0.046487,0.016113,0.046487,0.26122,0.046487,0.016113,0.046487,0.26122,0.046487,0.016112,0.046487,0.26122,0.046487,0.016112,0.046487,0.26122,0.046486,0.016111,0.046486,0.26122,0.046482,0.016103,0.046479,0.26122,0.046542,0.01643,0.047766,0.26696,0.048373,0.015322,0.033855,0.19345,0.034237,0.010916,0.021486,0.12985,0.020935,0.009028,0.021385,0.13231,0.021391,0.0090342,0.020972,0.13025,0.020983,0.0089358,0.020709,0.1289,0.020697,0.0088232,0.020402,0.12718,0.020552,0.008376,0.028206,0.16063
0.052132,0.016626,0.0096354,0.016295,0.046483,0.016143,0.0094531,0.016211,0.046583,0.016211,0.0094681,0.016213,0.046586,0.016213,0.0094686,0.016213,0.046586,0.016213,0.0094685,0.016213,0.046586,0.016213,0.0094685,0.016213,0.046585,0.016212,0.0094673,0.016211,0.046584,0.01621,0.0094639,0.016208,0.046582,0.016207,0.0094603,0.016206,0.04658,0.016205,0.0094594,0.016205,0.04658,0.016205,0.0094592,0.016205,0.04658,0.016205,0.0094593,0.016205,0.04658,0.016205,0.0094593,0.016205,0.04658,0.016205,0.0094593,0.016205,0.04658,0.016205,0.0094591,0.016205,0.04658,0.016205,0.0094586,0.016204,0.046577,0.016197,0.0094406,0.016174,0.046569,0.016304,0.0098147,0.017086,0.04833,0.017052,0.0097523,0.014937,0.03515,0.013936,0.0070735,0.0096988,0.020908,0.0088749,0.0051379,0.0090861,0.021397,0.0090941,0.0051762,0.008993,0.020983,0.0089697,0.0051127,0.0089099,0.020715,0.0088936,0.0050436,0.0087204,0.020431,0.0090211,0.0054564,0.010546,0.038132
0.050937,0.015883,0.0090328,0.015548,0.045291,0.015395,0.008847,0.015462,0.045389,0.015463,0.0088617,0.015465,0.045393,0.015464,0.0088617,0.015464,0.045393,0.015464,0.0088617,0.015464,0.045393,0.015464,0.0088619,0.015464,0.045393,0.015465,0.0088627,0.015465,0.045394,0.015466,0.0088643,0.015466,0.045395,0.015467,0.0088658,0.015468,0.045395,0.015468,0.0088661,0.015468,0.045395,0.015468,0.0088662,0.015468,0.045395,0.015468,0.0088663,0.015468,0.045395,0.015468,0.0088667,0.015468,0.045395,0.015468,0.0088665,0.015468,0.045395,0.015468,0.0088662,0.015468,0.045395,0.015468,0.0088668,0.015469,0.045398,0.015482,0.0089001,0.015542,0.045564,0.015411,0.0085834,0.014934,0.044435,0.013945,0.0059516,0.0086848,0.024014,0.0080815,0.0044486,0.0087399,0.021058,0.0089699,0.0051341,0.0089934,0.021195,0.0089745,0.005094,0.0089101,0.020863,0.0088951,0.005053,0.0088385,0.020603,0.0088225,0.0049843,0.0086477,0.020317,0.0089063,0.0053078,0.010289,0.037582
0.27212,0.048938,0.015649,0.045113,0.25727,0.045467,0.015544,0.045478,0.25743,0.045489,0.015563,0.045489,0.25743,0.045489,0.015564,0.04549,0.25743,0.045489,0.015564,0.045489,0.25743,0.045489,0.015563,0.045489,0.25743,0.045489,0.015564,0.045489,0.25743,0.04549,0.015565,0.04549,0.25743,0.04549,0.015565,0.045491,0.25743,0.045491,0.015565,0.045491,0.25743,0.045491,0.015565,0.045491,0.25743,0.045491,0.015566,0.045491,0.25743,0.045491,0.015566,0.045491,0.25743,0.045491,0.015566,0.045491,0.25743,0.045491,0.015566,0.045491,0.25743,0.045491,0.015566,0.045493,0.25744,0.045498,0.015605,0.045658,0.25821,0.045567,0.015266,0.044646,0.25481,0.044756,0.011712,0.024899,0.15644,0.025386,0.0088446,0.020829,0.13127,0.021159,0.0089957,0.02121,0.13163,0.021218,0.0089556,0.020864,0.12986,0.020879,0.0088772,0.020611,0.12854,0.020599,0.0087644,0.020301,0.12681,0.020432,0.0082452,0.027921,0.15978
0.27237,0.049233,0.015999,0.045424,0.25756,0.045781,0.015901,0.045793,0.25771,0.045803,0.01592,0.045804,0.25772,0.045803,0.015921,0.045804,0.25772,0.045804,0.015921,0.045804,0.25772,0.045804,0.015921,0.045804,0.25772,0.045804,0.015921,0.045804,0.25772,0.045803,0.015921,0.045804,0.25772,0.045803,0.015921,0.045804,0.25772,0.045804,0.01592,0.045804,0.25772,0.045804,0.01592,0.045803,0.25772,0.045804,0.015921,0.045803,0.25772,0.045804,0.015921,0.045804,0.25772,0.045804,0.015921,0.045803,0.25772,0.045804,0.01592,0.045803,0.25772,0.045803,0.015919,0.045801,0.25771,0.045788,0.015918,0.04594,0.25855,0.046171,0.016351,0.045962,0.25626,0.046582,0.013997,0.027033,0.1583,0.027115,0.010164,0.02142,0.13146,0.021203,0.0090187,0.02124,0.13167,0.021261,0.0090009,0.0209,0.1299,0.020911,0.0089126,0.020642,0.12857,0.020631,0.0088013,0.020336,0.12685,0.020493,0.0083492,0.028047,0.15996
0.051453,0.016396,0.0095071,0.016096,0.045795,0.015944,0.0093302,0.016012,0.045894,0.016013,0.0093452,0.016015,0.045897,0.016014,0.0093456,0.016015,0.045897,0.016015,0.0093455,0.016015,0.045897,0.016015,0.0093455,0.016015,0.045897,0.016015,0.0093456,0.016014,0.045897,0.016015,0.0093457,0.016014,0.045897,0.016014,0.0093455,0.016014,0.045897,0.016014,0.0093456,0.016014,0.045897,0.016014,0.0093456,0.016014,0.045897,0.016014,0.0093458,0.016014,0.045897,0.016014,0.0093459,0.016014,0.045897,0.016015,0.0093458,0.016014,0.045897,0.016015,0.0093457,0.016014,0.045897,0.016014,0.0093443,0.01601,0.045889,0.015995,0.0093068,0.015975,0.046031,0.016233,0.010038,0.017441,0.047077,0.017084,0.0090883,0.012599,0.027607,0.011504,0.0062168,0.0093949,0.021179,0.0089537,0.005138,0.0090489,0.021265,0.0090531,0.005155,0.0089685,0.020912,0.0089479,0.0050993,0.0088907,0.020651,0.0088747,0.0050318,0.0087037,0.020373,0.0089936,0.0054331,0.01049,0.03794
0.050275,0.01567,0.0089242,0.015368,0.044623,0.015216,0.0087447,0.015284,0.044721,0.015284,0.0087595,0.015286,0.044724,0.015285,0.0087595,0.015286,0.044724,0.015285,0.0087595,0.015286,0.044725,0.015286,0.0087597,0.015286,0.044725,0.015286,0.0087601,0.015286,0.044725,0.015286,0.0087601,0.015286,0.044725,0.015286,0.0087603,0.015286,0.044725,0.015286,0.0087602,0.015286,0.044725,0.015286,0.0087602,0.015286,0.044725,0.015286,0.0087603,0.015286,0.044725,0.015286,0.0087606,0.015286,0.044725,0.015286,0.0087603,0.015286,0.044725,0.015286,0.0087601,0.015286,0.044725,0.015286,0.0087607,0.015286,0.044728,0.015325,0.0088723,0.015573,0.045437,0.015125,0.0077051,0.012731,0.038292,0.011728,0.0050375,0.0081416,0.020591,0.0078192,0.0045616,0.0088844,0.021449,0.0091015,0.0051695,0.0089833,0.021092,0.0089502,0.0050844,0.0088961,0.020805,0.0088814,0.0050447,0.0088219,0.020539,0.0088055,0.0049755,0.008634,0.020262,0.0088841,0.0052928,0.010243,0.037403
0.26866,0.048263,0.015466,0.044442,0.2538,0.044797,0.015362,0.044808,0.25396,0.044819,0.015382,0.044819,0.25396,0.044819,0.015382,0.04482,0.25396,0.044819,0.015382,0.044819,0.25396,0.044819,0.015382,0.044819,0.25396,0.044819,0.015382,0.044819,0.25396,0.044819,0.015382,0.04482,0.25396,0.044819,0.015382,0.04482,0.25396,0.04482,0.015382,0.04482,0.25396,0.04482,0.015382,0.044819,0.25396,0.04482,0.015383,0.04482,0.25396,0.04482,0.015383,0.04482,0.25396,0.04482,0.015383,0.04482,0.25396,0.04482,0.015383,0.04482,0.25396,0.04482,0.015382,0.04482,0.25396,0.044825,0.015502,0.045483,0.25725,0.045353,0.014215,0.038927,0.22749,0.039163,0.0099543,0.021443,0.13536,0.021541,0.0087322,0.021259,0.13286,0.021477,0.0090348,0.021102,0.13107,0.021112,0.0089345,0.020806,0.12955,0.02082,0.0088612,0.020547,0.1282,0.020535,0.0087483,0.020239,0.12649,0.020382,0.0082323,0.027777,0.15913
0.26891,0.048552,0.015808,0.044748,0.25408,0.045105,0.015713,0.045116,0.25424,0.045127,0.015732,0.045128,0.25424,0.045127,0.015732,0.045128,0.25424,0.045127,0.015732,0.045128,0.25424,0.045127,0.015732,0.045128,0.25424,0.045128,0.015732,0.045128,0.25424,0.045127,0.015732,0.045128,0.25424,0.045128,0.015733,0.045128,0.25424,0.045128,0.015733,0.045128,0.25424,0.045128,0.015733,0.045128,0.25424,0.045128,0.015733,0.045128,0.25424,0.045128,0.015733,0.045128,0.25424,0.045128,0.015733,0.045128,0.25424,0.045128,0.015732,0.045128,0.25424,0.045127,0.015731,0.045126,0.25423,0.045118,0.015828,0.045798,0.25769,0.046236,0.015891,0.040975,0.22961,0.041441,0.012172,0.023013,0.13647,0.022469,0.0094241,0.02157,0.13297,0.021511,0.0090622,0.021134,0.13111,0.021151,0.0089758,0.020839,0.12958,0.02085,0.0088952,0.020577,0.12823,0.020566,0.0087835,0.020272,0.12653,0.020441,0.0083325,0.027899,0.15931
0.050782,0.016174,0.0093881,0.015905,0.045117,0.015755,0.0092172,0.015823,0.045216,0.015823,0.0092322,0.015825,0.04522,0.015825,0.0092326,0.015825,0.04522,0.015825,0.0092325,0.015825,0.04522,0.015825,0.0092327,0.015825,0.04522,0.015825,0.0092327,0.015825,0.04522,0.015825,0.0092327,0.015825,0.04522,0.015825,0.0092327,0.015825,0.04522,0.015825,0.0092328,0.015825,0.04522,0.015825,0.0092329,0.015825,0.04522,0.015825,0.009233,0.015825,0.04522,0.015825,0.0092331,0.015825,0.04522,0.015825,0.0092332,0.015825,0.04522,0.015825,0.0092328,0.015825,0.045219,0.015825,0.0092315,0.015821,0.045215,0.015838,0.0092862,0.016033,0.045994,0.016276,0.0099786,0.016755,0.042408,0.016038,0.0080717,0.010688,0.022544,0.0095829,0.0054737,0.0092288,0.021522,0.0091104,0.0051909,0.0090396,0.021156,0.0090204,0.0051394,0.0089502,0.020852,0.0089314,0.0050893,0.0088731,0.020586,0.0088566,0.0050207,0.0086864,0.020314,0.0089665,0.0054128,0.010438,0.037754
0.049624,0.015459,0.0088146,0.015189,0.043964,0.015038,0.0086412,0.015106,0.044063,0.015106,0.0086561,0.015108,0.044066,0.015107,0.0086562,0.015108,0.044066,0.015107,0.0086562,0.015108,0.044066,0.015108,0.0086563,0.015107,0.044066,0.015108,0.0086566,0.015107,0.044066,0.015108,0.0086567,0.015108,0.044066,0.015108,0.0086567,0.015108,0.044066,0.015108,0.0086567,0.015108,0.044066,0.015108,0.0086567,0.015108,0.044066,0.015108,0.0086568,0.015108,0.044066,0.015108,0.008657,0.015108,0.044066,0.015108,0.0086568,0.015108,0.044066,0.015108,0.0086568,0.015108,0.044066,0.015109,0.0086568,0.015104,0.04406,0.015128,0.0087413,0.015406,0.044977,0.014639,0.0067068,0.01022,0.030285,0.0094223,0.0045735,0.0084467,0.020497,0.0084966,0.0049244,0.0089737,0.021404,0.0090417,0.0051281,0.0089484,0.020999,0.0089274,0.0050732,0.0088788,0.020743,0.0088642,0.0050342,0.008804,0.020474,0.0087882,0.0049676,0.0086238,0.020216,0.008866,0.0052785,0.010197,0.037227
0.26526,0.047599,0.015284,0.043782,0.25039,0.044137,0.015183,0.044148,0.25054,0.044159,0.015202,0.04416,0.25055,0.044159,0.015202,0.04416,0.25055,0.044159,0.015202,0.04416,0.25055,0.044159,0.015202,0.04416,0.25055,0.044159,0.015203,0.04416,0.25055,0.044159,0.015203,0.04416,0.25055,0.04416,0.015203,0.04416,0.25055,0.04416,0.015203,0.04416,0.25055,0.04416,0.015203,0.04416,0.25055,0.04416,0.015203,0.04416,0.25055,0.04416,0.015203,0.04416,0.25055,0.04416,0.015203,0.04416,0.25055,0.04416,0.015203,0.04416,0.25055,0.044161,0.015204,0.044158,0.25053,0.044134,0.015294,0.045009,0.2552,0.044947,0.012917,0.031203,0.18932,0.031648,0.0091348,0.020696,0.13048,0.020874,0.0088775,0.02137,0.13273,0.021434,0.0090051,0.021003,0.1306,0.02102,0.0089146,0.020745,0.12924,0.020759,0.008844,0.020482,0.12787,0.020471,0.0087335,0.020187,0.12622,0.02034,0.0082218,0.027636,0.15851
0.2655,0.047884,0.015622,0.044083,0.25066,0.044441,0.015528,0.044452,0.25082,0.044462,0.015547,0.044463,0.25082,0.044463,0.015547,0.044463,0.25082,0.044463,0.015548,0.044463,0.25082,0.044463,0.015547,0.044463,0.25082,0.044463,0.015548,0.044463,0.25082,0.044463,0.015548,0.044463,0.25082,0.044463,0.015548,0.044464,0.25082,0.044464,0.015548,0.044464,0.25082,0.044464,0.015548,0.044463,0.25082,0.044464,0.015548,0.044463,0.25082,0.044464,0.015549,0.044464,0.25082,0.044464,0.015548,0.044464,0.25082,0.044463,0.015548,0.044463,0.25082,0.044459,0.01554,0.044456,0.25082,0.044513,0.015832,0.045608,0.25594,0.046184,0.014969,0.033531,0.19159,0.03389,0.010983,0.021673,0.13097,0.021167,0.0090859,0.021483,0.13279,0.021483,0.0090533,0.021043,0.13063,0.021056,0.0089525,0.020777,0.12926,0.020788,0.0088775,0.020512,0.1279,0.0205,0.0087662,0.020217,0.12625,0.020395,0.0083184,0.027755,0.15868
0.050124,0.015956,0.0092724,0.015719,0.044452,0.015569,0.0091074,0.015638,0.044552,0.015638,0.0091225,0.01564,0.044555,0.01564,0.0091228,0.01564,0.044555,0.01564,0.0091228,0.01564,0.044555,0.01564,0.0091228,0.01564,0.044555,0.01564,0.0091229,0.01564,0.044555,0.01564,0.0091229,0.01564,0.044555,0.01564,0.0091229,0.01564,0.044555,0.01564,0.009123,0.01564,0.044555,0.01564,0.009123,0.01564,0.044555,0.01564,0.0091231,0.01564,0.044555,0.01564,0.0091233,0.01564,0.044555,0.01564,0.0091232,0.01564,0.044555,0.01564,0.0091224,0.015638,0.044552,0.015633,0.009106,0.015611,0.044544,0.015728,0.0094416,0.016431,0.046129,0.016446,0.0095068,0.014756,0.03477,0.013849,0.0070823,0.0097736,0.021128,0.0089535,0.0051765,0.0091213,0.021492,0.009119,0.0051889,0.009014,0.021058,0.0089898,0.005124,0.0089317,0.02079,0.0089149,0.0050792,0.0088553,0.020521,0.0088387,0.0050102,0.0086713,0.020264,0.0089428,0.0053942,0.010389,0.037573
0.048978,0.015249,0.0087049,0.01501,0.043311,0.01486,0.0085375,0.014928,0.04341,0.014928,0.0085525,0.01493,0.043413,0.01493,0.0085526,0.01493,0.043413,0.01493,0.0085526,0.01493,0.043413,0.01493,0.0085526,0.01493,0.043413,0.01493,0.0085529,0.01493,0.043413,0.01493,0.0085529,0.01493,0.043413,0.01493,0.008553,0.01493,0.043413,0.01493,0.008553,0.01493,0.043413,0.01493,0.0085531,0.01493,0.043413,0.01493,0.0085532,0.01493,0.043413,0.01493,0.0085533,0.01493,0.043413,0.01493,0.0085532,0.01493,0.043413,0.01493,0.0085536,0.014931,0.043415,0.014942,0.0085838,0.014998,0.043566,0.01488,0.0082987,0.01445,0.042543,0.013524,0.0058344,0.0086036,0.023787,0.0080567,0.00445,0.0087465,0.021185,0.0089902,0.0051421,0.0090149,0.021285,0.0089976,0.0051069,0.0089301,0.020934,0.0089141,0.0050653,0.008862,0.02068,0.0088463,0.0050236,0.0087861,0.020409,0.0087711,0.0049603,0.0086153,0.020177,0.0088502,0.0052646,0.010151,0.037051
0.26189,0.04694,0.015104,0.043128,0.24701,0.043483,0.015004,0.043495,0.24717,0.043505,0.015024,0.043506,0.24717,0.043506,0.015024,0.043506,0.24717,0.043506,0.015024,0.043506,0.24717,0.043506,0.015024,0.043506,0.24717,0.043506,0.015024,0.043506,0.24717,0.043506,0.015024,0.043506,0.24717,0.043506,0.015024,0.043506,0.24717,0.043506,0.015024,0.043506,0.24717,0.043506,0.015024,0.043506,0.24717,0.043506,0.015024,0.043506,0.24717,0.043507,0.015025,0.043506,0.24717,0.043506,0.015025,0.043506,0.24717,0.043506,0.015025,0.043507,0.24717,0.043512,0.01506,0.043658,0.24788,0.043575,0.014754,0.042744,0.24481,0.042835,0.011517,0.024657,0.1551,0.025142,0.0088839,0.020944,0.13199,0.021294,0.0090218,0.021298,0.13211,0.02131,0.0089777,0.020935,0.13024,0.020952,0.008898,0.020683,0.12891,0.020695,0.0088263,0.020417,0.12754,0.020407,0.0087197,0.020143,0.12599,0.020303,0.008213,0.027495,0.15788
0.26212,0.047223,0.015438,0.043425,0.24728,0.043784,0.015346,0.043795,0.24744,0.043806,0.015365,0.043806,0.24744,0.043806,0.015365,0.043806,0.24744,0.043806,0.015365,0.043806,0.24744,0.043806,0.015365,0.043806,0.24744,0.043806,0.015366,0.043806,0.24744,0.043806,0.015366,0.043806,0.24744,0.043807,0.015366,0.043807,0.24744,0.043807,0.015366,0.043807,0.24744,0.043807,0.015366,0.043806,0.24744,0.043807,0.015366,0.043806,0.24744,0.043807,0.015367,0.043807,0.24744,0.043807,0.015366,0.043807,0.24744,0.043806,0.015365,0.043805,0.24743,0.043792,0.015364,0.043931,0.2482,0.04414,0.015757,0.043955,0.24615,0.044531,0.013661,0.026678,0.15688,0.026796,0.010155,0.021522,0.13219,0.021349,0.0090565,0.021335,0.13215,0.021355,0.0090247,0.020972,0.13027,0.020984,0.0089328,0.020713,0.12894,0.020725,0.0088596,0.020447,0.12756,0.020434,0.0087504,0.020171,0.12602,0.020355,0.0083071,0.027612,0.15805
0.049473,0.015741,0.0091581,0.015535,0.043794,0.015386,0.0089989,0.015455,0.043894,0.015455,0.009014,0.015457,0.043897,0.015457,0.0090144,0.015457,0.043897,0.015457,0.0090143,0.015457,0.043897,0.015457,0.0090143,0.015457,0.043897,0.015457,0.0090145,0.015457,0.043897,0.015457,0.0090145,0.015457,0.043897,0.015457,0.0090146,0.015457,0.043897,0.015457,0.0090146,0.015457,0.043897,0.015457,0.0090147,0.015457,0.043897,0.015457,0.0090148,0.015457,0.043897,0.015457,0.009015,0.015457,0.043897,0.015457,0.0090147,0.015457,0.043896,0.015456,0.0090132,0.015453,0.043889,0.015439,0.0089796,0.015421,0.044018,0.015655,0.009642,0.01675,0.04497,0.016426,0.0087771,0.012323,0.027215,0.011332,0.0061582,0.0094028,0.021325,0.0090021,0.0051641,0.0090808,0.021361,0.0090805,0.0051702,0.0089904,0.020985,0.0089684,0.0051119,0.0089137,0.020727,0.0088973,0.0050685,0.0088369,0.020455,0.0088202,0.0050003,0.0086584,0.02022,0.0089221,0.005377,0.01034,0.037394
0.048337,0.015041,0.008596,0.014833,0.042664,0.014684,0.0084348,0.014752,0.042763,0.014752,0.0084497,0.014754,0.042766,0.014754,0.0084498,0.014754,0.042766,0.014754,0.0084498,0.014754,0.042766,0.014754,0.0084498,0.014753,0.042766,0.014754,0.00845,0.014753,0.042766,0.014754,0.00845,0.014754,0.042766,0.014754,0.0084502,0.014754,0.042766,0.014754,0.0084504,0.014754,0.042766,0.014754,0.0084503,0.014754,0.042766,0.014754,0.0084505,0.014754,0.042766,0.014754,0.0084507,0.014754,0.042766,0.014754,0.0084507,0.014754,0.042766,0.014754,0.008451,0.014754,0.042769,0.014789,0.0085516,0.015013,0.04341,0.014608,0.0074957,0.012444,0.036951,0.011538,0.0050884,0.0082809,0.020877,0.0079899,0.0046411,0.0089306,0.021549,0.0091211,0.0051787,0.0090024,0.021173,0.0089693,0.0050948,0.0089142,0.020873,0.008899,0.005056,0.0088446,0.020616,0.0088284,0.0050133,0.0087689,0.020346,0.008755,0.0049535,0.0086078,0.020143,0.008836,0.0052511,0.010105,0.036874
0.25855,0.046289,0.014925,0.04248,0.24366,0.042836,0.014827,0.042847,0.24382,0.042858,0.014847,0.042859,0.24382,0.042858,0.014847,0.042859,0.24382,0.042858,0.014847,0.042859,0.24382,0.042858,0.014847,0.042859,0.24382,0.042858,0.014847,0.042859,0.24382,0.042859,0.014847,0.042859,0.24382,0.042859,0.014847,0.042859,0.24382,0.042859,0.014847,0.042859,0.24382,0.042859,0.014847,0.042859,0.24382,0.042859,0.014848,0.042859,0.24382,0.042859,0.014848,0.042859,0.24382,0.042859,0.014848,0.042859,0.24382,0.042859,0.014847,0.042859,0.24382,0.042863,0.014955,0.043458,0.24679,0.04334,0.013791,0.037531,0.2199,0.037754,0.0099709,0.021605,0.13617,0.021738,0.0088047,0.021377,0.1334,0.021579,0.0090578,0.021184,0.13151,0.021196,0.0089547,0.020874,0.12991,0.02089,0.0088812,0.020619,0.12858,0.020631,0.0088089,0.020354,0.12721,0.020344,0.008707,0.020105,0.12578,0.02027,0.0082056,0.027353,0.15725
0.25878,0.046567,0.015256,0.042774,0.24393,0.043133,0.015165,0.043144,0.24409,0.043155,0.015185,0.043156,0.24409,0.043155,0.015185,0.043156,0.24409,0.043155,0.015185,0.043156,0.24409,0.043155,0.015185,0.043156,0.24409,0.043155,0.015185,0.043156,0.24409,0.043155,0.015185,0.043156,0.24409,0.043156,0.015185,0.043156,0.24409,0.043156,0.015185,0.043156,0.24409,0.043156,0.015185,0.043156,0.24409,0.043156,0.015185,0.043156,0.24409,0.043156,0.015186,0.043156,0.24409,0.043157,0.015186,0.043156,0.24409,0.043155,0.015184,0.043153,0.24408,0.043146,0.015273,0.043764,0.24721,0.04416,0.015331,0.039404,0.22183,0.039834,0.011994,0.023036,0.13719,0.022586,0.0094399,0.021666,0.1335,0.021615,0.0090891,0.021219,0.13155,0.021237,0.0089975,0.020908,0.12994,0.02092,0.0089149,0.020649,0.12861,0.020661,0.0088418,0.020383,0.12723,0.020371,0.0087363,0.020132,0.12582,0.020321,0.0082981,0.027469,0.15742
0.048827,0.015527,0.0090439,0.015351,0.043141,0.015204,0.0088908,0.015272,0.043241,0.015273,0.0089059,0.015275,0.043244,0.015275,0.0089062,0.015275,0.043244,0.015275,0.0089061,0.015274,0.043244,0.015275,0.0089061,0.015274,0.043244,0.015275,0.0089063,0.015274,0.043244,0.015275,0.0089063,0.015275,0.043245,0.015275,0.0089063,0.015275,0.043245,0.015275,0.0089064,0.015275,0.043245,0.015275,0.0089065,0.015275,0.043245,0.015275,0.0089067,0.015275,0.043244,0.015275,0.0089067,0.015275,0.043244,0.015275,0.0089065,0.015274,0.043244,0.015274,0.0089047,0.01527,0.043239,0.015285,0.0089552,0.015467,0.04395,0.015686,0.0095822,0.016121,0.04071,0.015472,0.0078557,0.010602,0.022659,0.0096025,0.0054806,0.0092534,0.021625,0.0091395,0.0052077,0.0090651,0.021241,0.0090438,0.0051524,0.00897,0.020921,0.0089502,0.0051012,0.008896,0.020663,0.0088794,0.0050577,0.0088186,0.020391,0.0088023,0.0049916,0.0086483,0.020184,0.008905,0.0053613,0.010292,0.037214
0.047708,0.014837,0.0084899,0.01466,0.042027,0.014511,0.0083342,0.014579,0.042126,0.01458,0.0083491,0.014581,0.042129,0.014581,0.0083493,0.014581,0.042129,0.014581,0.008349,0.014581,0.042129,0.014581,0.008349,0.014581,0.042129,0.014581,0.0083492,0.014581,0.042129,0.014581,0.0083493,0.014581,0.042129,0.014581,0.0083495,0.014581,0.042129,0.014582,0.0083495,0.014581,0.042129,0.014582,0.0083495,0.014581,0.042129,0.014582,0.0083498,0.014581,0.042129,0.014582,0.00835,0.014581,0.042129,0.014582,0.00835,0.014581,0.042129,0.014582,0.0083502,0.01458,0.042128,0.014602,0.0084277,0.014845,0.042925,0.014154,0.0065918,0.010158,0.029635,0.0094343,0.0046615,0.0085452,0.020731,0.0085797,0.0049609,0.0090056,0.021498,0.0090649,0.0051405,0.0089697,0.021078,0.0089475,0.0050845,0.008898,0.020813,0.0088828,0.005046,0.0088267,0.020551,0.0088107,0.0050035,0.0087527,0.020286,0.0087399,0.0049467,0.0085996,0.020109,0.0088212,0.005237,0.010058,0.036699
0.25525,0.045646,0.01475,0.041841,0.24036,0.042197,0.014653,0.042208,0.24052,0.042219,0.014673,0.04222,0.24052,0.042219,0.014673,0.04222,0.24052,0.04222,0.014673,0.04222,0.24052,0.04222,0.014673,0.04222,0.24052,0.04222,0.014673,0.04222,0.24052,0.04222,0.014673,0.04222,0.24052,0.04222,0.014673,0.04222,0.24052,0.04222,0.014673,0.04222,0.24052,0.04222,0.014673,0.04222,0.24052,0.04222,0.014674,0.04222,0.24052,0.042221,0.014674,0.04222,0.24052,0.042221,0.014674,0.04222,0.24052,0.04222,0.014674,0.042221,0.24052,0.042206,0.014769,0.04298,0.2446,0.042936,0.012644,0.030508,0.18502,0.030911,0.0092321,0.020892,0.13155,0.021088,0.0089249,0.021466,0.13322,0.021528,0.0090277,0.021083,0.13102,0.0211,0.0089343,0.020814,0.12959,0.020828,0.0088638,0.020554,0.12825,0.020566,0.0087918,0.020294,0.1269,0.020283,0.0086943,0.020068,0.12559,0.020238,0.0081973,0.027212,0.15663
0.25547,0.045917,0.015074,0.042131,0.24063,0.042491,0.014987,0.042502,0.24078,0.042513,0.015007,0.042514,0.24079,0.042513,0.015007,0.042514,0.24079,0.042513,0.015007,0.042513,0.24079,0.042513,0.015007,0.042513,0.24079,0.042513,0.015007,0.042513,0.24079,0.042514,0.015007,0.042514,0.24079,0.042514,0.015007,0.042514,0.24079,0.042514,0.015007,0.042514,0.24079,0.042514,0.015007,0.042513,0.24079,0.042514,0.015008,0.042513,0.24079,0.042514,0.015008,0.042514,0.24079,0.042514,0.015008,0.042514,0.24079,0.042512,0.015004,0.042513,0.2408,0.042546,0.01522,0.04346,0.2452,0.043948,0.014356,0.032474,0.18694,0.032826,0.01083,0.021762,0.13199,0.021369,0.0091318,0.02158,0.13328,0.02158,0.0090789,0.021125,0.13105,0.021138,0.008974,0.020846,0.12962,0.020858,0.0088974,0.020584,0.12827,0.020595,0.0088236,0.020321,0.12692,0.020308,0.0087221,0.020094,0.12562,0.020288,0.0082907,0.027331,0.15681
0.048183,0.015311,0.0089295,0.01517,0.042498,0.015025,0.0087849,0.015094,0.042599,0.015094,0.0088,0.015096,0.042602,0.015096,0.0088003,0.015096,0.042602,0.015096,0.0088002,0.015096,0.042602,0.015096,0.0088001,0.015096,0.042602,0.015096,0.0088003,0.015096,0.042602,0.015096,0.0088003,0.015096,0.042602,0.015096,0.0088003,0.015096,0.042602,0.015096,0.0088004,0.015096,0.042602,0.015096,0.0088005,0.015096,0.042602,0.015096,0.0088007,0.015096,0.042602,0.015096,0.0088008,0.015096,0.042602,0.015096,0.0088002,0.015095,0.0426,0.015092,0.008792,0.015082,0.042601,0.015158,0.0090138,0.01565,0.043827,0.01561,0.0089255,0.013998,0.033445,0.013208,0.0068292,0.0097305,0.021339,0.009036,0.0052166,0.0091575,0.02159,0.0091465,0.0052055,0.0090402,0.021142,0.0090144,0.0051375,0.0089515,0.02086,0.0089336,0.0050911,0.0088782,0.020598,0.0088613,0.0050462,0.0087991,0.020327,0.0087837,0.0049827,0.0086388,0.02015,0.0088899,0.0053484,0.01025,0.037043
0.047165,0.014651,0.0083882,0.014488,0.041395,0.014339,0.0082338,0.014407,0.041494,0.014408,0.0082486,0.01441,0.041497,0.014409,0.0082487,0.01441,0.041497,0.014409,0.0082484,0.014409,0.041497,0.014409,0.0082485,0.014409,0.041497,0.014409,0.0082487,0.014409,0.041498,0.014409,0.008249,0.014409,0.041498,0.01441,0.0082491,0.014409,0.041498,0.01441,0.0082492,0.014409,0.041498,0.01441,0.0082493,0.014409,0.041498,0.01441,0.0082495,0.014409,0.041497,0.01441,0.0082496,0.014409,0.041498,0.01441,0.0082499,0.01441,0.041499,0.014416,0.0082648,0.014442,0.041571,0.014381,0.0081306,0.014248,0.041356,0.013498,0.0061402,0.0092017,0.024906,0.0086684,0.0047141,0.0088375,0.02123,0.0089777,0.0051378,0.0090319,0.021375,0.0090201,0.0051178,0.0089467,0.021001,0.0089299,0.0050751,0.0088808,0.02075,0.0088656,0.0050355,0.0088086,0.020486,0.0087938,0.0049954,0.0087405,0.020236,0.0087288,0.0049413,0.0085915,0.020075,0.0088055,0.0052201,0.0099968,0.036445
0.25193,0.045004,0.014576,0.041209,0.23709,0.041565,0.014481,0.041576,0.23725,0.041587,0.0145,0.041588,0.23725,0.041587,0.0145,0.041588,0.23725,0.041587,0.0145,0.041588,0.23725,0.041587,0.0145,0.041588,0.23725,0.041587,0.0145,0.041588,0.23725,0.041587,0.014501,0.041588,0.23725,0.041588,0.014501,0.041588,0.23725,0.041588,0.014501,0.041588,0.23725,0.041588,0.014501,0.041587,0.23725,0.041588,0.014501,0.041587,0.23725,0.041588,0.014501,0.041588,0.23725,0.041588,0.014501,0.041588,0.23726,0.041591,0.01452,0.041665,0.23761,0.041608,0.014376,0.041464,0.23763,0.04158,0.011767,0.025437,0.15862,0.025965,0.0090851,0.021056,0.13228,0.021341,0.0090339,0.021387,0.13259,0.021402,0.0089983,0.021004,0.1306,0.021021,0.0089163,0.020753,0.12927,0.020766,0.0088464,0.020489,0.12791,0.020502,0.008777,0.020244,0.12663,0.020233,0.0086838,0.020032,0.1254,0.020207,0.008193,0.027084,0.15608
0.25213,0.045262,0.014891,0.041494,0.23735,0.041855,0.014811,0.041867,0.23751,0.041877,0.01483,0.041878,0.23752,0.041878,0.014831,0.041878,0.23752,0.041878,0.014831,0.041878,0.23752,0.041878,0.014831,0.041878,0.23752,0.041878,0.014831,0.041878,0.23752,0.041878,0.014831,0.041878,0.23752,0.041878,0.014831,0.041878,0.23752,0.041878,0.014831,0.041878,0.23752,0.041879,0.014831,0.041878,0.23752,0.041879,0.014831,0.041878,0.23752,0.041879,0.014832,0.041878,0.23752,0.041878,0.014831,0.041877,0.23751,0.041868,0.014824,0.041936,0.23791,0.042081,0.015165,0.042391,0.23865,0.042908,0.013502,0.027116,0.16011,0.027374,0.010177,0.021563,0.13246,0.021404,0.009079,0.02143,0.13263,0.02145,0.0090482,0.021043,0.13063,0.021055,0.0089527,0.020784,0.1293,0.020796,0.0088799,0.020519,0.12794,0.020529,0.0088059,0.020267,0.12665,0.020254,0.0087081,0.020055,0.12543,0.020253,0.0082762,0.027191,0.15625
0.047591,0.015107,0.0088176,0.014992,0.041861,0.014848,0.00868,0.014917,0.041962,0.014917,0.008695,0.014919,0.041965,0.014918,0.0086952,0.014919,0.041965,0.014918,0.008695,0.014919,0.041965,0.014918,0.008695,0.014919,0.041965,0.014919,0.0086951,0.014919,0.041966,0.014919,0.0086952,0.014919,0.041965,0.014919,0.0086954,0.014919,0.041966,0.014919,0.0086955,0.014919,0.041966,0.014919,0.0086955,0.014918,0.041965,0.014919,0.0086957,0.014918,0.041965,0.014919,0.0086956,0.014918,0.041965,0.014918,0.0086944,0.014915,0.041959,0.014904,0.0086642,0.014878,0.042017,0.015062,0.0091862,0.015985,0.043185,0.015735,0.0085224,0.012323,0.027814,0.011461,0.0061862,0.0094251,0.021377,0.0090175,0.0051782,0.009108,0.021456,0.0091074,0.0051848,0.0090119,0.021057,0.0089886,0.0051237,0.0089334,0.020798,0.0089172,0.0050809,0.0088605,0.020533,0.0088433,0.0050345,0.0087808,0.020272,0.0087659,0.0049724,0.0086285,0.020115,0.0088698,0.0053194,0.010167,0.036766
0.046666,0.01448,0.008287,0.014317,0.04077,0.014169,0.0081344,0.014238,0.04087,0.014238,0.0081497,0.01424,0.040873,0.014239,0.0081499,0.01424,0.040873,0.014239,0.0081496,0.01424,0.040873,0.01424,0.0081497,0.014239,0.040873,0.01424,0.00815,0.014239,0.040874,0.01424,0.0081501,0.01424,0.040873,0.01424,0.0081502,0.01424,0.040874,0.01424,0.0081504,0.01424,0.040874,0.01424,0.0081505,0.01424,0.040874,0.01424,0.0081507,0.01424,0.040873,0.01424,0.0081508,0.01424,0.040873,0.01424,0.0081511,0.01424,0.040876,0.014267,0.008226,0.014428,0.041328,0.01414,0.0074845,0.012669,0.037047,0.011862,0.005344,0.0085301,0.021613,0.0081986,0.0047145,0.0089599,0.021587,0.0091274,0.0051867,0.0090241,0.021262,0.0089923,0.0051066,0.0089324,0.020941,0.0089169,0.0050669,0.0088637,0.020686,0.0088479,0.005025,0.0087904,0.02042,0.0087778,0.00499,0.0087327,0.020197,0.0087236,0.0049417,0.0085852,0.020036,0.008794,0.0052225,0.0099955,0.036334
0.24869,0.044367,0.01439,0.040575,0.23386,0.040938,0.014309,0.040951,0.23402,0.040962,0.01433,0.040962,0.23402,0.040962,0.01433,0.040963,0.23402,0.040962,0.01433,0.040963,0.23402,0.040962,0.01433,0.040963,0.23402,0.040962,0.01433,0.040962,0.23402,0.040963,0.01433,0.040963,0.23402,0.040963,0.01433,0.040963,0.23402,0.040963,0.01433,0.040963,0.23402,0.040963,0.01433,0.040962,0.23402,0.040963,0.01433,0.040962,0.23402,0.040963,0.014331,0.040962,0.23402,0.040963,0.014331,0.040963,0.23402,0.040968,0.014412,0.041388,0.2361,0.041287,0.013598,0.037467,0.21868,0.037653,0.010287,0.022242,0.13973,0.022438,0.0089031,0.021407,0.13362,0.02162,0.0090746,0.021274,0.13197,0.021285,0.0089757,0.020942,0.13027,0.020958,0.0089004,0.02069,0.12894,0.020702,0.0088292,0.020425,0.12757,0.020439,0.0087687,0.020208,0.12641,0.0202,0.0086901,0.020001,0.12517,0.020177,0.0081914,0.027061,0.15612
0.24897,0.044692,0.014755,0.040884,0.23413,0.04123,0.014639,0.041239,0.23428,0.041249,0.014656,0.04125,0.23428,0.041249,0.014656,0.04125,0.23428,0.041249,0.014656,0.041249,0.23428,0.041249,0.014656,0.041249,0.23428,0.041249,0.014656,0.041249,0.23428,0.04125,0.014656,0.041249,0.23428,0.04125,0.014656,0.041249,0.23428,0.04125,0.014656,0.04125,0.23428,0.04125,0.014656,0.041249,0.23428,0.04125,0.014657,0.041249,0.23428,0.04125,0.014657,0.041249,0.23428,0.041249,0.014655,0.041247,0.23427,0.041236,0.014705,0.04166,0.23646,0.041972,0.014874,0.039017,0.22029,0.039432,0.012101,0.023608,0.14076,0.023322,0.0095693,0.021707,0.13372,0.021654,0.0091047,0.021309,0.13201,0.021328,0.0090199,0.020976,0.13029,0.020988,0.0089334,0.020719,0.12897,0.02073,0.0088608,0.020452,0.1276,0.020457,0.0087772,0.020204,0.1264,0.02018,0.0086557,0.019965,0.12516,0.020198,0.0083134,0.027246,0.15637
0.047219,0.015072,0.008788,0.014852,0.041245,0.01468,0.0085794,0.014743,0.041333,0.014742,0.0085912,0.014744,0.041336,0.014743,0.0085912,0.014744,0.041336,0.014743,0.008591,0.014743,0.041336,0.014743,0.0085909,0.014743,0.041336,0.014743,0.0085912,0.014743,0.041336,0.014743,0.0085913,0.014743,0.041336,0.014743,0.0085914,0.014743,0.041336,0.014743,0.0085914,0.014743,0.041336,0.014743,0.0085915,0.014743,0.041336,0.014743,0.0085916,0.014743,0.041336,0.014743,0.0085915,0.014743,0.041335,0.014743,0.0085902,0.014739,0.04133,0.014741,0.0086018,0.014833,0.041795,0.015049,0.0092133,0.015699,0.040157,0.01518,0.0078299,0.010818,0.023468,0.0099042,0.0056002,0.0092951,0.02166,0.0091405,0.0052145,0.0090901,0.021335,0.0090716,0.0051671,0.0089903,0.02099,0.0089689,0.0051116,0.0089146,0.020734,0.0088981,0.0050682,0.0088404,0.020466,0.0088196,0.0050058,0.0087205,0.020175,0.0086982,0.0049062,0.0085037,0.019966,0.008789,0.0053968,0.010344,0.036849
0.045667,0.014125,0.0080679,0.01409,0.040136,0.013994,0.0080322,0.014068,0.040253,0.014071,0.0080521,0.014073,0.040257,0.014072,0.0080524,0.014073,0.040257,0.014072,0.008052,0.014072,0.040257,0.014072,0.0080522,0.014072,0.040257,0.014072,0.0080525,0.014072,0.040257,0.014073,0.0080527,0.014072,0.040257,0.014073,0.0080529,0.014072,0.040257,0.014073,0.0080531,0.014073,0.040257,0.014073,0.0080531,0.014073,0.040257,0.014073,0.0080533,0.014072,0.040257,0.014073,0.0080534,0.014073,0.040257,0.014073,0.0080528,0.014069,0.040253,0.014099,0.008145,0.014352,0.041044,0.01379,0.0066569,0.010572,0.030629,0.0098791,0.0048064,0.0085407,0.020822,0.0085072,0.0049238,0.0090178,0.021592,0.0090967,0.005158,0.0089906,0.021155,0.0089662,0.0050954,0.0089168,0.020882,0.0089028,0.0050597,0.0088483,0.020623,0.0088336,0.0050194,0.0087741,0.020351,0.0087625,0.0049993,0.0087972,0.020389,0.0087826,0.0049752,0.0087658,0.02058,0.0089282,0.0049989,0.0094863,0.03534
0.24482,0.043387,0.014001,0.039875,0.23064,0.040305,0.014133,0.040331,0.23083,0.040344,0.014161,0.040345,0.23083,0.040345,0.014162,0.040346,0.23083,0.040345,0.014162,0.040346,0.23083,0.040345,0.014162,0.040346,0.23083,0.040345,0.014162,0.040345,0.23083,0.040345,0.014162,0.040345,0.23083,0.040345,0.014162,0.040345,0.23083,0.040345,0.014162,0.040345,0.23083,0.040345,0.014162,0.040345,0.23083,0.040345,0.014162,0.040345,0.23083,0.040346,0.014162,0.040345,0.23083,0.040346,0.014162,0.040342,0.23081,0.040331,0.01426,0.041077,0.23468,0.041004,0.012552,0.031351,0.18871,0.031683,0.0093867,0.021067,0.13259,0.021253,0.0089298,0.021539,0.13368,0.021621,0.009053,0.021163,0.13143,0.02118,0.0089548,0.020884,0.12995,0.0209,0.0088899,0.020632,0.12862,0.020647,0.0088261,0.020367,0.12722,0.020347,0.0087225,0.020299,0.12718,0.020187,0.0084852,0.020282,0.12796,0.020123,0.0076392,0.025822,0.15248
0.24649,0.04464,0.015015,0.040469,0.23101,0.040637,0.014481,0.040624,0.23109,0.040629,0.014484,0.040629,0.23109,0.040629,0.014484,0.040629,0.23109,0.040629,0.014484,0.040629,0.23109,0.040629,0.014484,0.040629,0.23109,0.040629,0.014484,0.040629,0.23109,0.040629,0.014485,0.040629,0.23109,0.040629,0.014485,0.040629,0.23109,0.040629,0.014485,0.040629,0.23109,0.040629,0.014485,0.040629,0.23109,0.040629,0.014485,0.040629,0.23109,0.040629,0.014485,0.040629,0.23109,0.040627,0.01448,0.040623,0.23107,0.040649,0.014673,0.041513,0.23523,0.041957,0.014191,0.033253,0.19059,0.033576,0.011007,0.021998,0.1331,0.021611,0.0091946,0.021676,0.13375,0.02167,0.0091013,0.021204,0.13146,0.021218,0.0089941,0.020915,0.12998,0.020921,0.0089026,0.020634,0.12861,0.020638,0.0088071,0.020347,0.12723,0.020437,0.0089629,0.020657,0.12767,0.020907,0.0096098,0.021621,0.12951,0.022006,0.010041,0.028169,0.15453
0.048636,0.016341,0.009306,0.014914,0.040706,0.014546,0.0084903,0.014574,0.040713,0.01457,0.0084889,0.014571,0.040714,0.01457,0.0084887,0.014571,0.040714,0.01457,0.0084885,0.01457,0.040714,0.01457,0.0084885,0.01457,0.040714,0.01457,0.0084887,0.01457,0.040714,0.01457,0.0084889,0.01457,0.040714,0.01457,0.008489,0.01457,0.040714,0.01457,0.008489,0.01457,0.040714,0.01457,0.0084889,0.01457,0.040714,0.01457,0.008489,0.01457,0.040714,0.01457,0.0084887,0.014569,0.040713,0.014566,0.0084805,0.014555,0.040708,0.014624,0.008681,0.015073,0.041858,0.015142,0.0088906,0.014294,0.034341,0.013586,0.007008,0.0098636,0.02159,0.0091236,0.0052601,0.0091928,0.021682,0.0091699,0.0052191,0.0090633,0.021223,0.0090364,0.0051489,0.0089702,0.020929,0.0089464,0.0050811,0.0088476,0.020615,0.008827,0.0050063,0.0087193,0.020311,0.0088494,0.0053506,0.0094689,0.021249,0.0098867,0.0065252,0.011248,0.023607,0.012048,0.0082821,0.01394,0.039945
0.039658,0.012414,0.0073148,0.013667,0.039503,0.013828,0.0079314,0.013899,0.039643,0.013905,0.0079551,0.013907,0.039646,0.013906,0.0079554,0.013907,0.039647,0.013906,0.0079551,0.013906,0.039646,0.013906,0.0079553,0.013906,0.039646,0.013906,0.0079557,0.013906,0.039647,0.013907,0.0079559,0.013906,0.039647,0.013907,0.0079561,0.013906,0.039647,0.013907,0.0079563,0.013907,0.039647,0.013907,0.0079564,0.013906,0.039647,0.013907,0.0079565,0.013906,0.039647,0.013907,0.0079567,0.013907,0.039648,0.013912,0.00797,0.013935,0.039709,0.013881,0.0078499,0.013762,0.03954,0.01304,0.0059261,0.0089978,0.024785,0.0085135,0.0046299,0.0088053,0.021322,0.008981,0.0051402,0.0090529,0.021469,0.0090462,0.0051333,0.0089679,0.021074,0.0089515,0.0050907,0.0089005,0.020813,0.0088865,0.0050678,0.0089113,0.020805,0.0088798,0.0050304,0.0089404,0.020931,0.0086869,0.0043804,0.0075433,0.018092,0.0069192,0.002569,0.004306,0.012281,0.0036411,0.00061688,0.002156,0.019813
0.2332,0.040549,0.013511,0.03932,0.22751,0.03969,0.013968,0.039722,0.22767,0.039733,0.013994,0.039734,0.22767,0.039734,0.013995,0.039734,0.22767,0.039734,0.013995,0.039734,0.22767,0.039734,0.013995,0.039734,0.22767,0.039734,0.013995,0.039734,0.22767,0.039734,0.013995,0.039734,0.22767,0.039734,0.013995,0.039734,0.22767,0.039734,0.013995,0.039734,0.22767,0.039734,0.013995,0.039734,0.22767,0.039734,0.013995,0.039734,0.22767,0.039734,0.013995,0.039735,0.22767,0.039737,0.014012,0.0398,0.22797,0.039746,0.013884,0.039661,0.22822,0.039713,0.011491,0.02547,0.15883,0.025948,0.0090745,0.021135,0.13294,0.021458,0.0090553,0.021478,0.13308,0.0215,0.0090275,0.021084,0.13099,0.021105,0.0089508,0.020828,0.1296,0.020809,0.0088393,0.020709,0.12934,0.020597,0.0085506,0.020548,0.12982,0.020341,0.0075744,0.018089,0.11868,0.017515,0.005774,0.013614,0.092752,0.013326,0.0040142,0.012429,0.091065
0.23518,0.042024,0.014683,0.039981,0.22791,0.040029,0.014317,0.040014,0.22793,0.040015,0.014314,0.040015,0.22793,0.040014,0.014314,0.040015,0.22793,0.040014,0.014314,0.040014,0.22793,0.040014,0.014314,0.040015,0.22793,0.040015,0.014314,0.040015,0.22793,0.040015,0.014314,0.040015,0.22793,0.040015,0.014314,0.040015,0.22793,0.040015,0.014314,0.040015,0.22793,0.040015,0.014314,0.040015,0.22793,0.040015,0.014314,0.040014,0.22793,0.040014,0.014314,0.040013,0.22792,0.040005,0.014307,0.040063,0.22826,0.040194,0.014623,0.040527,0.22919,0.041011,0.013251,0.027223,0.16042,0.027457,0.010255,0.021694,0.13315,0.021544,0.0091165,0.021528,0.13312,0.021541,0.0090582,0.021096,0.13099,0.0211,0.0089347,0.020809,0.12961,0.020905,0.009095,0.021092,0.12987,0.021434,0.0099163,0.022211,0.13176,0.022669,0.010547,0.02165,0.12197,0.021563,0.0097839,0.018221,0.097162,0.017947,0.0080086,0.016433,0.093951
0.043245,0.015033,0.0087318,0.014557,0.040093,0.014386,0.0083888,0.014402,0.040098,0.014398,0.008387,0.014399,0.040099,0.014398,0.0083868,0.014399,0.040099,0.014398,0.0083867,0.014398,0.040099,0.014399,0.0083867,0.014398,0.040099,0.014399,0.0083869,0.014398,0.040099,0.014399,0.008387,0.014398,0.040099,0.014399,0.0083872,0.014398,0.040099,0.014399,0.0083871,0.014398,0.040099,0.014399,0.0083871,0.014398,0.040099,0.014399,0.0083871,0.014398,0.040098,0.014398,0.0083861,0.014395,0.040093,0.014385,0.0083585,0.01436,0.040141,0.014528,0.008835,0.015375,0.041252,0.015187,0.0083361,0.012286,0.027889,0.011506,0.0062221,0.009469,0.021518,0.0090613,0.0052019,0.0091383,0.021553,0.0091284,0.0051784,0.0089822,0.021075,0.0089526,0.0050807,0.0088449,0.020771,0.0089769,0.0054344,0.0096162,0.021717,0.010127,0.006908,0.012044,0.024703,0.012588,0.0085005,0.013362,0.025023,0.013355,0.0082149,0.011189,0.020694,0.010565,0.0063091,0.0086578,0.025675
0.039771,0.013297,0.0076657,0.013668,0.038976,0.013702,0.0078478,0.013739,0.039041,0.013742,0.0078599,0.013743,0.039043,0.013742,0.00786,0.013743,0.039044,0.013743,0.0078597,0.013742,0.039044,0.013743,0.00786,0.013742,0.039044,0.013743,0.0078603,0.013742,0.039044,0.013743,0.0078605,0.013743,0.039044,0.013743,0.0078607,0.013743,0.039044,0.013743,0.0078608,0.013743,0.039044,0.013743,0.0078608,0.013743,0.039044,0.013743,0.0078609,0.013743,0.039044,0.013743,0.0078613,0.013743,0.039046,0.013767,0.0079285,0.013911,0.03945,0.013652,0.0072601,0.012328,0.035616,0.011586,0.0052902,0.0085014,0.021649,0.0082119,0.0047203,0.0089799,0.021688,0.0091507,0.0052002,0.0090447,0.021341,0.0090157,0.0051396,0.0090367,0.021266,0.0090056,0.0051061,0.0090739,0.021412,0.0088119,0.0044402,0.0076504,0.018341,0.0068812,0.0021872,0.0034025,0.010592,0.0024465,0.00062991,0.0004308,0.0037184,0.00076514,0.0016915,0.00077032,0.0028022,7.2328e-05,5.1814e-05,0.0030147,0.018571
0.22864,0.039946,0.013696,0.038934,0.22447,0.039111,0.013817,0.039124,0.22455,0.039129,0.01383,0.03913,0.22455,0.03913,0.01383,0.03913,0.22455,0.03913,0.01383,0.03913,0.22455,0.03913,0.01383,0.03913,0.22455,0.03913,0.01383,0.03913,0.22455,0.03913,0.01383,0.03913,0.22455,0.03913,0.01383,0.03913,0.22455,0.03913,0.01383,0.03913,0.22455,0.03913,0.01383,0.03913,0.22455,0.03913,0.01383,0.039129,0.22455,0.03913,0.01383,0.03913,0.22455,0.039135,0.013903,0.03951,0.22641,0.039418,0.013174,0.036011,0.21088,0.036172,0.010217,0.02225,0.13991,0.022472,0.0089283,0.021518,0.13417,0.021729,0.0091073,0.021363,0.13241,0.021345,0.0089689,0.021167,0.13172,0.021055,0.0086727,0.02102,0.13228,0.020812,0.0076747,0.018384,0.1205,0.017814,0.0053965,0.012628,0.08586,0.011702,0.0029321,0.0072743,0.051788,0.0068379,0.0016247,0.0056955,0.040743,0.0064478,0.0026325,0.010224,0.074579
0.22939,0.040549,0.014244,0.039318,0.22476,0.039407,0.014143,0.039405,0.2248,0.039407,0.014145,0.039408,0.2248,0.039407,0.014145,0.039408,0.2248,0.039407,0.014145,0.039408,0.2248,0.039407,0.014146,0.039408,0.2248,0.039408,0.014146,0.039408,0.2248,0.039408,0.014146,0.039408,0.2248,0.039408,0.014146,0.039408,0.2248,0.039408,0.014146,0.039408,0.2248,0.039408,0.014146,0.039407,0.2248,0.039408,0.014146,0.039407,0.2248,0.039407,0.014145,0.039405,0.22479,0.039396,0.014189,0.039775,0.22675,0.040053,0.014341,0.037421,0.21235,0.037804,0.011904,0.023544,0.14089,0.023329,0.0095743,0.021808,0.13427,0.021752,0.0091111,0.021368,0.13244,0.021467,0.009244,0.021553,0.13225,0.021904,0.010066,0.022716,0.13426,0.023193,0.010731,0.021948,0.12387,0.021868,0.0095136,0.017352,0.090367,0.016437,0.0070819,0.011665,0.055764,0.010867,0.0049288,0.0089428,0.043588,0.0091098,0.0045708,0.011834,0.075797
0.04096,0.014331,0.0083649,0.014272,0.039465,0.01421,0.0082832,0.01423,0.03949,0.014228,0.0082862,0.014229,0.03949,0.014229,0.008286,0.014229,0.039491,0.014229,0.0082859,0.014229,0.039491,0.014229,0.008286,0.014229,0.039491,0.014229,0.0082862,0.014229,0.039491,0.014229,0.0082862,0.014229,0.039491,0.014229,0.0082864,0.014229,0.039491,0.014229,0.0082864,0.014229,0.039491,0.014229,0.0082864,0.014228,0.039491,0.014229,0.0082862,0.014228,0.03949,0.014228,0.0082851,0.014225,0.039485,0.014227,0.0082958,0.014309,0.0399,0.0145,0.0088382,0.015076,0.038437,0.014611,0.0075998,0.010688,0.023444,0.00987,0.0055821,0.0093015,0.021755,0.009154,0.0051987,0.0090332,0.021355,0.0091583,0.0055271,0.0097372,0.022152,0.010266,0.00702,0.012239,0.025251,0.012792,0.008644,0.013559,0.025346,0.013456,0.0079777,0.010474,0.01916,0.0095225,0.0051953,0.0061032,0.011207,0.005306,0.0029521,0.0040208,0.0082743,0.0039564,0.0027728,0.0053221,0.020627
0.039811,0.013608,0.0077887,0.013595,0.038412,0.013557,0.0077597,0.01358,0.038447,0.013581,0.0077657,0.013582,0.038448,0.013581,0.0077658,0.013581,0.038448,0.013581,0.0077656,0.013581,0.038448,0.013581,0.0077657,0.013581,0.038448,0.013581,0.007766,0.013581,0.038448,0.013582,0.0077662,0.013581,0.038448,0.013582,0.0077662,0.013581,0.038448,0.013582,0.0077663,0.013581,0.038448,0.013582,0.0077663,0.013581,0.038448,0.013582,0.0077665,0.013581,0.038448,0.013582,0.0077665,0.013579,0.038445,0.013605,0.0078483,0.01383,0.039148,0.01333,0.0065276,0.010476,0.029903,0.0098616,0.0048873,0.0086447,0.021075,0.0086191,0.0049823,0.0090761,0.021744,0.0091299,0.0051858,0.009171,0.021779,0.0089014,0.0045179,0.0078239,0.018754,0.0069795,0.0022029,0.0034321,0.010726,0.0024589,0.0006644,0.00047289,0.0037323,0.00073704,0.0015313,0.0004094,0.0033018,0.00017143,8.1598e-05,0.0018802,0.0064868,0.0024387,0.0013568,0.0030738,0.0077543,0.0034361,0.0022594,0.0047392,0.019693
0.22587,0.039548,0.013676,0.038406,0.22141,0.038524,0.01366,0.038529,0.22147,0.038533,0.013667,0.038533,0.22147,0.038533,0.013667,0.038533,0.22147,0.038533,0.013667,0.038533,0.22147,0.038533,0.013667,0.038533,0.22147,0.038533,0.013667,0.038533,0.22147,0.038533,0.013667,0.038533,0.22147,0.038533,0.013667,0.038533,0.22147,0.038533,0.013667,0.038533,0.22147,0.038533,0.013667,0.038533,0.22147,0.038533,0.013667,0.038533,0.22147,0.038533,0.013667,0.03853,0.22145,0.03852,0.013754,0.039183,0.22488,0.039119,0.012238,0.030548,0.18407,0.030857,0.0094603,0.021259,0.13358,0.021465,0.0089929,0.021686,0.13443,0.021656,0.0089038,0.021485,0.13434,0.021254,0.0078381,0.018766,0.12275,0.018273,0.0054298,0.012784,0.087214,0.011844,0.0029471,0.0073097,0.052183,0.0068975,0.0017296,0.0059531,0.040637,0.0062045,0.0023202,0.0070901,0.04241,0.0074034,0.0030855,0.0076183,0.04305,0.0082376,0.0038208,0.010949,0.074281
0.22617,0.039862,0.014018,0.038696,0.22167,0.038802,0.013974,0.038805,0.22171,0.038807,0.013979,0.038808,0.22171,0.038808,0.013979,0.038808,0.22171,0.038808,0.013979,0.038808,0.22171,0.038808,0.013979,0.038808,0.22171,0.038808,0.013979,0.038808,0.22171,0.038808,0.013979,0.038808,0.22171,0.038808,0.013979,0.038808,0.22171,0.038808,0.013979,0.038808,0.22171,0.038808,0.013979,0.038808,0.22171,0.038808,0.013979,0.038807,0.22171,0.038806,0.013976,0.038803,0.2217,0.038826,0.014148,0.039593,0.22539,0.039987,0.013718,0.032256,0.18575,0.032544,0.010892,0.022068,0.13402,0.021773,0.0092395,0.021856,0.13465,0.022136,0.0098929,0.022828,0.13601,0.023399,0.010782,0.022237,0.12617,0.022287,0.0096608,0.017625,0.091824,0.016685,0.0071797,0.011769,0.056191,0.010907,0.0049065,0.0089358,0.043169,0.0085107,0.0039223,0.0083262,0.043316,0.0081736,0.0036002,0.0079873,0.043312,0.0084938,0.0040774,0.011264,0.074643
0.040337,0.014158,0.0082493,0.014094,0.038861,0.014042,0.0081829,0.014062,0.038889,0.014061,0.008187,0.014062,0.03889,0.014062,0.008187,0.014062,0.03889,0.014062,0.0081869,0.014062,0.03889,0.014062,0.008187,0.014062,0.03889,0.014062,0.0081872,0.014062,0.03889,0.014062,0.0081871,0.014062,0.03889,0.014062,0.0081873,0.014062,0.03889,0.014062,0.0081873,0.014062,0.03889,0.014062,0.0081872,0.014061,0.03889,0.014062,0.0081868,0.014061,0.038889,0.014059,0.00818,0.014049,0.038884,0.01411,0.0083581,0.014509,0.039907,0.014568,0.0085411,0.013812,0.033226,0.013172,0.0068335,0.0097757,0.02171,0.00914,0.0052995,0.009273,0.021954,0.0097132,0.0065435,0.011708,0.024957,0.012391,0.0085325,0.013729,0.025813,0.01371,0.0081385,0.010671,0.019483,0.009691,0.0052806,0.0061717,0.011294,0.0053333,0.0029357,0.0039662,0.0081397,0.0036689,0.002175,0.0036395,0.008106,0.0035919,0.0020953,0.0035994,0.0081773,0.003803,0.0026215,0.0052128,0.02038
0.039128,0.013436,0.0076943,0.013436,0.037826,0.013399,0.007667,0.01342,0.037858,0.01342,0.0076721,0.013421,0.037859,0.013421,0.0076721,0.013421,0.037859,0.013421,0.007672,0.013421,0.037859,0.013421,0.007672,0.013421,0.037859,0.013421,0.0076723,0.013421,0.037859,0.013421,0.0076723,0.013421,0.037859,0.013421,0.0076723,0.013421,0.037859,0.013421,0.0076725,0.013421,0.037859,0.013421,0.0076725,0.013421,0.037859,0.013422,0.0076731,0.013421,0.03786,0.013427,0.0076852,0.013446,0.037915,0.013399,0.0075789,0.013292,0.03776,0.012653,0.0058761,0.00907,0.024673,0.0086486,0.00476,0.0089756,0.0218,0.0090766,0.0050924,0.0090863,0.021826,0.0083593,0.0031205,0.0046892,0.01289,0.0035095,0.00030906,0.00045279,0.0036046,0.00087035,0.0016281,0.00049661,0.0032214,0.00010598,0.00012215,0.0018581,0.0064847,0.0024404,0.0013768,0.0031229,0.007791,0.0032981,0.0018023,0.0032422,0.007664,0.003238,0.00176,0.0031339,0.0074658,0.003317,0.0022131,0.0046232,0.019103
0.2226,0.038906,0.013512,0.037821,0.21836,0.037935,0.0135,0.037939,0.21841,0.037942,0.013506,0.037943,0.21841,0.037942,0.013506,0.037943,0.21841,0.037942,0.013506,0.037943,0.21841,0.037943,0.013506,0.037942,0.21841,0.037942,0.013506,0.037942,0.21841,0.037942,0.013506,0.037942,0.21841,0.037942,0.013506,0.037942,0.21841,0.037942,0.013506,0.037942,0.21841,0.037942,0.013506,0.037942,0.21841,0.037942,0.013506,0.037943,0.21842,0.037945,0.013521,0.038001,0.21868,0.037955,0.01341,0.037876,0.21888,0.037927,0.011298,0.025294,0.15732,0.025703,0.009174,0.021476,0.1351,0.021651,0.0086937,0.021459,0.13538,0.021138,0.0063095,0.014547,0.09765,0.013375,0.0033158,0.0073666,0.051956,0.0068029,0.0016782,0.0059333,0.040834,0.0061987,0.002308,0.0070998,0.042556,0.0074186,0.0031169,0.0077589,0.043119,0.0078418,0.0033189,0.0077267,0.042185,0.0077096,0.0032342,0.0074502,0.041143,0.0079679,0.0037536,0.010505,0.072048
0.22291,0.03922,0.013853,0.038107,0.21861,0.038209,0.01381,0.038212,0.21866,0.038214,0.013815,0.038215,0.21866,0.038214,0.013815,0.038215,0.21866,0.038214,0.013815,0.038215,0.21866,0.038214,0.013815,0.038215,0.21866,0.038214,0.013815,0.038214,0.21866,0.038214,0.013815,0.038215,0.21866,0.038214,0.013815,0.038215,0.21866,0.038215,0.013815,0.038215,0.21866,0.038215,0.013815,0.038214,0.21866,0.038214,0.013815,0.038213,0.21866,0.038206,0.01381,0.038258,0.21896,0.038371,0.014082,0.038655,0.21974,0.039072,0.012834,0.026823,0.15873,0.027123,0.010454,0.022327,0.13583,0.022722,0.010516,0.023724,0.138,0.024214,0.010085,0.01915,0.10218,0.018195,0.0075793,0.011901,0.056041,0.010904,0.0049324,0.0089909,0.043429,0.0085623,0.0039476,0.0083608,0.043476,0.008191,0.0036168,0.0080934,0.043336,0.008032,0.0034857,0.0079022,0.042349,0.0078851,0.0034052,0.0076515,0.041345,0.0081981,0.0039967,0.010822,0.072427
0.039664,0.013986,0.0081476,0.013927,0.038268,0.013878,0.0080856,0.013897,0.038295,0.013897,0.0080896,0.013898,0.038296,0.013897,0.0080895,0.013897,0.038296,0.013897,0.0080894,0.013897,0.038296,0.013897,0.0080895,0.013897,0.038296,0.013897,0.0080896,0.013897,0.038296,0.013897,0.0080896,0.013897,0.038296,0.013897,0.0080899,0.013897,0.038296,0.013898,0.0080898,0.013897,0.038296,0.013897,0.0080897,0.013897,0.038296,0.013897,0.0080888,0.013894,0.038291,0.013885,0.0080651,0.013864,0.038334,0.014007,0.0084722,0.014739,0.03929,0.014555,0.0079768,0.011914,0.027374,0.011367,0.0064899,0.010188,0.022776,0.010558,0.0075732,0.013358,0.026995,0.013605,0.008339,0.011616,0.021591,0.010727,0.0056893,0.0063147,0.011308,0.0053395,0.0029487,0.0039899,0.0081823,0.003691,0.0021879,0.0036534,0.0081294,0.0035981,0.0020937,0.0035958,0.0081328,0.003575,0.0020495,0.0035132,0.0079706,0.0035002,0.0020037,0.0034352,0.0078456,0.003647,0.0025394,0.0050923,0.019835
0.038496,0.013284,0.0076033,0.013277,0.037242,0.01324,0.0075738,0.013261,0.037272,0.013261,0.0075787,0.013262,0.037273,0.013261,0.0075787,0.013262,0.037273,0.013261,0.0075786,0.013261,0.037273,0.013261,0.0075786,0.013261,0.037273,0.013261,0.0075787,0.013261,0.037273,0.013261,0.0075788,0.013261,0.037273,0.013262,0.0075788,0.013261,0.037273,0.013262,0.007579,0.013262,0.037273,0.013262,0.0075792,0.013261,0.037273,0.013262,0.0075799,0.013262,0.037276,0.013283,0.007639,0.013408,0.037627,0.013193,0.0070762,0.012048,0.0343,0.011412,0.0054081,0.0088168,0.022435,0.0083268,0.0042698,0.0080265,0.019683,0.0070093,0.0016151,0.0019308,0.0079253,0.0010472,0.0010999,0.00060892,0.0028727,0.00024719,0.00032783,0.0017663,0.006456,0.0024307,0.0013758,0.0031331,0.0078229,0.0033096,0.0018074,0.0032525,0.0076896,0.0032527,0.0017804,0.0031794,0.0075104,0.0031721,0.001748,0.0031384,0.0074097,0.0031319,0.0017194,0.0030728,0.0072984,0.0032597,0.0021935,0.0045712,0.018684
0.21941,0.038286,0.013356,0.037241,0.21534,0.037349,0.01334,0.037353,0.21539,0.037356,0.013346,0.037357,0.21539,0.037356,0.013346,0.037357,0.21539,0.037356,0.013346,0.037356,0.21539,0.037356,0.013346,0.037356,0.21539,0.037356,0.013346,0.037356,0.21539,0.037356,0.013346,0.037356,0.21539,0.037356,0.013346,0.037357,0.21539,0.037357,0.013346,0.037356,0.21539,0.037357,0.013346,0.037356,0.21539,0.037357,0.013346,0.037357,0.21539,0.037363,0.013412,0.037689,0.217,0.037629,0.012828,0.034691,0.2035,0.034799,0.010278,0.022679,0.14294,0.022727,0.0079879,0.019551,0.12756,0.019244,0.0048206,0.010897,0.07496,0.0099339,0.0023467,0.0061879,0.042564,0.0061926,0.0022227,0.0070524,0.042538,0.0074075,0.0031198,0.0077893,0.043362,0.0078742,0.0033305,0.0077532,0.04235,0.0077338,0.0032703,0.0076105,0.041421,0.0075915,0.0032144,0.0074955,0.040629,0.0074832,0.0031468,0.0072556,0.039703,0.0077793,0.0037224,0.010147,0.07016
0.2197,0.038586,0.013684,0.037521,0.21558,0.03762,0.013647,0.037623,0.21563,0.037625,0.013652,0.037626,0.21563,0.037625,0.013652,0.037626,0.21563,0.037625,0.013652,0.037626,0.21563,0.037625,0.013652,0.037626,0.21563,0.037626,0.013652,0.037626,0.21563,0.037626,0.013652,0.037626,0.21563,0.037626,0.013652,0.037626,0.21563,0.037626,0.013652,0.037626,0.21563,0.037626,0.013652,0.037626,0.21563,0.037625,0.013651,0.037624,0.21562,0.037614,0.013684,0.037933,0.21728,0.038123,0.013693,0.035727,0.20463,0.036246,0.01212,0.024492,0.14481,0.025048,0.011097,0.022893,0.13095,0.023095,0.0091471,0.015843,0.079597,0.014654,0.0061434,0.0098117,0.045659,0.0089949,0.004114,0.0084359,0.043502,0.0081979,0.0036283,0.0081316,0.043586,0.0080716,0.0035028,0.007933,0.042516,0.0079072,0.0034331,0.0077936,0.041596,0.0077722,0.0033741,0.007667,0.040791,0.0076509,0.0032985,0.0074239,0.039869,0.0079698,0.0039296,0.010424,0.070498
0.038999,0.013809,0.0080436,0.01376,0.037679,0.013714,0.0079881,0.013733,0.037706,0.013732,0.007992,0.013733,0.037706,0.013732,0.0079919,0.013733,0.037706,0.013733,0.0079917,0.013733,0.037706,0.013733,0.0079918,0.013732,0.037706,0.013733,0.007992,0.013733,0.037707,0.013733,0.007992,0.013733,0.037707,0.013733,0.0079922,0.013733,0.037707,0.013733,0.0079921,0.013733,0.037707,0.013733,0.007992,0.013732,0.037706,0.013732,0.0079909,0.013729,0.037702,0.013729,0.0079942,0.013788,0.038034,0.013881,0.0082451,0.014012,0.036362,0.013893,0.0079356,0.012027,0.025778,0.012117,0.0084692,0.013938,0.026524,0.013657,0.0076368,0.0093688,0.016807,0.0081879,0.0042327,0.0047203,0.0088307,0.0040159,0.0023294,0.0037067,0.0081378,0.0035992,0.0021009,0.0036177,0.00818,0.003599,0.0020636,0.0035309,0.0080023,0.0035148,0.0020143,0.0034571,0.0078499,0.0034438,0.0019729,0.0033939,0.007719,0.0033819,0.0019315,0.0033205,0.007606,0.0035314,0.00247,0.0049792,0.019334
0.037895,0.013137,0.0075162,0.013122,0.036666,0.013085,0.0074828,0.013104,0.036695,0.013104,0.0074874,0.013105,0.036696,0.013105,0.0074875,0.013105,0.036696,0.013105,0.0074874,0.013105,0.036696,0.013105,0.0074873,0.013105,0.036696,0.013105,0.0074874,0.013105,0.036696,0.013105,0.0074873,0.013105,0.036696,0.013105,0.0074874,0.013105,0.036696,0.013105,0.0074876,0.013105,0.036696,0.013105,0.0074877,0.013105,0.036696,0.013106,0.0074888,0.013103,0.03669,0.01313,0.0075671,0.013322,0.0373,0.012989,0.0067376,0.01131,0.031567,0.010314,0.0041139,0.0065653,0.016781,0.0052934,0.00032492,1.8474e-05,0.0044244,0.0004304,0.0012328,9.1863e-05,0.00399,0.0007967,0.00050608,0.0026442,0.0074931,0.0031212,0.0017214,0.0032322,0.007718,0.0032674,0.0017851,0.0031811,0.0075169,0.0031706,0.0017453,0.0031383,0.0074165,0.003135,0.0017306,0.0031071,0.0073307,0.0031037,0.0017161,0.0030755,0.0072465,0.0030699,0.0016907,0.0030146,0.007145,0.0032055,0.0021809,0.0045478,0.018366
0.21632,0.037687,0.013201,0.036668,0.21235,0.036771,0.013182,0.036775,0.21239,0.036777,0.013188,0.036778,0.2124,0.036777,0.013188,0.036778,0.2124,0.036777,0.013188,0.036778,0.2124,0.036778,0.013188,0.036778,0.2124,0.036778,0.013188,0.036778,0.2124,0.036778,0.013188,0.036778,0.2124,0.036778,0.013188,0.036778,0.2124,0.036778,0.013188,0.036778,0.2124,0.036778,0.013188,0.036778,0.2124,0.03678,0.013193,0.036777,0.21236,0.036776,0.013288,0.037352,0.21529,0.037215,0.012099,0.031642,0.18959,0.031559,0.0078954,0.017909,0.11755,0.016798,0.0036959,0.0081239,0.056652,0.0074387,0.0019229,0.0060966,0.039835,0.0063952,0.0026155,0.0075051,0.043183,0.0077679,0.0032848,0.00776,0.042555,0.007761,0.0032788,0.0076249,0.041536,0.0076032,0.0032174,0.0075076,0.040716,0.0074929,0.003176,0.0074103,0.040008,0.0073975,0.0031386,0.0073174,0.039349,0.0073074,0.0030775,0.0070895,0.038486,0.0076172,0.003698,0.009872,0.068714
0.21659,0.037976,0.013521,0.036941,0.21259,0.037038,0.013485,0.037041,0.21263,0.037043,0.01349,0.037044,0.21264,0.037044,0.01349,0.037044,0.21264,0.037044,0.01349,0.037044,0.21264,0.037044,0.01349,0.037044,0.21264,0.037044,0.01349,0.037044,0.21264,0.037044,0.01349,0.037044,0.21264,0.037044,0.01349,0.037044,0.21264,0.037044,0.01349,0.037044,0.21264,0.037044,0.01349,0.037044,0.21263,0.037038,0.013474,0.037017,0.21258,0.037016,0.01357,0.037645,0.21575,0.038222,0.01408,0.034145,0.19242,0.03497,0.012038,0.022406,0.12172,0.021526,0.0080973,0.012901,0.060953,0.011656,0.0050526,0.0087597,0.041931,0.0081993,0.0037528,0.0082313,0.043621,0.0081119,0.0035336,0.0079765,0.042735,0.0079424,0.0034478,0.0078167,0.041721,0.0077939,0.003385,0.0076869,0.040884,0.0076657,0.0033286,0.0075741,0.040162,0.0075558,0.0032783,0.0074673,0.03949,0.0074535,0.0032088,0.0072341,0.038629,0.0077828,0.0038813,0.010121,0.069025
0.038372,0.013643,0.0079447,0.013596,0.037096,0.013552,0.0078914,0.01357,0.037122,0.013569,0.0078952,0.01357,0.037123,0.013569,0.0078951,0.01357,0.037123,0.01357,0.0078948,0.01357,0.037123,0.01357,0.007895,0.013569,0.037123,0.01357,0.0078952,0.01357,0.037123,0.01357,0.0078953,0.01357,0.037123,0.01357,0.0078955,0.01357,0.037123,0.01357,0.0078954,0.01357,0.037123,0.01357,0.0078957,0.013571,0.037125,0.013564,0.0078705,0.013513,0.037064,0.013547,0.0079394,0.013732,0.037832,0.014275,0.0094389,0.016098,0.036954,0.01623,0.0098206,0.01379,0.025001,0.012862,0.0065973,0.0072082,0.01263,0.0060038,0.0031673,0.0039349,0.0079084,0.0035208,0.0021031,0.0036313,0.0081788,0.0036045,0.0020756,0.0035527,0.0080432,0.0035353,0.0020269,0.0034722,0.0078754,0.0034573,0.0019819,0.0034053,0.0077387,0.0033931,0.001945,0.003351,0.0076257,0.0033404,0.0019127,0.0032987,0.0075162,0.0032875,0.001874,0.0032268,0.007408,0.0034399,0.0024238,0.004913,0.018959
0.037289,0.012983,0.0074263,0.012967,0.036097,0.012931,0.0073931,0.01295,0.036125,0.01295,0.0073975,0.012951,0.036126,0.01295,0.0073976,0.012951,0.036126,0.012951,0.0073976,0.012951,0.036126,0.012951,0.0073975,0.012951,0.036126,0.012951,0.0073974,0.01295,0.036126,0.012951,0.0073974,0.012951,0.036126,0.012951,0.0073976,0.012951,0.036126,0.012951,0.0073977,0.012951,0.036127,0.012952,0.0073986,0.012944,0.036104,0.012954,0.0074287,0.01304,0.036367,0.012995,0.0074063,0.013291,0.037425,0.012051,0.0041448,0.0058901,0.016868,0.0040423,0.00050599,0.00045431,0.0037905,0.00039904,0.00072426,0.0011369,0.0054983,0.0018851,0.0011457,0.0030591,0.0077925,0.003325,0.0018111,0.0032048,0.0075622,0.0031896,0.0017504,0.0031397,0.0074229,0.0031339,0.0017275,0.0031038,0.0073295,0.0031001,0.0017125,0.0030724,0.0072455,0.0030682,0.001696,0.0030374,0.0071568,0.0030334,0.0016806,0.00301,0.0070868,0.0030058,0.0016602,0.0029603,0.0070091,0.0031522,0.0021581,0.0045027,0.018022
0.21326,0.037093,0.013046,0.0361,0.2094,0.036201,0.013027,0.036204,0.20944,0.036207,0.013032,0.036207,0.20944,0.036207,0.013032,0.036207,0.20944,0.036207,0.013032,0.036207,0.20944,0.036207,0.013032,0.036207,0.20945,0.036207,0.013032,0.036207,0.20945,0.036207,0.013032,0.036207,0.20945,0.036207,0.013032,0.036207,0.20945,0.036207,0.013032,0.036207,0.20945,0.036212,0.013042,0.036199,0.20935,0.036183,0.013041,0.036388,0.21049,0.036146,0.012653,0.036928,0.21616,0.03651,0.0083037,0.019058,0.1288,0.018492,0.0030021,0.0073441,0.051792,0.0069486,0.0020939,0.0065407,0.040064,0.0068875,0.0029353,0.0076684,0.042822,0.0078116,0.0033027,0.007663,0.041764,0.0076363,0.003227,0.0075215,0.040823,0.0075039,0.0031777,0.0074142,0.04005,0.0073999,0.0031381,0.0073211,0.039378,0.0073075,0.0031004,0.0072295,0.038723,0.007218,0.0030664,0.0071508,0.038175,0.0071431,0.0030125,0.006943,0.037442,0.0074724,0.0036717,0.0095952,0.067308
0.21353,0.037377,0.013361,0.03637,0.20964,0.036465,0.013326,0.036468,0.20968,0.03647,0.013331,0.03647,0.20968,0.03647,0.013331,0.03647,0.20968,0.03647,0.013331,0.03647,0.20968,0.03647,0.013331,0.03647,0.20968,0.03647,0.013331,0.03647,0.20968,0.03647,0.013331,0.036471,0.20968,0.03647,0.013331,0.036471,0.20968,0.036471,0.013332,0.036472,0.20968,0.036458,0.013296,0.036406,0.20954,0.036445,0.013425,0.036843,0.21117,0.03749,0.015168,0.040082,0.21981,0.041066,0.014201,0.025145,0.13484,0.024466,0.0085387,0.012436,0.055972,0.010774,0.0046682,0.008417,0.041362,0.0079293,0.0035651,0.0080437,0.043034,0.0079858,0.0034642,0.0078518,0.041949,0.0078291,0.0033993,0.0077085,0.041,0.007685,0.0033366,0.0075841,0.04021,0.0075644,0.0032842,0.0074788,0.039526,0.0074608,0.0032363,0.0073756,0.038861,0.0073594,0.003192,0.0072863,0.038303,0.0072762,0.0031331,0.0070772,0.037575,0.0076284,0.0038468,0.0098357,0.067609
0.037757,0.01348,0.0078484,0.013435,0.036523,0.013393,0.0077969,0.01341,0.036548,0.01341,0.0078007,0.013411,0.036549,0.01341,0.0078004,0.01341,0.036549,0.01341,0.0078003,0.01341,0.036549,0.01341,0.0078005,0.01341,0.036549,0.01341,0.0078007,0.01341,0.036549,0.01341,0.0078008,0.01341,0.036549,0.013411,0.007801,0.01341,0.036549,0.013411,0.0078032,0.013416,0.036553,0.013398,0.0077444,0.013279,0.03641,0.013363,0.0079406,0.013764,0.03726,0.014791,0.010803,0.019225,0.04434,0.019679,0.012067,0.016356,0.028713,0.01459,0.0071798,0.0069735,0.011594,0.0054179,0.0028729,0.0037525,0.0077717,0.0034166,0.0020252,0.0035612,0.0080911,0.0035588,0.002042,0.0034954,0.0079212,0.0034806,0.0019953,0.0034198,0.0077622,0.003405,0.0019518,0.0033573,0.007635,0.0033459,0.0019183,0.0033078,0.0075307,0.0032973,0.0018868,0.0032549,0.0074201,0.0032451,0.0018573,0.0032119,0.0073313,0.0032039,0.0018284,0.003157,0.0072541,0.0033722,0.0023892,0.0048543,0.018597
0.036689,0.012829,0.0073362,0.012813,0.035533,0.012777,0.0073032,0.012796,0.03556,0.012796,0.0073075,0.012797,0.035561,0.012797,0.0073075,0.012797,0.035561,0.012797,0.0073075,0.012797,0.035561,0.012797,0.0073073,0.012797,0.035561,0.012797,0.0073074,0.012797,0.035561,0.012797,0.0073074,0.012797,0.035561,0.012797,0.0073075,0.012797,0.035562,0.012797,0.0073047,0.01278,0.035515,0.012799,0.0073751,0.013032,0.0362,0.012873,0.007056,0.012471,0.035216,0.010917,0.0028998,0.0039172,0.014091,0.0019161,0.0022056,0.0025054,0.0010488,0.0019652,0.0013178,0.0011397,0.0058729,0.0021754,0.0013007,0.0031084,0.0077386,0.0033133,0.0018066,0.0031653,0.0074465,0.0031397,0.001726,0.0030996,0.0073272,0.003095,0.0017081,0.0030692,0.0072452,0.003066,0.0016942,0.0030373,0.0071601,0.0030324,0.001676,0.0030003,0.0070694,0.0029965,0.0016614,0.0029772,0.0070088,0.0029745,0.0016502,0.002952,0.0069438,0.002946,0.0016254,0.0028937,0.0068531,0.0030862,0.0021295,0.0044579,0.017691
0.21024,0.036504,0.012891,0.035536,0.20647,0.035634,0.012872,0.035638,0.20652,0.03564,0.012877,0.035641,0.20652,0.03564,0.012877,0.03564,0.20652,0.03564,0.012877,0.03564,0.20652,0.03564,0.012877,0.03564,0.20652,0.03564,0.012877,0.03564,0.20652,0.03564,0.012877,0.03564,0.20652,0.035641,0.012878,0.035641,0.20652,0.035646,0.012884,0.035612,0.20632,0.035564,0.01286,0.036089,0.20926,0.035779,0.012073,0.034798,0.20669,0.034214,0.0072876,0.017549,0.12449,0.016857,0.0018846,0.005456,0.042808,0.0053434,0.0016389,0.0065024,0.040447,0.0070462,0.0030046,0.0076318,0.042212,0.0077354,0.0032702,0.0075593,0.041003,0.0075266,0.0031827,0.0074209,0.040118,0.0074047,0.0031382,0.0073243,0.039419,0.0073104,0.0031006,0.0072326,0.038758,0.0072186,0.0030627,0.0071411,0.038107,0.0071292,0.0030301,0.0070708,0.037604,0.007061,0.0030018,0.0070004,0.037119,0.006992,0.0029471,0.0067898,0.036371,0.0073202,0.0036422,0.0093303,0.065968
0.2105,0.036784,0.013202,0.035804,0.20671,0.035896,0.013169,0.035899,0.20675,0.035901,0.013174,0.035902,0.20675,0.035901,0.013174,0.035902,0.20675,0.035902,0.013174,0.035902,0.20675,0.035902,0.013174,0.035902,0.20675,0.035902,0.013174,0.035902,0.20675,0.035902,0.013174,0.035902,0.20675,0.035902,0.013175,0.035903,0.20675,0.035887,0.013134,0.035823,0.20655,0.035952,0.013533,0.036937,0.21041,0.037765,0.015488,0.038944,0.21142,0.039922,0.014518,0.025221,0.13201,0.024342,0.0084486,0.011363,0.047504,0.0095926,0.004387,0.008342,0.041606,0.0079227,0.0035178,0.0079302,0.042379,0.0078736,0.0034065,0.0077306,0.041176,0.00771,0.003346,0.0075984,0.040286,0.0075774,0.0032903,0.0074882,0.039574,0.00747,0.0032423,0.0073862,0.038904,0.0073686,0.003195,0.0072835,0.038241,0.0072675,0.0031526,0.0072029,0.037728,0.0071905,0.0031184,0.007128,0.037241,0.0071188,0.0030621,0.0069179,0.036499,0.0074701,0.0038107,0.0095627,0.066261
0.037148,0.013319,0.0077532,0.013277,0.035955,0.013235,0.0077035,0.013252,0.035979,0.013252,0.0077072,0.013253,0.03598,0.013252,0.007707,0.013253,0.03598,0.013253,0.007707,0.013253,0.03598,0.013253,0.0077071,0.013252,0.03598,0.013253,0.0077074,0.013252,0.03598,0.013253,0.0077074,0.013253,0.03598,0.013253,0.0077092,0.013257,0.035981,0.013233,0.0076381,0.013106,0.035844,0.013344,0.0082684,0.014506,0.037928,0.015724,0.011678,0.020236,0.044289,0.020503,0.012618,0.016686,0.028652,0.014749,0.0069829,0.0061005,0.0096759,0.0044647,0.0025043,0.0036408,0.0077914,0.0034193,0.0020018,0.0034997,0.0079664,0.0034925,0.0019973,0.0034282,0.0077879,0.0034161,0.0019573,0.0033639,0.0076483,0.0033526,0.0019229,0.0033135,0.0075406,0.003304,0.0018944,0.003267,0.0074389,0.0032563,0.0018626,0.0032126,0.0073262,0.003203,0.0018337,0.0031739,0.0072474,0.0031678,0.0018142,0.0031425,0.0071765,0.0031347,0.0017857,0.0030812,0.0070872,0.003297,0.0023517,0.0047965,0.018249
0.036097,0.012677,0.0072467,0.01266,0.034972,0.012625,0.0072139,0.012643,0.034998,0.012643,0.0072179,0.012644,0.034999,0.012643,0.0072179,0.012644,0.034999,0.012643,0.0072179,0.012644,0.034999,0.012644,0.0072179,0.012644,0.034999,0.012644,0.0072179,0.012644,0.034999,0.012644,0.007218,0.012644,0.035,0.012644,0.0072155,0.01263,0.03496,0.012659,0.0073136,0.012936,0.03574,0.012558,0.0063951,0.010946,0.031458,0.0090158,0.0011364,0.00076097,0.007974,0.00065914,0.0032932,0.0034672,0.00041754,0.0025767,0.0013266,0.0016172,0.0067746,0.0027508,0.0015664,0.0031944,0.0077219,0.0033014,0.0018059,0.0031662,0.0074304,0.0031425,0.0017289,0.0030856,0.0072702,0.0030767,0.0016987,0.003041,0.0071668,0.0030348,0.0016764,0.0030001,0.0070702,0.0029939,0.0016545,0.0029618,0.0069804,0.0029586,0.0016414,0.0029429,0.0069287,0.0029405,0.0016309,0.0029168,0.0068621,0.0029118,0.0016135,0.0028834,0.0067851,0.0028786,0.0015918,0.0028394,0.0067245,0.003034,0.0021062,0.0044209,0.017378
0.20725,0.035922,0.012737,0.034977,0.20357,0.035072,0.012718,0.035075,0.20361,0.035078,0.012724,0.035078,0.20361,0.035078,0.012723,0.035078,0.20361,0.035078,0.012723,0.035078,0.20361,0.035078,0.012723,0.035078,0.20361,0.035078,0.012724,0.035078,0.20361,0.035078,0.012724,0.035079,0.20361,0.035083,0.012729,0.035053,0.20344,0.035017,0.012749,0.035652,0.20689,0.035284,0.01139,0.03154,0.19148,0.030922,0.0054647,0.012819,0.096697,0.011249,0.0013348,0.0042341,0.035513,0.0044012,0.0015528,0.0068049,0.041791,0.0074375,0.003163,0.0076711,0.042031,0.007711,0.0032601,0.0075256,0.040697,0.0074916,0.0031674,0.0073569,0.039584,0.0073358,0.0031104,0.0072438,0.038813,0.0072272,0.0030657,0.0071444,0.038131,0.007129,0.0030246,0.0070523,0.037491,0.0070408,0.0029935,0.0069882,0.03703,0.0069782,0.0029663,0.0069199,0.03655,0.0069092,0.0029352,0.0068436,0.036035,0.006837,0.0028852,0.0066548,0.035419,0.007186,0.0036094,0.00909,0.064706
0.2075,0.036197,0.013045,0.035241,0.20381,0.035331,0.013012,0.035334,0.20384,0.035336,0.013017,0.035336,0.20385,0.035336,0.013017,0.035336,0.20385,0.035336,0.013017,0.035336,0.20385,0.035336,0.013017,0.035336,0.20385,0.035336,0.013017,0.035336,0.20385,0.035336,0.013017,0.035336,0.20384,0.035323,0.012982,0.035269,0.20367,0.035372,0.013341,0.036405,0.20798,0.037351,0.015142,0.036204,0.19677,0.037074,0.012784,0.021292,0.10446,0.019279,0.0076051,0.0098883,0.03999,0.0084137,0.0040436,0.008302,0.042608,0.0080039,0.0034998,0.0078879,0.042171,0.0078377,0.0033843,0.0076774,0.040849,0.00765,0.0033067,0.0075066,0.039725,0.0074823,0.0032414,0.0073876,0.03895,0.0073705,0.0031953,0.0072879,0.038268,0.0072717,0.0031516,0.0071902,0.037622,0.0071756,0.0031129,0.0071173,0.037152,0.0071055,0.0030814,0.0070466,0.036671,0.0070343,0.003047,0.0069652,0.03615,0.0069564,0.0029925,0.0067736,0.035538,0.0073271,0.0037713,0.0093154,0.064992
0.036547,0.013159,0.0076578,0.013118,0.035388,0.013077,0.0076091,0.013094,0.035412,0.013093,0.0076126,0.013094,0.035413,0.013094,0.0076124,0.013094,0.035413,0.013094,0.0076125,0.013094,0.035413,0.013094,0.0076126,0.013094,0.035413,0.013094,0.0076128,0.013094,0.035413,0.013094,0.0076134,0.013095,0.035411,0.013074,0.0075521,0.012973,0.035301,0.013169,0.0080797,0.014188,0.037296,0.015405,0.011483,0.01981,0.041795,0.019662,0.011235,0.013515,0.022928,0.011536,0.0055303,0.0048022,0.0078209,0.0035439,0.0021541,0.0035959,0.0079801,0.0035068,0.0020244,0.0034931,0.0079366,0.0034761,0.0019819,0.0033982,0.0077268,0.0033807,0.0019257,0.003308,0.0075393,0.0032944,0.0018835,0.0032549,0.0074284,0.0032479,0.0018595,0.0032149,0.0073338,0.0032066,0.0018336,0.0031677,0.0072308,0.00316,0.0018098,0.0031356,0.0071627,0.0031303,0.0017928,0.003106,0.007094,0.0030991,0.0017708,0.0030645,0.0070056,0.0030564,0.0017414,0.0030127,0.0069407,0.0032323,0.0023205,0.0047482,0.017922
0.035513,0.012527,0.0071598,0.012512,0.034423,0.012477,0.0071277,0.012495,0.034449,0.012495,0.0071316,0.012496,0.034449,0.012495,0.0071317,0.012496,0.03445,0.012495,0.0071318,0.012496,0.03445,0.012495,0.0071318,0.012496,0.03445,0.012495,0.0071318,0.012496,0.03445,0.012495,0.00713,0.012488,0.03443,0.012518,0.0072217,0.012734,0.035024,0.012444,0.0065244,0.011258,0.031909,0.009159,0.00078571,0.00058595,0.0047817,0.0017832,0.0030225,0.0023053,0.00085716,0.0012056,0.00039719,0.002438,0.0076871,0.0033026,0.0018057,0.0032316,0.0076236,0.0032362,0.0017746,0.0031453,0.0074007,0.0031318,0.0017264,0.0030825,0.0072563,0.0030774,0.0017051,0.0030466,0.0071588,0.0030406,0.0016824,0.0029951,0.0070357,0.0029855,0.0016509,0.0029428,0.0069206,0.0029364,0.001629,0.0029131,0.0068513,0.0029084,0.001613,0.0028821,0.0067793,0.0028761,0.0015935,0.0028477,0.0067023,0.0028441,0.0015807,0.0028308,0.0066592,0.0028279,0.0015652,0.002789,0.0066016,0.0029792,0.0020733,0.0043856,0.017061
0.20431,0.03535,0.012587,0.034428,0.20072,0.034521,0.012568,0.034524,0.20076,0.034527,0.012573,0.034527,0.20076,0.034527,0.012573,0.034527,0.20076,0.034527,0.012573,0.034527,0.20076,0.034527,0.012574,0.034527,0.20076,0.034527,0.012574,0.034527,0.20076,0.034529,0.012575,0.034512,0.20066,0.034502,0.012636,0.035011,0.20328,0.034722,0.011614,0.032047,0.19273,0.031429,0.0049506,0.010307,0.07703,0.0087185,0.0012176,0.0045791,0.0348,0.0049705,0.0020508,0.0073066,0.042864,0.0077953,0.003303,0.007676,0.041733,0.0076525,0.0032337,0.0074918,0.040501,0.0074637,0.0031572,0.0073339,0.039399,0.0073149,0.0031045,0.0072195,0.038573,0.0072017,0.003056,0.0071003,0.037749,0.0070818,0.0030056,0.0069893,0.036994,0.0069746,0.002966,0.0069119,0.036463,0.0069,0.0029341,0.0068399,0.035977,0.0068275,0.0029009,0.0067639,0.035463,0.0067548,0.0028743,0.0067096,0.035092,0.0067051,0.0028311,0.0065297,0.034536,0.0070516,0.0035371,0.0088859,0.063442
0.20456,0.035621,0.01289,0.034689,0.20095,0.034776,0.012858,0.034779,0.20099,0.034781,0.012863,0.034782,0.20099,0.034781,0.012863,0.034782,0.20099,0.034781,0.012863,0.034782,0.20099,0.034781,0.012863,0.034782,0.20099,0.034781,0.012863,0.034781,0.20099,0.034775,0.012847,0.034747,0.20088,0.034778,0.013013,0.035454,0.20398,0.0362,0.014478,0.035709,0.19696,0.036522,0.011245,0.01782,0.084047,0.015791,0.0064948,0.0090471,0.038254,0.0078935,0.0037655,0.0082001,0.043247,0.0080189,0.0034634,0.0078318,0.041875,0.0077984,0.0033716,0.0076493,0.040653,0.0076201,0.0032925,0.0074763,0.039532,0.0074498,0.0032219,0.007344,0.03869,0.007323,0.0031655,0.0072211,0.037864,0.0072015,0.0031123,0.0071057,0.037104,0.0070894,0.0030684,0.0070237,0.03657,0.007012,0.0030368,0.0069548,0.036088,0.0069434,0.0030056,0.0068792,0.035573,0.0068683,0.002975,0.0068185,0.035196,0.0068133,0.0029304,0.0066427,0.034651,0.0071893,0.0036962,0.0091082,0.063725
0.035959,0.013004,0.0075655,0.012963,0.034834,0.012923,0.0075177,0.01294,0.034858,0.012939,0.007521,0.01294,0.034858,0.01294,0.0075209,0.01294,0.034858,0.01294,0.0075211,0.01294,0.034859,0.01294,0.0075212,0.01294,0.034859,0.01294,0.0075215,0.01294,0.034857,0.01293,0.007494,0.012887,0.034806,0.012966,0.0077015,0.013396,0.035906,0.014366,0.010401,0.018236,0.040078,0.017849,0.009487,0.010758,0.018265,0.0089814,0.0043904,0.0041452,0.0072834,0.0032334,0.0020053,0.0035758,0.0081014,0.0035533,0.0020274,0.0034722,0.0078874,0.0034546,0.0019711,0.0033838,0.0076962,0.0033663,0.0019167,0.003294,0.0075097,0.0032791,0.0018705,0.0032317,0.0073817,0.0032211,0.0018368,0.0031755,0.0072571,0.0031645,0.0018021,0.0031171,0.0071329,0.0031081,0.0017741,0.0030808,0.0070563,0.0030763,0.0017587,0.0030552,0.0069936,0.0030501,0.0017415,0.0030206,0.0069145,0.0030149,0.0017229,0.0029934,0.0068572,0.0029895,0.0017043,0.0029543,0.0068113,0.0031736,0.0022855,0.0047082,0.0176
0.034932,0.012377,0.0070719,0.012362,0.033876,0.012328,0.0070407,0.012346,0.033901,0.012345,0.0070445,0.012346,0.033902,0.012346,0.0070448,0.012346,0.033902,0.012346,0.0070446,0.012346,0.033902,0.012346,0.0070445,0.012346,0.033902,0.012346,0.0070439,0.012344,0.033896,0.012359,0.0070851,0.012439,0.034115,0.012329,0.0068619,0.012135,0.033734,0.010465,0.0023605,0.0023527,0.010196,0.0012652,0.0013187,0.00066414,0.0027186,0.00010334,0.00032141,0.002849,0.0079562,0.0034656,0.0018796,0.0032288,0.0075534,0.0031949,0.0017574,0.0031335,0.007378,0.0031241,0.0017227,0.0030736,0.0072333,0.0030682,0.0017001,0.0030363,0.0071334,0.0030313,0.0016799,0.0029908,0.0070203,0.0029834,0.0016539,0.0029436,0.0069086,0.0029385,0.0016349,0.0029151,0.0068362,0.0029102,0.001618,0.0028795,0.0067525,0.0028716,0.0015934,0.0028364,0.0066594,0.0028302,0.001573,0.0028079,0.0065953,0.0028041,0.0015598,0.0027853,0.0065431,0.0027795,0.0015367,0.0027331,0.0064692,0.0029201,0.0020399,0.0043486,0.016743
0.20139,0.034782,0.012439,0.033883,0.19789,0.033974,0.01242,0.033977,0.19793,0.033979,0.012424,0.03398,0.19793,0.033979,0.012424,0.033979,0.19793,0.033979,0.012425,0.033979,0.19793,0.03398,0.012425,0.03398,0.19793,0.03398,0.012425,0.033975,0.1979,0.033977,0.012466,0.034175,0.19887,0.033976,0.011984,0.033635,0.19899,0.033051,0.0065734,0.014305,0.10183,0.012869,0.0023105,0.0055194,0.035946,0.0056138,0.0024283,0.0075293,0.042972,0.0078805,0.0033384,0.007658,0.041537,0.0076137,0.0032169,0.0074635,0.040305,0.0074385,0.0031481,0.0073108,0.039227,0.0072912,0.0030948,0.0071943,0.038389,0.0071774,0.0030479,0.0070799,0.037584,0.0070622,0.0029997,0.0069671,0.036792,0.0069528,0.0029603,0.0068848,0.036206,0.0068717,0.0029255,0.0068029,0.035646,0.0067885,0.002887,0.0067153,0.035061,0.006703,0.0028532,0.0066471,0.034597,0.0066384,0.0028278,0.0065918,0.034236,0.0065853,0.0027798,0.0064034,0.033633,0.006916,0.0034668,0.0086848,0.062183
0.20163,0.035045,0.012733,0.034137,0.19811,0.034223,0.012703,0.034226,0.19815,0.034228,0.012708,0.034228,0.19815,0.034228,0.012708,0.034229,0.19815,0.034228,0.012708,0.034228,0.19815,0.034228,0.012707,0.034228,0.19815,0.034226,0.012703,0.034217,0.19811,0.034209,0.01272,0.034431,0.1993,0.034959,0.013984,0.03624,0.20211,0.037175,0.012144,0.021388,0.1084,0.019598,0.0070844,0.0092007,0.038589,0.00774,0.0036267,0.0080987,0.04317,0.0079759,0.0034352,0.0077969,0.041686,0.0077716,0.0033582,0.007617,0.04045,0.007586,0.0032758,0.0074461,0.039353,0.0074197,0.0032062,0.0073128,0.038499,0.0072914,0.0031494,0.0071911,0.037689,0.0071701,0.0030937,0.007068,0.036886,0.0070492,0.003044,0.0069749,0.036291,0.0069607,0.0030063,0.0068933,0.035733,0.0068801,0.0029704,0.0068082,0.03515,0.0067952,0.0029351,0.0067361,0.034681,0.0067258,0.0029072,0.0066803,0.034322,0.0066752,0.002864,0.0065017,0.033734,0.007039,0.0036119,0.0088916,0.062451
0.035363,0.012839,0.007465,0.012803,0.034279,0.012765,0.0074205,0.012781,0.034302,0.01278,0.0074238,0.012781,0.034303,0.012781,0.0074237,0.012781,0.034303,0.012781,0.0074239,0.012781,0.034303,0.012781,0.007424,0.012781,0.034302,0.012778,0.0074168,0.012768,0.034287,0.01277,0.0074061,0.012772,0.034579,0.013541,0.0095377,0.017032,0.039511,0.017274,0.010121,0.013349,0.023404,0.011772,0.0054072,0.0045344,0.0074839,0.0032668,0.0019829,0.0035468,0.0080839,0.0035361,0.0020104,0.0034509,0.007853,0.0034354,0.0019557,0.0033613,0.0076571,0.0033432,0.0018994,0.003273,0.0074754,0.0032582,0.001854,0.0032104,0.0073461,0.0032002,0.0018206,0.0031552,0.0072241,0.0031436,0.0017843,0.0030925,0.0070915,0.0030821,0.001752,0.0030488,0.0070009,0.0030427,0.0017315,0.0030154,0.0069228,0.0030095,0.0017113,0.0029765,0.0068336,0.0029692,0.0016883,0.0029407,0.0067585,0.0029357,0.0016716,0.0029175,0.0067076,0.0029141,0.0016542,0.0028765,0.0066546,0.0030928,0.0022315,0.0046472,0.017253
0.034379,0.012246,0.0070042,0.012228,0.033344,0.012194,0.0069709,0.012211,0.033368,0.012211,0.0069745,0.012212,0.033369,0.012212,0.0069747,0.012212,0.033369,0.012212,0.0069745,0.012212,0.033369,0.012211,0.0069743,0.012211,0.033368,0.012217,0.0069858,0.012224,0.033386,0.012218,0.0070335,0.012564,0.034438,0.011326,0.0037769,0.0053747,0.016132,0.0033974,0.0011407,0.0016196,0.0011707,0.0011432,0.00033181,0.0025084,0.0077028,0.0033717,0.0018625,0.003228,0.0075358,0.0032013,0.0017723,0.0031426,0.0073666,0.0031332,0.001739,0.0030854,0.0072271,0.0030804,0.0017176,0.0030478,0.0071261,0.0030425,0.0016966,0.0030012,0.007011,0.0029937,0.0016702,0.002954,0.0069,0.0029491,0.0016518,0.0029257,0.0068267,0.0029215,0.0016364,0.0028933,0.0067478,0.0028849,0.0016119,0.0028504,0.0066563,0.0028422,0.0015883,0.0028165,0.0065834,0.0028124,0.0015747,0.0027956,0.0065329,0.0027914,0.0015613,0.0027688,0.006472,0.0027622,0.0015361,0.0027148,0.0063938,0.0029019,0.0020411,0.0043508,0.016495
0.19854,0.034261,0.012338,0.033377,0.1951,0.033465,0.012316,0.033467,0.19514,0.033469,0.01232,0.03347,0.19514,0.033469,0.01232,0.033469,0.19514,0.03347,0.01232,0.033469,0.19514,0.03347,0.012321,0.033469,0.19514,0.033478,0.012345,0.033503,0.19522,0.033361,0.01216,0.034199,0.20059,0.033662,0.0081414,0.01881,0.12809,0.018237,0.0023421,0.0052536,0.03616,0.0051063,0.0021112,0.0073072,0.04226,0.0077889,0.0033481,0.0076738,0.041387,0.0076402,0.0032616,0.0074904,0.040147,0.0074659,0.0031944,0.0073412,0.039087,0.0073219,0.0031417,0.0072251,0.038252,0.0072072,0.0030939,0.0071086,0.037434,0.007091,0.0030457,0.0069967,0.03665,0.006982,0.0030059,0.0069119,0.036044,0.0068983,0.0029703,0.0068296,0.035486,0.0068099,0.0029235,0.0067321,0.03489,0.0067129,0.0028778,0.0066481,0.034366,0.0066367,0.0028479,0.0065904,0.033979,0.0065814,0.0028228,0.0065301,0.033584,0.0065228,0.0027736,0.00634,0.032944,0.0068496,0.0034542,0.0085624,0.06115
0.19867,0.034384,0.012464,0.033495,0.19522,0.033583,0.012442,0.033586,0.19526,0.033589,0.012448,0.03359,0.19526,0.03359,0.012448,0.03359,0.19526,0.03359,0.012448,0.033589,0.19526,0.033589,0.012446,0.033586,0.19525,0.033561,0.012394,0.033554,0.19542,0.033949,0.013503,0.036049,0.20291,0.037083,0.013275,0.024673,0.13415,0.024221,0.0075578,0.0097158,0.03962,0.0079977,0.0036911,0.0079908,0.042423,0.0077602,0.0032758,0.0076291,0.041369,0.0076061,0.0032069,0.0074489,0.040119,0.0074175,0.0031238,0.0072793,0.039038,0.007253,0.0030548,0.0071474,0.03819,0.007126,0.0029984,0.0070243,0.037367,0.0070033,0.0029426,0.0069023,0.036572,0.0068832,0.0028925,0.0068064,0.035957,0.0067935,0.0028576,0.0067318,0.035413,0.0067309,0.0028464,0.0066764,0.034856,0.0066762,0.0028364,0.0066176,0.034346,0.0066091,0.0028126,0.0065627,0.033959,0.0065535,0.002788,0.0065038,0.033566,0.0064965,0.0027393,0.0063137,0.032927,0.0068302,0.0034465,0.0086078,0.061277
0.034647,0.012461,0.0071174,0.012427,0.033582,0.012397,0.0070875,0.012415,0.033608,0.012415,0.0070925,0.012416,0.033609,0.012416,0.0070926,0.012416,0.033609,0.012416,0.0070926,0.012416,0.033609,0.012415,0.0070924,0.012416,0.033602,0.012378,0.0069805,0.012201,0.033517,0.012839,0.0087573,0.016034,0.038454,0.016689,0.010607,0.015603,0.028263,0.014003,0.0060772,0.0047902,0.0076567,0.0032274,0.0017914,0.0032487,0.0076993,0.003172,0.0016667,0.0031199,0.0075406,0.0031093,0.0016264,0.0030347,0.0073444,0.0030165,0.0015698,0.0029463,0.0071637,0.0029317,0.0015247,0.0028855,0.0070371,0.0028751,0.0014918,0.0028298,0.0069136,0.0028184,0.0014557,0.0027676,0.0067823,0.0027568,0.0014227,0.0027227,0.0066903,0.0027204,0.0014102,0.0027035,0.0066353,0.0027289,0.0014498,0.002736,0.006615,0.0027629,0.0014915,0.0027464,0.0065624,0.0027484,0.0014885,0.00273,0.0065108,0.002727,0.0014764,0.0027061,0.0064531,0.0026998,0.0014514,0.0026503,0.0063717,0.0028356,0.0019722,0.0043769,0.016752
0.034132,0.012573,0.0075315,0.01256,0.033143,0.012509,0.007466,0.012523,0.033161,0.012522,0.0074667,0.012522,0.033161,0.012522,0.0074667,0.012522,0.033161,0.012522,0.0074668,0.012523,0.033162,0.012524,0.0074664,0.012509,0.033122,0.012563,0.0076528,0.013097,0.034615,0.012144,0.0051302,0.0070472,0.02034,0.0050335,0.00040169,0.0014492,0.0014801,0.0011385,0.00010579,0.0028327,0.0078772,0.0038692,0.0025056,0.0039158,0.0081061,0.0039324,0.0025227,0.0038594,0.0079172,0.0038465,0.00248,0.0037974,0.0077742,0.0037927,0.0024594,0.0037625,0.007679,0.0037573,0.0024384,0.0037136,0.0075583,0.0037057,0.0024108,0.0036655,0.0074458,0.0036607,0.0023925,0.0036373,0.0073727,0.0036339,0.0023781,0.0036044,0.0072888,0.0035883,0.0023365,0.0035331,0.0071561,0.0034507,0.0021715,0.0033275,0.006937,0.0032408,0.0020006,0.0031883,0.0068197,0.0031659,0.0019505,0.0031405,0.0067514,0.0031334,0.0019306,0.0031108,0.0066914,0.0031074,0.0019139,0.0030756,0.0066491,0.003325,0.0025369,0.0048594,0.016668
0.19651,0.034886,0.013778,0.034004,0.19317,0.034058,0.013665,0.034053,0.1932,0.034054,0.013664,0.034054,0.1932,0.034053,0.013663,0.034053,0.1932,0.034053,0.013664,0.034054,0.1932,0.034061,0.013675,0.03403,0.19301,0.033969,0.013729,0.035227,0.19977,0.034842,0.010971,0.022823,0.14383,0.022595,0.0043027,0.0073515,0.042379,0.0069958,0.0036126,0.008745,0.042496,0.0092915,0.0049855,0.0093542,0.04247,0.0093474,0.0049713,0.0091904,0.041204,0.0091645,0.0048999,0.009038,0.040128,0.0090196,0.0048489,0.0089272,0.039324,0.0089099,0.0048018,0.0088083,0.038483,0.0087901,0.0047527,0.0086951,0.037687,0.0086812,0.004714,0.0086118,0.037083,0.0086006,0.0046819,0.0085305,0.036504,0.0084951,0.0046009,0.0083738,0.03585,0.0081797,0.0042262,0.0078635,0.034973,0.0076569,0.0038296,0.0075258,0.034432,0.0074742,0.0037205,0.0074169,0.03402,0.0074025,0.0036839,0.0073475,0.03362,0.0073433,0.0036437,0.0071838,0.033035,0.0078293,0.0045763,0.0097116,0.061152
0.19309,0.030648,0.0086359,0.029838,0.18981,0.030024,0.0088278,0.03004,0.1899,0.030047,0.0088442,0.030048,0.1899,0.030048,0.0088447,0.030048,0.1899,0.030048,0.0088446,0.030047,0.18989,0.030026,0.0087919,0.029965,0.18971,0.030149,0.0094643,0.03203,0.19769,0.032931,0.0098028,0.023045,0.14487,0.023289,0.0043341,0.0069486,0.041761,0.0051418,0.00033951,0.0041071,0.037919,0.0036998,0.00048976,0.0036405,0.037511,0.0036154,0.00055426,0.0034539,0.036228,0.0034219,0.00063959,0.0032795,0.035126,0.0032521,0.00071076,0.0031484,0.034301,0.003126,0.00076932,0.0030193,0.033448,0.0029968,0.00082846,0.0028927,0.032637,0.0028723,0.00088176,0.0027923,0.032015,0.0027738,0.00092833,0.0027031,0.031446,0.0027247,0.00087471,0.0027983,0.031142,0.0031102,0.00015966,0.0037712,0.031614,0.0041122,0.00061892,0.0042949,0.031613,0.0043589,0.00077131,0.0043343,0.031273,0.0043337,0.00076826,0.0042965,0.030897,0.0042897,0.00071292,0.0040552,0.030143,0.0043513,0.00088214,0.0054335,0.057066
0.028813,0.0052911,0.00022208,0.0054973,0.027898,0.00558,0.00054167,0.0056226,0.027975,0.0056257,0.0005577,0.0056274,0.027977,0.0056268,0.00055804,0.0056275,0.027978,0.0056276,0.00055962,0.0056275,0.027972,0.0055946,0.000461,0.0054713,0.027803,0.0057766,0.0014192,0.0075618,0.031395,0.0081177,0.0030368,0.0082285,0.023452,0.0066865,0.00091406,0.0021975,0.0012663,0.0038266,0.005369,0.0045198,0.00020052,0.0047392,0.0058607,0.004742,0.00028677,0.0047503,0.0058847,0.0048285,0.00050796,0.0048498,0.0059463,0.0049246,0.00070915,0.0049423,0.0059963,0.0049899,0.00085024,0.0050031,0.006034,0.0050529,0.00099625,0.0050677,0.0060755,0.0051216,0.0011431,0.005135,0.0061137,0.0051747,0.0012549,0.0051899,0.0061536,0.0052299,0.0013446,0.0051742,0.0060176,0.0049778,0.0010294,0.0043339,0.0044884,0.0028827,0.0011424,0.0021775,0.0028625,0.0017818,0.0018924,0.0016441,0.0025442,0.0016349,0.0019143,0.0016229,0.0025193,0.0016143,0.0019036,0.0016106,0.0025274,0.0016959,0.0016901,0.0018846,0.0028931,0.0016217,0.010061
0.052905,0.0263,0.019973,0.025753,0.049574,0.025448,0.019218,0.025466,0.049553,0.025462,0.019213,0.025463,0.049553,0.025463,0.019213,0.025463,0.049553,0.025461,0.019207,0.025451,0.049525,0.025509,0.019394,0.025853,0.050654,0.025446,0.018146,0.022956,0.042505,0.021472,0.014116,0.014238,0.020118,0.014587,0.013939,0.017719,0.024378,0.018772,0.01651,0.019299,0.025409,0.019421,0.016795,0.019296,0.025185,0.019289,0.016742,0.01923,0.025052,0.019235,0.016731,0.019201,0.024973,0.019206,0.016719,0.019157,0.024868,0.019158,0.0167,0.019111,0.024768,0.019114,0.016689,0.019088,0.024705,0.019091,0.016684,0.019064,0.024644,0.019075,0.016702,0.019076,0.024605,0.018983,0.016407,0.01851,0.023763,0.017454,0.013231,0.014165,0.017923,0.012955,0.010028,0.012145,0.016323,0.011897,0.009417,0.011842,0.016165,0.011811,0.0093379,0.011718,0.015998,0.011685,0.0092476,0.011622,0.016,0.012367,0.010942,0.015617,0.032988
0.25714,0.068813,0.033906,0.065345,0.24967,0.065329,0.033067,0.065316,0.24973,0.065321,0.033071,0.065321,0.24974,0.065321,0.033071,0.065321,0.24974,0.065321,0.033066,0.065293,0.24958,0.065294,0.033197,0.066148,0.25432,0.066165,0.032453,0.06051,0.22402,0.06084,0.028835,0.039989,0.11732,0.040344,0.027835,0.039229,0.10321,0.039944,0.029284,0.040402,0.10486,0.040479,0.029471,0.040211,0.1033,0.040223,0.029428,0.040035,0.10217,0.040051,0.029413,0.039919,0.10135,0.039932,0.029398,0.039792,0.10051,0.039803,0.029379,0.039665,0.099684,0.039675,0.029366,0.039575,0.099065,0.039585,0.029357,0.039494,0.098509,0.039514,0.029406,0.039542,0.098211,0.039438,0.028904,0.038483,0.095483,0.037155,0.02232,0.028519,0.070533,0.026524,0.016484,0.024569,0.065425,0.024199,0.015461,0.024127,0.064957,0.024083,0.015347,0.023859,0.064188,0.023801,0.015142,0.023393,0.063152,0.024629,0.016465,0.033318,0.10439
0.10067,0.020612,0.0062132,0.016967,0.085126,0.016788,0.0055226,0.016765,0.085078,0.01676,0.0055105,0.01676,0.085076,0.016759,0.0055101,0.01676,0.085076,0.01676,0.0055147,0.016791,0.08523,0.016764,0.0053663,0.015797,0.0804,0.015947,0.0062251,0.022328,0.11207,0.023542,0.012546,0.043686,0.22499,0.045251,0.018739,0.049043,0.24319,0.049457,0.020297,0.049383,0.2424,0.049422,0.02042,0.049723,0.24402,0.049748,0.020559,0.049972,0.24521,0.049992,0.020667,0.050156,0.24608,0.050173,0.020759,0.050339,0.24696,0.050355,0.020848,0.050518,0.24783,0.050533,0.020927,0.050657,0.24849,0.050669,0.020994,0.050782,0.24908,0.05081,0.021131,0.051184,0.25116,0.051025,0.020587,0.049126,0.24172,0.048158,0.015642,0.025485,0.12422,0.025101,0.0099234,0.02038,0.10352,0.020402,0.0094166,0.020375,0.10365,0.020386,0.0093916,0.020031,0.10228,0.020012,0.0092944,0.019783,0.10116,0.019547,0.0090887,0.023841,0.11409
