0.30553,0.057863,0.018317,0.05555,0.29331,0.056036,0.018243,0.05608,0.29356,0.056099,0.018282,0.056101,0.29357,0.056101,0.018283,0.056101,0.29357,0.056099,0.018278,0.056086,0.29355,0.056124,0.018456,0.056641,0.29452,0.056433,0.017414,0.052851,0.28782,0.05164,0.011939,0.041191,0.26525,0.040219,0.0066677,0.038339,0.26148,0.038135,0.0056907,0.038175,0.26159,0.038159,0.0056246,0.038005,0.26127,0.037988,0.0055099,0.037874,0.26103,0.037861,0.0054239,0.037777,0.26086,0.037766,0.0053503,0.037681,0.26068,0.03767,0.0052775,0.037588,0.26051,0.037578,0.0052138,0.037515,0.26037,0.037506,0.0051596,0.037447,0.26025,0.03742,0.0051217,0.037648,0.26163,0.037968,0.0055255,0.036705,0.25398,0.037731,0.0032798,0.016045,0.14551,0.016625,0.00048489,0.012932,0.12592,0.013002,0,0.012949,0.1257,0.012971,0,0.012645,0.12399,0.01263,0,0.012336,0.12221,0.012374,0.0002125,0.02306,0.16321
0.052897,0.014472,0.0065878,0.013953,0.047933,0.013959,0.0069905,0.014051,0.048095,0.014056,0.007017,0.014059,0.0481,0.014059,0.0070177,0.014059,0.0481,0.014058,0.0070155,0.014055,0.0481,0.014092,0.0071166,0.014227,0.048333,0.013981,0.0064522,0.013002,0.046131,0.011796,0.003349,0.0087888,0.039734,0.0075901,0.00035064,0.0070226,0.03856,0.0068126,0,0.0068213,0.038554,0.0068061,0,0.00676,0.038464,0.0067351,0,0.0067011,0.038397,0.006682,0,0.0066573,0.038348,0.0066412,0,0.0066162,0.038298,0.0066003,0,0.0065756,0.038249,0.0065617,0,0.0065428,0.038212,0.0065308,0,0.0065091,0.038169,0.0064838,0,0.0064789,0.038419,0.0067765,0.00033229,0.0080821,0.03882,0.007737,0,0.0024606,0.016987,0.0015053,0,3.9941e-05,0.012262,0,0,0,0.01228,0,0,0,0.011938,0,0,0,0.01155,0.00026597,0,0.0034192,0.032924
0.039704,0.0031201,0,0.0022349,0.033878,0.0019824,0,0.0020364,0.033934,0.0020341,0,0.0020356,0.033936,0.0020351,0,0.0020353,0.033936,0.0020354,0,0.002034,0.033931,0.0020187,0,0.0019921,0.033922,0.0021102,0,0.0025344,0.034564,0.0030876,0,0.0044303,0.03618,0.0050486,0,0.0053966,0.036657,0.0055072,0,0.00552,0.036698,0.0055284,0,0.005551,0.036723,0.0055645,0,0.0055824,0.036745,0.005593,0,0.0056062,0.036761,0.0056149,0,0.0056281,0.036777,0.0056365,0,0.0056497,0.036792,0.0056569,0,0.005667,0.036804,0.0056738,0,0.0056812,0.036817,0.0057341,0,0.006056,0.037743,0.0054707,0,0.0021815,0.027637,0.0010595,0,0,0.0099916,0,0,0,0.011133,0,0,0,0.010717,0,0,0,0.010437,0,0,0,0.010079,0,0,0,0.025951
0.26793,0.038672,0.0040215,0.034741,0.25283,0.035046,0.003766,0.035048,0.25297,0.035057,0.0037813,0.035058,0.25297,0.035058,0.0037816,0.035058,0.25297,0.035058,0.0037815,0.035057,0.25297,0.035048,0.0037649,0.035045,0.25298,0.035127,0.0039507,0.035285,0.25331,0.035655,0.0047649,0.036103,0.25407,0.036475,0.0055515,0.036604,0.25435,0.036674,0.0057048,0.036683,0.25438,0.036689,0.0057187,0.036696,0.25439,0.036704,0.0057362,0.03671,0.2544,0.036717,0.0057498,0.036721,0.25441,0.036727,0.0057612,0.036731,0.25442,0.036736,0.0057723,0.036741,0.25443,0.036745,0.0057823,0.036749,0.25443,0.036752,0.0057901,0.036755,0.25443,0.036762,0.0059486,0.037623,0.25874,0.037505,0.0042553,0.02837,0.21584,0.028651,0,0.010818,0.12215,0.0108,0,0.01101,0.12243,0.011172,0,0.010759,0.12044,0.010769,0,0.010477,0.11899,0.010461,0,0.010144,0.11717,0.01009,0,0.017449,0.15017
0.26971,0.041179,0.0072862,0.037443,0.25507,0.037818,0.0072145,0.037834,0.25524,0.037846,0.0072361,0.037847,0.25524,0.037847,0.0072364,0.037847,0.25524,0.037847,0.0072367,0.037848,0.25525,0.03785,0.0072428,0.037849,0.25524,0.037818,0.0071609,0.037753,0.25513,0.037619,0.0068122,0.037457,0.25491,0.037323,0.0064776,0.037269,0.25481,0.037243,0.0064095,0.037238,0.2548,0.037235,0.0064027,0.037232,0.2548,0.03723,0.0063955,0.037227,0.25479,0.037225,0.0063902,0.037223,0.25479,0.037221,0.006385,0.03722,0.25479,0.037218,0.00638,0.037216,0.25478,0.037214,0.0063758,0.037213,0.25478,0.037211,0.0063707,0.037207,0.25476,0.037199,0.0065011,0.038085,0.25925,0.038566,0.0062307,0.030659,0.21812,0.031153,0.0019875,0.012507,0.12336,0.011872,0,0.011596,0.12276,0.011555,0,0.011142,0.12072,0.011158,0,0.010862,0.11927,0.010852,0,0.010576,0.11761,0.010789,0,0.018642,0.15153
0.042938,0.0071061,6.3738e-05,0.0067403,0.037349,0.0066,0,0.0066708,0.037455,0.0066718,0,0.0066736,0.037458,0.0066735,0,0.0066738,0.037458,0.0066736,0,0.0066739,0.037459,0.0066747,0,0.0066735,0.037454,0.0066573,0,0.0066368,0.037411,0.0065701,0,0.0065232,0.037328,0.0064585,0,0.0064402,0.037288,0.0064267,0,0.0064245,0.037282,0.0064229,0,0.0064221,0.03728,0.0064205,0,0.00642,0.037279,0.0064188,0,0.0064183,0.037278,0.0064173,0,0.0064169,0.037277,0.006416,0,0.0064155,0.037276,0.0064147,0,0.0064141,0.037274,0.0064131,0,0.0064085,0.037269,0.0064347,0,0.0067054,0.038276,0.00685,0.00010257,0.0065914,0.031932,0.005755,0,0.00040058,0.01185,0,0,0,0.011501,0,0,0,0.011091,0,0,0,0.0108,0,0,0,0.010532,0,0,0.00071011,0.028411
0.041554,0.0059848,0,0.0056121,0.035889,0.0054515,0,0.0055181,0.035983,0.0055181,0,0.00552,0.035986,0.0055195,0,0.0055198,0.035986,0.0055195,0,0.0055195,0.035986,0.0055192,0,0.0055204,0.03599,0.0055275,0,0.0055397,0.036009,0.0055669,0,0.005592,0.036043,0.0056182,0,0.0056293,0.036062,0.0056351,0,0.0056368,0.036066,0.0056374,0,0.0056377,0.036066,0.0056386,0,0.0056387,0.036067,0.0056396,0,0.0056397,0.036067,0.0056402,0,0.0056405,0.036068,0.0056408,0,0.0056412,0.036068,0.0056415,0,0.0056418,0.036069,0.0056428,0,0.0056375,0.036061,0.00566,0,0.005961,0.037091,0.005174,0,0.00053046,0.020828,0,0,0,0.010434,0,0,0,0.011297,0,0,0,0.010916,0,0,0,0.010655,0,0,0,0.010352,0,0,0.00028027,0.027724
0.26559,0.039572,0.005774,0.035738,0.25073,0.036089,0.0056613,0.0361,0.25089,0.03611,0.0056803,0.036111,0.25089,0.036111,0.0056808,0.036111,0.25089,0.036111,0.0056808,0.036111,0.25089,0.036111,0.0056808,0.036111,0.25089,0.036115,0.0056879,0.03612,0.2509,0.036132,0.0057119,0.036141,0.25092,0.036154,0.0057347,0.036158,0.25093,0.036161,0.0057408,0.036162,0.25093,0.036162,0.0057415,0.036162,0.25093,0.036162,0.0057423,0.036163,0.25093,0.036163,0.0057428,0.036163,0.25093,0.036163,0.0057432,0.036163,0.25093,0.036164,0.0057434,0.036164,0.25094,0.036164,0.0057441,0.036164,0.25094,0.036165,0.0057452,0.036162,0.25091,0.036133,0.0058439,0.037117,0.25617,0.037112,0.0032867,0.021584,0.18126,0.022091,0,0.01062,0.11942,0.010698,0,0.011283,0.12224,0.011329,0,0.010921,0.12021,0.010937,0,0.010665,0.11886,0.010653,0,0.010351,0.11712,0.010463,0,0.018045,0.15041
0.26588,0.039936,0.0062151,0.036126,0.25108,0.036483,0.0061175,0.036495,0.25124,0.036506,0.0061371,0.036507,0.25124,0.036506,0.0061374,0.036507,0.25124,0.036506,0.0061374,0.036506,0.25124,0.036506,0.0061373,0.036506,0.25124,0.036505,0.0061345,0.036503,0.25124,0.036498,0.0061249,0.036495,0.25123,0.03649,0.0061158,0.036489,0.25123,0.036488,0.0061131,0.036487,0.25123,0.036487,0.0061126,0.036487,0.25122,0.036487,0.0061127,0.036487,0.25122,0.036487,0.0061129,0.036487,0.25122,0.036487,0.0061125,0.036487,0.25122,0.036487,0.0061119,0.036487,0.25122,0.036486,0.0061115,0.036486,0.25122,0.036482,0.0061033,0.036479,0.25122,0.036542,0.0064298,0.037766,0.25696,0.038373,0.0053223,0.023855,0.18345,0.024237,0.00091565,0.011486,0.11985,0.010935,0,0.011385,0.12231,0.011391,0,0.010972,0.12025,0.010983,0,0.010709,0.1189,0.010697,0,0.010402,0.11718,0.010552,0,0.018206,0.15063
0.042132,0.0066263,0,0.0062945,0.036483,0.0061426,0,0.0062106,0.036583,0.0062113,0,0.0062129,0.036586,0.0062128,0,0.0062131,0.036586,0.0062128,0,0.0062128,0.036586,0.0062128,0,0.0062127,0.036585,0.0062121,0,0.0062113,0.036584,0.0062096,0,0.0062083,0.036582,0.0062065,0,0.0062057,0.03658,0.0062052,0,0.0062051,0.03658,0.0062049,0,0.0062049,0.03658,0.0062049,0,0.0062049,0.03658,0.0062048,0,0.0062048,0.03658,0.0062049,0,0.006205,0.03658,0.006205,0,0.0062049,0.03658,0.0062048,0,0.0062035,0.036577,0.0061967,0,0.0061737,0.036569,0.0063036,0,0.0070859,0.03833,0.0070523,0,0.0049367,0.02515,0.0039359,0,0,0.010908,0,0,0,0.011397,0,0,0,0.010983,0,0,0,0.010715,0,0,0,0.010431,0,0,0.00054561,0.028132
0.040937,0.0058826,0,0.0055485,0.035291,0.0053947,0,0.0054625,0.035389,0.0054627,0,0.0054647,0.035393,0.0054641,0,0.0054644,0.035393,0.005464,0,0.0054642,0.035393,0.0054642,0,0.0054644,0.035393,0.0054646,0,0.0054651,0.035394,0.0054657,0,0.0054665,0.035395,0.0054672,0,0.0054678,0.035395,0.0054679,0,0.0054681,0.035395,0.0054681,0,0.0054679,0.035395,0.0054681,0,0.0054678,0.035395,0.0054684,0,0.0054682,0.035395,0.0054683,0,0.0054681,0.035395,0.0054681,0,0.0054681,0.035395,0.0054684,0,0.0054687,0.035398,0.0054818,0,0.0055425,0.035564,0.0054112,0,0.0049345,0.034435,0.0039451,0,0,0.014014,0,0,0,0.011058,0,0,0,0.011195,0,0,0,0.010863,0,0,0,0.010603,0,0,0,0.010317,0,0,0.00028878,0.027582
0.26212,0.038938,0.0056494,0.035113,0.24727,0.035467,0.0055437,0.035478,0.24743,0.035489,0.005563,0.035489,0.24743,0.035489,0.0055636,0.03549,0.24743,0.035489,0.0055636,0.035489,0.24743,0.035489,0.0055635,0.035489,0.24743,0.035489,0.0055638,0.035489,0.24743,0.03549,0.0055645,0.03549,0.24743,0.03549,0.0055651,0.035491,0.24743,0.035491,0.0055653,0.035491,0.24743,0.035491,0.0055653,0.035491,0.24743,0.035491,0.0055656,0.035491,0.24743,0.035491,0.0055658,0.035491,0.24743,0.035491,0.0055657,0.035491,0.24743,0.035491,0.0055656,0.035491,0.24743,0.035491,0.0055664,0.035493,0.24744,0.035498,0.0056049,0.035658,0.24821,0.035567,0.0052659,0.034646,0.24481,0.034756,0.0017116,0.014899,0.14644,0.015386,0,0.010829,0.12127,0.011159,0,0.01121,0.12163,0.011218,0,0.010864,0.11986,0.010879,0,0.010611,0.11854,0.010599,0,0.010301,0.11681,0.010432,0,0.017921,0.14978
0.26237,0.039233,0.0059987,0.035424,0.24756,0.035781,0.005901,0.035793,0.24771,0.035803,0.0059204,0.035804,0.24772,0.035803,0.0059206,0.035804,0.24772,0.035804,0.0059206,0.035804,0.24772,0.035804,0.0059206,0.035804,0.24772,0.035804,0.0059208,0.035804,0.24772,0.035803,0.0059207,0.035804,0.24772,0.035803,0.0059207,0.035804,0.24772,0.035804,0.0059205,0.035804,0.24772,0.035804,0.0059205,0.035803,0.24772,0.035804,0.0059206,0.035803,0.24772,0.035804,0.005921,0.035804,0.24772,0.035804,0.0059206,0.035803,0.24772,0.035804,0.0059202,0.035803,0.24772,0.035803,0.0059189,0.035801,0.24771,0.035788,0.0059182,0.03594,0.24855,0.036171,0.0063508,0.035962,0.24626,0.036582,0.0039975,0.017033,0.1483,0.017115,0.00016381,0.01142,0.12146,0.011203,0,0.01124,0.12167,0.011261,0,0.0109,0.1199,0.010911,0,0.010642,0.11857,0.010631,0,0.010336,0.11685,0.010493,0,0.018047,0.14996
0.041453,0.006396,0,0.0060957,0.035795,0.0059444,0,0.0060124,0.035894,0.0060129,0,0.0060147,0.035897,0.0060145,0,0.0060149,0.035897,0.0060146,0,0.0060145,0.035897,0.0060146,0,0.0060146,0.035897,0.0060145,0,0.0060144,0.035897,0.0060146,0,0.0060145,0.035897,0.0060145,0,0.0060143,0.035897,0.0060144,0,0.0060143,0.035897,0.0060143,0,0.0060143,0.035897,0.0060143,0,0.0060144,0.035897,0.0060144,0,0.0060144,0.035897,0.0060146,0,0.0060144,0.035897,0.0060146,0,0.0060143,0.035897,0.0060141,0,0.0060101,0.035889,0.0059952,0,0.0059749,0.036031,0.0062331,3.8264e-05,0.0074411,0.037077,0.0070845,0,0.0025986,0.017607,0.0015041,0,0,0.011179,0,0,0,0.011265,0,0,0,0.010912,0,0,0,0.010651,0,0,0,0.010373,0,0,0.00049012,0.02794
0.040275,0.0056703,0,0.0053683,0.034623,0.0052159,0,0.0052838,0.034721,0.0052841,0,0.005286,0.034724,0.0052854,0,0.0052857,0.034724,0.0052854,0,0.0052856,0.034725,0.0052856,0,0.0052856,0.034725,0.0052857,0,0.0052857,0.034725,0.0052857,0,0.0052858,0.034725,0.0052859,0,0.0052861,0.034725,0.005286,0,0.0052862,0.034725,0.005286,0,0.0052859,0.034725,0.005286,0,0.0052857,0.034725,0.0052862,0,0.005286,0.034725,0.0052861,0,0.005286,0.034725,0.005286,0,0.0052859,0.034725,0.0052864,0,0.0052859,0.034728,0.0053251,0,0.0055726,0.035437,0.0051249,0,0.0027308,0.028292,0.0017279,0,0,0.010591,0,0,0,0.011449,0,0,0,0.011092,0,0,0,0.010805,0,0,0,0.010539,0,0,0,0.010262,0,0,0.00024297,0.027403
0.25866,0.038263,0.005466,0.034442,0.2438,0.034797,0.0053623,0.034808,0.24396,0.034819,0.0053816,0.034819,0.24396,0.034819,0.0053821,0.03482,0.24396,0.034819,0.0053821,0.034819,0.24396,0.034819,0.005382,0.034819,0.24396,0.034819,0.0053822,0.034819,0.24396,0.034819,0.0053823,0.03482,0.24396,0.034819,0.0053824,0.03482,0.24396,0.03482,0.0053824,0.03482,0.24396,0.03482,0.0053824,0.034819,0.24396,0.03482,0.0053826,0.03482,0.24396,0.03482,0.0053829,0.03482,0.24396,0.03482,0.0053828,0.03482,0.24396,0.03482,0.0053825,0.03482,0.24396,0.03482,0.0053824,0.03482,0.24396,0.034825,0.0055018,0.035483,0.24725,0.035353,0.0042147,0.028927,0.21749,0.029163,0,0.011443,0.12536,0.011541,0,0.011259,0.12286,0.011477,0,0.011102,0.12107,0.011112,0,0.010806,0.11955,0.01082,0,0.010547,0.1182,0.010535,0,0.010239,0.11649,0.010382,0,0.017777,0.14913
0.25891,0.038552,0.0058084,0.034748,0.24408,0.035105,0.0057126,0.035116,0.24424,0.035127,0.0057319,0.035128,0.24424,0.035127,0.005732,0.035128,0.24424,0.035127,0.005732,0.035128,0.24424,0.035127,0.0057322,0.035128,0.24424,0.035128,0.0057324,0.035128,0.24424,0.035127,0.0057325,0.035128,0.24424,0.035128,0.0057327,0.035128,0.24424,0.035128,0.0057326,0.035128,0.24424,0.035128,0.0057325,0.035128,0.24424,0.035128,0.0057326,0.035128,0.24424,0.035128,0.005733,0.035128,0.24424,0.035128,0.0057327,0.035128,0.24424,0.035128,0.0057324,0.035128,0.24424,0.035127,0.0057308,0.035126,0.24423,0.035118,0.0058283,0.035798,0.24769,0.036236,0.0058909,0.030975,0.21961,0.031441,0.002172,0.013013,0.12647,0.012469,0,0.01157,0.12297,0.011511,0,0.011134,0.12111,0.011151,0,0.010839,0.11958,0.01085,0,0.010577,0.11823,0.010566,0,0.010272,0.11653,0.010441,0,0.017899,0.14931
0.040782,0.0061735,0,0.0059049,0.035117,0.0057546,0,0.0058227,0.035216,0.0058233,0,0.0058251,0.03522,0.0058249,0,0.0058252,0.03522,0.005825,0,0.005825,0.03522,0.005825,0,0.0058251,0.03522,0.005825,0,0.005825,0.03522,0.0058251,0,0.0058251,0.03522,0.0058251,0,0.005825,0.03522,0.0058251,0,0.0058251,0.03522,0.005825,0,0.0058251,0.03522,0.0058251,0,0.0058251,0.03522,0.0058252,0,0.0058251,0.03522,0.0058253,0,0.0058251,0.03522,0.0058252,0,0.0058248,0.035219,0.0058247,0,0.005821,0.035215,0.0058376,0,0.0060327,0.035994,0.0062763,0,0.0067546,0.032408,0.0060384,0,0.00068808,0.012544,0,0,0,0.011522,0,0,0,0.011156,0,0,0,0.010852,0,0,0,0.010586,0,0,0,0.010314,0,0,0.00043847,0.027754
0.039624,0.0054595,0,0.0051892,0.033964,0.0050378,0,0.0051058,0.034063,0.0051061,0,0.005108,0.034066,0.0051073,0,0.0051078,0.034066,0.0051074,0,0.0051076,0.034066,0.0051076,0,0.0051074,0.034066,0.0051077,0,0.0051074,0.034066,0.0051076,0,0.0051077,0.034066,0.0051078,0,0.0051079,0.034066,0.0051078,0,0.0051079,0.034066,0.0051079,0,0.0051077,0.034066,0.0051079,0,0.0051075,0.034066,0.005108,0,0.0051077,0.034066,0.005108,0,0.0051077,0.034066,0.005108,0,0.0051079,0.034066,0.0051086,0,0.0051041,0.03406,0.005128,0,0.0054064,0.034977,0.0046391,0,0.00021997,0.020285,0,0,0,0.010497,0,0,0,0.011404,0,0,0,0.010999,0,0,0,0.010743,0,0,0,0.010474,0,0,0,0.010216,0,0,0.00019738,0.027227
0.25526,0.037599,0.0052845,0.033782,0.24039,0.034137,0.0051828,0.034148,0.24054,0.034159,0.005202,0.03416,0.24055,0.034159,0.0052024,0.03416,0.24055,0.034159,0.0052024,0.03416,0.24055,0.034159,0.0052025,0.03416,0.24055,0.034159,0.0052026,0.03416,0.24055,0.034159,0.0052027,0.03416,0.24055,0.03416,0.0052028,0.03416,0.24055,0.03416,0.0052028,0.03416,0.24055,0.03416,0.0052028,0.03416,0.24055,0.03416,0.0052029,0.03416,0.24055,0.03416,0.0052033,0.03416,0.24055,0.03416,0.0052032,0.03416,0.24055,0.03416,0.0052029,0.03416,0.24055,0.034161,0.0052038,0.034158,0.24053,0.034134,0.0052942,0.035009,0.2452,0.034947,0.0029171,0.021203,0.17932,0.021648,0,0.010696,0.12048,0.010874,0,0.01137,0.12273,0.011434,0,0.011003,0.1206,0.01102,0,0.010745,0.11924,0.010759,0,0.010482,0.11787,0.010471,0,0.010187,0.11622,0.01034,0,0.017636,0.14851
0.2555,0.037884,0.005622,0.034083,0.24066,0.034441,0.0055281,0.034452,0.24082,0.034462,0.0055474,0.034463,0.24082,0.034463,0.0055475,0.034463,0.24082,0.034463,0.0055475,0.034463,0.24082,0.034463,0.0055475,0.034463,0.24082,0.034463,0.0055478,0.034463,0.24082,0.034463,0.005548,0.034463,0.24082,0.034463,0.0055483,0.034464,0.24082,0.034464,0.0055482,0.034464,0.24082,0.034464,0.005548,0.034463,0.24082,0.034464,0.0055482,0.034463,0.24082,0.034464,0.0055486,0.034464,0.24082,0.034464,0.0055483,0.034464,0.24082,0.034463,0.0055477,0.034463,0.24082,0.034459,0.0055402,0.034456,0.24082,0.034513,0.005832,0.035608,0.24594,0.036184,0.0049685,0.023531,0.18159,0.02389,0.00098325,0.011673,0.12097,0.011167,0,0.011483,0.12279,0.011483,0,0.011043,0.12063,0.011056,0,0.010777,0.11926,0.010788,0,0.010512,0.1179,0.0105,0,0.010217,0.11625,0.010395,0,0.017755,0.14868
0.040124,0.0059561,0,0.0057188,0.034452,0.0055694,0,0.0056378,0.034552,0.0056382,0,0.0056401,0.034555,0.0056398,0,0.0056401,0.034555,0.0056398,0,0.00564,0.034555,0.0056399,0,0.00564,0.034555,0.00564,0,0.0056399,0.034555,0.00564,0,0.0056401,0.034555,0.00564,0,0.0056401,0.034555,0.00564,0,0.0056401,0.034555,0.0056399,0,0.0056399,0.034555,0.00564,0,0.0056399,0.034555,0.0056401,0,0.00564,0.034555,0.0056401,0,0.0056399,0.034555,0.0056398,0,0.0056384,0.034552,0.0056325,0,0.0056111,0.034544,0.0057279,0,0.0064307,0.036129,0.0064462,0,0.0047562,0.02477,0.0038492,0,0,0.011128,0,0,0,0.011492,0,0,0,0.011058,0,0,0,0.01079,0,0,0,0.010521,0,0,0,0.010264,0,0,0.00038916,0.027573
0.038978,0.0052495,0,0.0050104,0.033311,0.0048601,0,0.0049281,0.03341,0.0049285,0,0.0049303,0.033413,0.0049297,0,0.0049301,0.033413,0.0049299,0,0.0049298,0.033413,0.00493,0,0.0049295,0.033413,0.00493,0,0.0049297,0.033413,0.0049299,0,0.00493,0.033413,0.0049301,0,0.0049301,0.033413,0.0049303,0,0.0049301,0.033413,0.0049304,0,0.0049299,0.033413,0.0049303,0,0.0049298,0.033413,0.0049303,0,0.00493,0.033413,0.0049302,0,0.0049302,0.033413,0.0049304,0,0.004931,0.033415,0.0049423,0,0.004998,0.033566,0.0048796,0,0.0044496,0.032543,0.0035235,0,0,0.013787,0,0,0,0.011185,0,0,0,0.011285,0,0,0,0.010934,0,0,0,0.01068,0,0,0,0.010409,0,0,0,0.010177,0,0,0.000151,0.027051
0.25189,0.03694,0.005104,0.033128,0.23701,0.033483,0.0050043,0.033495,0.23717,0.033505,0.0050236,0.033506,0.23717,0.033506,0.0050239,0.033506,0.23717,0.033506,0.005024,0.033506,0.23717,0.033506,0.0050239,0.033506,0.23717,0.033506,0.0050241,0.033506,0.23717,0.033506,0.0050243,0.033506,0.23717,0.033506,0.0050244,0.033506,0.23717,0.033506,0.0050243,0.033506,0.23717,0.033506,0.0050242,0.033506,0.23717,0.033506,0.0050244,0.033506,0.23717,0.033507,0.0050248,0.033506,0.23717,0.033506,0.0050246,0.033506,0.23717,0.033506,0.0050248,0.033507,0.23717,0.033512,0.0050597,0.033658,0.23788,0.033575,0.0047537,0.032744,0.23481,0.032835,0.0015165,0.014657,0.1451,0.015142,0,0.010944,0.12199,0.011294,0,0.011298,0.12211,0.01131,0,0.010935,0.12024,0.010952,0,0.010683,0.11891,0.010695,0,0.010417,0.11754,0.010407,0,0.010143,0.11599,0.010303,0,0.017495,0.14788
0.25212,0.037223,0.0054382,0.033425,0.23728,0.033784,0.005346,0.033795,0.23744,0.033806,0.0053653,0.033806,0.23744,0.033806,0.0053653,0.033806,0.23744,0.033806,0.0053654,0.033806,0.23744,0.033806,0.0053654,0.033806,0.23744,0.033806,0.0053658,0.033806,0.23744,0.033806,0.005366,0.033806,0.23744,0.033807,0.0053662,0.033807,0.23744,0.033807,0.005366,0.033807,0.23744,0.033807,0.0053659,0.033806,0.23744,0.033807,0.0053661,0.033806,0.23744,0.033807,0.0053666,0.033807,0.23744,0.033807,0.0053663,0.033807,0.23744,0.033806,0.0053648,0.033805,0.23743,0.033792,0.0053641,0.033931,0.2382,0.03414,0.0057567,0.033955,0.23615,0.034531,0.0036615,0.016678,0.14688,0.016796,0.00015509,0.011522,0.12219,0.011349,0,0.011335,0.12215,0.011355,0,0.010972,0.12027,0.010984,0,0.010713,0.11894,0.010725,0,0.010447,0.11756,0.010434,0,0.010171,0.11602,0.010355,0,0.017612,0.14805
0.039473,0.0057412,0,0.0055345,0.033794,0.0053862,0,0.0054546,0.033894,0.0054551,0,0.0054569,0.033897,0.0054567,0,0.0054569,0.033897,0.0054567,0,0.0054567,0.033897,0.0054568,0,0.0054566,0.033897,0.0054568,0,0.0054567,0.033897,0.0054569,0,0.0054569,0.033897,0.0054569,0,0.0054569,0.033897,0.0054569,0,0.0054568,0.033897,0.0054569,0,0.0054568,0.033897,0.0054569,0,0.0054568,0.033897,0.0054569,0,0.0054569,0.033897,0.0054568,0,0.0054567,0.033896,0.0054563,0,0.0054527,0.033889,0.0054394,0,0.0054212,0.034018,0.0056551,0,0.0067497,0.03497,0.006426,0,0.0023225,0.017215,0.0013317,0,0,0.011325,0,0,0,0.011361,0,0,0,0.010985,0,0,0,0.010727,0,0,0,0.010455,0,0,0,0.01022,0,0,0.00034035,0.027394
0.038337,0.0050411,0,0.0048331,0.032664,0.0046839,0,0.0047519,0.032763,0.0047522,0,0.0047542,0.032766,0.0047536,0,0.004754,0.032766,0.0047537,0,0.0047535,0.032766,0.0047538,0,0.0047534,0.032766,0.0047537,0,0.0047535,0.032766,0.0047537,0,0.0047537,0.032766,0.004754,0,0.0047538,0.032766,0.0047542,0,0.004754,0.032766,0.0047542,0,0.0047536,0.032766,0.0047541,0,0.0047536,0.032766,0.0047542,0,0.0047539,0.032766,0.0047542,0,0.0047541,0.032766,0.0047544,0,0.0047542,0.032769,0.0047891,0,0.0050133,0.03341,0.004608,0,0.0024441,0.026951,0.0015377,0,0,0.010877,0,0,0,0.011549,0,0,0,0.011173,0,0,0,0.010873,0,0,0,0.010616,0,0,0,0.010346,0,0,0,0.010143,0,0,0.00010462,0.026874
0.24855,0.036289,0.0049254,0.03248,0.23366,0.032836,0.0048275,0.032847,0.23382,0.032858,0.0048467,0.032859,0.23382,0.032858,0.004847,0.032859,0.23382,0.032858,0.0048472,0.032859,0.23382,0.032858,0.0048471,0.032859,0.23382,0.032858,0.0048474,0.032859,0.23382,0.032859,0.0048475,0.032859,0.23382,0.032859,0.0048475,0.032859,0.23382,0.032859,0.0048474,0.032859,0.23382,0.032859,0.0048474,0.032859,0.23382,0.032859,0.0048476,0.032859,0.23382,0.032859,0.004848,0.032859,0.23382,0.032859,0.0048477,0.032859,0.23382,0.032859,0.0048474,0.032859,0.23382,0.032863,0.0049548,0.033458,0.23679,0.03334,0.0037906,0.027531,0.2099,0.027754,0,0.011605,0.12617,0.011738,0,0.011377,0.1234,0.011579,0,0.011184,0.12151,0.011196,0,0.010874,0.11991,0.01089,0,0.010619,0.11858,0.010631,0,0.010354,0.11721,0.010344,0,0.010105,0.11578,0.01027,0,0.017353,0.14725
0.24878,0.036567,0.0052557,0.032774,0.23393,0.033133,0.0051653,0.033144,0.23409,0.033155,0.0051845,0.033156,0.23409,0.033155,0.0051847,0.033156,0.23409,0.033155,0.0051848,0.033156,0.23409,0.033155,0.0051848,0.033156,0.23409,0.033155,0.0051851,0.033156,0.23409,0.033155,0.0051853,0.033156,0.23409,0.033156,0.0051853,0.033156,0.23409,0.033156,0.0051853,0.033156,0.23409,0.033156,0.0051852,0.033156,0.23409,0.033156,0.0051855,0.033156,0.23409,0.033156,0.005186,0.033156,0.23409,0.033157,0.0051859,0.033156,0.23409,0.033155,0.0051837,0.033153,0.23408,0.033146,0.0052727,0.033764,0.23721,0.03416,0.0053306,0.029404,0.21183,0.029834,0.001994,0.013036,0.12719,0.012586,0,0.011666,0.1235,0.011615,0,0.011219,0.12155,0.011237,0,0.010908,0.11994,0.01092,0,0.010649,0.11861,0.010661,0,0.010383,0.11723,0.010371,0,0.010132,0.11582,0.010321,0,0.017469,0.14742
0.038827,0.0055271,0,0.005351,0.033141,0.0052041,0,0.0052723,0.033241,0.005273,0,0.0052746,0.033244,0.0052746,0,0.0052746,0.033244,0.0052746,0,0.0052745,0.033244,0.0052747,0,0.0052744,0.033244,0.0052747,0,0.0052745,0.033244,0.0052747,0,0.0052746,0.033245,0.0052748,0,0.0052746,0.033245,0.0052748,0,0.0052747,0.033245,0.0052747,0,0.0052746,0.033245,0.0052748,0,0.0052747,0.033244,0.0052748,0,0.0052746,0.033244,0.0052746,0,0.0052744,0.033244,0.0052739,0,0.00527,0.033239,0.0052848,0,0.0054666,0.03395,0.0056862,0,0.0061207,0.03071,0.0054723,0,0.00060169,0.012659,0,0,0,0.011625,0,0,0,0.011241,0,0,0,0.010921,0,0,0,0.010663,0,0,0,0.010391,0,0,0,0.010184,0,0,0.00029199,0.027214
0.037708,0.0048374,0,0.0046596,0.032027,0.0045113,0,0.0045792,0.032126,0.0045796,0,0.0045815,0.032129,0.0045809,0,0.0045814,0.032129,0.004581,0,0.0045809,0.032129,0.0045811,0,0.0045808,0.032129,0.0045811,0,0.0045807,0.032129,0.0045812,0,0.004581,0.032129,0.0045814,0,0.0045811,0.032129,0.0045815,0,0.0045812,0.032129,0.0045816,0,0.0045809,0.032129,0.0045815,0,0.004581,0.032129,0.0045816,0,0.0045813,0.032129,0.0045816,0,0.0045815,0.032129,0.004582,0,0.0045799,0.032128,0.0046024,0,0.0048449,0.032925,0.004154,0,0.00015809,0.019635,0,0,0,0.010731,0,0,0,0.011498,0,0,0,0.011078,0,0,0,0.010813,0,0,0,0.010551,0,0,0,0.010286,0,0,0,0.010109,0,0,5.8163e-05,0.026699
0.24525,0.035646,0.0047499,0.031841,0.23036,0.032197,0.0046534,0.032208,0.23052,0.032219,0.0046726,0.03222,0.23052,0.032219,0.0046729,0.03222,0.23052,0.03222,0.0046731,0.03222,0.23052,0.03222,0.004673,0.03222,0.23052,0.03222,0.0046732,0.03222,0.23052,0.03222,0.0046733,0.03222,0.23052,0.03222,0.0046733,0.03222,0.23052,0.03222,0.0046733,0.03222,0.23052,0.03222,0.0046733,0.03222,0.23052,0.03222,0.0046736,0.03222,0.23052,0.032221,0.0046739,0.03222,0.23052,0.032221,0.0046737,0.03222,0.23052,0.03222,0.0046736,0.032221,0.23052,0.032206,0.0047686,0.03298,0.2346,0.032936,0.0026445,0.020508,0.17502,0.020911,0,0.010892,0.12155,0.011088,0,0.011466,0.12322,0.011528,0,0.011083,0.12102,0.0111,0,0.010814,0.11959,0.010828,0,0.010554,0.11825,0.010566,0,0.010294,0.1169,0.010283,0,0.010068,0.11559,0.010238,0,0.017212,0.14663
0.24547,0.035917,0.005074,0.032131,0.23063,0.032491,0.0049872,0.032502,0.23078,0.032513,0.0050066,0.032514,0.23079,0.032513,0.0050068,0.032514,0.23079,0.032513,0.0050068,0.032513,0.23079,0.032513,0.0050067,0.032513,0.23079,0.032513,0.005007,0.032513,0.23079,0.032514,0.0050073,0.032514,0.23079,0.032514,0.0050074,0.032514,0.23079,0.032514,0.0050074,0.032514,0.23079,0.032514,0.0050073,0.032513,0.23079,0.032514,0.0050075,0.032513,0.23079,0.032514,0.005008,0.032514,0.23079,0.032514,0.0050077,0.032514,0.23079,0.032512,0.0050037,0.032513,0.2308,0.032546,0.0052197,0.03346,0.2352,0.033948,0.0043564,0.022474,0.17694,0.022826,0.00082965,0.011762,0.12199,0.011369,0,0.01158,0.12328,0.01158,0,0.011125,0.12105,0.011138,0,0.010846,0.11962,0.010858,0,0.010584,0.11827,0.010595,0,0.010321,0.11692,0.010308,0,0.010094,0.11562,0.010288,0,0.017331,0.14681
0.038183,0.0053108,0,0.0051703,0.032498,0.0050253,0,0.0050936,0.032599,0.0050943,0,0.005096,0.032602,0.0050958,0,0.005096,0.032602,0.0050959,0,0.0050959,0.032602,0.0050958,0,0.0050958,0.032602,0.0050958,0,0.0050959,0.032602,0.0050959,0,0.0050959,0.032602,0.005096,0,0.0050959,0.032602,0.005096,0,0.005096,0.032602,0.005096,0,0.0050958,0.032602,0.0050961,0,0.0050958,0.032602,0.0050961,0,0.0050958,0.032602,0.0050957,0,0.0050949,0.0326,0.0050919,0,0.005082,0.032601,0.0051579,0,0.0056499,0.033827,0.00561,0,0.0039976,0.023445,0.0032079,0,0,0.011339,0,0,0,0.01159,0,0,0,0.011142,0,0,0,0.01086,0,0,0,0.010598,0,0,0,0.010327,0,0,0,0.01015,0,0,0.00024986,0.027043
0.037165,0.0046515,0,0.004488,0.031395,0.0043394,0,0.0044074,0.031494,0.0044075,0,0.0044096,0.031497,0.0044088,0,0.0044095,0.031497,0.0044089,0,0.004409,0.031497,0.0044091,0,0.0044087,0.031497,0.0044091,0,0.0044088,0.031498,0.0044092,0,0.0044091,0.031498,0.0044095,0,0.0044092,0.031498,0.0044096,0,0.0044093,0.031498,0.0044097,0,0.0044091,0.031498,0.0044097,0,0.0044091,0.031497,0.0044096,0,0.0044093,0.031498,0.0044098,0,0.0044099,0.031499,0.0044159,0,0.0044417,0.031571,0.0043809,0,0.0042484,0.031356,0.0034982,0,0,0.014906,0,0,0,0.01123,0,0,0,0.011375,0,0,0,0.011001,0,0,0,0.01075,0,0,0,0.010486,0,0,0,0.010236,0,0,0,0.010075,0,0,0,0.026445
0.24193,0.035004,0.0045764,0.031209,0.22709,0.031565,0.0044807,0.031576,0.22725,0.031587,0.0045,0.031588,0.22725,0.031587,0.0045004,0.031588,0.22725,0.031587,0.0045005,0.031588,0.22725,0.031587,0.0045003,0.031588,0.22725,0.031587,0.0045005,0.031588,0.22725,0.031587,0.0045006,0.031588,0.22725,0.031588,0.0045007,0.031588,0.22725,0.031588,0.0045006,0.031588,0.22725,0.031588,0.0045006,0.031587,0.22725,0.031588,0.0045008,0.031587,0.22725,0.031588,0.004501,0.031588,0.22725,0.031588,0.0045012,0.031588,0.22726,0.031591,0.0045199,0.031665,0.22761,0.031608,0.0043764,0.031464,0.22763,0.03158,0.0017668,0.015437,0.14862,0.015965,0,0.011056,0.12228,0.011341,0,0.011387,0.12259,0.011402,0,0.011004,0.1206,0.011021,0,0.010753,0.11927,0.010766,0,0.010489,0.11791,0.010502,0,0.010244,0.11663,0.010233,0,0.010032,0.1154,0.010207,0,0.017084,0.14608
0.24213,0.035262,0.0048915,0.031494,0.22735,0.031855,0.0048109,0.031867,0.22751,0.031877,0.0048304,0.031878,0.22752,0.031878,0.0048306,0.031878,0.22752,0.031878,0.0048305,0.031878,0.22752,0.031878,0.0048305,0.031878,0.22752,0.031878,0.0048307,0.031878,0.22752,0.031878,0.004831,0.031878,0.22752,0.031878,0.0048311,0.031878,0.22752,0.031878,0.0048312,0.031878,0.22752,0.031879,0.0048311,0.031878,0.22752,0.031879,0.0048314,0.031878,0.22752,0.031879,0.0048316,0.031878,0.22752,0.031878,0.0048306,0.031877,0.22751,0.031868,0.0048241,0.031936,0.22791,0.032081,0.0051654,0.032391,0.22865,0.032908,0.0035022,0.017116,0.15011,0.017374,0.00017733,0.011563,0.12246,0.011404,0,0.01143,0.12263,0.01145,0,0.011043,0.12063,0.011055,0,0.010784,0.1193,0.010796,0,0.010519,0.11794,0.010529,0,0.010267,0.11665,0.010254,0,0.010055,0.11543,0.010253,0,0.017191,0.14625
0.037591,0.0051075,0,0.004992,0.031861,0.0048481,0,0.0049167,0.031962,0.0049169,0,0.004919,0.031965,0.0049184,0,0.004919,0.031965,0.0049184,0,0.0049187,0.031965,0.0049185,0,0.0049186,0.031965,0.0049185,0,0.0049185,0.031966,0.0049186,0,0.0049187,0.031965,0.0049188,0,0.0049187,0.031966,0.0049189,0,0.0049187,0.031966,0.0049189,0,0.0049184,0.031965,0.0049189,0,0.0049184,0.031965,0.0049188,0,0.0049183,0.031965,0.0049183,0,0.0049155,0.031959,0.004904,0,0.0048779,0.032017,0.0050617,0,0.0059849,0.033185,0.0057349,0,0.0023226,0.017814,0.0014614,0,0,0.011377,0,0,0,0.011456,0,0,0,0.011057,0,0,0,0.010798,0,0,0,0.010533,0,0,0,0.010272,0,0,0,0.010115,0,0,0.00016726,0.026766
0.036666,0.0044799,0,0.0043168,0.03077,0.0041689,0,0.0042378,0.03087,0.0042379,0,0.0042403,0.030873,0.0042394,0,0.0042401,0.030873,0.0042394,0,0.0042395,0.030873,0.0042397,0,0.0042393,0.030873,0.0042397,0,0.0042394,0.030874,0.0042398,0,0.0042397,0.030873,0.00424,0,0.0042397,0.030874,0.0042402,0,0.0042398,0.030874,0.0042402,0,0.0042397,0.030874,0.0042402,0,0.0042397,0.030873,0.0042401,0,0.0042398,0.030873,0.0042403,0,0.0042402,0.030876,0.0042667,0,0.0044278,0.031328,0.0041402,0,0.0026687,0.027047,0.0018624,0,0,0.011613,0,0,0,0.011587,0,0,0,0.011262,0,0,0,0.010941,0,0,0,0.010686,0,0,0,0.01042,0,0,0,0.010197,0,0,0,0.010036,0,0,0,0.026334
0.23869,0.034367,0.0043895,0.030575,0.22386,0.030938,0.0043093,0.030951,0.22402,0.030962,0.0043298,0.030962,0.22402,0.030962,0.0043302,0.030963,0.22402,0.030962,0.0043302,0.030963,0.22402,0.030962,0.00433,0.030963,0.22402,0.030962,0.0043301,0.030962,0.22402,0.030963,0.0043303,0.030963,0.22402,0.030963,0.0043303,0.030963,0.22402,0.030963,0.0043303,0.030963,0.22402,0.030963,0.0043302,0.030962,0.22402,0.030963,0.0043304,0.030962,0.22402,0.030963,0.0043306,0.030962,0.22402,0.030963,0.0043306,0.030963,0.22402,0.030968,0.0044115,0.031388,0.2261,0.031287,0.003598,0.027467,0.20868,0.027653,0.00028748,0.012242,0.12973,0.012438,0,0.011407,0.12362,0.01162,0,0.011274,0.12197,0.011285,0,0.010942,0.12027,0.010958,0,0.01069,0.11894,0.010702,0,0.010425,0.11757,0.010439,0,0.010208,0.11641,0.0102,0,0.010001,0.11517,0.010177,0,0.017061,0.14612
0.23897,0.034692,0.0047554,0.030884,0.22413,0.03123,0.0046386,0.031239,0.22428,0.031249,0.004656,0.03125,0.22428,0.031249,0.0046562,0.03125,0.22428,0.031249,0.0046561,0.031249,0.22428,0.031249,0.004656,0.031249,0.22428,0.031249,0.0046562,0.031249,0.22428,0.03125,0.0046564,0.031249,0.22428,0.03125,0.0046565,0.031249,0.22428,0.03125,0.0046565,0.03125,0.22428,0.03125,0.0046565,0.031249,0.22428,0.03125,0.0046567,0.031249,0.22428,0.03125,0.0046569,0.031249,0.22428,0.031249,0.0046554,0.031247,0.22427,0.031236,0.0047045,0.03166,0.22646,0.031972,0.0048743,0.029017,0.21029,0.029432,0.0021013,0.013608,0.13076,0.013322,0,0.011707,0.12372,0.011654,0,0.011309,0.12201,0.011328,0,0.010976,0.12029,0.010988,0,0.010719,0.11897,0.01073,0,0.010452,0.1176,0.010457,0,0.010204,0.1164,0.01018,0,0.0099651,0.11516,0.010198,0,0.017246,0.14637
0.037219,0.005072,0,0.004852,0.031245,0.0046799,0,0.0047429,0.031333,0.0047418,0,0.0047437,0.031336,0.0047428,0,0.0047436,0.031336,0.0047429,0,0.0047433,0.031336,0.004743,0,0.0047431,0.031336,0.0047431,0,0.004743,0.031336,0.0047431,0,0.0047433,0.031336,0.0047434,0,0.0047432,0.031336,0.0047435,0,0.0047432,0.031336,0.0047435,0,0.0047429,0.031336,0.0047434,0,0.0047428,0.031336,0.0047434,0,0.0047427,0.031335,0.0047429,0,0.0047392,0.03133,0.0047414,0,0.0048327,0.031795,0.0050485,0,0.0056994,0.030157,0.0051796,0,0.0008184,0.013468,0,0,0,0.01166,0,0,0,0.011335,0,0,0,0.01099,0,0,0,0.010734,0,0,0,0.010466,0,0,0,0.010175,0,0,0,0.0099665,0,0,0.00034418,0.026849
0.035667,0.004125,0,0.00409,0.030136,0.0039937,0,0.0040682,0.030253,0.0040705,0,0.0040728,0.030257,0.0040722,0,0.0040727,0.030257,0.0040722,0,0.0040722,0.030257,0.0040725,0,0.004072,0.030257,0.0040725,0,0.0040721,0.030257,0.0040726,0,0.0040724,0.030257,0.0040729,0,0.0040724,0.030257,0.0040729,0,0.0040725,0.030257,0.0040728,0,0.0040725,0.030257,0.0040729,0,0.0040725,0.030257,0.0040728,0,0.0040725,0.030257,0.0040728,0,0.0040695,0.030253,0.0040986,0,0.0043524,0.031044,0.0037897,0,0.00057216,0.020629,0,0,0,0.010822,0,0,0,0.011592,0,0,0,0.011155,0,0,0,0.010882,0,0,0,0.010623,0,0,0,0.010351,0,0,0,0.010389,0,0,0,0.01058,0,0,0,0.02534
0.23482,0.033387,0.0040012,0.029875,0.22064,0.030305,0.0041334,0.030331,0.22083,0.030344,0.0041614,0.030345,0.22083,0.030345,0.004162,0.030346,0.22083,0.030345,0.004162,0.030346,0.22083,0.030345,0.0041619,0.030346,0.22083,0.030345,0.004162,0.030345,0.22083,0.030345,0.004162,0.030345,0.22083,0.030345,0.004162,0.030345,0.22083,0.030345,0.004162,0.030345,0.22083,0.030345,0.0041618,0.030345,0.22083,0.030345,0.004162,0.030345,0.22083,0.030346,0.0041623,0.030345,0.22083,0.030346,0.0041617,0.030342,0.22081,0.030331,0.0042601,0.031077,0.22468,0.031004,0.0025515,0.021351,0.17871,0.021683,0,0.011067,0.12259,0.011253,0,0.011539,0.12368,0.011621,0,0.011163,0.12143,0.01118,0,0.010884,0.11995,0.0109,0,0.010632,0.11862,0.010647,0,0.010367,0.11722,0.010347,0,0.010299,0.11718,0.010187,0,0.010282,0.11796,0.010123,0,0.015822,0.14248
0.23649,0.03464,0.0050146,0.030469,0.22101,0.030637,0.0044807,0.030624,0.22109,0.030629,0.0044842,0.030629,0.22109,0.030629,0.0044842,0.030629,0.22109,0.030629,0.004484,0.030629,0.22109,0.030629,0.004484,0.030629,0.22109,0.030629,0.0044843,0.030629,0.22109,0.030629,0.0044846,0.030629,0.22109,0.030629,0.0044846,0.030629,0.22109,0.030629,0.0044846,0.030629,0.22109,0.030629,0.0044846,0.030629,0.22109,0.030629,0.0044847,0.030629,0.22109,0.030629,0.0044847,0.030629,0.22109,0.030627,0.0044803,0.030623,0.22107,0.030649,0.0046733,0.031513,0.22523,0.031957,0.0041913,0.023253,0.18059,0.023576,0.0010071,0.011998,0.1231,0.011611,0,0.011676,0.12375,0.01167,0,0.011204,0.12146,0.011218,0,0.010915,0.11998,0.010921,0,0.010634,0.11861,0.010638,0,0.010347,0.11723,0.010437,0,0.010657,0.11767,0.010907,0,0.011621,0.11951,0.012006,4.121e-05,0.018169,0.14453
0.038636,0.0063406,0,0.0049138,0.030706,0.0045464,0,0.0045743,0.030713,0.0045696,0,0.0045708,0.030714,0.0045699,0,0.0045706,0.030714,0.00457,0,0.0045703,0.030714,0.0045702,0,0.0045701,0.030714,0.0045701,0,0.0045699,0.030714,0.0045702,0,0.0045702,0.030714,0.0045704,0,0.0045702,0.030714,0.0045704,0,0.0045702,0.030714,0.0045704,0,0.0045699,0.030714,0.0045704,0,0.0045697,0.030714,0.0045702,0,0.004569,0.030713,0.0045664,0,0.0045553,0.030708,0.0046244,0,0.0050728,0.031858,0.0051417,0,0.0042939,0.024341,0.0035858,0,0,0.01159,0,0,0,0.011682,0,0,0,0.011223,0,0,0,0.010929,0,0,0,0.010615,0,0,0,0.010311,0,0,0,0.011249,0,0,0.0012484,0.013607,0.0020481,0,0.0039403,0.029945
0.029658,0.0024142,0,0.0036666,0.029503,0.0038279,0,0.0038994,0.029643,0.0039045,0,0.0039066,0.029646,0.003906,0,0.0039066,0.029647,0.0039061,0,0.003906,0.029646,0.0039064,0,0.0039059,0.029646,0.0039064,0,0.0039059,0.029647,0.0039066,0,0.0039063,0.029647,0.0039068,0,0.0039063,0.029647,0.0039069,0,0.0039065,0.029647,0.0039068,0,0.0039064,0.029647,0.0039068,0,0.0039064,0.029647,0.0039068,0,0.0039068,0.029648,0.0039123,0,0.0039345,0.029709,0.0038807,0,0.0037621,0.02954,0.0030397,0,0,0.014785,0,0,0,0.011322,0,0,0,0.011469,0,0,0,0.011074,0,0,0,0.010813,0,0,0,0.010805,0,0,0,0.010931,0,0,0,0.0080917,0,0,0,0.0022813,0,0,0,0.0098125
0.2232,0.030549,0.0035113,0.02932,0.21751,0.02969,0.0039681,0.029722,0.21767,0.029733,0.0039944,0.029734,0.21767,0.029734,0.003995,0.029734,0.21767,0.029734,0.0039951,0.029734,0.21767,0.029734,0.003995,0.029734,0.21767,0.029734,0.0039951,0.029734,0.21767,0.029734,0.0039952,0.029734,0.21767,0.029734,0.0039952,0.029734,0.21767,0.029734,0.003995,0.029734,0.21767,0.029734,0.0039949,0.029734,0.21767,0.029734,0.003995,0.029734,0.21767,0.029734,0.0039955,0.029735,0.21767,0.029737,0.0040119,0.0298,0.21797,0.029746,0.0038841,0.029661,0.21822,0.029713,0.0014909,0.01547,0.14883,0.015948,0,0.011135,0.12294,0.011458,0,0.011478,0.12308,0.0115,0,0.011084,0.12099,0.011105,0,0.010828,0.1196,0.010809,0,0.010709,0.11934,0.010597,0,0.010548,0.11982,0.010341,0,0.0080889,0.10868,0.0075152,0,0.0036136,0.082752,0.0033263,0,0.0024286,0.081065
0.22518,0.032024,0.0046833,0.029981,0.21791,0.030029,0.0043175,0.030014,0.21793,0.030015,0.004314,0.030015,0.21793,0.030014,0.0043138,0.030015,0.21793,0.030014,0.0043136,0.030014,0.21793,0.030014,0.0043138,0.030015,0.21793,0.030015,0.0043142,0.030015,0.21793,0.030015,0.0043144,0.030015,0.21793,0.030015,0.0043144,0.030015,0.21793,0.030015,0.0043143,0.030015,0.21793,0.030015,0.0043142,0.030015,0.21793,0.030015,0.0043143,0.030014,0.21793,0.030014,0.0043138,0.030013,0.21792,0.030005,0.0043074,0.030063,0.21826,0.030194,0.0046234,0.030527,0.21919,0.031011,0.0032507,0.017223,0.15042,0.017457,0.00025489,0.011694,0.12315,0.011544,0,0.011528,0.12312,0.011541,0,0.011096,0.12099,0.0111,0,0.010809,0.11961,0.010905,0,0.011092,0.11987,0.011434,0,0.012211,0.12176,0.012669,0.00054726,0.01165,0.11197,0.011563,0,0.0082211,0.087162,0.0079472,0,0.0064331,0.083951
0.033245,0.0050331,0,0.004557,0.030093,0.0043862,0,0.0044015,0.030098,0.0043982,0,0.004399,0.030099,0.0043982,0,0.0043988,0.030099,0.0043985,0,0.0043985,0.030099,0.0043986,0,0.0043982,0.030099,0.0043985,0,0.0043981,0.030099,0.0043986,0,0.0043984,0.030099,0.0043987,0,0.0043985,0.030099,0.0043988,0,0.0043984,0.030099,0.0043988,0,0.0043981,0.030099,0.0043986,0,0.0043979,0.030098,0.0043981,0,0.0043953,0.030093,0.0043849,0,0.0043604,0.030141,0.0045284,0,0.0053753,0.031252,0.0051873,0,0.0022864,0.017889,0.0015059,0,0,0.011518,0,0,0,0.011553,0,0,0,0.011075,0,0,0,0.010771,0,0,0,0.011717,0.00012734,0,0.0020436,0.014703,0.0025879,0,0.0033622,0.015023,0.0033551,0,0.001189,0.010694,0.0005651,0,0,0.015675
0.029771,0.0032973,0,0.0036676,0.028976,0.0037024,0,0.0037393,0.029041,0.0037417,0,0.003743,0.029043,0.0037424,0,0.003743,0.029044,0.0037425,0,0.0037424,0.029044,0.0037428,0,0.0037424,0.029044,0.0037429,0,0.0037424,0.029044,0.003743,0,0.0037427,0.029044,0.0037432,0,0.0037428,0.029044,0.0037432,0,0.0037429,0.029044,0.0037431,0,0.0037428,0.029044,0.0037431,0,0.0037427,0.029044,0.0037433,0,0.0037429,0.029046,0.003767,0,0.0039108,0.02945,0.0036521,0,0.0023277,0.025616,0.0015863,0,0,0.011649,0,0,0,0.011688,0,0,0,0.011341,0,0,0,0.011266,0,0,0,0.011412,0,0,0,0.0083413,0,0,0,0.00059199,0,0,0,0,0,0,0,0,0,0,0,0.0085708
0.21864,0.029946,0.0036961,0.028934,0.21447,0.029111,0.0038174,0.029124,0.21455,0.029129,0.0038296,0.02913,0.21455,0.02913,0.0038299,0.02913,0.21455,0.02913,0.00383,0.02913,0.21455,0.02913,0.00383,0.02913,0.21455,0.02913,0.0038302,0.02913,0.21455,0.02913,0.0038302,0.02913,0.21455,0.02913,0.0038302,0.02913,0.21455,0.02913,0.0038301,0.02913,0.21455,0.02913,0.00383,0.02913,0.21455,0.02913,0.0038299,0.029129,0.21455,0.02913,0.0038302,0.02913,0.21455,0.029135,0.0039025,0.02951,0.21641,0.029418,0.0031738,0.026011,0.20088,0.026172,0.00021744,0.01225,0.12991,0.012472,0,0.011518,0.12417,0.011729,0,0.011363,0.12241,0.011345,0,0.011167,0.12172,0.011055,0,0.01102,0.12228,0.010812,0,0.0083844,0.1105,0.0078138,0,0.0026281,0.07586,0.0017021,0,0,0.041788,0,0,0,0.030743,0,0,0.00022374,0.064579
0.21939,0.030549,0.0042438,0.029318,0.21476,0.029407,0.0041426,0.029405,0.2148,0.029407,0.0041454,0.029408,0.2148,0.029407,0.0041454,0.029408,0.2148,0.029407,0.0041454,0.029408,0.2148,0.029407,0.0041455,0.029408,0.2148,0.029408,0.0041458,0.029408,0.2148,0.029408,0.004146,0.029408,0.2148,0.029408,0.0041458,0.029408,0.2148,0.029408,0.0041457,0.029408,0.2148,0.029408,0.0041457,0.029407,0.2148,0.029408,0.004146,0.029407,0.2148,0.029407,0.0041448,0.029405,0.21479,0.029396,0.0041891,0.029775,0.21675,0.030053,0.004341,0.027421,0.20235,0.027804,0.0019043,0.013544,0.13089,0.013329,0,0.011808,0.12427,0.011752,0,0.011368,0.12244,0.011467,0,0.011553,0.12225,0.011904,6.5686e-05,0.012716,0.12426,0.013193,0.00073091,0.011948,0.11387,0.011868,0,0.007352,0.080367,0.0064374,0,0.0016648,0.045764,0.00086663,0,0,0.033588,0,0,0.0018338,0.065797
0.03096,0.0043315,0,0.0042719,0.029465,0.0042103,0,0.0042295,0.02949,0.0042284,0,0.0042295,0.02949,0.0042286,0,0.0042292,0.029491,0.0042288,0,0.0042288,0.029491,0.004229,0,0.0042286,0.029491,0.0042289,0,0.0042285,0.029491,0.0042289,0,0.0042288,0.029491,0.0042291,0,0.0042288,0.029491,0.0042292,0,0.0042287,0.029491,0.0042292,0,0.0042285,0.029491,0.004229,0,0.0042281,0.02949,0.0042284,0,0.0042248,0.029485,0.004227,0,0.0043091,0.0299,0.0045004,0,0.0050763,0.028437,0.0046113,0,0.00068799,0.013444,0,0,0,0.011755,0,0,0,0.011355,0,0,0,0.012152,0.00026639,0,0.0022386,0.015251,0.0027917,0,0.003559,0.015346,0.0034562,0,0.00047413,0.0091602,0,0,0,0.0012067,0,0,0,0,0,0,0,0.010627
0.029811,0.0036081,0,0.0035946,0.028412,0.0035572,0,0.0035802,0.028447,0.0035806,0,0.0035815,0.028448,0.0035809,0,0.0035815,0.028448,0.003581,0,0.003581,0.028448,0.0035812,0,0.003581,0.028448,0.0035814,0,0.003581,0.028448,0.0035815,0,0.0035813,0.028448,0.0035816,0,0.0035812,0.028448,0.0035816,0,0.0035815,0.028448,0.0035815,0,0.0035813,0.028448,0.0035817,0,0.0035812,0.028448,0.003582,0,0.0035787,0.028445,0.003605,0,0.0038297,0.029148,0.0033304,0,0.00047603,0.019903,0,0,0,0.011075,0,0,0,0.011744,0,0,0,0.011779,0,0,0,0.0087538,0,0,0,0.00072569,0,0,0,0,0,0,0,0,0,0,0,0,0,0,0,0,0,0,0,0.0096927
0.21587,0.029548,0.0036759,0.028406,0.21141,0.028524,0.0036601,0.028529,0.21147,0.028533,0.0036671,0.028533,0.21147,0.028533,0.0036672,0.028533,0.21147,0.028533,0.0036672,0.028533,0.21147,0.028533,0.0036673,0.028533,0.21147,0.028533,0.0036674,0.028533,0.21147,0.028533,0.0036674,0.028533,0.21147,0.028533,0.0036674,0.028533,0.21147,0.028533,0.0036672,0.028533,0.21147,0.028533,0.003667,0.028533,0.21147,0.028533,0.003667,0.028533,0.21147,0.028533,0.003667,0.02853,0.21145,0.02852,0.0037544,0.029183,0.21488,0.029119,0.0022383,0.020548,0.17407,0.020857,0,0.011259,0.12358,0.011465,0,0.011686,0.12443,0.011656,0,0.011485,0.12434,0.011254,0,0.0087658,0.11275,0.0082725,0,0.0027842,0.077214,0.0018441,0,0,0.042183,0,0,0,0.030637,0,0,0,0.03241,0,0,0,0.03305,0,0,0.00094944,0.064281
0.21617,0.029862,0.0040185,0.028696,0.21167,0.028802,0.0039738,0.028805,0.21171,0.028807,0.0039791,0.028808,0.21171,0.028808,0.0039792,0.028808,0.21171,0.028808,0.0039793,0.028808,0.21171,0.028808,0.0039793,0.028808,0.21171,0.028808,0.0039795,0.028808,0.21171,0.028808,0.0039794,0.028808,0.21171,0.028808,0.0039793,0.028808,0.21171,0.028808,0.0039793,0.028808,0.21171,0.028808,0.0039793,0.028808,0.21171,0.028808,0.0039794,0.028807,0.21171,0.028806,0.0039759,0.028803,0.2117,0.028826,0.0041478,0.029593,0.21539,0.029987,0.0037177,0.022256,0.17575,0.022544,0.00089195,0.012068,0.12402,0.011773,0,0.011856,0.12465,0.012136,0,0.012828,0.12601,0.013399,0.00078235,0.012237,0.11617,0.012287,0,0.007625,0.081824,0.0066852,0,0.0017692,0.046191,0.00090665,0,0,0.033169,0,0,0,0.033316,0,0,0,0.033312,0,0,0.001264,0.064643
0.030337,0.0041579,0,0.0040941,0.028861,0.0040417,0,0.0040619,0.028889,0.0040614,0,0.0040623,0.02889,0.0040616,0,0.0040621,0.02889,0.0040618,0,0.0040618,0.02889,0.0040621,0,0.0040615,0.02889,0.004062,0,0.0040616,0.02889,0.0040619,0,0.0040618,0.02889,0.0040621,0,0.0040618,0.02889,0.0040622,0,0.0040617,0.02889,0.0040621,0,0.0040615,0.02889,0.0040618,0,0.0040605,0.028889,0.0040586,0,0.0040486,0.028884,0.0041099,0,0.0045088,0.029907,0.0045685,0,0.0038123,0.023226,0.0031718,0,0,0.01171,0,0,0,0.011954,0,0,0.0017076,0.014957,0.0023908,0,0.0037293,0.015813,0.0037099,0,0.00067088,0.0094831,0,0,0,0.0012942,0,0,0,0,0,0,0,0,0,0,0,0,0,0,0,0.01038
0.029128,0.0034362,0,0.0034362,0.027826,0.0033991,0,0.0034205,0.027858,0.0034204,0,0.0034213,0.027859,0.0034207,0,0.0034213,0.027859,0.0034209,0,0.003421,0.027859,0.003421,0,0.003421,0.027859,0.0034211,0,0.003421,0.027859,0.0034212,0,0.0034212,0.027859,0.0034213,0,0.0034211,0.027859,0.0034214,0,0.0034213,0.027859,0.0034215,0,0.0034211,0.027859,0.0034218,0,0.0034214,0.02786,0.0034268,0,0.0034463,0.027915,0.0033991,0,0.003292,0.02776,0.0026533,0,0,0.014673,0,0,0,0.0118,0,0,0,0.011826,0,0,0,0.0028899,0,0,0,0,0,0,0,0,0,0,0,0,0,0,0,0,0,0,0,0,0,0,0,0,0,0,0,0.009103
0.2126,0.028906,0.0035125,0.027821,0.20836,0.027935,0.0034995,0.027939,0.20841,0.027942,0.0035059,0.027943,0.20841,0.027942,0.0035059,0.027943,0.20841,0.027942,0.0035059,0.027943,0.20841,0.027943,0.003506,0.027942,0.20841,0.027942,0.0035061,0.027942,0.20841,0.027942,0.003506,0.027942,0.20841,0.027942,0.0035061,0.027942,0.20841,0.027942,0.0035059,0.027942,0.20841,0.027942,0.0035058,0.027942,0.20841,0.027942,0.0035062,0.027943,0.20842,0.027945,0.0035212,0.028001,0.20868,0.027955,0.0034102,0.027876,0.20888,0.027927,0.001298,0.015294,0.14732,0.015703,0,0.011476,0.1251,0.011651,0,0.011459,0.12538,0.011138,0,0.0045469,0.08765,0.0033746,0,0,0.041956,0,0,0,0.030834,0,0,0,0.032556,0,0,0,0.033119,0,0,0,0.032185,0,0,0,0.031143,0,0,0.00050467,0.062048
0.21291,0.02922,0.0038526,0.028107,0.20861,0.028209,0.0038097,0.028212,0.20866,0.028214,0.003815,0.028215,0.20866,0.028214,0.0038151,0.028215,0.20866,0.028214,0.003815,0.028215,0.20866,0.028214,0.003815,0.028215,0.20866,0.028214,0.0038151,0.028214,0.20866,0.028214,0.0038151,0.028215,0.20866,0.028214,0.003815,0.028215,0.20866,0.028215,0.0038152,0.028215,0.20866,0.028215,0.0038152,0.028214,0.20866,0.028214,0.0038147,0.028213,0.20866,0.028206,0.0038096,0.028258,0.20896,0.028371,0.0040818,0.028655,0.20974,0.029072,0.0028343,0.016823,0.14873,0.017123,0.00045407,0.012327,0.12583,0.012722,0.00051627,0.013724,0.128,0.014214,8.5422e-05,0.0091502,0.092181,0.0081948,0,0.0019009,0.046041,0.00090399,0,0,0.033429,0,0,0,0.033476,0,0,0,0.033336,0,0,0,0.032349,0,0,0,0.031345,0,0,0.00082181,0.062427
0.029664,0.0039857,0,0.0039272,0.028268,0.0038778,0,0.0038971,0.028295,0.0038967,0,0.0038975,0.028296,0.003897,0,0.0038973,0.028296,0.0038972,0,0.003897,0.028296,0.0038974,0,0.0038968,0.028296,0.0038972,0,0.0038968,0.028296,0.0038972,0,0.003897,0.028296,0.0038974,0,0.0038971,0.028296,0.0038975,0,0.003897,0.028296,0.0038974,0,0.0038967,0.028296,0.003897,0,0.0038941,0.028291,0.0038854,0,0.0038642,0.028334,0.0040065,0,0.0047386,0.02929,0.0045547,0,0.0019144,0.017374,0.001367,0,0.00018761,0.012776,0.00055801,0,0.0033579,0.016995,0.0036049,0,0.0016163,0.011591,0.00072683,0,0,0.0013081,0,0,0,0,0,0,0,0,0,0,0,0,0,0,0,0,0,0,0,0,0,0,0,0.0098353
0.028496,0.0032835,0,0.003277,0.027242,0.0032405,0,0.0032606,0.027272,0.0032608,0,0.0032615,0.027273,0.0032611,0,0.0032615,0.027273,0.0032612,0,0.0032613,0.027273,0.0032613,0,0.0032613,0.027273,0.0032613,0,0.0032612,0.027273,0.0032614,0,0.0032615,0.027273,0.0032615,0,0.0032614,0.027273,0.0032616,0,0.0032615,0.027273,0.0032617,0,0.0032614,0.027273,0.0032622,0,0.003262,0.027276,0.0032835,0,0.003408,0.027627,0.0031926,0,0.002048,0.0243,0.0014119,0,0,0.012435,0,0,0,0.0096828,0,0,0,0,0,0,0,0,0,0,0,0,0,0,0,0,0,0,0,0,0,0,0,0,0,0,0,0,0,0,0,0,0,0,0,0.0086835
0.20941,0.028286,0.0033555,0.027241,0.20534,0.027349,0.0033399,0.027353,0.20539,0.027356,0.0033458,0.027357,0.20539,0.027356,0.0033457,0.027357,0.20539,0.027356,0.0033457,0.027356,0.20539,0.027356,0.0033458,0.027356,0.20539,0.027356,0.0033459,0.027356,0.20539,0.027356,0.0033459,0.027356,0.20539,0.027356,0.0033461,0.027357,0.20539,0.027357,0.003346,0.027356,0.20539,0.027357,0.0033458,0.027356,0.20539,0.027357,0.0033462,0.027357,0.20539,0.027363,0.0034116,0.027689,0.207,0.027629,0.0028285,0.024691,0.1935,0.024799,0.00027844,0.012679,0.13294,0.012727,0,0.0095506,0.11756,0.0092437,0,0.00089683,0.06496,0,0,0,0.032564,0,0,0,0.032538,0,0,0,0.033362,0,0,0,0.03235,0,0,0,0.031421,0,0,0,0.030629,0,0,0,0.029703,0,0,0.00014671,0.06016
0.2097,0.028586,0.0036845,0.027521,0.20558,0.02762,0.0036466,0.027623,0.20563,0.027625,0.0036517,0.027626,0.20563,0.027625,0.0036517,0.027626,0.20563,0.027625,0.0036518,0.027626,0.20563,0.027625,0.0036517,0.027626,0.20563,0.027626,0.0036517,0.027626,0.20563,0.027626,0.0036518,0.027626,0.20563,0.027626,0.0036518,0.027626,0.20563,0.027626,0.0036519,0.027626,0.20563,0.027626,0.0036519,0.027626,0.20563,0.027625,0.0036508,0.027624,0.20562,0.027614,0.0036842,0.027933,0.20728,0.028123,0.0036931,0.025727,0.19463,0.026246,0.0021196,0.014492,0.13481,0.015048,0.0010974,0.012893,0.12095,0.013095,0,0.0058431,0.069597,0.004654,0,0,0.035659,0,0,0,0.033502,0,0,0,0.033586,0,0,0,0.032516,0,0,0,0.031596,0,0,0,0.030791,0,0,0,0.029869,0,0,0.00042358,0.060498
0.028999,0.0038089,0,0.00376,0.027679,0.0037139,0,0.0037327,0.027706,0.0037323,0,0.0037333,0.027706,0.0037325,0,0.003733,0.027706,0.0037326,0,0.0037326,0.027706,0.0037328,0,0.0037324,0.027706,0.0037328,0,0.0037325,0.027707,0.0037327,0,0.0037327,0.027707,0.003733,0,0.0037327,0.027707,0.0037331,0,0.0037326,0.027707,0.003733,0,0.0037323,0.027706,0.0037324,0,0.0037293,0.027702,0.0037292,0,0.0037882,0.028034,0.003881,0,0.0040118,0.026362,0.0038927,0,0.0020271,0.015778,0.0021169,0,0.0039381,0.016524,0.0036569,0,0,0.0068072,0,0,0,0,0,0,0,0,0,0,0,0,0,0,0,0,0,0,0,0,0,0,0,0,0,0,0,0,0,0,0,0.0093344
0.027895,0.003137,0,0.0031217,0.026666,0.0030849,0,0.0031041,0.026695,0.0031044,0,0.0031049,0.026696,0.0031047,0,0.003105,0.026696,0.0031048,0,0.003105,0.026696,0.0031048,0,0.0031049,0.026696,0.0031049,0,0.0031049,0.026696,0.0031049,0,0.0031049,0.026696,0.003105,0,0.0031049,0.026696,0.003105,0,0.0031051,0.026696,0.0031052,0,0.0031049,0.026696,0.0031062,0,0.0031027,0.02669,0.0031296,0,0.0033224,0.0273,0.0029888,0,0.0013102,0.021567,0.00031422,0,0,0.0067807,0,0,0,0,0,0,0,0,0,0,0,0,0,0,0,0,0,0,0,0,0,0,0,0,0,0,0,0,0,0,0,0,0,0,0,0,0,0,0,0.008366
0.20632,0.027687,0.0032011,0.026668,0.20235,0.026771,0.0031824,0.026775,0.20239,0.026777,0.003188,0.026778,0.2024,0.026777,0.0031878,0.026778,0.2024,0.026777,0.0031878,0.026778,0.2024,0.026778,0.0031878,0.026778,0.2024,0.026778,0.0031881,0.026778,0.2024,0.026778,0.0031882,0.026778,0.2024,0.026778,0.0031883,0.026778,0.2024,0.026778,0.0031882,0.026778,0.2024,0.026778,0.003188,0.026778,0.2024,0.02678,0.0031926,0.026777,0.20236,0.026776,0.0032875,0.027352,0.20529,0.027215,0.002099,0.021642,0.17959,0.021559,0,0.0079092,0.10755,0.0067975,0,0,0.046652,0,0,0,0.029835,0,0,0,0.033183,0,0,0,0.032555,0,0,0,0.031536,0,0,0,0.030716,0,0,0,0.030008,0,0,0,0.029349,0,0,0,0.028486,0,0,0,0.058714
0.20659,0.027976,0.0035207,0.026941,0.20259,0.027038,0.0034852,0.027041,0.20263,0.027043,0.0034901,0.027044,0.20264,0.027044,0.0034901,0.027044,0.20264,0.027044,0.0034902,0.027044,0.20264,0.027044,0.0034901,0.027044,0.20264,0.027044,0.0034901,0.027044,0.20264,0.027044,0.0034901,0.027044,0.20264,0.027044,0.0034902,0.027044,0.20264,0.027044,0.0034904,0.027044,0.20264,0.027044,0.0034904,0.027044,0.20263,0.027038,0.0034744,0.027017,0.20258,0.027016,0.0035698,0.027645,0.20575,0.028222,0.0040802,0.024145,0.18242,0.02497,0.0020384,0.012406,0.11172,0.011526,0,0.0029015,0.050953,0.001656,0,0,0.031931,0,0,0,0.033621,0,0,0,0.032735,0,0,0,0.031721,0,0,0,0.030884,0,0,0,0.030162,0,0,0,0.02949,0,0,0,0.028629,0,0,0.00012125,0.059025
0.028372,0.0036428,0,0.0035958,0.027096,0.0035516,0,0.0035696,0.027122,0.0035694,0,0.0035702,0.027123,0.0035694,0,0.0035699,0.027123,0.0035696,0,0.0035696,0.027123,0.0035698,0,0.0035695,0.027123,0.0035698,0,0.0035695,0.027123,0.0035697,0,0.0035696,0.027123,0.00357,0,0.0035697,0.027123,0.0035701,0,0.0035696,0.027123,0.0035697,0,0.0035715,0.027125,0.0035639,0,0.0035128,0.027064,0.0035472,0,0.0037323,0.027832,0.0042745,0,0.0060979,0.026954,0.0062298,0,0.0037903,0.015001,0.0028619,0,0,0.0026303,0,0,0,0,0,0,0,0,0,0,0,0,0,0,0,0,0,0,0,0,0,0,0,0,0,0,0,0,0,0,0,0,0,0,0,0.008959
0.027289,0.0029831,0,0.0029673,0.026097,0.0029311,0,0.0029499,0.026125,0.0029501,0,0.0029508,0.026126,0.0029505,0,0.0029508,0.026126,0.0029506,0,0.0029507,0.026126,0.0029506,0,0.0029506,0.026126,0.0029506,0,0.0029505,0.026126,0.0029506,0,0.0029506,0.026126,0.0029506,0,0.0029506,0.026126,0.0029507,0,0.0029508,0.026127,0.002952,0,0.0029444,0.026104,0.0029538,0,0.0030401,0.026367,0.0029949,0,0.0032912,0.027425,0.0020509,0,0,0.0068684,0,0,0,0,0,0,0,0,0,0,0,0,0,0,0,0,0,0,0,0,0,0,0,0,0,0,0,0,0,0,0,0,0,0,0,0,0,0,0,0,0,0,0,0.0080219
0.20326,0.027093,0.0030456,0.0261,0.1994,0.026201,0.0030267,0.026204,0.19944,0.026207,0.0030321,0.026207,0.19944,0.026207,0.0030318,0.026207,0.19944,0.026207,0.0030319,0.026207,0.19944,0.026207,0.003032,0.026207,0.19945,0.026207,0.0030322,0.026207,0.19945,0.026207,0.0030324,0.026207,0.19945,0.026207,0.0030325,0.026207,0.19945,0.026207,0.0030321,0.026207,0.19945,0.026212,0.0030417,0.026199,0.19935,0.026183,0.0030412,0.026388,0.20049,0.026146,0.0026525,0.026928,0.20616,0.02651,0,0.0090577,0.1188,0.0084915,0,0,0.041792,0,0,0,0.030064,0,0,0,0.032822,0,0,0,0.031764,0,0,0,0.030823,0,0,0,0.03005,0,0,0,0.029378,0,0,0,0.028723,0,0,0,0.028175,0,0,0,0.027442,0,0,0,0.057308
0.20353,0.027377,0.0033607,0.02637,0.19964,0.026465,0.0033264,0.026468,0.19968,0.02647,0.0033311,0.02647,0.19968,0.02647,0.003331,0.02647,0.19968,0.02647,0.0033313,0.02647,0.19968,0.02647,0.0033311,0.02647,0.19968,0.02647,0.0033312,0.02647,0.19968,0.02647,0.0033313,0.026471,0.19968,0.02647,0.0033315,0.026471,0.19968,0.026471,0.0033324,0.026472,0.19968,0.026458,0.0032964,0.026406,0.19954,0.026445,0.0034249,0.026843,0.20117,0.02749,0.0051683,0.030082,0.20981,0.031066,0.0042008,0.015145,0.12484,0.014466,0,0.0024359,0.045972,0.00077429,0,0,0.031362,0,0,0,0.033034,0,0,0,0.031949,0,0,0,0.031,0,0,0,0.03021,0,0,0,0.029526,0,0,0,0.028861,0,0,0,0.028303,0,0,0,0.027575,0,0,0,0.057609
0.027757,0.0034804,0,0.0034354,0.026523,0.0033925,0,0.0034101,0.026548,0.0034099,0,0.0034107,0.026549,0.00341,0,0.0034103,0.026549,0.0034102,0,0.0034101,0.026549,0.0034104,0,0.00341,0.026549,0.0034104,0,0.00341,0.026549,0.0034103,0,0.0034101,0.026549,0.0034106,0,0.0034103,0.026549,0.0034112,0,0.0034158,0.026553,0.0033981,0,0.0032791,0.02641,0.0033632,0,0.0037637,0.02726,0.004791,0.00080349,0.0092251,0.03434,0.0096786,0.002067,0.0063556,0.018713,0.0045898,0,0,0.0015939,0,0,0,0,0,0,0,0,0,0,0,0,0,0,0,0,0,0,0,0,0,0,0,0,0,0,0,0,0,0,0,0,0,0,0,0,0,0,0,0.0085974
0.026689,0.0028295,0,0.0028132,0.025533,0.0027775,0,0.0027961,0.02556,0.0027961,0,0.0027969,0.025561,0.0027965,0,0.0027968,0.025561,0.0027966,0,0.0027968,0.025561,0.0027966,0,0.0027966,0.025561,0.0027965,0,0.0027965,0.025561,0.0027966,0,0.0027967,0.025561,0.0027967,0,0.0027968,0.025562,0.0027969,0,0.0027803,0.025515,0.002799,0,0.0030318,0.0262,0.0028733,0,0.0024706,0.025216,0.0009169,0,0,0.0040914,0,0,0,0,0,0,0,0,0,0,0,0,0,0,0,0,0,0,0,0,0,0,0,0,0,0,0,0,0,0,0,0,0,0,0,0,0,0,0,0,0,0,0,0,0,0,0,0.0076914
0.20024,0.026504,0.0028909,0.025536,0.19647,0.025634,0.0028718,0.025638,0.19652,0.02564,0.002877,0.025641,0.19652,0.02564,0.0028767,0.02564,0.19652,0.02564,0.0028768,0.02564,0.19652,0.02564,0.0028769,0.02564,0.19652,0.02564,0.0028773,0.02564,0.19652,0.02564,0.0028775,0.02564,0.19652,0.025641,0.0028776,0.025641,0.19652,0.025646,0.0028837,0.025612,0.19632,0.025564,0.0028597,0.026089,0.19926,0.025779,0.0020731,0.024798,0.19669,0.024214,0,0.0075494,0.11449,0.0068575,0,0,0.032808,0,0,0,0.030447,0,0,0,0.032212,0,0,0,0.031003,0,0,0,0.030118,0,0,0,0.029419,0,0,0,0.028758,0,0,0,0.028107,0,0,0,0.027604,0,0,0,0.027119,0,0,0,0.026371,0,0,0,0.055968
0.2005,0.026784,0.0032023,0.025804,0.19671,0.025896,0.0031693,0.025899,0.19675,0.025901,0.0031739,0.025902,0.19675,0.025901,0.0031739,0.025902,0.19675,0.025902,0.003174,0.025902,0.19675,0.025902,0.0031739,0.025902,0.19675,0.025902,0.003174,0.025902,0.19675,0.025902,0.0031742,0.025902,0.19675,0.025902,0.0031748,0.025903,0.19675,0.025887,0.0031343,0.025823,0.19655,0.025952,0.0035325,0.026937,0.20041,0.027765,0.0054884,0.028944,0.20142,0.029922,0.004518,0.015221,0.12201,0.014342,0,0.0013626,0.037504,0,0,0,0.031606,0,0,0,0.032379,0,0,0,0.031176,0,0,0,0.030286,0,0,0,0.029574,0,0,0,0.028904,0,0,0,0.028241,0,0,0,0.027728,0,0,0,0.027241,0,0,0,0.026499,0,0,0,0.056261
0.027148,0.0033194,0,0.0032768,0.025955,0.0032351,0,0.0032525,0.025979,0.0032522,0,0.003253,0.02598,0.0032524,0,0.0032526,0.02598,0.0032526,0,0.0032525,0.02598,0.0032528,0,0.0032524,0.02598,0.0032528,0,0.0032525,0.02598,0.0032526,0,0.0032526,0.02598,0.0032534,0,0.0032566,0.025981,0.0032334,0,0.003106,0.025844,0.0033442,0,0.004506,0.027928,0.0057238,0.0016781,0.010236,0.034289,0.010503,0.0026176,0.006686,0.018652,0.0047488,0,0,0,0,0,0,0,0,0,0,0,0,0,0,0,0,0,0,0,0,0,0,0,0,0,0,0,0,0,0,0,0,0,0,0,0,0,0,0,0,0,0,0,0,0,0,0.0082488
0.026097,0.0026769,0,0.0026602,0.024972,0.0026249,0,0.0026432,0.024998,0.0026429,0,0.0026438,0.024999,0.0026434,0,0.0026439,0.024999,0.0026434,0,0.0026439,0.024999,0.0026435,0,0.0026438,0.024999,0.0026435,0,0.0026437,0.024999,0.0026437,0,0.002644,0.025,0.0026438,0,0.0026296,0.02496,0.0026587,0,0.0029358,0.02574,0.0025576,0,0.00094621,0.021458,0,0,0,0,0,0,0,0,0,0,0,0,0,0,0,0,0,0,0,0,0,0,0,0,0,0,0,0,0,0,0,0,0,0,0,0,0,0,0,0,0,0,0,0,0,0,0,0,0,0,0,0,0,0,0,0.0073779
0.19725,0.025922,0.0027375,0.024977,0.19357,0.025072,0.0027184,0.025075,0.19361,0.025078,0.0027235,0.025078,0.19361,0.025078,0.0027232,0.025078,0.19361,0.025078,0.0027234,0.025078,0.19361,0.025078,0.0027235,0.025078,0.19361,0.025078,0.0027239,0.025078,0.19361,0.025078,0.0027241,0.025079,0.19361,0.025083,0.0027292,0.025053,0.19344,0.025017,0.0027488,0.025652,0.19689,0.025284,0.0013904,0.02154,0.18148,0.020922,0,0.0028187,0.086697,0.0012494,0,0,0.025513,0,0,0,0.031791,0,0,0,0.032031,0,0,0,0.030697,0,0,0,0.029584,0,0,0,0.028813,0,0,0,0.028131,0,0,0,0.027491,0,0,0,0.02703,0,0,0,0.02655,0,0,0,0.026035,0,0,0,0.025419,0,0,0,0.054706
0.1975,0.026197,0.0030446,0.025241,0.19381,0.025331,0.0030122,0.025334,0.19384,0.025336,0.0030166,0.025336,0.19385,0.025336,0.0030166,0.025336,0.19385,0.025336,0.0030168,0.025336,0.19385,0.025336,0.0030169,0.025336,0.19385,0.025336,0.003017,0.025336,0.19385,0.025336,0.003017,0.025336,0.19384,0.025323,0.0029825,0.025269,0.19367,0.025372,0.0033409,0.026405,0.19798,0.027351,0.0051416,0.026204,0.18677,0.027074,0.0027841,0.011292,0.094461,0.009279,0,0,0.02999,0,0,0,0.032608,0,0,0,0.032171,0,0,0,0.030849,0,0,0,0.029725,0,0,0,0.02895,0,0,0,0.028268,0,0,0,0.027622,0,0,0,0.027152,0,0,0,0.026671,0,0,0,0.02615,0,0,0,0.025538,0,0,0,0.054992
0.026547,0.0031593,0,0.0031176,0.025388,0.0030768,0,0.0030939,0.025412,0.0030934,0,0.0030943,0.025413,0.0030936,0,0.003094,0.025413,0.0030938,0,0.003094,0.025413,0.0030942,0,0.0030938,0.025413,0.0030941,0,0.0030939,0.025413,0.0030941,0,0.0030949,0.025411,0.0030737,0,0.0029727,0.025301,0.0031688,0,0.0041883,0.027296,0.0054047,0.0014827,0.0098101,0.031795,0.0096624,0.0012353,0.0035154,0.012928,0.001536,0,0,0,0,0,0,0,0,0,0,0,0,0,0,0,0,0,0,0,0,0,0,0,0,0,0,0,0,0,0,0,0,0,0,0,0,0,0,0,0,0,0,0,0,0,0,0,0,0,0,0.0079221
0.025513,0.0025274,0,0.0025115,0.024423,0.0024771,0,0.0024949,0.024449,0.0024946,0,0.0024955,0.024449,0.0024951,0,0.0024957,0.02445,0.0024953,0,0.0024956,0.02445,0.0024953,0,0.0024956,0.02445,0.0024953,0,0.0024956,0.02445,0.0024953,0,0.0024876,0.02443,0.0025181,0,0.0027344,0.025024,0.0024437,0,0.0012584,0.021909,0,0,0,0,0,0,0,0,0,0,0,0,0,0,0,0,0,0,0,0,0,0,0,0,0,0,0,0,0,0,0,0,0,0,0,0,0,0,0,0,0,0,0,0,0,0,0,0,0,0,0,0,0,0,0,0,0,0,0,0.0070606
0.19431,0.02535,0.0025872,0.024428,0.19072,0.024521,0.0025684,0.024524,0.19076,0.024527,0.0025732,0.024527,0.19076,0.024527,0.002573,0.024527,0.19076,0.024527,0.0025734,0.024527,0.19076,0.024527,0.0025736,0.024527,0.19076,0.024527,0.0025741,0.024527,0.19076,0.024529,0.0025755,0.024512,0.19066,0.024502,0.0026357,0.025011,0.19328,0.024722,0.0016142,0.022047,0.18273,0.021429,0,0.00030695,0.06703,0,0,0,0.0248,0,0,0,0.032864,0,0,0,0.031733,0,0,0,0.030501,0,0,0,0.029399,0,0,0,0.028573,0,0,0,0.027749,0,0,0,0.026994,0,0,0,0.026463,0,0,0,0.025977,0,0,0,0.025463,0,0,0,0.025092,0,0,0,0.024536,0,0,0,0.053442
0.19456,0.025621,0.0028902,0.024689,0.19095,0.024776,0.0028582,0.024779,0.19099,0.024781,0.0028626,0.024782,0.19099,0.024781,0.0028628,0.024782,0.19099,0.024781,0.002863,0.024782,0.19099,0.024781,0.0028629,0.024782,0.19099,0.024781,0.0028628,0.024781,0.19099,0.024775,0.0028466,0.024747,0.19088,0.024778,0.0030129,0.025454,0.19398,0.0262,0.004478,0.025709,0.18696,0.026522,0.0012446,0.0078198,0.074047,0.0057906,0,0,0.028254,0,0,0,0.033247,0,0,0,0.031875,0,0,0,0.030653,0,0,0,0.029532,0,0,0,0.02869,0,0,0,0.027864,0,0,0,0.027104,0,0,0,0.02657,0,0,0,0.026088,0,0,0,0.025573,0,0,0,0.025196,0,0,0,0.024651,0,0,0,0.053725
0.025959,0.0030041,0,0.0029631,0.024834,0.0029232,0,0.0029399,0.024858,0.0029393,0,0.0029402,0.024858,0.0029396,0,0.0029399,0.024858,0.0029398,0,0.0029401,0.024859,0.0029401,0,0.0029401,0.024859,0.0029402,0,0.00294,0.024857,0.0029299,0,0.0028869,0.024806,0.0029665,0,0.0033964,0.025906,0.0043655,0.00040131,0.0082363,0.030078,0.007849,0,0.00075772,0.0082652,0,0,0,0,0,0,0,0,0,0,0,0,0,0,0,0,0,0,0,0,0,0,0,0,0,0,0,0,0,0,0,0,0,0,0,0,0,0,0,0,0,0,0,0,0,0,0,0,0,0,0,0,0,0,0,0.0075995
0.024932,0.0023771,0,0.0023618,0.023876,0.0023283,0,0.0023456,0.023901,0.0023453,0,0.0023464,0.023902,0.002346,0,0.0023465,0.023902,0.0023461,0,0.0023462,0.023902,0.002346,0,0.0023462,0.023902,0.0023459,0,0.0023436,0.023896,0.0023588,0,0.0024395,0.024115,0.0023292,0,0.0021347,0.023734,0.0004654,0,0,0.00019584,0,0,0,0,0,0,0,0,0,0,0,0,0,0,0,0,0,0,0,0,0,0,0,0,0,0,0,0,0,0,0,0,0,0,0,0,0,0,0,0,0,0,0,0,0,0,0,0,0,0,0,0,0,0,0,0,0,0,0,0.0067429
0.19139,0.024782,0.0024386,0.023883,0.18789,0.023974,0.0024196,0.023977,0.18793,0.023979,0.0024244,0.02398,0.18793,0.023979,0.0024243,0.023979,0.18793,0.023979,0.0024246,0.023979,0.18793,0.02398,0.0024248,0.02398,0.18793,0.02398,0.0024254,0.023975,0.1879,0.023977,0.0024657,0.024175,0.18887,0.023976,0.0019844,0.023635,0.18899,0.023051,0,0.0043047,0.091834,0.0028686,0,0,0.025946,0,0,0,0.032972,0,0,0,0.031537,0,0,0,0.030305,0,0,0,0.029227,0,0,0,0.028389,0,0,0,0.027584,0,0,0,0.026792,0,0,0,0.026206,0,0,0,0.025646,0,0,0,0.025061,0,0,0,0.024597,0,0,0,0.024236,0,0,0,0.023633,0,0,0,0.052183
0.19163,0.025045,0.0027327,0.024137,0.18811,0.024223,0.0027029,0.024226,0.18815,0.024228,0.0027075,0.024228,0.18815,0.024228,0.0027078,0.024229,0.18815,0.024228,0.0027077,0.024228,0.18815,0.024228,0.0027074,0.024228,0.18815,0.024226,0.0027025,0.024217,0.18811,0.024209,0.0027199,0.024431,0.1893,0.024959,0.0039838,0.02624,0.19211,0.027175,0.0021439,0.011388,0.098404,0.0095981,0,0,0.028589,0,0,0,0.03317,0,0,0,0.031686,0,0,0,0.03045,0,0,0,0.029353,0,0,0,0.028499,0,0,0,0.027689,0,0,0,0.026886,0,0,0,0.026291,0,0,0,0.025733,0,0,0,0.02515,0,0,0,0.024681,0,0,0,0.024322,0,0,0,0.023734,0,0,0,0.052451
0.025363,0.0028391,0,0.0028026,0.024279,0.0027645,0,0.0027808,0.024302,0.0027804,0,0.0027814,0.024303,0.0027807,0,0.002781,0.024303,0.0027809,0,0.0027812,0.024303,0.0027811,0,0.0027809,0.024302,0.0027778,0,0.0027683,0.024287,0.0027696,0,0.0027717,0.024579,0.0035414,0,0.0070324,0.029511,0.0072736,0.00012125,0.0033493,0.013404,0.0017724,0,0,0,0,0,0,0,0,0,0,0,0,0,0,0,0,0,0,0,0,0,0,0,0,0,0,0,0,0,0,0,0,0,0,0,0,0,0,0,0,0,0,0,0,0,0,0,0,0,0,0,0,0,0,0,0,0,0,0.0072528
0.024379,0.0022464,0,0.0022283,0.023344,0.0021943,0,0.0022112,0.023368,0.0022109,0,0.0022118,0.023369,0.0022115,0,0.0022119,0.023369,0.0022116,0,0.0022117,0.023369,0.0022114,0,0.0022114,0.023368,0.0022169,0,0.0022242,0.023386,0.0022181,0,0.002564,0.024438,0.0013259,0,0,0.0061324,0,0,0,0,0,0,0,0,0,0,0,0,0,0,0,0,0,0,0,0,0,0,0,0,0,0,0,0,0,0,0,0,0,0,0,0,0,0,0,0,0,0,0,0,0,0,0,0,0,0,0,0,0,0,0,0,0,0,0,0,0,0,0,0.006495
0.18854,0.024261,0.0023384,0.023377,0.1851,0.023465,0.0023158,0.023467,0.18514,0.023469,0.0023202,0.02347,0.18514,0.023469,0.0023201,0.023469,0.18514,0.02347,0.0023202,0.023469,0.18514,0.02347,0.0023205,0.023469,0.18514,0.023478,0.0023452,0.023503,0.18522,0.023361,0.0021602,0.024199,0.19059,0.023662,0,0.0088101,0.11809,0.0082369,0,0,0.02616,0,0,0,0.03226,0,0,0,0.031387,0,0,0,0.030147,0,0,0,0.029087,0,0,0,0.028252,0,0,0,0.027434,0,0,0,0.02665,0,0,0,0.026044,0,0,0,0.025486,0,0,0,0.02489,0,0,0,0.024366,0,0,0,0.023979,0,0,0,0.023584,0,0,0,0.022944,0,0,0,0.05115
0.18867,0.024384,0.0024643,0.023495,0.18522,0.023583,0.002442,0.023586,0.18526,0.023589,0.0024476,0.02359,0.18526,0.02359,0.0024478,0.02359,0.18526,0.02359,0.0024476,0.023589,0.18526,0.023589,0.0024464,0.023586,0.18525,0.023561,0.0023944,0.023554,0.18542,0.023949,0.0035028,0.026049,0.19291,0.027083,0.0032746,0.014673,0.12415,0.014221,0,0,0.02962,0,0,0,0.032423,0,0,0,0.031369,0,0,0,0.030119,0,0,0,0.029038,0,0,0,0.02819,0,0,0,0.027367,0,0,0,0.026572,0,0,0,0.025957,0,0,0,0.025413,0,0,0,0.024856,0,0,0,0.024346,0,0,0,0.023959,0,0,0,0.023566,0,0,0,0.022927,0,0,0,0.051277
0.024647,0.0024608,0,0.0024267,0.023582,0.0023969,0,0.0024149,0.023608,0.0024153,0,0.0024163,0.023609,0.0024157,0,0.0024162,0.023609,0.0024158,0,0.0024159,0.023609,0.0024155,0,0.0024158,0.023602,0.0023782,0,0.0022009,0.023517,0.0028386,0,0.006034,0.028454,0.0066888,0.00060708,0.0056033,0.018263,0.0040034,0,0,0,0,0,0,0,0,0,0,0,0,0,0,0,0,0,0,0,0,0,0,0,0,0,0,0,0,0,0,0,0,0,0,0,0,0,0,0,0,0,0,0,0,0,0,0,0,0,0,0,0,0,0,0,0,0,0,0,0,0,0,0.0067525
0.024132,0.0025728,0,0.0025602,0.023143,0.002509,0,0.0025234,0.023161,0.0025218,0,0.0025224,0.023161,0.0025222,0,0.0025223,0.023161,0.0025223,0,0.0025228,0.023162,0.0025239,0,0.0025089,0.023122,0.0025632,0,0.0030965,0.024615,0.0021436,0,0,0.01034,0,0,0,0,0,0,0,0,0,0,0,0,0,0,0,0,0,0,0,0,0,0,0,0,0,0,0,0,0,0,0,0,0,0,0,0,0,0,0,0,0,0,0,0,0,0,0,0,0,0,0,0,0,0,0,0,0,0,0,0,0,0,0,0,0,0,0,0.0066682
0.18651,0.024886,0.0037779,0.024004,0.18317,0.024058,0.0036651,0.024053,0.1832,0.024054,0.0036638,0.024054,0.1832,0.024053,0.0036635,0.024053,0.1832,0.024053,0.0036638,0.024054,0.1832,0.024061,0.0036753,0.02403,0.18301,0.023969,0.0037294,0.025227,0.18977,0.024842,0.00097093,0.012823,0.13383,0.012595,0,0,0.032379,0,0,0,0.032496,0,0,0,0.03247,0,0,0,0.031204,0,0,0,0.030128,0,0,0,0.029324,0,0,0,0.028483,0,0,0,0.027687,0,0,0,0.027083,0,0,0,0.026504,0,0,0,0.02585,0,0,0,0.024973,0,0,0,0.024432,0,0,0,0.02402,0,0,0,0.02362,0,0,0,0.023035,0,0,0,0.051152
0.18309,0.020648,0,0.019838,0.17981,0.020024,0,0.02004,0.1799,0.020047,0,0.020048,0.1799,0.020048,0,0.020048,0.1799,0.020048,0,0.020047,0.17989,0.020026,0,0.019965,0.17971,0.020149,0,0.02203,0.18769,0.022931,0,0.013045,0.13487,0.013289,0,0,0.031761,0,0,0,0.027919,0,0,0,0.027511,0,0,0,0.026228,0,0,0,0.025126,0,0,0,0.024301,0,0,0,0.023448,0,0,0,0.022637,0,0,0,0.022015,0,0,0,0.021446,0,0,0,0.021142,0,0,0,0.021614,0,0,0,0.021613,0,0,0,0.021273,0,0,0,0.020897,0,0,0,0.020143,0,0,0,0.047066
0.018813,0,0,0,0.017898,0,0,0,0.017975,0,0,0,0.017977,0,0,0,0.017978,0,0,0,0.017972,0,0,0,0.017803,0,0,0,0.021395,0,0,0,0.013452,0,0,0,0,0,0,0,0,0,0,0,0,0,0,0,0,0,0,0,0,0,0,0,0,0,0,0,0,0,0,0,0,0,0,0,0,0,0,0,0,0,0,0,0,0,0,0,0,0,0,0,0,0,0,0,0,0,0,0,0,0,0,0,0,0,0,0,6.1294e-05
0.042905,0.0163,0.009973,0.015753,0.039574,0.015448,0.0092179,0.015466,0.039553,0.015462,0.0092127,0.015463,0.039553,0.015463,0.0092127,0.015463,0.039553,0.015461,0.0092073,0.015451,0.039525,0.015509,0.0093942,0.015853,0.040654,0.015446,0.0081463,0.012956,0.032505,0.011472,0.004116,0.0042384,0.010118,0.0045874,0.0039393,0.007719,0.014378,0.0087721,0.0065104,0.0092986,0.015409,0.009421,0.0067947,0.0092965,0.015185,0.0092891,0.0067416,0.0092295,0.015052,0.0092349,0.0067305,0.0092015,0.014973,0.0092055,0.0067194,0.0091569,0.014868,0.0091577,0.0067002,0.0091113,0.014768,0.0091142,0.0066894,0.0090878,0.014705,0.0090913,0.0066839,0.0090639,0.014644,0.0090746,0.0067016,0.0090762,0.014605,0.008983,0.0064069,0.0085096,0.013763,0.007454,0.0032315,0.0041648,0.0079231,0.0029548,2.7601e-05,0.0021449,0.0063229,0.0018975,0,0.0018416,0.0061653,0.0018113,0,0.0017178,0.0059985,0.0016848,0,0.0016222,0.0059998,0.002367,0.00094218,0.005617,0.022988
0.24714,0.058813,0.023906,0.055345,0.23967,0.055329,0.023067,0.055316,0.23973,0.055321,0.023071,0.055321,0.23974,0.055321,0.023071,0.055321,0.23974,0.055321,0.023066,0.055293,0.23958,0.055294,0.023197,0.056148,0.24432,0.056165,0.022453,0.05051,0.21402,0.05084,0.018835,0.029989,0.10732,0.030344,0.017835,0.029229,0.093207,0.029944,0.019284,0.030402,0.094855,0.030479,0.019471,0.030211,0.093305,0.030223,0.019428,0.030035,0.092169,0.030051,0.019413,0.029919,0.091354,0.029932,0.019398,0.029792,0.090513,0.029803,0.019379,0.029665,0.089684,0.029675,0.019366,0.029575,0.089065,0.029585,0.019357,0.029494,0.088509,0.029514,0.019406,0.029542,0.088211,0.029438,0.018904,0.028483,0.085483,0.027155,0.01232,0.018519,0.060533,0.016524,0.0064836,0.014569,0.055425,0.014199,0.0054608,0.014127,0.054957,0.014083,0.0053466,0.013859,0.054188,0.013801,0.0051423,0.013393,0.053152,0.014629,0.0064647,0.023318,0.094393
0.090668,0.010612,0,0.0069675,0.075126,0.0067883,0,0.0067652,0.075078,0.0067605,0,0.0067598,0.075076,0.0067595,0,0.0067597,0.075076,0.0067603,0,0.0067907,0.07523,0.0067643,0,0.0057966,0.0704,0.0059474,0,0.012328,0.10207,0.013542,0.0025461,0.033686,0.21499,0.035251,0.0087393,0.039043,0.23319,0.039457,0.010297,0.039383,0.2324,0.039422,0.01042,0.039723,0.23402,0.039748,0.010559,0.039972,0.23521,0.039992,0.010667,0.040156,0.23608,0.040173,0.010759,0.040339,0.23696,0.040355,0.010848,0.040518,0.23783,0.040533,0.010927,0.040657,0.23849,0.040669,0.010994,0.040782,0.23908,0.04081,0.011131,0.041184,0.24116,0.041025,0.010587,0.039126,0.23172,0.038158,0.0056422,0.015485,0.11422,0.015101,0,0.01038,0.093516,0.010402,0,0.010375,0.093645,0.010386,0,0.010031,0.092278,0.010012,0,0.0097831,0.091156,0.0095473,0,0.013841,0.10409
