0,0,0,0,0,0,0,0,0,0,0,0,0,0,0,0,0,0,0,0,0,0,0,0,0,0,0,0,0,0,0,0,0,0,0,0,0,0,0,0,0,0,0,0,0,0,0,0,0,0,0,0,0,0,0,0,0,0,0,0,0,0,0,0,0,0,0,0,0,0,0,0,0,0,0,0,0,0,0.00040746,0,0,0,-1.7347e-18,0,0,1.7347e-18,-1.7347e-18,-1.3878e-17,1.3878e-17,1.7347e-18,-1.7347e-18,0,1.3878e-17,1.7347e-18,-1.7347e-18,-1.3878e-17,1.3878e-17,-0.0026992,0,2.7756e-17,0
0,1.7347e-18,0.0019953,0,0,-0.00088403,0.00096489,0,0,-0.00094161,0.00094314,0,0,-0.00094277,0.00094267,0,0,-0.00094241,0.00094267,0,0,-0.00097344,0.0008926,0,0,-0.00065189,0.0014233,0,0,-0.00025689,0.0027386,0,0,-0.0016699,0.0021561,0,0,-0.0019829,0.0019829,0,0,-0.0019709,0.0020067,0,0,-0.0019839,0.0020117,0,0,-0.0019945,0.0020149,0,0,-0.0020003,0.0020207,0,0,-0.0020062,0.0020262,0,0,-0.0020135,0.0020289,0,0,-0.0020192,0.0020302,0,0,-0.0020509,0.001978,0,0,-0.0016455,0.0027188,0,0,-1.2347e-05,0.00031678,-1.7347e-18,0,-0.004878,0.0040933,-1.7347e-18,1.7347e-18,-0.005057,0.0049062,-1.7347e-18,1.7347e-18,-0.0050473,0.0048603,-1.7347e-18,1.7347e-18,-0.0047962,0.0052566,-1.7347e-18,-0.00028068,0.00014788,-1.7347e-18,6.9389e-18,0
1.7347e-18,-0.0040231,0.0038374,0.0021699,-0.0016692,-0.0053464,0.0051252,0.0018213,-0.0018097,-0.0051972,0.0051903,0.0018131,-0.0018127,-0.0051923,0.0051924,0.0018128,-0.0018127,-0.0051919,0.0051949,0.0018106,-0.0018188,-0.005172,0.0051797,0.0018177,-0.0017499,-0.0054555,0.0049598,0.0020115,-0.0016875,-0.0055452,0.0046936,0.0023608,-0.0020622,-0.0057739,0.0053294,0.0022522,-0.0022016,-0.0055545,0.0055238,0.0022155,-0.0022121,-0.0055463,0.0055198,0.0022218,-0.0022156,-0.005545,0.0055235,0.0022242,-0.0022194,-0.0055428,0.0055269,0.0022259,-0.0022218,-0.0055431,0.0055276,0.0022281,-0.0022241,-0.0055435,0.0055284,0.0022302,-0.0022266,-0.0055424,0.0055307,0.0022313,-0.0022289,-0.0055386,0.00554,0.0022266,-0.0022453,-0.0054771,0.0055689,0.0022192,-0.0019564,-0.005609,0.0035745,0.0033606,-0.0020732,-0.0047761,-0.0010069,0.0025133,-0.005379,-0.0042481,0.002599,0.0047404,-0.0052769,-0.0033215,0.0031097,0.0050082,-0.0051277,-0.0032625,0.0031061,0.0050172,-0.004973,-0.0029882,0.0036508,0.0057969,-0.0019312,0.0021964,0.0033555,0,0.00437
0,1.7347e-18,0.0033032,0,0,-0.0022504,0.0023298,0,0,-0.0023067,0.0023082,0,0,-0.0023078,0.0023077,0,0,-0.0023079,0.0023074,0,0,-0.0023107,0.0023064,0,0,-0.0022647,0.0023696,0,0,-0.0021899,0.002486,0,0,-0.002321,0.0023933,0,0,-0.0023622,0.0023658,0,0,-0.0023628,0.0023674,0,0,-0.0023637,0.0023675,0,0,-0.0023646,0.0023674,0,0,-0.002365,0.0023676,0,0,-0.0023653,0.0023678,0,0,-0.0023658,0.0023678,0,0,-0.0023673,0.0023649,0,0,-0.0024309,0.0022185,0,0,-0.0014006,0.0043171,0,0,-0.001297,0.00081402,7.4257e-05,1.7347e-18,-0.0058434,0.0048402,-1.7347e-18,1.7347e-18,-0.0053295,0.0050561,-1.7347e-18,1.7347e-18,-0.0052373,0.0050578,-1.7347e-18,1.7347e-18,-0.00498,0.0054906,-1.7347e-18,-0.00061026,-7.4839e-05,0.00049449,0,0
0,0,0,0,0,0,0,0,0,0,0,0,0,0,0,0,0,0,0,0,0,0,0,0,0,0,0,0,0,0,0,0,0,0,0,0,0,0,0,0,0,0,0,0,0,0,0,0,0,0,0,0,0,0,0,0,0,0,0,0,0,0,0,0,0,0,0,0,0,0,0,0,0,0,0,0,-2.7756e-17,0,0.0023853,-1.3878e-17,1.3878e-17,1.7347e-18,-1.7347e-18,-1.3878e-17,0,1.7347e-18,-1.7347e-18,-1.3878e-17,1.3878e-17,1.7347e-18,-1.7347e-18,-1.3878e-17,1.3878e-17,1.7347e-18,-1.7347e-18,0,0,-0.0025387,0,0,0
-6.9389e-18,1.7347e-18,0.0033774,0,0,-0.0023331,0.0024115,0,0,-0.0023886,0.0023902,0,0,-0.0023898,0.0023897,0,0,-0.0023898,0.0023897,0,0,-0.0023899,0.0023903,0,0,-0.0023836,0.0023984,0,0,-0.0023734,0.0024091,0,0,-0.002386,0.0023972,0,0,-0.0023918,0.002393,0,0,-0.0023923,0.002393,0,0,-0.0023924,0.0023929,0,0,-0.0023925,0.0023929,0,0,-0.0023925,0.0023929,0,0,-0.0023926,0.0023929,0,0,-0.0023926,0.0023928,0,0,-0.0023939,0.0023892,0,0,-0.0024602,0.002244,0,0,-0.0012476,0.004607,0,0,-0.0015307,0.0010259,7.7516e-05,1.7347e-18,-0.005513,0.0049955,-1.7347e-18,1.7347e-18,-0.0052972,0.0050231,-1.7347e-18,1.7347e-18,-0.0052066,0.0050309,-1.7347e-18,1.7347e-18,-0.0049623,0.0054318,-1.7347e-18,-0.00057673,-0.00021935,0.00070711,0,0
1.7347e-18,-0.0044407,0.0038381,0.0027824,-0.0022979,-0.0056441,0.005391,0.0024452,-0.0024339,-0.0054729,0.0054649,0.0024371,-0.0024369,-0.0054674,0.0054673,0.0024369,-0.0024369,-0.0054673,0.0054674,0.0024368,-0.002437,-0.0054679,0.0054653,0.0024376,-0.0024355,-0.0054762,0.0054591,0.0024409,-0.0024322,-0.0054937,0.005462,0.0024422,-0.0024342,-0.0054952,0.0054793,0.0024387,-0.0024371,-0.0054892,0.0054863,0.0024376,-0.0024376,-0.0054881,0.005487,0.0024376,-0.0024376,-0.0054882,0.0054873,0.0024376,-0.0024376,-0.0054881,0.0054876,0.0024377,-0.0024375,-0.0054882,0.0054877,0.0024377,-0.0024376,-0.0054882,0.0054879,0.0024377,-0.0024376,-0.0054881,0.0054883,0.0024375,-0.0024382,-0.0054835,0.0054992,0.0024286,-0.0024598,-0.0054075,0.0054921,0.0024516,-0.0018858,-0.0051915,0.0016748,0.0045963,-0.0032068,-0.005649,-0.0002033,0.0030393,-0.0059238,-0.0035792,0.003097,0.0051086,-0.0052752,-0.003342,0.0031068,0.0050708,-0.0052035,-0.0032723,0.0031265,0.0050955,-0.0050572,-0.003019,0.0036306,0.0059627,-0.0023731,0.0017956,0.0040256,0,0.005147
0,-2.0066e-05,0.0034691,0,0,-0.0024257,0.0025039,0,0,-0.0024812,0.0024827,0,0,-0.0024823,0.0024822,0,0,-0.0024823,0.0024822,0,0,-0.0024821,0.0024825,0,0,-0.0024813,0.0024837,0,0,-0.0024802,0.0024847,0,0,-0.0024815,0.0024833,0,0,-0.0024823,0.0024826,0,0,-0.0024823,0.0024826,0,0,-0.0024823,0.0024826,0,0,-0.0024824,0.0024826,0,0,-0.0024824,0.0024825,0,0,-0.0024824,0.0024824,0,0,-0.0024824,0.0024824,0,0,-0.0024838,0.0024787,0,0,-0.0025542,0.0023205,0,0,-0.00081738,0.0032001,0,0,-0.0028665,0.0019047,0.00013878,1.7347e-18,-0.0053432,0.0051408,-1.7347e-18,1.7347e-18,-0.0053045,0.0050369,-1.7347e-18,1.7347e-18,-0.0052154,0.0050481,-1.7347e-18,1.7347e-18,-0.0049805,0.0054405,-1.7347e-18,-0.00058593,-0.00028973,0.00079144,0,0
0,0,0,0,0,0,0,0,0,0,0,0,0,0,0,0,0,0,0,0,0,0,0,0,0,0,0,0,0,0,0,0,0,0,0,0,0,0,0,0,0,0,0,0,0,0,0,0,0,0,0,0,0,0,0,0,0,0,0,0,0,0,0,0,0,0,0,0,0,0,0,0,0,0,0,0,0,0,0.0016481,-1.3878e-17,1.3878e-17,1.7347e-18,-1.7347e-18,0,1.3878e-17,1.7347e-18,-1.7347e-18,-1.3878e-17,0,1.7347e-18,-1.7347e-18,-1.3878e-17,1.3878e-17,1.7347e-18,-1.7347e-18,0,1.3878e-17,-0.0024865,0,0,0
0,-3.0567e-05,0.003481,0,0,-0.0024374,0.0025156,0,0,-0.0024927,0.0024944,0,0,-0.0024939,0.0024939,0,0,-0.0024938,0.0024939,0,0,-0.0024938,0.002494,0,0,-0.0024937,0.0024942,0,0,-0.0024936,0.0024943,0,0,-0.0024937,0.0024942,0,0,-0.0024939,0.0024941,0,0,-0.0024939,0.002494,0,0,-0.0024939,0.002494,0,0,-0.002494,0.002494,0,0,-0.002494,0.002494,0,0,-0.002494,0.002494,0,0,-0.0024941,0.0024937,0,0,-0.0024967,0.0024892,0,0,-0.0025375,0.0023782,0,0,-0.00069247,0.0025394,0,0,-0.0031494,0.0024109,5.108e-05,1.7347e-18,-0.0052458,0.005178,-1.7347e-18,1.7347e-18,-0.0052939,0.005037,-1.7347e-18,1.7347e-18,-0.0052105,0.005046,-1.7347e-18,1.7347e-18,-0.0049795,0.0054326,-1.7347e-18,-0.000582,-0.00031372,0.0008139,0,0
1.7347e-18,-0.0044899,0.0037795,0.002883,-0.0023988,-0.0056092,0.005353,0.0025459,-0.0025346,-0.005436,0.0054278,0.0025379,-0.0025377,-0.0054305,0.0054302,0.0025377,-0.0025377,-0.0054304,0.0054303,0.0025376,-0.0025378,-0.0054306,0.0054301,0.0025376,-0.0025378,-0.0054308,0.0054299,0.0025377,-0.0025377,-0.0054311,0.00543,0.0025378,-0.0025377,-0.0054312,0.0054303,0.0025377,-0.0025378,-0.0054311,0.0054306,0.0025376,-0.0025378,-0.0054311,0.0054307,0.0025376,-0.0025377,-0.0054311,0.0054309,0.0025376,-0.0025377,-0.005431,0.0054309,0.0025377,-0.0025377,-0.0054309,0.0054309,0.0025378,-0.0025378,-0.0054308,0.005431,0.0025378,-0.0025378,-0.0054301,0.0054325,0.0025366,-0.0025404,-0.005418,0.0054432,0.0025284,-0.0025166,-0.0055783,0.0050887,0.0027544,-0.0018762,-0.0048572,4.0224e-05,0.0034238,-0.0043462,-0.0063265,0.001151,0.0038871,-0.0056988,-0.0033896,0.0031836,0.00515,-0.0052435,-0.0033236,0.003113,0.0050715,-0.0051958,-0.0032665,0.0031275,0.0050933,-0.0050564,-0.0030222,0.0036194,0.0059788,-0.0024213,0.0017313,0.0040928,0,0.0052704
-6.9389e-18,-0.00011925,0.0035686,0,0,-0.0025253,0.0026034,0,0,-0.0025807,0.0025822,0,0,-0.0025817,0.0025817,0,0,-0.0025817,0.0025817,0,0,-0.0025816,0.0025818,0,0,-0.0025817,0.0025819,0,0,-0.0025818,0.002582,0,0,-0.0025818,0.0025819,0,0,-0.0025817,0.0025818,0,0,-0.0025816,0.0025819,0,0,-0.0025817,0.0025819,0,0,-0.0025817,0.0025819,0,0,-0.0025818,0.0025818,0,0,-0.0025818,0.0025817,0,0,-0.002582,0.002581,0,0,-0.0025948,0.0025511,0,0,-0.0024637,0.0028096,0,0,-0.00060542,0.0013045,-1.7347e-18,0,-0.0045759,0.0034707,-1.7347e-18,1.7347e-18,-0.0052952,0.0051294,-1.7347e-18,1.7347e-18,-0.0052754,0.0050409,-1.7347e-18,1.7347e-18,-0.0052048,0.0050422,-1.7347e-18,1.7347e-18,-0.0049756,0.005428,-1.7347e-18,-0.00059868,-0.00033679,0.00087346,0,0
0,0,0,0,-2.7756e-17,0,0,0,0,0,0,0,0,0,0,0,-2.7756e-17,0,0,2.7756e-17,-2.7756e-17,0,0,0,0,0,0,0,-2.7756e-17,0,0,0,0,0,0,0,-2.7756e-17,0,0,0,0,0,0,0,0,0,0,0,0,0,0,0,0,0,0,0,0,0,0,0,0,0,0,0,0,0,0,2.7756e-17,0,0,0,0,-2.7756e-17,0,0.00060332,0,0,0,0.00036084,0,1.3878e-17,1.7347e-18,-1.7347e-18,-1.3878e-17,1.3878e-17,1.7347e-18,-1.7347e-18,-1.3878e-17,1.3878e-17,1.7347e-18,-1.7347e-18,-1.3878e-17,1.3878e-17,1.7347e-18,-1.7347e-18,-1.3878e-17,1.3878e-17,-0.0024766,0,0,0
-6.9389e-18,-0.00012987,0.0035802,0,0,-0.0025366,0.0026149,0,0,-0.002592,0.0025937,0,0,-0.0025932,0.0025932,0,0,-0.0025931,0.0025932,0,0,-0.002593,0.0025933,0,0,-0.0025931,0.0025934,0,0,-0.0025931,0.0025934,0,0,-0.0025931,0.0025934,0,0,-0.0025932,0.0025934,0,0,-0.0025932,0.0025933,0,0,-0.0025932,0.0025933,0,0,-0.0025933,0.0025933,0,0,-0.0025933,0.0025933,0,0,-0.0025933,0.0025933,0,0,-0.0025938,0.0025919,0,0,-0.0026114,0.0025576,0,0,-0.0023744,0.0029696,0,0,-0.00061441,0.0009797,-1.7347e-18,0,-0.0048246,0.003923,-1.7347e-18,1.7347e-18,-0.0052724,0.0051209,-1.7347e-18,1.7347e-18,-0.005268,0.0050407,-1.7347e-18,1.7347e-18,-0.0052007,0.0050392,-1.7347e-18,1.7347e-18,-0.0049729,0.0054224,-1.7347e-18,-0.00059619,-0.00035592,0.00089276,0,0
1.7347e-18,-0.0045385,0.0037085,0.0029819,-0.0024977,-0.0055501,0.005293,0.0026447,-0.0026335,-0.0053765,0.005368,0.0026367,-0.0026366,-0.0053709,0.0053704,0.0026365,-0.0026367,-0.0053709,0.0053705,0.0026365,-0.0026367,-0.005371,0.0053704,0.0026365,-0.0026367,-0.005371,0.0053704,0.0026365,-0.0026367,-0.0053709,0.0053704,0.0026365,-0.0026367,-0.0053709,0.0053703,0.0026365,-0.0026367,-0.0053708,0.0053705,0.0026364,-0.0026366,-0.005371,0.0053707,0.0026364,-0.0026365,-0.005371,0.0053707,0.0026365,-0.0026365,-0.0053709,0.0053708,0.0026366,-0.0026366,-0.0053706,0.0053708,0.0026366,-0.0026366,-0.0053705,0.005371,0.0026365,-0.0026368,-0.005368,0.005377,0.002632,-0.0026477,-0.0053221,0.005401,0.0026219,-0.002449,-0.0059848,0.0039751,0.0034397,-0.002303,-0.0049748,-0.00067547,0.0028111,-0.0053262,-0.0045976,0.0023924,0.0046785,-0.0054395,-0.0033673,0.0031446,0.0051116,-0.0052341,-0.0033067,0.0031166,0.0050689,-0.0051851,-0.0032596,0.0031223,0.0050848,-0.0050489,-0.003018,0.0036094,0.0059918,-0.0024502,0.0016851,0.0041499,0,0.0053336
-6.9389e-18,-0.00021759,0.0036671,0,0,-0.0026237,0.0027019,0,0,-0.002679,0.0026807,0,0,-0.0026801,0.0026802,0,0,-0.0026801,0.0026802,0,0,-0.0026801,0.0026803,0,0,-0.0026802,0.0026804,0,0,-0.0026803,0.0026804,0,0,-0.0026802,0.0026804,0,0,-0.0026802,0.0026803,0,0,-0.0026801,0.0026803,0,0,-0.0026801,0.0026803,0,0,-0.0026802,0.0026803,0,0,-0.0026803,0.0026802,0,0,-0.0026803,0.0026801,0,0,-0.0026812,0.0026778,0,0,-0.00273,0.0025636,0,0,-0.001995,0.0040456,0,0,-0.0013593,0.0010168,-1.7347e-18,1.7347e-18,-0.0057294,0.0046669,-1.7347e-18,1.7347e-18,-0.0053363,0.0050634,-1.7347e-18,1.7347e-18,-0.0052523,0.0050432,-1.7347e-18,1.7347e-18,-0.0051964,0.0050336,-1.7347e-18,1.7347e-18,-0.004968,0.0054176,-1.7347e-18,-0.00061324,-0.00037675,0.00095095,0,0
0,0,0,0,0,0,0,2.7756e-17,0,0,0,0,0,0,0,0,0,0,0,2.7756e-17,0,0,0,2.7756e-17,0,0,0,2.7756e-17,-2.7756e-17,0,0,2.7756e-17,0,0,0,0,-2.7756e-17,0,0,0,0,0,0,0,-2.7756e-17,0,0,0,0,0,0,0,0,0,0,0,-2.7756e-17,0,0,2.7756e-17,0,0,0,0,0,0,0,0,0,0,0,2.7756e-17,-2.7756e-17,0,0.002081,-1.3878e-17,0,1.7347e-18,-1.7347e-18,-1.3878e-17,1.3878e-17,1.7347e-18,-1.7347e-18,-1.3878e-17,1.3878e-17,1.7347e-18,-1.7347e-18,0,0,1.7347e-18,-1.7347e-18,-1.3878e-17,0,1.7347e-18,-1.7347e-18,-1.3878e-17,0,-0.0024685,0,0,0
0,-0.00022801,0.0036785,0,0,-0.0026349,0.0027131,0,0,-0.0026902,0.0026919,0,0,-0.0026914,0.0026914,0,0,-0.0026913,0.0026915,0,0,-0.0026913,0.0026915,0,0,-0.0026913,0.0026916,0,0,-0.0026914,0.0026916,0,0,-0.0026914,0.0026916,0,0,-0.0026914,0.0026916,0,0,-0.0026914,0.0026915,0,0,-0.0026914,0.0026916,0,0,-0.0026915,0.0026916,0,0,-0.0026916,0.0026916,0,0,-0.0026915,0.0026915,0,0,-0.0026926,0.0026885,0,0,-0.0027448,0.0025745,0,0,-0.0018361,0.0043085,0,0,-0.0015541,0.0012018,-1.7347e-18,1.7347e-18,-0.0057022,0.0049056,-1.7347e-18,1.7347e-18,-0.0053256,0.0050553,-1.7347e-18,1.7347e-18,-0.0052459,0.0050426,-1.7347e-18,1.7347e-18,-0.0051932,0.0050302,-1.7347e-18,1.7347e-18,-0.0049652,0.0054125,-1.7347e-18,-0.00061077,-0.00039614,0.00097,0,0
1.7347e-18,-0.0045863,0.0036381,0.0030794,-0.0025953,-0.0054912,0.0052334,0.0027423,-0.0027311,-0.0053171,0.0053086,0.0027342,-0.0027341,-0.0053114,0.0053111,0.002734,-0.0027342,-0.0053114,0.0053111,0.002734,-0.0027342,-0.0053116,0.005311,0.002734,-0.0027342,-0.0053115,0.0053109,0.002734,-0.0027342,-0.0053114,0.0053109,0.002734,-0.0027342,-0.0053114,0.0053108,0.002734,-0.0027342,-0.0053114,0.005311,0.002734,-0.0027342,-0.0053115,0.0053112,0.0027339,-0.0027341,-0.0053115,0.0053111,0.002734,-0.0027341,-0.0053114,0.0053111,0.0027341,-0.0027341,-0.0053111,0.0053113,0.0027342,-0.0027341,-0.005311,0.0053116,0.002734,-0.0027346,-0.0053072,0.0053205,0.0027265,-0.0027527,-0.0052423,0.005319,0.0027424,-0.0022812,-0.0055268,0.0021658,0.0045171,-0.0032635,-0.0057031,-5.564e-05,0.0031217,-0.0058606,-0.003675,0.0030394,0.0050792,-0.0053096,-0.0033593,0.0031156,0.005084,-0.0052239,-0.0032923,0.0031183,0.0050657,-0.0051756,-0.0032542,0.003116,0.0050762,-0.0050407,-0.0030129,0.0036008,0.0060038,-0.0024781,0.001639,0.0042061,0,0.0051123
0,-0.00031429,0.003764,0,0,-0.0027205,0.0027988,0,0,-0.0027759,0.0027776,0,0,-0.0027771,0.0027771,0,0,-0.0027771,0.0027771,0,0,-0.002777,0.0027773,0,0,-0.0027771,0.0027774,0,0,-0.0027772,0.0027774,0,0,-0.0027771,0.0027774,0,0,-0.0027771,0.0027772,0,0,-0.002777,0.0027773,0,0,-0.002777,0.0027774,0,0,-0.0027772,0.0027774,0,0,-0.0027772,0.0027772,0,0,-0.0027772,0.0027771,0,0,-0.0027784,0.002774,0,0,-0.0028408,0.0026319,0,0,-0.0013354,0.0036545,0,0,-0.0029863,0.0020882,2.7944e-05,1.7347e-18,-0.0054062,0.005111,-1.7347e-18,1.7347e-18,-0.0053237,0.0050421,-1.7347e-18,1.7347e-18,-0.0052333,0.0050427,-1.7347e-18,1.7347e-18,-0.0051888,0.0050247,-1.7347e-18,1.7347e-18,-0.0049588,0.0054099,-1.7347e-18,-0.00062452,-0.00041861,0.0010276,0,0
0,0,0,0,0,0,0,0,-2.7756e-17,0,0,2.7756e-17,-2.7756e-17,0,0,2.7756e-17,-2.7756e-17,0,0,2.7756e-17,0,0,0,0,0,0,0,0,0,0,0,0,-2.7756e-17,0,0,0,-2.7756e-17,0,0,0,0,0,0,2.7756e-17,0,0,0,0,0,0,0,2.7756e-17,-2.7756e-17,0,0,0,-2.7756e-17,0,0,2.7756e-17,-2.7756e-17,0,0,2.7756e-17,0,0,0,0,-2.7756e-17,0,0,2.7756e-17,0,0,0.0014646,0,1.3878e-17,1.7347e-18,-1.7347e-18,0,0,1.7347e-18,-1.7347e-18,-1.3878e-17,1.3878e-17,1.7347e-18,-1.7347e-18,-1.3878e-17,0,1.7347e-18,-1.7347e-18,-1.3878e-17,0,1.7347e-18,-1.7347e-18,0,1.3878e-17,-0.0024563,0,0,-1.3878e-17
0,-0.0003245,0.0037751,0,0,-0.0027316,0.0028097,0,0,-0.0027869,0.0027885,0,0,-0.0027881,0.002788,0,0,-0.002788,0.0027881,0,0,-0.002788,0.0027882,0,0,-0.002788,0.0027883,0,0,-0.0027881,0.0027882,0,0,-0.0027881,0.0027882,0,0,-0.0027881,0.0027882,0,0,-0.0027881,0.0027882,0,0,-0.0027881,0.0027882,0,0,-0.0027881,0.0027882,0,0,-0.0027882,0.0027882,0,0,-0.0027882,0.0027879,0,0,-0.0027904,0.002784,0,0,-0.0028269,0.0026846,0,0,-0.0011968,0.0029488,0,0,-0.0032735,0.0025721,-1.7347e-18,1.7347e-18,-0.005283,0.0051676,-1.7347e-18,1.7347e-18,-0.0053132,0.0050409,-1.7347e-18,1.7347e-18,-0.0052278,0.0050412,-1.7347e-18,1.7347e-18,-0.0051856,0.0050214,-1.7347e-18,1.7347e-18,-0.0049557,0.0054056,-1.7347e-18,-0.00062186,-0.00043874,0.0010467,0,0
1.7347e-18,-0.0046334,0.0035688,0.0031757,-0.0026914,-0.0054331,0.0051748,0.0028385,-0.0028273,-0.0052586,0.0052502,0.0028305,-0.0028303,-0.0052529,0.0052527,0.0028303,-0.0028303,-0.0052529,0.0052527,0.0028302,-0.0028304,-0.005253,0.0052525,0.0028302,-0.0028304,-0.0052529,0.0052524,0.0028303,-0.0028305,-0.0052528,0.0052524,0.0028303,-0.0028305,-0.0052527,0.0052523,0.0028303,-0.0028304,-0.0052527,0.0052525,0.0028303,-0.0028304,-0.0052528,0.0052526,0.0028302,-0.0028304,-0.0052529,0.0052526,0.0028303,-0.0028304,-0.0052528,0.0052527,0.0028303,-0.0028304,-0.0052526,0.0052528,0.0028303,-0.0028304,-0.005252,0.0052542,0.0028293,-0.0028328,-0.0052412,0.0052637,0.0028218,-0.0028112,-0.0053856,0.0049456,0.0030248,-0.0022378,-0.0051496,0.00040753,0.0036527,-0.0044372,-0.0061438,0.0012837,0.0039709,-0.0056972,-0.0034093,0.0031782,0.0051513,-0.0052632,-0.0033384,0.0031138,0.0050766,-0.00521,-0.0032806,0.003117,0.0050603,-0.0051666,-0.0032486,0.00311,0.0050682,-0.0050314,-0.003006,0.0035944,0.0060144,-0.0025062,0.0015915,0.0042622,0,0.0048937
0,-0.00040991,0.0038597,0,0,-0.0028163,0.0028945,0,0,-0.0028717,0.0028733,0,0,-0.0028729,0.0028728,0,0,-0.0028728,0.0028729,0,0,-0.0028728,0.0028731,0,0,-0.0028729,0.0028732,0,0,-0.002873,0.0028732,0,0,-0.002873,0.0028732,0,0,-0.0028729,0.0028731,0,0,-0.0028729,0.0028731,0,0,-0.0028729,0.0028732,0,0,-0.002873,0.0028731,0,0,-0.0028731,0.002873,0,0,-0.0028733,0.0028723,0,0,-0.0028848,0.0028452,0,0,-0.0027663,0.0030783,0,0,-0.0010789,0.0016807,-1.7347e-18,0,-0.0046739,0.0035936,-1.7347e-18,1.7347e-18,-0.0053194,0.0051302,-1.7347e-18,1.7347e-18,-0.0052934,0.0050441,-1.7347e-18,1.7347e-18,-0.0052205,0.0050377,-1.7347e-18,1.7347e-18,-0.0051806,0.0050161,-1.7347e-18,1.7347e-18,-0.0049478,0.0054047,-1.7347e-18,-0.00063258,-0.000463,0.0011045,0,0
0,0,0,0,0,0,0,0,0,0,0,0,0,0,0,0,0,0,0,2.7756e-17,-2.7756e-17,0,0,0,0,0,0,0,-2.7756e-17,0,0,0,0,0,0,0,0,0,0,0,-2.7756e-17,0,0,2.7756e-17,0,0,0,2.7756e-17,-2.7756e-17,0,0,2.7756e-17,-2.7756e-17,0,0,0,-2.7756e-17,0,0,0,0,0,0,0,0,0,0,2.7756e-17,0,0,0.00042287,0,0,0,0.00023244,-1.3878e-17,1.3878e-17,1.7347e-18,-1.7347e-18,0,0,1.7347e-18,-1.7347e-18,0,1.3878e-17,1.7347e-18,-1.7347e-18,-1.3878e-17,1.3878e-17,1.7347e-18,-1.7347e-18,-1.3878e-17,1.3878e-17,1.7347e-18,-1.7347e-18,-1.3878e-17,1.3878e-17,-0.0024399,0,2.7756e-17,-1.3878e-17
0,-0.00042005,0.0038707,0,0,-0.0028272,0.0029054,0,0,-0.0028825,0.0028842,0,0,-0.0028837,0.0028837,0,0,-0.0028837,0.0028837,0,0,-0.0028836,0.0028838,0,0,-0.0028837,0.0028839,0,0,-0.0028837,0.0028838,0,0,-0.0028838,0.0028839,0,0,-0.0028837,0.0028838,0,0,-0.0028837,0.0028838,0,0,-0.0028837,0.0028839,0,0,-0.0028838,0.0028839,0,0,-0.0028839,0.0028838,0,0,-0.0028843,0.0028826,0,0,-0.0029001,0.0028516,0,0,-0.0026858,0.003224,0,0,-0.0010807,0.0013576,-1.7347e-18,0,-0.0049092,0.0040206,-1.7347e-18,1.7347e-18,-0.0052945,0.0051239,-1.7347e-18,1.7347e-18,-0.0052856,0.0050442,-1.7347e-18,1.7347e-18,-0.0052166,0.005035,-1.7347e-18,1.7347e-18,-0.0051776,0.0050131,-1.7347e-18,1.7347e-18,-0.0049444,0.0054011,-1.7347e-18,-0.00062969,-0.000484,0.0011236,0,0
1.7347e-18,-0.0046801,0.0035005,0.0032709,-0.0027866,-0.0053757,0.0051169,0.0029337,-0.0029224,-0.0052007,0.0051924,0.0029257,-0.0029254,-0.005195,0.0051949,0.0029255,-0.0029255,-0.005195,0.0051948,0.0029254,-0.0029256,-0.0051951,0.0051948,0.0029255,-0.0029256,-0.005195,0.0051947,0.0029255,-0.0029256,-0.0051949,0.0051946,0.0029255,-0.0029256,-0.0051949,0.0051946,0.0029255,-0.0029256,-0.0051949,0.0051948,0.0029255,-0.0029256,-0.005195,0.0051948,0.0029254,-0.0029256,-0.0051951,0.0051948,0.0029255,-0.0029256,-0.005195,0.0051948,0.0029255,-0.0029256,-0.0051948,0.005195,0.0029254,-0.0029258,-0.0051925,0.0052005,0.0029213,-0.0029356,-0.0051512,0.005222,0.002912,-0.0027559,-0.006042,0.0039316,0.0036527,-0.0026198,-0.0052389,-0.00031519,0.0030467,-0.0053677,-0.0045089,0.002458,0.0047267,-0.0054445,-0.0033798,0.0031468,0.0051187,-0.00525,-0.0033197,0.0031181,0.0050749,-0.0051982,-0.003273,0.0031126,0.0050531,-0.0051581,-0.0032429,0.0031046,0.005061,-0.0050213,-0.002998,0.0035898,0.0060237,-0.0025346,0.0015423,0.0043185,0,0.0046773
0,-0.00050477,0.0039544,0,0,-0.0029112,0.0029894,0,0,-0.0029666,0.0029681,0,0,-0.0029678,0.0029677,0,0,-0.0029677,0.0029678,0,0,-0.0029676,0.0029679,0,0,-0.0029678,0.002968,0,0,-0.0029679,0.0029679,0,0,-0.0029678,0.002968,0,0,-0.0029678,0.0029679,0,0,-0.0029677,0.002968,0,0,-0.0029677,0.0029681,0,0,-0.0029679,0.002968,0,0,-0.0029679,0.0029679,0,0,-0.0029687,0.0029656,0,0,-0.0030128,0.0028625,0,0,-0.002348,0.0042027,0,0,-0.0017634,0.0014007,-1.7347e-18,1.7347e-18,-0.0057253,0.0047054,-1.7347e-18,1.7347e-18,-0.0053527,0.0050695,-1.7347e-18,1.7347e-18,-0.0052679,0.0050476,-1.7347e-18,1.7347e-18,-0.0052113,0.00503,-1.7347e-18,1.7347e-18,-0.0051722,0.0050082,-1.7347e-18,1.7347e-18,-0.0049358,0.0054013,-1.7347e-18,-0.00063797,-0.0005099,0.0011816,0,0
0,0,0,0,-2.7756e-17,0,0,2.7756e-17,0,0,0,0,0,0,0,0,-2.7756e-17,0,0,0,-2.7756e-17,0,0,0,-2.7756e-17,0,0,0,0,0,0,0,0,0,0,0,0,0,0,0,-2.7756e-17,0,0,0,-2.7756e-17,0,0,0,0,0,0,0,0,0,0,2.7756e-17,0,0,0,0,0,0,0,0,0,0,0,2.7756e-17,0,0,0.0017492,-1.3878e-17,0,1.7347e-18,-1.7347e-18,-1.3878e-17,1.3878e-17,1.7347e-18,-1.7347e-18,-1.3878e-17,1.3878e-17,1.7347e-18,-1.7347e-18,0,1.3878e-17,1.7347e-18,-1.7347e-18,0,1.3878e-17,1.7347e-18,-1.7347e-18,-1.3878e-17,1.3878e-17,1.7347e-18,-1.7347e-18,-1.3878e-17,1.3878e-17,-0.0024202,0,0,-1.3878e-17
0,-0.00051478,0.0039653,0,0,-0.0029219,0.0030001,0,0,-0.0029772,0.0029789,0,0,-0.0029784,0.0029784,0,0,-0.0029783,0.0029785,0,0,-0.0029783,0.0029785,0,0,-0.0029784,0.0029786,0,0,-0.0029784,0.0029785,0,0,-0.0029784,0.0029786,0,0,-0.0029784,0.0029785,0,0,-0.0029784,0.0029785,0,0,-0.0029784,0.0029786,0,0,-0.0029785,0.0029786,0,0,-0.0029786,0.0029784,0,0,-0.0029795,0.0029757,0,0,-0.0030263,0.0028734,0,0,-0.002205,0.0044413,0,0,-0.0019414,0.00157,-1.7347e-18,1.7347e-18,-0.0057055,0.0049222,-1.7347e-18,1.7347e-18,-0.0053428,0.0050613,-1.7347e-18,1.7347e-18,-0.0052609,0.0050474,-1.7347e-18,1.7347e-18,-0.0052078,0.005027,-1.7347e-18,1.7347e-18,-0.0051687,0.0050057,-1.7347e-18,1.7347e-18,-0.0049323,0.0053981,-1.7347e-18,-0.00063495,-0.00053097,0.0012005,0,0
1.7347e-18,-0.0047263,0.0034327,0.003365,-0.0028807,-0.0053189,0.0050595,0.0030278,-0.0030165,-0.0051435,0.0051352,0.0030198,-0.0030196,-0.0051379,0.0051375,0.0030196,-0.0030197,-0.0051378,0.0051376,0.0030196,-0.0030197,-0.0051378,0.0051375,0.0030196,-0.0030197,-0.0051377,0.0051374,0.0030197,-0.0030197,-0.0051376,0.0051374,0.0030197,-0.0030197,-0.0051376,0.0051374,0.0030197,-0.0030197,-0.0051376,0.0051376,0.0030196,-0.0030197,-0.0051378,0.0051376,0.0030195,-0.0030197,-0.0051379,0.0051375,0.0030196,-0.0030197,-0.0051377,0.0051377,0.0030197,-0.0030197,-0.0051374,0.0051381,0.0030194,-0.0030201,-0.0051337,0.0051465,0.0030125,-0.0030361,-0.0050772,0.0051407,0.0030292,-0.0026121,-0.0057507,0.0022889,0.0046353,-0.0034979,-0.0059043,0.00025201,0.0033262,-0.0058539,-0.0036715,0.0030475,0.0050895,-0.0053255,-0.0033724,0.0031187,0.0050918,-0.0052377,-0.0033035,0.0031209,0.0050721,-0.0051881,-0.0032668,0.003107,0.0050449,-0.0051495,-0.0032366,0.0030999,0.0050543,-0.005011,-0.0029897,0.0035859,0.0060325,-0.0025633,0.0014924,0.0043745,0,0.0044645
0,-0.00059842,0.0040479,0,0,-0.0030047,0.0030829,0,0,-0.0030601,0.0030617,0,0,-0.0030613,0.0030612,0,0,-0.0030612,0.0030613,0,0,-0.0030612,0.0030614,0,0,-0.0030613,0.0030615,0,0,-0.0030613,0.0030614,0,0,-0.0030613,0.0030615,0,0,-0.0030613,0.0030614,0,0,-0.0030612,0.0030615,0,0,-0.0030612,0.0030615,0,0,-0.0030614,0.0030615,0,0,-0.0030615,0.0030613,0,0,-0.0030627,0.0030578,0,0,-0.0031169,0.0029352,0,0,-0.0017611,0.0038252,0,0,-0.003247,0.002377,-1.7347e-18,1.7347e-18,-0.0054281,0.0051126,-1.7347e-18,1.7347e-18,-0.0053405,0.0050483,-1.7347e-18,1.7347e-18,-0.0052474,0.0050483,-1.7347e-18,1.7347e-18,-0.0052033,0.0050214,-1.7347e-18,1.7347e-18,-0.0051629,0.0050014,-1.7347e-18,1.7347e-18,-0.0049241,0.0053982,-1.7347e-18,-0.00064264,-0.00055738,0.001258,0,5.4197e-06
0,0,0,0,0,0,0,2.7756e-17,0,0,0,0,0,0,0,2.7756e-17,0,0,0,0,0,0,0,2.7756e-17,0,0,0,2.7756e-17,-2.7756e-17,0,0,0,0,0,0,2.7756e-17,0,0,0,0,-2.7756e-17,0,0,0,0,0,0,0,-2.7756e-17,0,0,0,0,0,0,0,0,0,0,0,0,0,0,0,-2.7756e-17,0,0,0,0,0,0.0012085,-1.3878e-17,1.3878e-17,1.7347e-18,-1.7347e-18,-1.3878e-17,0,1.7347e-18,-1.7347e-18,0,1.3878e-17,1.7347e-18,-1.7347e-18,-1.3878e-17,1.3878e-17,1.7347e-18,-1.7347e-18,-1.3878e-17,1.3878e-17,1.7347e-18,-1.7347e-18,-1.3878e-17,1.3878e-17,1.7347e-18,-1.7347e-18,-1.3878e-17,0,-0.0024001,0,0,-1.3878e-17
0,-0.0006083,0.0040586,0,0,-0.0030154,0.0030935,0,0,-0.0030707,0.0030723,0,0,-0.0030718,0.0030718,0,0,-0.0030718,0.0030718,0,0,-0.0030718,0.0030719,0,0,-0.0030718,0.0030719,0,0,-0.0030719,0.0030719,0,0,-0.0030719,0.0030719,0,0,-0.0030719,0.0030719,0,0,-0.0030718,0.003072,0,0,-0.0030718,0.003072,0,0,-0.0030719,0.003072,0,0,-0.0030719,0.0030718,0,0,-0.0030738,0.0030679,0,0,-0.003113,0.0029716,0,0,-0.0016382,0.0032139,0,0,-0.0034874,0.0027695,-1.7347e-18,1.7347e-18,-0.0053145,0.0051662,-1.7347e-18,1.7347e-18,-0.0053301,0.0050469,-1.7347e-18,1.7347e-18,-0.0052411,0.0050474,-1.7347e-18,1.7347e-18,-0.0052002,0.0050183,-1.7347e-18,1.7347e-18,-0.0051591,0.0049995,-1.7347e-18,1.7347e-18,-0.0049212,0.0053947,-1.7347e-18,-0.00063964,-0.00057978,0.0012767,0,3.0332e-05
1.7347e-18,-0.004772,0.0033625,0.0034581,-0.0029737,-0.0052628,0.0050028,0.0031209,-0.0031095,-0.0050869,0.0050786,0.0031128,-0.0031126,-0.0050813,0.005081,0.0031126,-0.0031127,-0.0050811,0.005081,0.0031127,-0.0031127,-0.0050811,0.005081,0.0031127,-0.0031127,-0.0050812,0.0050809,0.0031127,-0.0031127,-0.005081,0.0050809,0.0031127,-0.0031127,-0.005081,0.0050809,0.0031127,-0.0031127,-0.005081,0.005081,0.0031126,-0.0031128,-0.0050813,0.005081,0.0031126,-0.0031127,-0.0050813,0.005081,0.0031126,-0.0031127,-0.0050812,0.0050812,0.0031127,-0.0031127,-0.0050807,0.005082,0.003112,-0.0031142,-0.0050737,0.0050895,0.0031056,-0.0031085,-0.0051401,0.0048837,0.003244,-0.0025553,-0.0054119,0.00075867,0.0038799,-0.0044874,-0.0060402,0.001361,0.0040285,-0.0056985,-0.0034205,0.0031823,0.0051601,-0.0052791,-0.0033517,0.0031161,0.0050837,-0.0052222,-0.0032896,0.0031214,0.0050677,-0.005179,-0.0032614,0.0031011,0.0050369,-0.00514,-0.003229,0.003097,0.0050489,-0.0050017,-0.0029828,0.003581,0.0060412,-0.0025931,0.0014397,0.0044298,0,0.0042971
0,-0.00069097,0.0041404,0,0,-0.0030974,0.0031755,0,0,-0.0031528,0.0031543,0,0,-0.0031539,0.0031538,0,0,-0.0031538,0.0031538,0,0,-0.0031538,0.003154,0,0,-0.0031539,0.0031541,0,0,-0.003154,0.0031541,0,0,-0.003154,0.0031541,0,0,-0.0031539,0.003154,0,0,-0.0031538,0.0031541,0,0,-0.0031539,0.0031542,0,0,-0.003154,0.0031541,0,0,-0.0031542,0.0031536,0,0,-0.0031605,0.0031388,0,0,-0.0031157,0.0032237,0,0,-0.0015044,0.0021601,-1.7347e-18,0,-0.0045668,0.0035553,-1.7347e-18,1.7347e-18,-0.0053246,0.0051452,-1.7347e-18,1.7347e-18,-0.005311,0.005048,-1.7347e-18,1.7347e-18,-0.0052311,0.0050456,-1.7347e-18,1.7347e-18,-0.0051956,0.0050127,-1.7347e-18,1.7347e-18,-0.0051518,0.0049974,-1.7347e-18,1.7347e-18,-0.0049153,0.0053932,-1.7347e-18,-0.00064741,-0.0006099,0.0013334,0,0.00027099
0,0,0,2.7756e-17,0,0,0,0,0,0,0,0,0,0,0,0,0,0,0,0,0,0,0,2.7756e-17,0,0,0,0,-2.7756e-17,0,0,0,0,0,0,2.7756e-17,0,0,0,0,0,0,0,0,0,0,0,0,0,0,0,2.7756e-17,-2.7756e-17,0,0,0,0,0,0,0,0,0,0,2.7756e-17,0,0,-1.7347e-18,0,0,0,0.00029491,-1.3878e-17,1.3878e-17,1.7347e-18,-1.7347e-18,0,1.3878e-17,1.7347e-18,-1.7347e-18,-1.3878e-17,0,1.7347e-18,-1.7347e-18,-1.3878e-17,1.3878e-17,1.7347e-18,-1.7347e-18,-1.3878e-17,1.3878e-17,1.7347e-18,-1.7347e-18,-1.3878e-17,1.3878e-17,1.7347e-18,-1.7347e-18,0,1.3878e-17,-0.0023807,0,0,-1.3878e-17
0,-0.00069938,0.0041518,0,0,-0.0031078,0.003186,0,0,-0.0031632,0.0031648,0,0,-0.0031644,0.0031643,0,0,-0.0031644,0.0031643,0,0,-0.0031643,0.0031644,0,0,-0.0031643,0.0031644,0,0,-0.0031644,0.0031644,0,0,-0.0031644,0.0031644,0,0,-0.0031643,0.0031644,0,0,-0.0031643,0.0031645,0,0,-0.0031643,0.0031645,0,0,-0.0031644,0.0031645,0,0,-0.0031647,0.0031637,0,0,-0.0031741,0.003146,0,0,-0.0030629,0.0033279,0,0,-0.0014896,0.0018543,-1.7347e-18,0,-0.0047652,0.0039133,-1.7347e-18,1.7347e-18,-0.0053002,0.0051409,-1.7347e-18,1.7347e-18,-0.0053029,0.0050481,-1.7347e-18,1.7347e-18,-0.0052264,0.0050437,-1.7347e-18,1.7347e-18,-0.0051925,0.0050099,-1.7347e-18,1.7347e-18,-0.0051472,0.0049968,-1.7347e-18,1.7347e-18,-0.0049133,0.0053892,-1.7347e-18,-0.00064513,-0.00062933,0.0013497,0,0.00029757
-1.8316e-05,-0.0048132,0.0032876,0.0035508,-0.0030656,-0.0052077,0.0049465,0.0032129,-0.0032017,-0.0050309,0.0050226,0.0032049,-0.0032047,-0.0050253,0.005025,0.0032047,-0.0032048,-0.0050251,0.005025,0.0032047,-0.0032048,-0.0050251,0.0050249,0.0032047,-0.0032048,-0.0050251,0.0050249,0.0032048,-0.0032048,-0.005025,0.0050249,0.0032048,-0.0032048,-0.005025,0.005025,0.0032048,-0.0032047,-0.0050251,0.0050251,0.0032047,-0.0032048,-0.0050253,0.0050251,0.0032047,-0.0032048,-0.0050253,0.0050252,0.0032047,-0.0032047,-0.0050252,0.0050253,0.0032047,-0.0032049,-0.0050234,0.005029,0.0032019,-0.0032117,-0.0049949,0.0050449,0.003194,-0.0030964,-0.00558,0.00416,0.003709,-0.002816,-0.0054297,5.5676e-05,0.0033128,-0.0052725,-0.0046651,0.0023486,0.0046631,-0.005477,-0.0033876,0.0031583,0.0051324,-0.0052633,-0.0033323,0.0031196,0.005081,-0.0052087,-0.0032798,0.0031185,0.0050609,-0.0051701,-0.0032556,0.0030954,0.0050294,-0.0051287,-0.0032188,0.0030969,0.0050452,-0.0049933,-0.0029779,0.0035737,0.0060503,-0.0026187,0.0013948,0.0044768,0,0.0041618
0,-0.0007736,0.0042348,0,0,-0.003189,0.003267,0,0,-0.0032444,0.0032458,0,0,-0.0032455,0.0032453,0,0,-0.0032454,0.0032454,0,0,-0.0032454,0.0032456,0,0,-0.0032455,0.0032456,0,0,-0.0032456,0.0032456,0,0,-0.0032455,0.0032456,0,0,-0.0032455,0.0032456,0,0,-0.0032454,0.0032456,0,0,-0.0032455,0.0032457,0,0,-0.0032456,0.0032456,0,0,-0.0032462,0.0032441,0,0,-0.0032775,0.0031707,0,0,-0.0028324,0.004064,0,0,-0.0019416,0.0017159,-1.7347e-18,1.7347e-18,-0.0055647,0.004569,-1.7347e-18,1.7347e-18,-0.0053569,0.005087,-1.7347e-18,1.7347e-18,-0.0052846,0.0050512,-1.7347e-18,1.7347e-18,-0.0052204,0.0050388,-1.7347e-18,1.7347e-18,-0.0051873,0.0050042,-1.7347e-18,1.7347e-18,-0.0051368,0.0049967,-1.7347e-18,1.7347e-18,-0.0049077,0.0053826,-1.7347e-18,-0.00065737,-0.00064478,0.0013845,0,0.00057938
0,0,0,2.7756e-17,-2.7756e-17,0,0,2.7756e-17,0,0,0,2.7756e-17,0,0,0,0,0,0,0,2.7756e-17,0,0,0,2.7756e-17,0,0,0,0,0,0,0,0,0,0,0,2.7756e-17,0,0,0,0,0,0,0,0,0,0,0,0,0,0,0,2.7756e-17,-2.7756e-17,0,0,2.7756e-17,0,0,0,0,-2.7756e-17,0,0,0,-2.7756e-17,0,0.0013132,0,0,1.7347e-18,-1.7347e-18,0,1.3878e-17,1.7347e-18,-1.7347e-18,0,1.3878e-17,1.7347e-18,-1.7347e-18,0,1.3878e-17,1.7347e-18,-1.7347e-18,-1.3878e-17,1.3878e-17,1.7347e-18,-1.7347e-18,-1.3878e-17,1.3878e-17,1.7347e-18,-1.7347e-18,-1.3878e-17,1.3878e-17,1.7347e-18,-1.7347e-18,-1.3878e-17,1.3878e-17,-0.0023756,0,0,-1.3878e-17
0,-0.00079098,0.0042408,0,0,-0.0032,0.0032771,0,0,-0.0032548,0.0032562,0,0,-0.0032559,0.0032558,0,0,-0.0032559,0.0032558,0,0,-0.0032558,0.0032559,0,0,-0.0032559,0.003256,0,0,-0.0032559,0.0032559,0,0,-0.0032559,0.0032559,0,0,-0.0032558,0.0032559,0,0,-0.0032557,0.003256,0,0,-0.0032558,0.0032561,0,0,-0.0032559,0.003256,0,0,-0.0032567,0.0032539,0,0,-0.0032922,0.0031781,0,0,-0.0027162,0.0042598,0,0,-0.0020698,0.0017852,-1.7347e-18,1.7347e-18,-0.0056896,0.0047975,-1.7347e-18,1.7347e-18,-0.005348,0.0050777,-1.7347e-18,1.7347e-18,-0.0052772,0.0050516,-1.7347e-18,1.7347e-18,-0.005217,0.0050362,-1.7347e-18,1.7347e-18,-0.0051842,0.0050019,-1.7347e-18,1.7347e-18,-0.0051258,0.0050081,-1.7347e-18,1.7347e-18,-0.0049039,0.0053943,-1.7347e-18,-0.00063907,-0.00072105,0.0014204,0,0.00059703
-0.00014223,-0.0048813,0.0032602,0.0036353,-0.0031598,-0.0051469,0.004894,0.0033036,-0.0032928,-0.0049752,0.0049674,0.0032959,-0.0032957,-0.0049699,0.0049696,0.0032957,-0.0032958,-0.0049697,0.0049696,0.0032957,-0.0032958,-0.0049697,0.0049695,0.0032957,-0.0032958,-0.0049697,0.0049695,0.0032958,-0.0032958,-0.0049696,0.0049696,0.0032958,-0.0032957,-0.0049696,0.0049697,0.0032958,-0.0032957,-0.0049697,0.0049698,0.0032957,-0.0032958,-0.0049699,0.0049697,0.0032957,-0.0032957,-0.0049699,0.0049698,0.0032957,-0.0032958,-0.0049697,0.00497,0.0032957,-0.0032961,-0.0049666,0.0049772,0.0032899,-0.0033107,-0.0049102,0.0049919,0.0032909,-0.0029838,-0.006078,0.0028108,0.0045197,-0.0035108,-0.0059228,0.00035103,0.0034104,-0.0057792,-0.0037875,0.0029727,0.0050487,-0.0053541,-0.0033835,0.0031261,0.0051024,-0.0052504,-0.0033145,0.0031238,0.0050791,-0.0051975,-0.0032729,0.0031132,0.0050528,-0.0051608,-0.0032492,0.0030899,0.0050238,-0.0051088,-0.0031912,0.0031268,0.00507,-0.0049945,-0.0029684,0.0036108,0.0060192,-0.0027319,0.001197,0.0045886,0,0.0041016
0,-0.00093157,0.0042936,0,0,-0.0032824,0.0033562,0,0,-0.0033349,0.0033363,0,0,-0.003336,0.0033359,0,0,-0.0033359,0.003336,0,0,-0.0033359,0.0033361,0,0,-0.003336,0.0033362,0,0,-0.0033361,0.0033361,0,0,-0.003336,0.0033361,0,0,-0.003336,0.0033361,0,0,-0.003336,0.0033361,0,0,-0.003336,0.0033362,0,0,-0.0033361,0.0033361,0,0,-0.003337,0.0033338,0,0,-0.0033919,0.0032081,0,0,-0.0023169,0.0045287,0,0,-0.0031414,0.0023724,-1.7347e-18,1.7347e-18,-0.0055142,0.0050703,-1.7347e-18,1.7347e-18,-0.005357,0.0050554,-1.7347e-18,1.7347e-18,-0.0052606,0.005054,-1.7347e-18,1.7347e-18,-0.0052109,0.0050301,-1.7347e-18,1.7347e-18,-0.0051771,0.0049927,-1.7347e-18,1.7347e-18,-0.0050981,0.0050556,-1.7347e-18,1.7347e-18,-0.0049197,0.0054967,-1.7347e-18,-0.0003807,-0.0010703,0.0016401,0,0.00062077
0,0,0,0,0,0,0,0,0,0,0,2.7756e-17,-2.7756e-17,0,0,0,0,0,0,0,-2.7756e-17,0,0,0,0,0,0,0,0,0,0,0,0,0,0,2.7756e-17,0,0,0,0,0,0,0,0,0,0,0,0,0,0,0,0,0,0,0,2.7756e-17,0,0,0,0,0,0,0,2.7756e-17,0,0,0.0011864,-1.3878e-17,1.3878e-17,1.7347e-18,-1.7347e-18,-1.3878e-17,1.3878e-17,1.7347e-18,-1.7347e-18,0,1.3878e-17,1.7347e-18,-1.7347e-18,0,1.3878e-17,1.7347e-18,-1.7347e-18,-1.3878e-17,0,1.7347e-18,-1.7347e-18,-1.3878e-17,1.3878e-17,1.7347e-18,-1.7347e-18,0,1.3878e-17,1.7347e-18,-1.7347e-18,-1.3878e-17,0,-0.0019147,0,0,-1.3878e-17
0,-0.0011092,0.0042189,0,0,-0.0032992,0.0033639,0,0,-0.0033453,0.0033465,0,0,-0.0033463,0.0033461,0,0,-0.0033462,0.0033462,0,0,-0.0033461,0.0033463,0,0,-0.0033462,0.0033463,0,0,-0.0033463,0.0033462,0,0,-0.0033462,0.0033463,0,0,-0.0033462,0.0033463,0,0,-0.0033461,0.0033464,0,0,-0.0033461,0.0033464,0,0,-0.0033463,0.0033463,0,0,-0.0033477,0.0033435,0,0,-0.0033908,0.0032392,0,0,-0.0021931,0.0039237,0,0,-0.003367,0.0027226,-1.7347e-18,1.7347e-18,-0.0053696,0.0051466,-1.7347e-18,1.7347e-18,-0.0053471,0.0050528,-1.7347e-18,1.7347e-18,-0.0052537,0.0050544,-1.7347e-18,1.7347e-18,-0.0052014,0.005039,-1.7347e-18,1.7347e-18,-0.0051748,0.005001,-1.7347e-18,1.7347e-18,-0.0052106,0.0049001,-1.7347e-18,1.7347e-18,-0.0051172,0.0050759,-1.7347e-18,-0.00040025,-0.0011018,0.0018335,0,0.00041364
-0.0011504,-0.0054158,0.0037782,0.0036345,-0.0032856,-0.0050393,0.0048612,0.0033915,-0.0033834,-0.0049191,0.0049132,0.0033857,-0.0033856,-0.0049152,0.0049148,0.0033856,-0.0033857,-0.004915,0.0049149,0.0033856,-0.0033857,-0.0049151,0.0049148,0.0033856,-0.0033857,-0.0049151,0.004915,0.0033857,-0.0033856,-0.004915,0.004915,0.0033857,-0.0033856,-0.004915,0.0049151,0.0033856,-0.0033856,-0.0049152,0.0049151,0.0033855,-0.0033857,-0.0049153,0.0049151,0.0033856,-0.0033857,-0.0049153,0.0049152,0.0033856,-0.0033857,-0.0049147,0.0049159,0.0033852,-0.0033869,-0.0049085,0.0049231,0.0033792,-0.0033848,-0.0049494,0.0047715,0.003483,-0.002912,-0.0057335,0.0012945,0.0042292,-0.0044612,-0.0060634,0.0013526,0.0040312,-0.0057374,-0.0034561,0.0031708,0.0051589,-0.0052985,-0.0033655,0.0031183,0.0050906,-0.0052334,-0.003298,0.0031257,0.0050774,-0.0051788,-0.0032496,0.003137,0.0050709,-0.0051663,-0.0032443,0.0031221,0.0050118,-0.0053192,-0.0035015,0.0027459,0.0045949,-0.0052142,-0.0035223,0.0025532,0.0048066,-0.0023421,0.0010184,0.0053089,0.00063352,0.0051836
0,-0.0021035,0.0039784,0,0,-0.0033913,0.0034387,0,0,-0.0034248,0.0034258,0,0,-0.0034255,0.0034255,0,0,-0.0034254,0.0034255,0,0,-0.0034254,0.0034257,0,0,-0.0034255,0.0034257,0,0,-0.0034256,0.0034256,0,0,-0.0034256,0.0034257,0,0,-0.0034255,0.0034257,0,0,-0.0034255,0.0034257,0,0,-0.0034256,0.0034258,0,0,-0.0034258,0.0034254,0,0,-0.0034314,0.0034124,0,0,-0.0033984,0.0034729,0,0,-0.0019901,0.0026863,-1.7347e-18,0,-0.0045672,0.003576,-1.7347e-18,1.7347e-18,-0.0053561,0.0051436,-1.7347e-18,1.7347e-18,-0.0053281,0.0050514,-1.7347e-18,1.7347e-18,-0.0052405,0.0050491,-1.7347e-18,1.7347e-18,-0.0051767,0.005083,-1.7347e-18,1.7347e-18,-0.0052011,0.0051146,-1.7347e-18,1.7347e-18,-0.0057743,0.0043211,0.00046778,-0.00015411,-0.0059041,0.0033198,0.0021134,-0.0026225,-0.00076851,0.003755,0,0
-2.7756e-17,0,0,0,0,0,0,0,-2.7756e-17,0,0,0,-2.7756e-17,0,0,0,0,0,0,2.7756e-17,0,0,0,0,0,0,0,0,0,0,0,0,0,0,0,0,-2.7756e-17,0,0,0,0,0,0,2.7756e-17,0,0,0,0,0,0,0,2.7756e-17,0,0,0,0,-2.7756e-17,0,0,0,-2.7756e-17,0,-1.7347e-18,0,0,0,0.0002271,-1.3878e-17,1.3878e-17,1.7347e-18,-1.7347e-18,-1.3878e-17,0,1.7347e-18,-1.7347e-18,-1.3878e-17,1.3878e-17,1.7347e-18,-1.7347e-18,-1.3878e-17,1.3878e-17,1.7347e-18,-1.7347e-18,-1.3878e-17,0,1.7347e-18,-1.7347e-18,0,1.3878e-17,1.7347e-18,0.00075499,-1.3878e-17,1.3878e-17,-1.7347e-18,0.0029278,0,0,-0.0036562,-1.7347e-18,-1.3878e-17,0
0,-0.0023241,0.0038824,0,0,-0.0034095,0.0034457,0,0,-0.0034352,0.0034358,0,0,-0.0034357,0.0034355,0,0,-0.0034356,0.0034356,0,0,-0.0034356,0.0034357,0,0,-0.0034356,0.0034357,0,0,-0.0034357,0.0034356,0,0,-0.0034356,0.0034357,0,0,-0.0034356,0.0034357,0,0,-0.0034355,0.0034358,0,0,-0.0034356,0.0034359,0,0,-0.0034359,0.0034351,0,0,-0.0034443,0.0034197,0,0,-0.0033507,0.0035693,0,0,-0.0019578,0.0023257,-1.7347e-18,0,-0.0047772,0.0039511,-1.7347e-18,1.7347e-18,-0.0053223,0.0051451,-1.7347e-18,1.7347e-18,-0.0053125,0.0050638,-1.7347e-18,1.7347e-18,-0.0052363,0.0050587,-1.7347e-18,1.7347e-18,-0.0052955,0.004915,-1.7347e-18,1.7347e-18,-0.0054778,0.0045652,-1.7347e-18,1.7347e-18,-0.0058503,0.0037339,0.00070844,-0.00030599,-0.0057898,0.0028929,0.0023484,-0.002843,-0.00029064,0.003862,0,0
-0.0023958,-0.005269,0.0044306,0.0036113,-0.0034186,-0.0049207,0.0048337,0.003478,-0.0034732,-0.0048631,0.00486,0.0034745,-0.0034744,-0.004861,0.0048608,0.0034744,-0.0034745,-0.0048609,0.0048608,0.0034745,-0.0034745,-0.0048609,0.0048609,0.0034745,-0.0034744,-0.0048609,0.004861,0.0034745,-0.0034744,-0.0048608,0.0048611,0.0034745,-0.0034744,-0.0048609,0.004861,0.0034745,-0.0034745,-0.004861,0.004861,0.0034744,-0.0034746,-0.0048612,0.0048609,0.0034745,-0.0034746,-0.0048611,0.0048611,0.0034744,-0.0034747,-0.0048595,0.0048644,0.003472,-0.0034807,-0.0048339,0.004879,0.0034648,-0.0033792,-0.0053485,0.0041,0.0039185,-0.0031275,-0.0056954,0.00044245,0.0035616,-0.0052957,-0.0046093,0.0023906,0.0046948,-0.0054884,-0.0034013,0.0031613,0.0051426,-0.00527,-0.0033271,0.0031522,0.0051152,-0.0052331,-0.0032883,0.0031618,0.0050663,-0.0053977,-0.0035739,0.002733,0.0045415,-0.0055094,-0.0040228,0.00173,0.0032569,-0.0048387,-0.0038294,0.0010251,0.0023537,-0.0037985,-0.0029367,0.0014118,0.0035008,-0.0010542,0.0022466,0.0058174,0.001694,0.0039144
0,-0.0026939,0.0038532,0,0,-0.0034932,0.003522,0,0,-0.0035136,0.0035141,0,0,-0.003514,0.0035139,0,0,-0.0035139,0.003514,0,0,-0.0035139,0.003514,0,0,-0.003514,0.0035141,0,0,-0.0035141,0.003514,0,0,-0.003514,0.0035141,0,0,-0.003514,0.0035141,0,0,-0.003514,0.0035142,0,0,-0.003514,0.0035142,0,0,-0.0035146,0.0035129,0,0,-0.0035427,0.0034473,0,0,-0.0031469,0.0042418,0,0,-0.0023444,0.0020922,-1.7347e-18,1.7347e-18,-0.0055787,0.0046159,-1.7347e-18,1.7347e-18,-0.0053737,0.0050909,-1.7347e-18,1.7347e-18,-0.0052729,0.0051191,-1.7347e-18,1.7347e-18,-0.0052623,0.0051765,-1.7347e-18,1.7347e-18,-0.0058699,0.0043409,0.00036056,1.7347e-18,-0.0058159,0.0022027,0.0029725,-0.0023437,-0.0055291,0.0010035,0.0043496,-0.0049811,-0.003364,0.0019029,0.0051931,-0.0022356,0.0023254,0.0038382,0,0
0,0,0,2.7756e-17,0,0,0,0,0,0,0,2.7756e-17,0,0,0,0,0,0,0,0,0,0,0,0,0,0,0,0,0,0,0,2.7756e-17,0,0,0,2.7756e-17,0,0,0,2.7756e-17,-2.7756e-17,0,0,0,0,0,0,0,0,0,0,0,0,0,0,0,0,0,0,2.7756e-17,0,0,0.0010368,0,0,1.7347e-18,-1.7347e-18,-1.3878e-17,1.3878e-17,1.7347e-18,-1.7347e-18,-1.3878e-17,0,1.7347e-18,-1.7347e-18,0,1.3878e-17,1.7347e-18,-1.7347e-18,-1.3878e-17,0,1.7347e-18,0.00065052,-1.3878e-17,1.3878e-17,1.7347e-18,0.0038335,-1.3878e-17,1.3878e-17,-0.0017114,0.0028657,0,0,-0.0049587,0.0037121,0,-3.4694e-18,0.00028867,-1.7347e-18,-1.3878e-17,2.7756e-17
0,-0.0027576,0.0038359,0,0,-0.0035056,0.0035311,0,0,-0.0035237,0.0035241,0,0,-0.003524,0.0035239,0,0,-0.003524,0.003524,0,0,-0.0035239,0.0035241,0,0,-0.003524,0.0035241,0,0,-0.0035241,0.003524,0,0,-0.0035241,0.0035241,0,0,-0.003524,0.0035241,0,0,-0.003524,0.0035242,0,0,-0.003524,0.0035242,0,0,-0.0035248,0.0035224,0,0,-0.0035566,0.0034546,0,0,-0.0030437,0.004418,0,0,-0.0024553,0.0021331,-1.7347e-18,1.7347e-18,-0.0057001,0.0048394,-1.7347e-18,1.7347e-18,-0.0053584,0.0050928,-1.7347e-18,1.7347e-18,-0.0053787,0.0049602,-1.7347e-18,1.7347e-18,-0.0055486,0.0046146,-1.7347e-18,1.7347e-18,-0.0058693,0.0036882,0.00060729,-9.331e-05,-0.0058928,0.0017701,0.0032107,-0.0025778,-0.0051113,0.00085007,0.0038522,-0.0052193,-0.0028326,0.0019671,0.0049392,-0.0015032,0.0028802,0.0037896,0,0
-0.0027728,-0.0048993,0.0045644,0.0036689,-0.0035191,-0.0048476,0.0047887,0.0035651,-0.0035615,-0.0048089,0.0048065,0.0035624,-0.0035625,-0.0048074,0.0048072,0.0035624,-0.0035625,-0.0048073,0.0048073,0.0035624,-0.0035624,-0.0048073,0.0048073,0.0035625,-0.0035624,-0.0048073,0.0048074,0.0035625,-0.0035623,-0.0048072,0.0048074,0.0035625,-0.0035624,-0.0048073,0.0048074,0.0035625,-0.0035624,-0.0048073,0.0048074,0.0035624,-0.0035625,-0.0048075,0.0048074,0.0035624,-0.0035625,-0.0048074,0.0048076,0.0035623,-0.0035628,-0.0048045,0.004814,0.0035573,-0.0035758,-0.0047542,0.0048273,0.0035582,-0.0032851,-0.0061773,0.0028865,0.0046521,-0.0037487,-0.0061261,0.0006519,0.0036132,-0.0057849,-0.003759,0.0030018,0.0050746,-0.0053638,-0.0033791,0.0031677,0.005102,-0.0054668,-0.0036169,0.0027801,0.0046061,-0.0056205,-0.004096,0.0017422,0.00328,-0.0049189,-0.0039235,0.00095437,0.0022225,-0.0040341,-0.0034315,0.00055208,0.0020029,-0.0035903,-0.0026855,0.0005121,0.0017276,-0.0025201,-0.0015198,0.00147,0.0030739,0.0004545,0.0036705,0.0057255,0.0019013,0.0036519
0,-0.0028498,0.0039058,0,0,-0.0035837,0.0036082,0,0,-0.003601,0.0036015,0,0,-0.0036015,0.0036014,0,0,-0.0036014,0.0036014,0,0,-0.0036014,0.0036015,0,0,-0.0036014,0.0036015,0,0,-0.0036015,0.0036014,0,0,-0.0036014,0.0036015,0,0,-0.0036014,0.0036015,0,0,-0.0036014,0.0036015,0,0,-0.0036015,0.0036016,0,0,-0.0036024,0.0035995,0,0,-0.0036511,0.0034879,0,0,-0.002696,0.0046444,0,0,-0.0034147,0.0026599,-1.7347e-18,1.7347e-18,-0.0055168,0.0050912,-1.7347e-18,1.7347e-18,-0.0053595,0.0051798,-1.7347e-18,1.7347e-18,-0.0058434,0.0044519,0.00019066,1.7347e-18,-0.0057367,0.0022243,0.0028713,-0.0022228,-0.0056503,0.00093173,0.0042669,-0.0049065,-0.0037589,0.0011911,0.0037939,-0.004926,-0.0026689,0.0016779,0.0039811,-0.0043381,-0.002044,0.0024271,0.0052858,-0.0015089,0.0028997,0.0038516,0,0
-2.7756e-17,0,0,2.7756e-17,0,0,0,0,-2.7756e-17,0,0,0,-2.7756e-17,0,0,0,-2.7756e-17,0,0,0,0,0,0,2.7756e-17,0,0,0,0,0,0,0,0,0,0,0,0,-2.7756e-17,0,0,0,-2.7756e-17,0,0,0,0,0,0,2.7756e-17,0,0,0,0,0,0,0,0,-2.7756e-17,0,0,2.7756e-17,-2.7756e-17,0,0.00092271,-1.3878e-17,0,1.7347e-18,-1.7347e-18,-1.3878e-17,1.3878e-17,1.7347e-18,-1.7347e-18,-1.3878e-17,0,1.7347e-18,0.00048405,-1.3878e-17,1.3878e-17,-1.7347e-18,0.0037539,-1.3878e-17,0,-0.0015707,0.0028066,0,0,-0.004842,0.0031749,0,0,-0.0043024,0.0039816,0,0,-0.0040021,0.0045006,0,-3.4694e-18,0.00042439,-1.7347e-18,0,2.7756e-17
0,-0.0028658,0.0039124,0,0,-0.0035941,0.003618,0,0,-0.003611,0.0036115,0,0,-0.0036114,0.0036113,0,0,-0.0036113,0.0036113,0,0,-0.0036113,0.0036115,0,0,-0.0036114,0.0036115,0,0,-0.0036115,0.0036114,0,0,-0.0036115,0.0036115,0,0,-0.0036114,0.0036115,0,0,-0.0036113,0.0036115,0,0,-0.0036114,0.0036115,0,0,-0.0036128,0.003609,0,0,-0.003651,0.0035164,0,0,-0.0025875,0.0041069,0,0,-0.0036198,0.0029837,-1.7347e-18,1.7347e-18,-0.005412,0.0051251,-1.7347e-18,1.7347e-18,-0.0056894,0.0046468,-1.7347e-18,1.7347e-18,-0.0057697,0.0036322,0.00045704,1.7347e-18,-0.0058163,0.0017921,0.0031149,-0.0024639,-0.0052157,0.00079125,0.0037898,-0.0051604,-0.0031449,0.0013595,0.0036465,-0.004229,-0.0021315,0.0019713,0.0040787,-0.004055,-0.0018449,0.0025439,0.0053312,-0.0014594,0.0029022,0.0038709,0,0
-0.0028907,-0.0048136,0.0045348,0.0037515,-0.0036081,-0.0047915,0.0047372,0.0036519,-0.0036486,-0.0047558,0.0047536,0.0036494,-0.0036495,-0.0047544,0.0047542,0.0036494,-0.0036495,-0.0047544,0.0047543,0.0036494,-0.0036494,-0.0047543,0.0047543,0.0036495,-0.0036494,-0.0047543,0.0047544,0.0036495,-0.0036494,-0.0047541,0.0047544,0.0036495,-0.0036494,-0.0047542,0.0047543,0.0036496,-0.0036495,-0.0047542,0.0047543,0.0036495,-0.0036495,-0.0047544,0.0047544,0.0036495,-0.0036496,-0.0047541,0.0047551,0.003649,-0.0036506,-0.0047484,0.0047616,0.0036437,-0.0036486,-0.004785,0.0046264,0.0037362,-0.0032295,-0.0059736,0.0015396,0.0043748,-0.0046035,-0.0057796,0.0015755,0.004185,-0.0057634,-0.0035231,0.0031199,0.004986,-0.005888,-0.004296,0.0018213,0.0034705,-0.0053641,-0.004325,0.00071215,0.0020577,-0.0040915,-0.0034748,0.00055396,0.0020162,-0.0036427,-0.0027423,0.00046688,0.0016647,-0.0026665,-0.0018072,0.0008752,0.0018067,-0.0021549,-0.0013225,0.0011988,0.0020271,-0.0019599,-0.0010371,0.0017512,0.0032184,0.00053533,0.0036782,0.0057889,0.0020223,0.0037147
0,-0.0029686,0.0039795,0,0,-0.003671,0.0036944,0,0,-0.0036876,0.003688,0,0,-0.003688,0.0036879,0,0,-0.0036879,0.0036879,0,0,-0.0036879,0.0036879,0,0,-0.0036879,0.0036879,0,0,-0.003688,0.0036879,0,0,-0.0036879,0.0036879,0,0,-0.0036879,0.0036879,0,0,-0.0036879,0.003688,0,0,-0.0036881,0.0036878,0,0,-0.0036931,0.0036763,0,0,-0.0036635,0.0037308,0,0,-0.0024154,0.0030044,-1.7347e-18,0,-0.0047088,0.0037938,-1.7347e-18,1.7347e-18,-0.0055165,0.0051445,-1.7347e-18,1.7347e-18,-0.0053628,0.0024844,0.0021572,-0.0013882,-0.006127,0.0004732,0.004021,-0.0048884,-0.0037858,0.0011979,0.0038118,-0.004967,-0.0027078,0.0016462,0.0039313,-0.004478,-0.0023136,0.001864,0.0040265,-0.004234,-0.0021202,0.001974,0.0040914,-0.0040241,-0.0018354,0.0024742,0.0052283,-0.0013662,0.0029479,0.0039627,0,0
0,0,0,0,0,0,0,0,0,0,0,0,0,0,0,0,0,0,0,2.7756e-17,0,0,0,2.7756e-17,0,0,0,0,0,0,0,2.7756e-17,0,0,0,0,0,0,0,0,0,0,0,0,0,0,0,0,0,0,0,2.7756e-17,0,0,0,0,0,0,-1.7347e-18,0,0,0,-1.7347e-18,-1.3878e-17,0,1.7347e-18,-1.7347e-18,0,0,1.7347e-18,0.0030767,-1.3878e-17,1.3878e-17,-0.00047689,0.0021785,0,0,-0.0048536,0.0031964,0,0,-0.0043383,0.003964,0,0,-0.0042452,0.0040639,0,0,-0.004217,0.004026,0,0,-0.003934,0.0043672,0,0,0.00058526,-1.7347e-18,-1.3878e-17,0
0,-0.0029861,0.0039854,0,0,-0.0036812,0.0037041,0,0,-0.0036974,0.0036979,0,0,-0.0036978,0.0036977,0,0,-0.0036977,0.0036977,0,0,-0.0036977,0.0036978,0,0,-0.0036978,0.0036978,0,0,-0.0036979,0.0036978,0,0,-0.0036978,0.0036979,0,0,-0.0036977,0.0036979,0,0,-0.0036977,0.0036979,0,0,-0.003698,0.0036973,0,0,-0.0037055,0.0036837,0,0,-0.0036234,0.0038156,0,0,-0.0023923,0.0026935,-1.7347e-18,0,-0.0048606,0.003963,-1.7347e-18,1.7347e-18,-0.0058666,0.0043608,-1.7347e-18,1.7347e-18,-0.0053562,0.0018887,0.0024286,-0.0016146,-0.0060642,0.00030005,0.0035219,-0.0051481,-0.0031631,0.0013676,0.0036597,-0.0042516,-0.0021551,0.0019497,0.0040357,-0.004183,-0.0021011,0.0019962,0.0040896,-0.0041773,-0.0020999,0.0019697,0.0040709,-0.0040021,-0.0018323,0.0024521,0.0051867,-0.0013469,0.0029378,0.0039839,0,0
-0.0030179,-0.0047204,0.0045067,0.0038332,-0.0036959,-0.0047368,0.0046859,0.0037379,-0.0037347,-0.0047033,0.0047013,0.0037355,-0.0037355,-0.0047021,0.004702,0.0037355,-0.0037355,-0.004702,0.004702,0.0037355,-0.0037355,-0.0047019,0.004702,0.0037356,-0.0037355,-0.0047019,0.004702,0.0037356,-0.0037355,-0.0047018,0.004702,0.0037357,-0.0037355,-0.0047018,0.004702,0.0037357,-0.0037355,-0.0047019,0.004702,0.0037356,-0.0037356,-0.0047021,0.0047021,0.0037355,-0.0037358,-0.0047007,0.0047051,0.0037333,-0.0037409,-0.004678,0.0047183,0.0037269,-0.0036532,-0.0051244,0.0040362,0.0041235,-0.0034312,-0.0059564,0.00080864,0.0037644,-0.005273,-0.0047853,0.0021289,0.0042431,-0.005897,-0.0047124,0.0011163,0.0025829,-0.0050336,-0.0043601,0.0001653,0.0018801,-0.0041694,-0.0032361,0.00014746,0.0014889,-0.0027395,-0.0018287,0.0008779,0.0018134,-0.0021694,-0.0013411,0.0011772,0.0019813,-0.0020792,-0.0012918,0.0011938,0.0019865,-0.0020562,-0.0012797,0.0011853,0.0019982,-0.0019193,-0.0010242,0.0016946,0.0031402,0.00057116,0.0036667,0.0058594,0.0021565,0.0037635
0,-0.0030838,0.0040535,0,0,-0.0037574,0.0037799,0,0,-0.0037733,0.0037738,0,0,-0.0037737,0.0037736,0,0,-0.0037736,0.0037736,0,0,-0.0037737,0.0037736,0,0,-0.0037737,0.0037737,0,0,-0.0037738,0.0037736,0,0,-0.0037737,0.0037737,0,0,-0.0037737,0.0037737,0,0,-0.0037736,0.0037738,0,0,-0.0037742,0.0037725,0,0,-0.0037985,0.0037158,0,0,-0.0034573,0.0044052,0,0,-0.0027621,0.002529,-1.7347e-18,1.7347e-18,-0.0053224,0.0041183,-1.7347e-18,1.7347e-18,-0.0052876,0.0010877,0.0038684,-0.0030246,-0.0054917,0.00037675,0.0034856,-0.0054851,-0.0030924,0.0014122,0.0038033,-0.0045345,-0.0023278,0.0018733,0.0040429,-0.0042568,-0.0021417,0.0019556,0.0040529,-0.0041467,-0.0020818,0.0019436,0.0040071,-0.004081,-0.0020432,0.0019322,0.0039946,-0.0039206,-0.0017872,0.0024102,0.0051087,-0.0012856,0.0029611,0.0040704,0,0
0,0,0,0,0,0,0,0,0,0,0,0,0,0,0,2.7756e-17,0,0,0,0,-2.7756e-17,0,0,2.7756e-17,-2.7756e-17,0,0,0,0,0,0,0,0,0,0,0,0,0,0,0,0,0,0,0,0,0,0,2.7756e-17,0,0,0,0,-2.7756e-17,0,0,2.7756e-17,0,0,0.00050675,0,0,1.7347e-18,0.0003333,-1.3878e-17,1.3878e-17,1.7347e-18,0.0038132,0,1.3878e-17,-0.0024874,0.0021258,0,0,-0.004705,0.003773,0,0,-0.0042478,0.0040864,0,0,-0.0042466,0.0040157,0,0,-0.0041585,0.0039659,0,0,-0.0040822,0.003931,3.4694e-18,0,-0.0038258,0.0042641,0,-3.4694e-18,0.00069274,-1.7347e-18,-1.3878e-17,0
0,-0.0030993,0.0040601,0,0,-0.0037675,0.0037894,0,0,-0.0037832,0.0037834,0,0,-0.0037835,0.0037833,0,0,-0.0037834,0.0037833,0,0,-0.0037834,0.0037834,0,0,-0.0037835,0.0037835,0,0,-0.0037836,0.0037835,0,0,-0.0037835,0.0037835,0,0,-0.0037834,0.0037835,0,0,-0.0037834,0.0037836,0,0,-0.0037841,0.0037819,0,0,-0.0038125,0.0037214,0,0,-0.0033907,0.0045259,0,0,-0.0027692,0.002191,-1.7347e-18,1.7347e-18,-0.005286,0.0032878,0.00019737,1.7347e-18,-0.0053551,0.00066093,0.0041154,-0.0033101,-0.0048196,0.0005288,0.0032789,-0.0046139,-0.0023976,0.0018165,0.003965,-0.0042118,-0.0021067,0.0020069,0.0041056,-0.0041988,-0.0021202,0.0019524,0.0040343,-0.0041213,-0.0020738,0.0019294,0.0039785,-0.00405,-0.0020279,0.0019241,0.0039699,-0.0038929,-0.0017757,0.0023981,0.0050773,-0.0012715,0.0029482,0.0040902,3.4694e-18,0
-0.0031333,-0.0046398,0.0044726,0.003915,-0.0037824,-0.004683,0.004635,0.0038231,-0.0038199,-0.0046512,0.0046496,0.0038208,-0.0038206,-0.0046501,0.0046502,0.0038207,-0.0038206,-0.0046501,0.0046502,0.0038207,-0.0038207,-0.0046499,0.0046501,0.0038208,-0.0038207,-0.0046499,0.0046502,0.0038209,-0.0038207,-0.0046498,0.0046501,0.0038209,-0.0038207,-0.0046499,0.0046501,0.0038209,-0.0038207,-0.00465,0.0046501,0.0038208,-0.0038208,-0.0046501,0.0046503,0.0038206,-0.0038211,-0.0046473,0.0046561,0.0038161,-0.0038334,-0.0045972,0.0046804,0.0038064,-0.0036091,-0.0056806,0.0031913,0.0046417,-0.0037563,-0.0060525,6.9331e-05,0.0026728,-0.0056862,-0.0054137,0.00018016,0.0017146,-0.0046923,-0.0041568,-0.00013465,0.0014841,-0.0035068,-0.0025788,0.00041911,0.0015686,-0.0023611,-0.0014702,0.0011055,0.0019454,-0.0021015,-0.0013009,0.0011962,0.0019911,-0.0020679,-0.0012947,0.0011662,0.0019557,-0.0020307,-0.0012668,0.0011549,0.0019319,-0.0019936,-0.001236,0.0011606,0.0019512,-0.0018651,-0.00099061,0.0016617,0.0030811,0.0005954,0.0036472,0.0059241,0.0022801,0.0038242
0,-0.0031894,0.0041297,0,0,-0.0038427,0.0038644,0,0,-0.0038581,0.0038585,0,0,-0.0038585,0.0038583,0,0,-0.0038584,0.0038583,0,0,-0.0038584,0.0038583,0,0,-0.0038585,0.0038583,0,0,-0.0038585,0.0038583,0,0,-0.0038585,0.0038584,0,0,-0.0038584,0.0038584,0,0,-0.0038584,0.0038584,0,0,-0.0038592,0.0038569,0,0,-0.0039051,0.0037538,0,0,-0.0032252,0.005081,0,0,-0.0029255,0.0013597,0.0010691,1.7347e-18,-0.0052565,-0.00016283,0.0038298,-0.0044175,-0.0044648,0.00064654,0.0033943,-0.0048659,-0.0025811,0.0016912,0.0039351,-0.0043525,-0.002198,0.001931,0.0040479,-0.0041718,-0.0020958,0.0019437,0.0040128,-0.004096,-0.0020584,0.0019149,0.0039556,-0.0040326,-0.0020207,0.0018955,0.00391,-0.0039738,-0.0019821,0.0018925,0.0039073,-0.0038255,-0.0017373,0.0023634,0.005012,-0.0012195,0.0029693,0.0041623,3.4694e-18,0
0,0,0,0,0,0,0,0,0,0,0,0,0,0,0,0,-2.7756e-17,0,0,0,0,0,0,2.7756e-17,0,0,0,0,0,0,0,2.7756e-17,0,0,0,0,0,0,0,0,0,0,0,0,0,0,0,2.7756e-17,0,0,0,0,0,0,0,0,0,0,0.0028015,0,0,-1.7347e-18,0.0018747,6.9389e-18,-6.9389e-18,-0.0042758,0.0026595,0,0,-0.0041716,0.0040662,0,0,-0.0042564,0.0040249,0,0,-0.0041798,0.0039678,0,0,-0.0041002,0.003919,3.4694e-18,0,-0.0040348,0.0038772,3.4694e-18,0,-0.0039735,0.0038501,3.4694e-18,0,-0.0037328,0.0041796,3.4694e-18,-3.4694e-18,0.00078343,-1.7347e-18,0,0
0,-0.0032034,0.004137,0,0,-0.0038526,0.0038739,0,0,-0.0038678,0.0038681,0,0,-0.0038681,0.0038679,0,0,-0.0038681,0.003868,0,0,-0.0038681,0.0038681,0,0,-0.0038682,0.0038681,0,0,-0.0038683,0.0038681,0,0,-0.0038682,0.0038682,0,0,-0.0038681,0.0038682,0,0,-0.003868,0.0038683,0,0,-0.0038721,0.0038619,0,0,-0.0039142,0.0037647,0,0,-0.0030284,0.0043823,0,0,-0.0029853,0.00077426,0.0013199,-1.7347e-18,-0.0054066,-0.00041759,0.0032984,-0.0047159,-0.0036595,0.0010208,0.0034337,-0.0042088,-0.0020674,0.002017,0.0040961,-0.0041995,-0.00212,0.0019602,0.0040458,-0.0041389,-0.002086,0.0019278,0.0039815,-0.0040633,-0.0020415,0.0019069,0.0039306,-0.0040021,-0.0020059,0.0018877,0.0038868,-0.0039461,-0.0019685,0.0018855,0.0038859,-0.003801,-0.0017266,0.0023536,0.0049849,-0.0012087,0.0029557,0.0041811,3.4694e-18,0
-0.0032405,-0.0045683,0.0044346,0.0039965,-0.0038676,-0.0046304,0.0045845,0.0039071,-0.003904,-0.0046,0.0045985,0.0039049,-0.0039048,-0.0045989,0.004599,0.0039049,-0.0039048,-0.0045988,0.004599,0.0039049,-0.0039048,-0.0045987,0.004599,0.003905,-0.0039048,-0.0045987,0.0045991,0.003905,-0.0039048,-0.0045987,0.0045991,0.003905,-0.0039048,-0.0045987,0.0045991,0.003905,-0.0039048,-0.0045989,0.0045991,0.0039049,-0.0039049,-0.0045994,0.0045979,0.0039049,-0.0039102,-0.0045757,0.0046326,0.0038809,-0.0039041,-0.0045759,0.0045911,0.003909,-0.0033605,-0.0059667,0.00095766,0.0031059,-0.0046294,-0.0064118,-0.0014737,0.00074628,-0.0050599,-0.0043804,-0.00054912,0.001112,-0.003039,-0.0020552,0.00070855,0.0017069,-0.0021569,-0.001301,0.0012039,0.0019949,-0.0020718,-0.0012976,0.0011694,0.0019599,-0.0020394,-0.0012749,0.0011522,0.001931,-0.0020018,-0.0012474,0.001142,0.0019082,-0.0019707,-0.0012258,0.0011309,0.0018877,-0.0019392,-0.0011983,0.001139,0.0019106,-0.0018171,-0.0009597,0.001635,0.0030306,0.00061339,0.0036248,0.0059844,0.0023962,0.0038921
0,-0.0032915,0.0042059,0,0,-0.0039268,0.0039478,0,0,-0.0039418,0.0039421,0,0,-0.0039421,0.0039419,0,0,-0.0039421,0.003942,0,0,-0.0039421,0.003942,0,0,-0.0039421,0.003942,0,0,-0.0039421,0.0039419,0,0,-0.0039421,0.003942,0,0,-0.003942,0.003942,0,0,-0.0039414,0.0039447,0,0,-0.0039644,0.003892,0,0,-0.003965,0.0037534,0,0,-0.002078,0.0018628,0.00014465,1.7347e-18,-0.0043818,-0.0015184,0.0028187,-0.0047326,-0.00435,0.00059381,0.0032832,-0.0046222,-0.0023522,0.0018173,0.0039811,-0.0042193,-0.0021109,0.0019502,0.0040264,-0.0041116,-0.0020691,0.0019154,0.0039612,-0.0040443,-0.0020295,0.0018927,0.0039098,-0.0039829,-0.0019932,0.0018745,0.0038657,-0.003931,-0.0019646,0.001854,0.0038233,-0.0038773,-0.0019274,0.0018563,0.0038287,-0.0037384,-0.0016895,0.0023259,0.0049294,-0.0011674,0.0029679,0.004253,0,0
0,0,0,0,-2.7756e-17,0,0,0,0,0,0,0,0,0,0,0,0,0,0,0,0,0,0,2.7756e-17,0,0,0,0,0,0,0,0,-2.7756e-17,0,0,0,0,0,0,0,0,0,0,0,-2.7756e-17,0,0,2.7756e-17,0,0,0,0,0,0,0.002262,0,1.3878e-17,-3.4694e-18,0.00076069,0,0,-0.004744,0.0028033,3.4694e-18,0,-0.0040839,0.0040873,0,0,-0.004205,0.0039798,0,0,-0.0041215,0.0039204,0,0,-0.0040471,0.0038753,0,0,-0.0039852,0.0038354,3.4694e-18,0,-0.0039349,0.0037929,3.4694e-18,-3.4694e-18,-0.0038755,0.0037757,3.4694e-18,-3.4694e-18,-0.0036446,0.0041105,0,0,0.00085579,1.7347e-18,0,0
0,-0.0033051,0.0042131,0,0,-0.0039365,0.0039573,0,0,-0.0039514,0.0039516,0,0,-0.0039517,0.0039514,0,0,-0.0039516,0.0039515,0,0,-0.0039516,0.0039515,0,0,-0.0039517,0.0039516,0,0,-0.0039518,0.0039516,0,0,-0.0039517,0.0039517,0,0,-0.0039514,0.0039518,0,0,-0.0039579,0.0039442,0,0,-0.0039527,0.00393,0,0,-0.0037431,0.0041317,0,0,-0.0020567,0.00050387,0.00055559,-1.7347e-18,-0.0047842,-0.0011388,0.0026819,-0.0050551,-0.0034018,0.0011476,0.0035062,-0.0041652,-0.0020293,0.0020204,0.0040842,-0.0041554,-0.0020979,0.0019322,0.0039943,-0.0040813,-0.0020541,0.0019053,0.0039342,-0.0040123,-0.0020133,0.0018852,0.0038859,-0.0039546,-0.0019797,0.0018664,0.003843,-0.0039046,-0.0019518,0.0018469,0.0038026,-0.0038529,-0.0019159,0.0018495,0.0038088,-0.0037166,-0.0016806,0.0023159,0.0049032,-0.0011583,0.0029534,0.0042716,3.4694e-18,0
-0.0033451,-0.0044992,0.004396,0.0040773,-0.0039518,-0.0045784,0.0045344,0.0039903,-0.0039872,-0.0045492,0.004548,0.0039882,-0.003988,-0.0045481,0.0045484,0.0039882,-0.003988,-0.0045481,0.0045484,0.0039882,-0.003988,-0.004548,0.0045485,0.0039882,-0.003988,-0.004548,0.0045485,0.0039882,-0.003988,-0.0045479,0.0045484,0.0039883,-0.0039879,-0.0045481,0.0045483,0.0039883,-0.0039878,-0.0045498,0.0045462,0.0039881,-0.0039986,-0.0045025,0.0046108,0.0039488,-0.0039339,-0.00472,0.0043491,0.0040836,-0.0036729,-0.0063511,0.0018299,0.0034587,-0.0042931,-0.0061225,-0.0018965,0.00014894,-0.0050455,-0.0045446,-0.00077157,0.00092975,-0.0029796,-0.0019578,0.00076102,0.0017298,-0.0021222,-0.0012801,0.0011964,0.0019791,-0.002045,-0.0012822,0.0011524,0.001934,-0.00201,-0.0012546,0.0011401,0.0019086,-0.0019758,-0.0012303,0.0011289,0.001886,-0.0019463,-0.00121,0.0011175,0.0018648,-0.0019187,-0.0011901,0.0011092,0.0018482,-0.0018913,-0.0011658,0.0011182,0.001873,-0.0017747,-0.00093336,0.0016083,0.0029819,0.00062786,0.0035999,0.0060438,0.0025099,0.0039609
0,-0.0033917,0.0042818,0,0,-0.0040102,0.0040305,0,0,-0.0040248,0.0040249,0,0,-0.0040251,0.0040248,0,0,-0.004025,0.0040248,0,0,-0.004025,0.0040248,0,0,-0.004025,0.0040248,0,0,-0.004025,0.0040248,0,0,-0.004025,0.0040249,0,0,-0.0040231,0.0040305,0,0,-0.004074,0.0039095,0,0,-0.0038582,0.0041384,0,0,-0.0025252,0.0023007,0.00024755,1.7347e-18,-0.0043141,-0.0020906,0.0021385,-0.0053233,-0.00394,0.00076638,0.0033438,-0.0045885,-0.002338,0.0018004,0.0039443,-0.0041715,-0.0020895,0.0019218,0.0039751,-0.0040585,-0.0020409,0.0018908,0.003913,-0.003992,-0.0019997,0.0018734,0.0038675,-0.0039367,-0.0019686,0.001853,0.0038231,-0.0038868,-0.0019412,0.001832,0.0037799,-0.0038362,-0.0019103,0.0018203,0.0037486,-0.0037935,-0.0018812,0.0018218,0.0037565,-0.0036629,-0.0016516,0.0022832,0.0048444,-0.001115,0.0029683,0.0043403,0,0
-2.7756e-17,0,0,0,0,0,0,0,0,0,0,2.7756e-17,0,0,0,2.7756e-17,0,0,0,0,0,0,0,0,0,0,0,0,0,0,0,0,0,0,0,0,0,0,0,0,0,0,0,0,-2.7756e-17,0,0,0,-2.7756e-17,0,0.0022836,-1.3878e-17,1.3878e-17,0,-0.00012414,0,0,-0.0052817,0.0032322,0,0,-0.004125,0.0040135,0,0,-0.0041684,0.0039198,3.4694e-18,-3.4694e-18,-0.0040663,0.0038732,0,0,-0.003993,0.0038355,0,-3.4694e-18,-0.0039397,0.0037931,0,0,-0.0038908,0.0037503,0,0,-0.0038366,0.0037238,3.4694e-18,-3.4694e-18,-0.0037923,0.0037064,0,0,-0.0035721,0.0040329,0,0,0.00093137,1.7347e-18,-1.3878e-17,0
0,-0.0034047,0.0042892,0,0,-0.0040198,0.0040399,0,0,-0.0040343,0.0040344,0,0,-0.0040345,0.0040342,0,0,-0.0040345,0.0040343,0,0,-0.0040345,0.0040344,0,0,-0.0040346,0.0040344,0,0,-0.0040346,0.0040345,0,0,-0.0040345,0.0040345,0,0,-0.0040397,0.0040309,0,0,-0.0040268,0.0040026,0,0,-0.0036241,0.0045834,0,0,-0.002508,0.00080028,0.00074987,-1.7347e-18,-0.004828,-0.0015418,0.0021186,-0.0052167,-0.0028094,0.0014778,0.0036806,-0.0041425,-0.0020495,0.0019735,0.0040294,-0.0041224,-0.0020855,0.0018973,0.0039387,-0.0040308,-0.0020265,0.001881,0.003887,-0.0039621,-0.0019846,0.0018652,0.0038438,-0.0039095,-0.0019556,0.0018446,0.0038004,-0.0038609,-0.0019284,0.0018251,0.0037595,-0.0038124,-0.0018988,0.0018137,0.0037294,-0.0037722,-0.0018719,0.001814,0.0037367,-0.0036424,-0.0016431,0.0022735,0.0048191,-0.0011067,0.002954,0.0043585,3.4694e-18,0
-0.0034471,-0.0044327,0.0043563,0.0041576,-0.0040353,-0.0045268,0.0044846,0.0040729,-0.0040699,-0.0044987,0.0044976,0.0040709,-0.0040706,-0.0044977,0.0044981,0.0040708,-0.0040706,-0.0044977,0.0044981,0.0040708,-0.0040706,-0.0044975,0.0044981,0.0040709,-0.0040706,-0.0044976,0.0044981,0.0040709,-0.0040706,-0.0044975,0.004498,0.004071,-0.0040705,-0.0044987,0.004497,0.0040701,-0.0040817,-0.004453,0.0045465,0.0040406,-0.0039707,-0.0049279,0.0039275,0.0043757,-0.0038167,-0.0063091,0.00089425,0.0025029,-0.0048652,-0.0065711,-0.0014364,0.00030109,-0.0046332,-0.0042969,-0.00075402,0.00087419,-0.0027347,-0.0017033,0.00092486,0.0018153,-0.0020948,-0.0012852,0.0011705,0.0019514,-0.0020362,-0.0012813,0.0011283,0.001905,-0.0019886,-0.0012409,0.0011242,0.0018843,-0.0019512,-0.0012139,0.0011157,0.0018638,-0.0019226,-0.0011948,0.001104,0.0018428,-0.0018955,-0.0011749,0.0010964,0.0018261,-0.0018719,-0.0011582,0.001089,0.0018115,-0.0018498,-0.0011392,0.0010951,0.0018351,-0.0017348,-0.00090838,0.0015826,0.0029347,0.00064086,0.003575,0.0061015,0.0026211,0.0040314
0,-0.0034898,0.0043577,0,0,-0.004093,0.0041127,0,0,-0.0041072,0.0041072,0,0,-0.0041074,0.0041071,0,0,-0.0041074,0.0041071,0,0,-0.0041074,0.0041071,0,0,-0.0041074,0.0041071,0,0,-0.0041074,0.0041071,0,0,-0.0041059,0.0041117,0,0,-0.0041619,0.0039798,0,0,-0.0036991,0.0047704,0,0,-0.0026847,0.00052137,0.0023214,-0.00072571,-0.0054036,-0.0015534,0.002124,-0.0057554,-0.003321,0.0011007,0.0035269,-0.0045068,-0.0022817,0.0018397,0.0039599,-0.0041488,-0.002089,0.0018981,0.0039417,-0.0040427,-0.002041,0.001858,0.0038658,-0.0039556,-0.0019826,0.0018476,0.0038222,-0.0038934,-0.0019462,0.0018298,0.003779,-0.0038422,-0.0019176,0.0018102,0.0037373,-0.0037922,-0.0018861,0.0018007,0.0037082,-0.0037555,-0.0018665,0.001785,0.0036766,-0.0037184,-0.0018424,0.0017827,0.0036818,-0.0035853,-0.0016092,0.0022483,0.0047681,-0.0010704,0.0029631,0.0044257,3.4694e-18,0
0,0,0,0,-2.7756e-17,0,0,0,0,0,0,2.7756e-17,0,0,0,0,0,0,0,0,0,0,0,0,0,0,0,0,0,0,0,0,-2.7756e-17,0,0,0,0,0,0,0,-2.7756e-17,0,0,0,-2.7756e-17,0,0.0039885,-1.3878e-17,1.3878e-17,1.7347e-18,-0.00014299,3.4694e-18,0,-0.0042785,0.0037806,0,0,-0.0042098,0.0039745,0,0,-0.0041625,0.003888,0,-3.4694e-18,-0.0040592,0.0038205,0,-3.4694e-18,-0.00396,0.0037879,3.4694e-18,0,-0.0038983,0.0037478,3.4694e-18,-3.4694e-18,-0.0038465,0.0037077,3.4694e-18,0,-0.0037912,0.0036857,0,-3.4694e-18,-0.0037583,0.0036527,0,0,-0.0037193,0.0036304,3.4694e-18,0,-0.0034912,0.00397,0,0,0.00098681,3.1851e-05,0,0
0,-0.0035025,0.0043651,0,0,-0.0041024,0.0041219,0,0,-0.0041165,0.0041165,0,0,-0.0041168,0.0041164,0,0,-0.0041167,0.0041165,0,0,-0.0041167,0.0041165,0,0,-0.0041168,0.0041166,0,0,-0.0041169,0.0041165,0,0,-0.0041209,0.004114,0,0,-0.0041267,0.0040587,0,0,-0.0034023,0.0043452,0,0,-0.0027596,-0.00025849,0.0027728,-0.0012593,-0.0059008,-0.0010447,0.002122,-0.0044313,-0.0021729,0.0018759,0.0039385,-0.004161,-0.0020937,0.0019397,0.0040038,-0.0041151,-0.0020854,0.0018788,0.0039118,-0.0040172,-0.0020273,0.0018508,0.0038444,-0.0039315,-0.0019714,0.0018386,0.0038,-0.0038709,-0.0019364,0.0018199,0.0037562,-0.0038186,-0.0019063,0.0018025,0.0037169,-0.0037692,-0.0018749,0.0017939,0.0036891,-0.0037349,-0.0018578,0.0017767,0.003657,-0.0036975,-0.0018328,0.0017759,0.0036636,-0.0035653,-0.0016006,0.0022397,0.0047446,-0.0010643,0.0029472,0.004444,0,0
-0.0035472,-0.0043681,0.0043166,0.004237,-0.0041178,-0.004476,0.0044353,0.0041545,-0.0041515,-0.0044489,0.0044479,0.0041525,-0.0041521,-0.0044478,0.0044484,0.0041524,-0.0041521,-0.0044478,0.0044484,0.0041524,-0.0041521,-0.0044478,0.0044484,0.0041524,-0.0041521,-0.0044478,0.0044483,0.0041524,-0.0041521,-0.0044478,0.0044491,0.004151,-0.0041608,-0.0044114,0.0044856,0.0041281,-0.0040794,-0.0047822,0.0039476,0.0044254,-0.0037294,-0.0060634,-0.0002028,0.0015148,-0.0053215,-0.0064351,-0.0014242,0.00071262,-0.0044934,-0.0036012,-0.00036632,0.0010561,-0.0023956,-0.0014036,0.0011256,0.0019315,-0.0020717,-0.0012938,0.0011534,0.0019367,-0.0020337,-0.001281,0.0011178,0.0018917,-0.0019844,-0.0012426,0.0011071,0.0018643,-0.0019414,-0.0012105,0.0010985,0.0018417,-0.0019075,-0.0011868,0.0010875,0.0018199,-0.0018763,-0.0011634,0.0010813,0.0018037,-0.0018503,-0.0011441,0.0010761,0.0017897,-0.0018317,-0.0011331,0.001065,0.0017735,-0.0018089,-0.0011119,0.0010748,0.0018003,-0.0016958,-0.00088314,0.0015601,0.0028906,0.00064856,0.0035455,0.0061593,0.0027309,0.0041017
0,-0.0035865,0.0044323,0,0,-0.0041742,0.0041935,0,0,-0.0041881,0.0041881,0,0,-0.0041884,0.004188,0,0,-0.0041883,0.004188,0,0,-0.0041883,0.004188,0,0,-0.0041883,0.0041881,0,0,-0.0041877,0.0041901,0,0,-0.0042315,0.0040885,0,0,-0.0038832,0.0046808,0,0,-0.0022622,-0.0011343,0.0039384,-0.0022572,-0.0062055,-0.00099852,0.0023625,-0.0052942,-0.0028847,0.0014009,0.0037126,-0.0043735,-0.0021891,0.0018995,0.003988,-0.0041171,-0.0020785,0.0018889,0.0039255,-0.0040314,-0.002036,0.0018481,0.003849,-0.003945,-0.0019809,0.0018312,0.0037974,-0.0038786,-0.0019434,0.001807,0.0037445,-0.0038172,-0.0019082,0.0017856,0.0036973,-0.0037582,-0.0018704,0.0017765,0.0036659,-0.0037157,-0.0018457,0.0017636,0.0036349,-0.0036812,-0.0018285,0.001745,0.0036014,-0.0036393,-0.0017971,0.0017536,0.003618,-0.0035158,-0.0015724,0.002214,0.0046945,-0.0010361,0.0029477,0.004512,0,0
0,0,0,0,0,0,0,0,0,0,0,2.7756e-17,0,0,0,0,-2.7756e-17,0,0,2.7756e-17,-2.7756e-17,0,0,2.7756e-17,-2.7756e-17,0,0,0,0,0,0,0,0,0,0,0,0,0,0,0,0,0,0.0015372,-1.3878e-17,1.3878e-17,-0.0017053,0.00066491,3.4694e-18,-3.4694e-18,-0.0039434,0.0040506,0,0,-0.0042588,0.0039443,0,0,-0.0041374,0.0038779,0,-3.4694e-18,-0.0040463,0.0038064,0,-3.4694e-18,-0.0039519,0.0037652,3.4694e-18,-3.4694e-18,-0.0038898,0.003711,0,0,-0.0038263,0.003665,3.4694e-18,0,-0.0037604,0.0036414,0,0,-0.003719,0.0036117,3.4694e-18,0,-0.003686,0.0035757,3.4694e-18,0,-0.0036353,0.0035724,0,-3.4694e-18,-0.0034232,0.0039078,0,0,0.00099692,0.00019595,0,0
0,-0.003599,0.0044396,0,0,-0.0041835,0.0042026,0,0,-0.0041972,0.0041973,0,0,-0.0041974,0.0041971,0,0,-0.0041975,0.0041972,0,0,-0.0041974,0.0041973,0,0,-0.0041975,0.0041972,0,0,-0.0041993,0.004196,0,0,-0.0042282,0.004121,0,0,-0.003619,0.0047601,0,0,-0.0022714,-0.00198,0.0030239,-0.0027592,-0.0057404,-0.00036525,0.0024752,-0.0041647,-0.0019552,0.0020461,0.0040799,-0.0041905,-0.0021298,0.0019093,0.0039774,-0.0040947,-0.002072,0.0018751,0.0038993,-0.0040038,-0.0020205,0.0018434,0.0038305,-0.0039203,-0.001968,0.0018264,0.0037804,-0.0038589,-0.0019349,0.0017989,0.0037258,-0.0037976,-0.0018988,0.0017787,0.0036797,-0.0037393,-0.0018615,0.0017699,0.0036485,-0.0036985,-0.001839,0.0017548,0.0036158,-0.003663,-0.0018205,0.0017375,0.0035835,-0.00362,-0.0017878,0.0017478,0.0036015,-0.0034987,-0.0015663,0.0022038,0.0046702,-0.0010315,0.0029313,0.0045303,0,0
-0.0036466,-0.0043042,0.0042774,0.0043153,-0.0041993,-0.0044259,0.0043867,0.0042349,-0.0042321,-0.0044,0.0043987,0.004233,-0.0042328,-0.0043988,0.0043993,0.004233,-0.0042327,-0.0043988,0.0043993,0.0042329,-0.0042327,-0.0043988,0.0043992,0.0042329,-0.0042327,-0.0043986,0.0043999,0.0042321,-0.0042364,-0.0043829,0.0044161,0.0042198,-0.0042165,-0.0044855,0.0042229,0.00433,-0.003786,-0.0062173,0.00055651,0.0022151,-0.0048541,-0.0063421,-0.0026072,1.4658e-05,-0.0043124,-0.0031049,-1.8953e-05,0.0012597,-0.0022403,-0.0012859,0.0012103,0.0019865,-0.0020688,-0.0013071,0.0011353,0.0019221,-0.0020259,-0.0012736,0.0011157,0.0018858,-0.0019775,-0.0012385,0.0011023,0.0018567,-0.0019355,-0.0012076,0.0010919,0.0018319,-0.0019027,-0.0011867,0.0010755,0.0018052,-0.0018689,-0.0011611,0.0010675,0.0017862,-0.0018392,-0.0011389,0.0010617,0.0017702,-0.0018172,-0.0011248,0.0010511,0.0017524,-0.0017958,-0.00111,0.0010431,0.0017386,-0.001771,-0.0010856,0.0010576,0.0017688,-0.0016629,-0.00086423,0.0015339,0.0028444,0.00065299,0.0035141,0.0062171,0.00284,0.0041707
0,-0.0036825,0.0045063,0,0,-0.0042549,0.0042737,0,0,-0.0042684,0.0042685,0,0,-0.0042687,0.0042683,0,0,-0.0042686,0.0042684,0,0,-0.0042686,0.0042684,0,0,-0.0042684,0.0042689,0,0,-0.0042867,0.0042278,0,0,-0.0042003,0.0043259,0,0,-0.0024348,0.00038507,0.0021167,-0.00034226,-0.0051183,-0.0022211,0.001679,-0.0053719,-0.002773,0.0015247,0.0037968,-0.0042908,-0.002135,0.0019298,0.0040006,-0.0041032,-0.0020779,0.0018751,0.0039076,-0.0040176,-0.0020269,0.0018433,0.0038373,-0.0039325,-0.0019747,0.0018236,0.0037837,-0.0038658,-0.0019368,0.0018,0.0037307,-0.0038067,-0.0019052,0.0017732,0.0036779,-0.0037451,-0.0018662,0.0017614,0.0036417,-0.0036981,-0.0018393,0.0017456,0.0036055,-0.0036582,-0.0018187,0.0017254,0.0035671,-0.0036151,-0.0017926,0.0017143,0.0035395,-0.0035746,-0.001762,0.0017239,0.0035572,-0.0034559,-0.0015443,0.002174,0.0046167,-0.001002,0.002933,0.0045976,3.4694e-18,0
0,0,0,2.7756e-17,0,0,0,0,0,0,0,2.7756e-17,0,0,0,0,-2.7756e-17,0,0,0,0,0,0,2.7756e-17,0,0,0,0,0,0,0,0,0,0,0,2.7756e-17,0,0,0.0040409,-1.3878e-17,1.3878e-17,1.7347e-18,-0.00050378,3.4694e-18,-3.4694e-18,-0.0040054,0.0040602,0,0,-0.0042445,0.0039392,0,0,-0.004126,0.003861,3.4694e-18,-3.4694e-18,-0.0040308,0.0037959,0,-3.4694e-18,-0.0039402,0.0037514,3.4694e-18,-3.4694e-18,-0.0038764,0.0036995,3.4694e-18,-3.4694e-18,-0.0038175,0.0036467,3.4694e-18,0,-0.0037496,0.0036182,0,-3.4694e-18,-0.0037051,0.0035826,0,-3.4694e-18,-0.0036665,0.0035421,0,0,-0.0036187,0.0035176,0,0,-0.0035728,0.0035135,0,-3.4694e-18,-0.0033677,0.0038378,0,0,0.0010095,0.00035876,-1.3878e-17,0
0,-0.0036944,0.0045137,0,0,-0.004264,0.0042827,0,0,-0.0042774,0.0042775,0,0,-0.0042777,0.0042773,0,0,-0.0042777,0.0042773,0,0,-0.0042776,0.0042774,0,0,-0.0042782,0.0042769,0,0,-0.0043009,0.004234,0,0,-0.0039942,0.0046612,0,0,-0.0023273,-0.00068398,0.0025619,-0.00085209,-0.0056589,-0.0013783,0.0019884,-0.0044311,-0.0020518,0.0020207,0.0040837,-0.0041865,-0.0021273,0.0019023,0.0039652,-0.0040803,-0.0020657,0.0018666,0.0038849,-0.0039898,-0.0020123,0.0018382,0.0038187,-0.0039083,-0.0019621,0.0018189,0.0037672,-0.0038457,-0.0019277,0.0017931,0.0037139,-0.0037872,-0.001895,0.0017684,0.0036636,-0.0037272,-0.0018569,0.0017569,0.0036281,-0.0036836,-0.0018335,0.0017386,0.0035902,-0.0036438,-0.0018128,0.0017186,0.0035521,-0.0035995,-0.0017852,0.0017093,0.0035263,-0.0035601,-0.0017563,0.0017173,0.0035424,-0.0034424,-0.0015405,0.0021634,0.0045939,-0.00099883,0.0029162,0.0046155,0,0
-0.0037426,-0.0042427,0.0042362,0.0043934,-0.0042799,-0.0043756,0.0043375,0.0043148,-0.004312,-0.0043504,0.0043493,0.004313,-0.0043127,-0.0043493,0.0043499,0.0043129,-0.0043126,-0.0043493,0.0043499,0.0043129,-0.0043126,-0.0043492,0.0043502,0.0043126,-0.0043137,-0.0043453,0.0043542,0.004307,-0.0043228,-0.0043144,0.0043548,0.0043119,-0.0039542,-0.0061768,0.0017924,0.003409,-0.0044376,-0.0060834,-0.0025254,3.9769e-05,-0.0049142,-0.0039886,-0.00061769,0.00092689,-0.0023974,-0.0013484,0.0011869,0.0019789,-0.0020648,-0.0013056,0.0011293,0.0019141,-0.0020179,-0.0012689,0.0011109,0.001878,-0.0019696,-0.0012331,0.0010986,0.0018498,-0.0019285,-0.0012038,0.0010866,0.0018241,-0.001895,-0.0011817,0.0010715,0.0017979,-0.0018627,-0.0011584,0.0010607,0.0017766,-0.0018325,-0.0011358,0.0010539,0.0017591,-0.0018104,-0.0011222,0.0010414,0.0017391,-0.0017887,-0.0011075,0.0010312,0.0017221,-0.0017643,-0.0010883,0.0010283,0.0017122,-0.0017424,-0.0010683,0.0010392,0.0017394,-0.0016367,-0.00085101,0.0015073,0.0028001,0.00065526,0.0034817,0.0062729,0.0029457,0.0042422
0,-0.0037744,0.0045811,0,0,-0.0043348,0.0043533,0,0,-0.004348,0.0043482,0,0,-0.0043484,0.004348,0,0,-0.0043482,0.004348,0,0,-0.0043482,0.004348,0,0,-0.0043524,0.0043402,0,0,-0.0044017,0.004183,0,0,-0.0028626,0.0025871,7.4981e-05,1.7347e-18,-0.0040721,-0.002839,0.0014211,-0.0058906,-0.003258,0.0011595,0.0035556,-0.0043488,-0.0021464,0.0019188,0.0039853,-0.004087,-0.0020717,0.0018657,0.0038891,-0.0039993,-0.0020181,0.001836,0.0038204,-0.0039151,-0.0019665,0.0018166,0.0037671,-0.0038493,-0.0019299,0.0017912,0.0037129,-0.0037891,-0.0018969,0.0017659,0.0036609,-0.0037289,-0.00186,0.0017511,0.003622,-0.0036808,-0.0018322,0.0017353,0.003585,-0.0036426,-0.0018134,0.0017133,0.0035454,-0.0036012,-0.0017888,0.0016988,0.0035136,-0.0035588,-0.0017613,0.0016929,0.0034922,-0.0035254,-0.0017381,0.0016964,0.0035047,-0.0034071,-0.0015228,0.0021389,0.0045488,-0.00097532,0.0029141,0.0046771,0,0
0,0,0,0,0,0,0,0,0,0,0,0,0,0,0,0,0,0,0,2.7756e-17,-2.7756e-17,0,0,0,0,0,0,0,0,0,0,0,-2.7756e-17,0,0.0018461,-1.3878e-17,0,-3.4694e-18,-0.0010895,3.4694e-18,-3.4694e-18,-0.0043043,0.0037988,0,0,-0.004197,0.0039365,0,0,-0.0041114,0.0038438,0,0,-0.0040135,0.0037817,3.4694e-18,0,-0.0039248,0.0037371,0,0,-0.0038622,0.0036832,0,-3.4694e-18,-0.0038016,0.0036321,3.4694e-18,0,-0.003736,0.0035998,0,-3.4694e-18,-0.00369,0.0035641,0,0,-0.0036558,0.0035206,3.4694e-18,0,-0.0036095,0.0034919,3.4694e-18,0,-0.0035626,0.0034754,3.4694e-18,0,-0.003528,0.0034628,0,0,-0.0033227,0.0037809,0,0,0.0010143,0.00050446,-1.3878e-17,0
0,-0.0037844,0.0045896,0,0,-0.0043433,0.0043622,0,0,-0.0043568,0.0043569,0,0,-0.0043572,0.0043567,0,0,-0.0043571,0.0043568,0,0,-0.0043571,0.0043565,0,0,-0.0043725,0.0043367,0,0,-0.0042396,0.0044463,0,0,-0.0026763,0.00083402,0.00055999,-1.7347e-18,-0.0045467,-0.0022358,0.0015041,-0.0047071,-0.0022507,0.0018618,0.0039593,-0.0041685,-0.0021011,0.0019033,0.0039567,-0.004064,-0.0020562,0.0018561,0.0038698,-0.0039742,-0.0020013,0.0018297,0.0038053,-0.0038943,-0.0019528,0.0018097,0.003753,-0.0038322,-0.001919,0.0017828,0.0036989,-0.0037723,-0.0018851,0.0017594,0.0036493,-0.0037137,-0.0018488,0.001745,0.0036109,-0.0036704,-0.0018265,0.0017234,0.0035664,-0.0036403,-0.0018159,0.0016961,0.003524,-0.0035964,-0.0017861,0.0016903,0.003501,-0.003549,-0.0017556,0.0016872,0.0034819,-0.0035151,-0.0017329,0.00169,0.0034938,-0.0033962,-0.0015167,0.002133,0.0045369,-0.0009687,0.0029049,0.0046905,3.4694e-18,0
-0.0038306,-0.0041433,0.0041565,0.0044721,-0.004357,-0.0042939,0.0042539,0.004393,-0.0043899,-0.0042678,0.0042666,0.004391,-0.0043906,-0.0042666,0.0042673,0.0043909,-0.0043905,-0.0042666,0.0042674,0.0043907,-0.0043906,-0.0042662,0.0042694,0.0043872,-0.0044093,-0.004187,0.0043373,0.0043555,-0.004108,-0.0055891,0.0024368,0.0044168,-0.0042995,-0.0060992,-0.0020327,-1.5147e-05,-0.005194,-0.0048395,-0.0012462,0.00052704,-0.0025539,-0.0014474,0.0010962,0.0018931,-0.0020321,-0.0012845,0.0011179,0.0018778,-0.0019771,-0.0012524,0.0010938,0.001838,-0.0019289,-0.0012152,0.0010834,0.001811,-0.0018892,-0.0011878,0.0010698,0.0017841,-0.0018558,-0.0011658,0.0010542,0.0017575,-0.0018226,-0.0011415,0.0010444,0.0017366,-0.001793,-0.0011203,0.0010349,0.0017157,-0.0017742,-0.0011118,0.001014,0.0016818,-0.0017782,-0.0011219,0.00098825,0.0016648,-0.0017609,-0.0010943,0.0010031,0.0016759,-0.0017264,-0.0010677,0.0010083,0.0016727,-0.0017039,-0.0010491,0.0010176,0.0016992,-0.0015967,-0.00082942,0.0014877,0.0027604,0.00069185,0.0034738,0.0063132,0.003034,0.0043132
0,-0.0038469,0.0046599,0,0,-0.0044068,0.0044277,0,0,-0.0044216,0.0044218,0,0,-0.0044219,0.0044216,0,0,-0.0044218,0.0044215,0,0,-0.0044212,0.0044245,0,0,-0.0045164,0.0041902,0,0,-0.0032147,0.0031527,-1.7347e-18,0,-0.0036142,-0.0026872,0.0015236,-0.0054055,-0.0039583,0.00059521,0.0030343,-0.0042551,-0.002137,0.0018507,0.0037726,-0.0038923,-0.0020255,0.0018209,0.0036912,-0.0037994,-0.0019721,0.0017888,0.0036201,-0.003714,-0.001918,0.0017723,0.0035695,-0.0036512,-0.0018848,0.0017439,0.0035126,-0.0035898,-0.0018509,0.0017183,0.0034601,-0.0035283,-0.0018127,0.0017047,0.0034217,-0.0034803,-0.0017863,0.0016851,0.0033782,-0.0034497,-0.0017794,0.0016455,0.0033148,-0.0034796,-0.0018162,0.001596,0.0033161,-0.0034845,-0.0017669,0.0016388,0.0033615,-0.0034306,-0.001724,0.0016495,0.0033554,-0.0033922,-0.0016985,0.0016543,0.0033704,-0.0032704,-0.0014766,0.0021066,0.004427,-0.00080746,0.0029598,0.0047143,0,0
-2.7756e-17,0,0,0,-2.7756e-17,0,0,0,0,0,0,0,-2.7756e-17,0,0,2.7756e-17,0,0,0,0,0,0,0,2.7756e-17,0,0,0,0,0,0,0.00025,0,0,0,-0.00089634,0,0,-0.0050961,0.0032287,3.4694e-18,0,-0.0040923,0.0038866,3.4694e-18,-3.4694e-18,-0.0040507,0.0037807,3.4694e-18,0,-0.0039508,0.0037172,3.4694e-18,-3.4694e-18,-0.0038585,0.0036774,0,-3.4694e-18,-0.0038014,0.0036191,0,-3.4694e-18,-0.0037387,0.0035677,0,0,-0.0036715,0.0035368,3.4694e-18,0,-0.0036264,0.0034961,3.4694e-18,-3.4694e-18,-0.0036185,0.0034157,3.4694e-18,-3.4694e-18,-0.003717,0.0032878,0,-3.4694e-18,-0.0035978,0.0033857,3.4694e-18,0,-0.0035112,0.003409,0,0,-0.0034703,0.0033997,3.4694e-18,0,-0.003251,0.0037402,0,0,0.0011451,0.00052685,-1.3878e-17,0
0,-0.0036614,0.0046284,0,0,-0.0043096,0.0043396,0,0,-0.0043307,0.0043311,0,0,-0.0043311,0.0043308,0,0,-0.0043311,0.0043304,0,0,-0.00434,0.0043222,0,0,-0.0043279,0.004249,0,0,-0.0028649,0.0020019,-1.7347e-18,0,-0.0038714,-0.0023656,0.0018211,-0.005555,-0.0028449,0.0016025,0.0039992,-0.0044449,-0.0021634,0.0019935,0.0042286,-0.004329,-0.0021355,0.0019363,0.0041389,-0.0042417,-0.0020806,0.0019101,0.0040759,-0.0041622,-0.0020301,0.0018939,0.0040289,-0.0041061,-0.0020009,0.0018646,0.0039744,-0.0040478,-0.0019668,0.0018417,0.0039266,-0.0039892,-0.0019294,0.00183,0.0038927,-0.0039454,-0.0019061,0.0018043,0.0038332,-0.003951,-0.0019605,0.0016746,0.0036179,-0.0041848,-0.0022928,0.0013603,0.0033843,-0.0039885,-0.002012,0.0016369,0.0035729,-0.0037369,-0.001839,0.001737,0.0036179,-0.0036662,-0.0018022,0.0017441,0.003634,-0.0035322,-0.0015563,0.0022455,0.0047979,-0.00092702,0.0030874,0.0044356,0,0
-0.0027481,-0.0038255,0.0038758,0.0038922,-0.0036609,-0.0042063,0.0041289,0.0037346,-0.0037282,-0.0041571,0.0041543,0.0037302,-0.0037298,-0.004155,0.0041553,0.0037301,-0.0037296,-0.0041548,0.0041594,0.0037269,-0.0037453,-0.0040955,0.0041766,0.0036917,-0.0035795,-0.0046971,0.0034871,0.0043155,-0.0033924,-0.0056069,-0.0010155,0.0014002,-0.0056176,-0.0059174,-0.0016397,-9.5882e-06,-0.0025106,-0.0017661,0.0009981,0.0013916,-0.0016561,-0.0013536,0.0011906,0.001513,-0.0016056,-0.0013219,0.0011677,0.0014913,-0.0015776,-0.0012864,0.0011596,0.0014776,-0.0015502,-0.0012591,0.0011501,0.0014677,-0.0015345,-0.0012421,0.0011342,0.0014546,-0.0015165,-0.0012196,0.0011258,0.0014439,-0.0014961,-0.0011977,0.0011214,0.0014381,-0.0014794,-0.0011819,0.0011012,0.0013867,-0.0015468,-0.0013192,0.00089696,0.0011512,-0.0022009,-0.0021515,0.00033461,0.0011104,-0.0022456,-0.0016363,0.00098367,0.0015826,-0.0018552,-0.001321,0.0012066,0.0017144,-0.0017725,-0.0012835,0.001216,0.0017463,-0.0016482,-0.0010197,0.0017738,0.0029987,0.00099628,0.0037492,0.005376,0.0016017,0.0037999
0,-0.0011469,0.003226,0,0,-0.0025532,0.0026079,0,0,-0.002592,0.002593,0,0,-0.0025928,0.0025927,0,0,-0.0025913,0.0025958,0,0,-0.0026703,0.0024164,0,0,-0.0019172,0.0038916,0,0,-0.0011545,-0.0019789,0.0019833,-0.00051051,-0.0050005,-0.00027043,0.002843,-0.002436,-0.0019909,0.0016206,0.0025045,-0.0024758,-0.0018429,0.0016066,0.0026204,-0.0025922,-0.0017658,0.0015773,0.0027051,-0.0026818,-0.0017045,0.0015601,0.0027662,-0.0027464,-0.0016676,0.0015302,0.0028298,-0.0028106,-0.0016338,0.001499,0.0028923,-0.0028752,-0.0015917,0.0014837,0.0029386,-0.0029246,-0.0015601,0.0014684,0.002979,-0.0029715,-0.0015224,0.0014405,0.0030199,-0.0029494,-0.0018012,0.0010995,0.0031151,-0.0027514,-0.0038536,0.00042665,0.0013933,-0.0033892,-0.0030527,0.0019362,0.0023428,-0.0028039,-0.0025201,0.0023708,0.0026026,-0.0026837,-0.0024808,0.0023545,0.0026304,-0.0025595,-0.0022048,0.0028928,0.0039359,0.00050074,0.0028292,0.0018767,0,0
0,0,0,2.7756e-17,-2.7756e-17,0,0,0,-2.7756e-17,0,0,0,0,0,0,0,-2.7756e-17,0,0,0,-2.7756e-17,0,0,0,0,0,0,2.7756e-17,-2.7756e-17,0,0.001252,-1.3878e-17,1.3878e-17,0,-1.7347e-18,0,1.3878e-17,1.7347e-18,-1.7347e-18,-1.3878e-17,0,1.7347e-18,-1.7347e-18,0,0,1.7347e-18,-1.7347e-18,0,1.3878e-17,1.7347e-18,-1.7347e-18,0,1.3878e-17,1.7347e-18,-1.7347e-18,0,0,1.7347e-18,-1.7347e-18,0,0,1.7347e-18,-1.7347e-18,0,1.3878e-17,1.7347e-18,-1.7347e-18,0,1.3878e-17,1.7347e-18,-1.7347e-18,-1.3878e-17,1.3878e-17,1.7347e-18,0.00017902,0,0,0,0.0039412,6.9389e-18,-6.9389e-18,-0.0023583,0.0037918,0,-6.9389e-18,-0.0033478,0.0034481,0,0,-0.0033787,0.0035369,0,-6.9389e-18,-0.0035224,0.0034197,0,0,-0.0021019,0,0,2.7756e-17
