-0.29908,-0.051499,0.045413,0.27943,-0.28024,-0.046815,0.04673,0.28007,-0.2801,-0.046759,0.046757,0.28009,-0.28009,-0.046757,0.046758,0.28009,-0.28009,-0.046762,0.046748,0.28009,-0.27999,-0.046552,0.047211,0.28051,-0.28119,-0.048529,0.043474,0.27619,-0.27957,-0.049752,0.035716,0.2619,-0.26478,-0.040883,0.038289,0.2615,-0.26206,-0.039194,0.039208,0.26205,-0.2621,-0.039277,0.039074,0.26184,-0.2619,-0.039183,0.039031,0.26171,-0.26175,-0.039113,0.039002,0.26161,-0.26165,-0.039072,0.03896,0.2615,-0.26154,-0.039028,0.038919,0.2614,-0.26143,-0.038979,0.038895,0.26133,-0.26135,-0.038943,0.038873,0.26127,-0.26125,-0.038841,0.039161,0.26249,-0.26298,-0.039975,0.036419,0.25271,-0.25678,-0.044514,0.0093714,0.14214,-0.14647,-0.017477,0.011462,0.12452,-0.12517,-0.012741,0.012536,0.12468,-0.12478,-0.012704,0.012192,0.12297,-0.12296,-0.012206,0.012373,0.1227,-0.11774,-0.0052643,0.033375,0.19011,0.16929
-0.051411,-0.011953,0.0061856,0.04167,-0.042961,-0.0081376,0.0079277,0.04259,-0.042632,-0.0080012,0.0079952,0.04262,-0.042621,-0.0079969,0.0079972,0.042621,-0.042622,-0.0079976,0.0079976,0.042633,-0.042573,-0.0079106,0.0081337,0.042637,-0.043101,-0.008859,0.0066138,0.041215,-0.043389,-0.0097931,0.0037252,0.037834,-0.039741,-0.0070357,0.0058365,0.038359,-0.038713,-0.006434,0.0064075,0.038634,-0.038663,-0.0064558,0.0063705,0.038578,-0.038618,-0.006444,0.0063784,0.038549,-0.03858,-0.0064337,0.0063855,0.038529,-0.038555,-0.0064322,0.0063843,0.038505,-0.038531,-0.0064306,0.0063837,0.038482,-0.038504,-0.0064244,0.0063882,0.038467,-0.038483,-0.0064183,0.0063965,0.038467,-0.038425,-0.0063379,0.0065026,0.038516,-0.039322,-0.0077325,0.0043669,0.035434,-0.040537,-0.013354,0,0.01267,-0.017584,-0.0015378,0,0.011526,-0.012245,-0,0,0.011934,-0.012053,-0,0,0.01163,-0.011601,-0,0,0.012825,-0.0076158,-0,0.014578,0.049961,0.026968
-0.012985,-0.0030679,0,0.0055196,-0.007318,-0,0,0.0067256,-0.0067834,-0,0,0.0067655,-0.0067675,-0,0,0.0067668,-0.0067671,-0,0,0.0067767,-0.0067459,-0,0,0.0067129,-0.0069984,-0,0,0.0060743,-0.0073662,-0.00059013,0,0.0053911,-0.0067349,-0,0,0.0060667,-0.0063162,-0,0,0.0062345,-0.0062549,-0,0,0.0062264,-0.0062551,-0,0,0.006229,-0.0062512,-0,0,0.0062309,-0.0062499,-0,0,0.0062305,-0.0062492,-0,0,0.0062308,-0.0062471,-0,0,0.0062331,-0.0062437,-0,0,0.0062606,-0.0061816,-0,0,0.0060479,-0.0073426,-0.0012883,0,0.0026804,-0.0088423,-0.0048985,-0,0,-0.0013676,-0,0,0,-0,-0,0,0,-0,-0,0,0,-0,-0,0,0.00058511,-0,0,0.0090318,0.022763,0.0026246
-0.046414,-0.010469,0.0038277,0.035377,-0.036889,-0.0063947,0.0061496,0.036449,-0.036497,-0.0062343,0.0062274,0.036483,-0.036485,-0.0062294,0.0062297,0.036485,-0.036485,-0.0062289,0.0062311,0.036489,-0.036476,-0.0062223,0.0062251,0.036443,-0.03658,-0.0063851,0.006029,0.036315,-0.036913,-0.0066798,0.0057179,0.036451,-0.037048,-0.0063305,0.0060467,0.036814,-0.03693,-0.00618,0.0061576,0.036891,-0.036901,-0.0061724,0.0061559,0.036893,-0.036906,-0.0061703,0.0061566,0.036898,-0.036908,-0.0061679,0.0061576,0.036902,-0.03691,-0.0061671,0.0061575,0.036905,-0.036913,-0.0061665,0.0061574,0.036908,-0.036915,-0.006165,0.0061579,0.036911,-0.036915,-0.00616,0.0061672,0.036939,-0.03684,-0.0059762,0.0064678,0.037419,-0.038886,-0.0092015,0.001241,0.027242,-0.032962,-0.01134,0,0.0081895,-0.012772,-0,0,0.011053,-0.01148,-0,0,0.010857,-0.011,-0,0,0.010633,-0.0106,-0,0,0.011889,-0.0067847,-0,0.013526,0.044652,0.020748
-0.27568,-0.0425,0.035231,0.25347,-0.25468,-0.036966,0.036802,0.25437,-0.25441,-0.036857,0.036852,0.2544,-0.2544,-0.036853,0.036854,0.2544,-0.2544,-0.036853,0.036854,0.2544,-0.25439,-0.036852,0.036847,0.25438,-0.25443,-0.036904,0.036811,0.25434,-0.25457,-0.037033,0.036815,0.25442,-0.25464,-0.037027,0.036945,0.25456,-0.2546,-0.036995,0.036985,0.25459,-0.25459,-0.036991,0.036987,0.25459,-0.25459,-0.036992,0.036988,0.25459,-0.25459,-0.036992,0.036989,0.25459,-0.25459,-0.036993,0.03699,0.25459,-0.2546,-0.036994,0.036991,0.25459,-0.2546,-0.036994,0.036992,0.2546,-0.2546,-0.036991,0.036999,0.25461,-0.25451,-0.036789,0.037929,0.25853,-0.26012,-0.040737,0.026557,0.21472,-0.22016,-0.036662,0.0046215,0.1196,-0.12412,-0.011942,0.011148,0.12247,-0.12273,-0.011556,0.010869,0.12054,-0.12067,-0.011112,0.010641,0.11914,-0.11912,-0.010634,0.010827,0.11892,-0.11448,-0.0043247,0.028168,0.17737,0.13851
-0.047146,-0.010388,0.0034769,0.035842,-0.037425,-0.0061632,0.0059049,0.036961,-0.037012,-0.0059941,0.0059863,0.036997,-0.036999,-0.0059887,0.0059889,0.036999,-0.036999,-0.0059886,0.005989,0.036999,-0.036998,-0.0059888,0.0059846,0.03699,-0.037014,-0.006015,0.0059716,0.036963,-0.037057,-0.0060815,0.0059902,0.036968,-0.037059,-0.0060946,0.0060559,0.037012,-0.037033,-0.0060823,0.0060765,0.037024,-0.037027,-0.0060803,0.0060781,0.037025,-0.037027,-0.0060808,0.0060791,0.037025,-0.037027,-0.006081,0.0060799,0.037025,-0.037027,-0.0060814,0.0060804,0.037026,-0.037027,-0.0060819,0.006081,0.037026,-0.037027,-0.0060823,0.0060818,0.037027,-0.037025,-0.0060774,0.0060935,0.037055,-0.036941,-0.0058944,0.0063643,0.037367,-0.039432,-0.0098021,0.00017025,0.027259,-0.033192,-0.010505,0,0.0086696,-0.012638,-0,0,0.011305,-0.011529,-0,0,0.010954,-0.011102,-0,0,0.010733,-0.010706,-0,0,0.011886,-0.0070821,-0,0.012963,0.044488,0.020331
-0.012629,-0.0034183,0,0.0046186,-0.0065938,-0,0,0.0059498,-0.0060128,-0,0,0.0059933,-0.0059953,-0,0,0.0059948,-0.0059948,-0,0,0.005995,-0.0059945,-0,0,0.0059901,-0.0060031,-0,0,0.0059783,-0.0060282,-0,0,0.0059876,-0.0060354,-0,0,0.0060121,-0.0060231,-0,0,0.0060191,-0.0060199,-0,0,0.0060195,-0.0060201,-0,0,0.0060197,-0.0060203,-0,0,0.0060198,-0.0060205,-0,0,0.0060197,-0.0060205,-0,0,0.0060199,-0.0060205,-0,0,0.0060213,-0.0060177,-0,0,0.0060587,-0.0059328,-0,0,0.0055298,-0.0082733,-0.0030547,0,3.209e-05,-0.0067326,-0.0026206,0,0,-0.00020344,-0,0,0,-0,-0,0,0,-0,-0,0,0,-0,-0,0,0.00040032,-0,0,0.0078565,0.021096,0.00065689
-0.046495,-0.010391,0.0034006,0.035123,-0.036727,-0.0061253,0.0058628,0.036256,-0.036308,-0.005953,0.0059454,0.036293,-0.036295,-0.0059477,0.0059478,0.036294,-0.036294,-0.0059477,0.0059478,0.036294,-0.036294,-0.0059484,0.0059465,0.036293,-0.036298,-0.0059523,0.0059417,0.036289,-0.036309,-0.0059585,0.0059393,0.036295,-0.036314,-0.0059554,0.0059461,0.036306,-0.03631,-0.0059516,0.0059497,0.036309,-0.036309,-0.0059511,0.00595,0.036309,-0.036309,-0.0059509,0.0059499,0.036309,-0.036309,-0.0059507,0.00595,0.036309,-0.036309,-0.0059506,0.0059503,0.036309,-0.036309,-0.0059507,0.0059506,0.036309,-0.036309,-0.0059505,0.0059509,0.036311,-0.036307,-0.0059454,0.0059606,0.036336,-0.036226,-0.0057575,0.0062577,0.036663,-0.039423,-0.011262,0,0.019937,-0.025873,-0.0076005,0,0.0085292,-0.011733,-0,0,0.011297,-0.011426,-0,0,0.010872,-0.011018,-0,0,0.010672,-0.010646,-0,0,0.0118,-0.0070571,-0,0.012869,0.044046,0.019634
-0.27252,-0.042022,0.034646,0.25012,-0.25137,-0.036442,0.036268,0.25104,-0.25109,-0.036326,0.036321,0.25107,-0.25108,-0.036322,0.036323,0.25108,-0.25108,-0.036322,0.036322,0.25108,-0.25108,-0.036323,0.036322,0.25108,-0.25108,-0.036324,0.03632,0.25107,-0.25108,-0.036327,0.036321,0.25108,-0.25108,-0.036327,0.036324,0.25108,-0.25108,-0.036326,0.036326,0.25108,-0.25108,-0.036326,0.036326,0.25108,-0.25108,-0.036326,0.036325,0.25108,-0.25108,-0.036326,0.036326,0.25108,-0.25108,-0.036326,0.036326,0.25108,-0.25108,-0.036326,0.036326,0.25108,-0.25108,-0.036326,0.036327,0.25108,-0.25108,-0.036323,0.03633,0.25109,-0.251,-0.036133,0.037384,0.25571,-0.25848,-0.042312,0.017905,0.17962,-0.18505,-0.027874,0.0061929,0.11746,-0.12045,-0.010993,0.011376,0.12225,-0.12234,-0.011492,0.010816,0.12016,-0.12029,-0.01105,0.010612,0.11887,-0.11885,-0.010609,0.010767,0.11857,-0.1143,-0.0044522,0.027891,0.17641,0.13481
-0.04657,-0.010366,0.00335,0.035167,-0.036777,-0.0060844,0.0058204,0.036304,-0.036355,-0.0059114,0.0059032,0.03634,-0.036342,-0.0059059,0.0059058,0.036342,-0.036342,-0.005906,0.0059058,0.036342,-0.036342,-0.0059062,0.0059054,0.036342,-0.036342,-0.0059069,0.0059048,0.036341,-0.036343,-0.0059082,0.0059054,0.036341,-0.036343,-0.0059087,0.0059067,0.036342,-0.036343,-0.0059082,0.0059074,0.036343,-0.036342,-0.0059082,0.0059076,0.036343,-0.036343,-0.0059081,0.0059076,0.036343,-0.036343,-0.0059079,0.0059077,0.036343,-0.036343,-0.0059077,0.0059079,0.036342,-0.036343,-0.0059078,0.005908,0.036342,-0.036342,-0.0059073,0.0059091,0.036345,-0.036337,-0.0058996,0.0059176,0.036344,-0.036326,-0.0058319,0.0060186,0.036523,-0.039896,-0.011735,0,0.020022,-0.025833,-0.0065436,0,0.0090435,-0.01153,-0,0,0.011332,-0.01142,-0,0,0.010881,-0.011023,-0,0,0.010678,-0.010653,-0,0,0.011794,-0.0070923,-0,0.012798,0.043993,0.019559
-0.012567,-0.0033749,0,0.0044502,-0.0064396,-0,0,0.0057909,-0.0058543,-0,0,0.0058348,-0.0058364,-0,0,0.0058361,-0.0058359,-0,0,0.0058362,-0.0058358,-0,0,0.0058361,-0.0058359,-0,0,0.0058357,-0.0058365,-0,0,0.0058358,-0.0058367,-0,0,0.0058365,-0.0058364,-0,0,0.0058369,-0.0058363,-0,0,0.0058369,-0.0058365,-0,0,0.0058368,-0.0058366,-0,0,0.0058365,-0.0058366,-0,0,0.0058364,-0.0058364,-0,0,0.0058365,-0.005836,-0,0,0.0058416,-0.0058247,-0,0,0.0058371,-0.0059291,-0,0,0.0046436,-0.0088776,-0.0044352,0,0,-0.0041444,-0,0,0,-0,-0,0,0,-0,-0,0,0,-0,-0,0,0,-0,-0,0,0.00035881,-0,0,0.0077085,0.020805,0.00028733
-0.045852,-0.010225,0.0032065,0.034456,-0.036068,-0.0059426,0.0056784,0.035594,-0.035646,-0.0057693,0.0057614,0.035631,-0.035633,-0.005764,0.005764,0.035632,-0.035632,-0.005764,0.0057639,0.035633,-0.035632,-0.0057642,0.0057636,0.035633,-0.035632,-0.0057641,0.0057633,0.035633,-0.035633,-0.0057639,0.0057632,0.035632,-0.035633,-0.0057639,0.0057633,0.035633,-0.035633,-0.0057641,0.0057637,0.035633,-0.035632,-0.0057643,0.0057636,0.035633,-0.035632,-0.0057642,0.0057635,0.035633,-0.035632,-0.005764,0.0057636,0.035632,-0.035632,-0.0057639,0.0057638,0.035632,-0.035632,-0.0057639,0.0057641,0.035633,-0.035632,-0.0057628,0.0057661,0.035639,-0.035616,-0.0057252,0.0058269,0.035749,-0.035929,-0.0061708,0.0050985,0.033989,-0.038078,-0.012429,0,0.012805,-0.018316,-0.003314,0,0.010001,-0.011641,-0,0,0.011189,-0.011295,-0,0,0.010815,-0.01095,-0,0,0.010612,-0.010587,-0,0,0.011726,-0.007041,-0,0.012689,0.043595,0.018912
-0.26904,-0.041358,0.033964,0.24662,-0.24787,-0.035767,0.035592,0.24754,-0.24759,-0.035651,0.035646,0.24757,-0.24758,-0.035647,0.035647,0.24758,-0.24758,-0.035647,0.035647,0.24758,-0.24758,-0.035647,0.035647,0.24758,-0.24758,-0.035647,0.035646,0.24758,-0.24758,-0.035647,0.035646,0.24758,-0.24758,-0.035647,0.035647,0.24758,-0.24758,-0.035647,0.035647,0.24758,-0.24758,-0.035647,0.035647,0.24758,-0.24758,-0.035647,0.035646,0.24758,-0.24757,-0.035647,0.035646,0.24758,-0.24758,-0.035647,0.035647,0.24758,-0.24758,-0.035647,0.035647,0.24758,-0.24757,-0.035646,0.03565,0.24758,-0.24755,-0.035604,0.035822,0.24831,-0.24858,-0.036226,0.034579,0.24415,-0.24813,-0.041806,0.0096159,0.14434,-0.14937,-0.018494,0.0091563,0.12044,-0.12175,-0.011302,0.011187,0.12161,-0.12171,-0.011355,0.010766,0.11982,-0.11994,-0.010981,0.01055,0.11854,-0.11853,-0.010548,0.010702,0.11824,-0.11402,-0.0044531,0.027645,0.17545,0.13126
-0.045898,-0.010195,0.0031589,0.034485,-0.036099,-0.0059006,0.0056356,0.035625,-0.035676,-0.0057271,0.0057187,0.035662,-0.035663,-0.0057216,0.0057213,0.035663,-0.035663,-0.0057218,0.0057212,0.035663,-0.035662,-0.0057219,0.005721,0.035663,-0.035662,-0.0057218,0.0057208,0.035663,-0.035662,-0.0057216,0.0057208,0.035663,-0.035662,-0.0057216,0.0057206,0.035663,-0.035662,-0.0057214,0.0057208,0.035663,-0.035663,-0.0057215,0.005721,0.035663,-0.035663,-0.0057214,0.0057211,0.035663,-0.035663,-0.0057212,0.0057211,0.035663,-0.035663,-0.005721,0.0057212,0.035663,-0.035663,-0.005721,0.0057214,0.035663,-0.035661,-0.0057188,0.0057264,0.035674,-0.035633,-0.0056688,0.0057889,0.035691,-0.036194,-0.0065171,0.004484,0.033858,-0.038457,-0.012402,0,0.013073,-0.01818,-0.0023799,0,0.010402,-0.011495,-0,0,0.011182,-0.011302,-0,0,0.01082,-0.010952,-0,0,0.010614,-0.01059,-0,0,0.011721,-0.0070652,-0,0.012626,0.043537,0.018846
-0.012448,-0.0033059,0,0.0042611,-0.0062551,-0,0,0.0056053,-0.0056686,-0,0,0.0056493,-0.0056506,-0,0,0.0056505,-0.0056501,-0,0,0.0056507,-0.00565,-0,0,0.0056507,-0.0056499,-0,0,0.0056507,-0.0056499,-0,0,0.0056506,-0.00565,-0,0,0.0056506,-0.00565,-0,0,0.0056508,-0.0056502,-0,0,0.0056509,-0.0056504,-0,0,0.0056507,-0.0056504,-0,0,0.0056502,-0.0056503,-0,0,0.0056501,-0.0056503,-0,0,0.0056507,-0.0056488,-0,0,0.0056708,-0.0056035,-0,0,0.005533,-0.0064018,-0.00032225,0,0.0029233,-0.0084027,-0.0044063,-0,0,-0.0017794,-0,0,0,-0,-0,0,0,-0,-0,0,0,-0,-0,0,0,-0,-0,0,0.00032427,-0,0,0.0075688,0.020517,0
-0.045185,-0.010052,0.0030144,0.03378,-0.035396,-0.0057575,0.0054925,0.034921,-0.034973,-0.005584,0.0055756,0.034958,-0.03496,-0.0055786,0.0055782,0.034959,-0.034959,-0.0055786,0.0055782,0.034959,-0.034959,-0.0055788,0.0055779,0.03496,-0.034959,-0.0055785,0.0055775,0.03496,-0.034959,-0.0055782,0.0055776,0.034959,-0.034959,-0.0055783,0.0055777,0.034959,-0.034959,-0.0055784,0.005578,0.034959,-0.034959,-0.0055786,0.0055781,0.03496,-0.034959,-0.0055786,0.0055779,0.034959,-0.034959,-0.0055783,0.005578,0.034959,-0.034959,-0.005578,0.0055783,0.034959,-0.034959,-0.005578,0.0055786,0.03496,-0.034958,-0.0055747,0.0055857,0.03498,-0.034899,-0.0054332,0.0058211,0.03537,-0.036398,-0.007742,0.0021069,0.028018,-0.03311,-0.011097,0,0.0088968,-0.013446,-0.00035024,0,0.011084,-0.011682,-0,0,0.011047,-0.011194,-0,0,0.010761,-0.010887,-0,0,0.010546,-0.010523,-0,0,0.011654,-0.0070125,-0,0.012519,0.043145,0.018205
-0.26558,-0.040694,0.033286,0.24314,-0.2444,-0.035094,0.034918,0.24407,-0.24411,-0.034978,0.034972,0.2441,-0.2441,-0.034974,0.034974,0.2441,-0.2441,-0.034974,0.034974,0.2441,-0.2441,-0.034974,0.034974,0.2441,-0.2441,-0.034974,0.034973,0.2441,-0.2441,-0.034973,0.034973,0.2441,-0.2441,-0.034974,0.034973,0.2441,-0.2441,-0.034974,0.034974,0.2441,-0.2441,-0.034974,0.034973,0.2441,-0.2441,-0.034974,0.034973,0.2441,-0.2441,-0.034974,0.034973,0.2441,-0.2441,-0.034974,0.034973,0.2441,-0.2441,-0.034974,0.034974,0.2441,-0.2441,-0.034971,0.034979,0.24412,-0.24403,-0.034815,0.035695,0.24713,-0.24829,-0.037707,0.027697,0.21659,-0.22144,-0.036708,0.0054679,0.12281,-0.12726,-0.012734,0.011038,0.12269,-0.12307,-0.011636,0.010988,0.12102,-0.12116,-0.011235,0.01072,0.11951,-0.11962,-0.010921,0.010485,0.1182,-0.11819,-0.010483,0.010637,0.11791,-0.11374,-0.0044483,0.027405,0.1745,0.12773
-0.04523,-0.010022,0.0029677,0.033808,-0.035426,-0.0057162,0.0054505,0.034951,-0.035003,-0.0055422,0.0055338,0.034988,-0.034989,-0.0055367,0.0055365,0.034989,-0.034989,-0.0055369,0.0055363,0.034989,-0.034989,-0.005537,0.0055362,0.034989,-0.034989,-0.0055369,0.0055359,0.034989,-0.034989,-0.0055367,0.0055359,0.034989,-0.034989,-0.0055367,0.0055358,0.034989,-0.034989,-0.0055366,0.0055361,0.034989,-0.034989,-0.0055367,0.0055362,0.034989,-0.034989,-0.0055366,0.0055361,0.034989,-0.034989,-0.0055364,0.005536,0.034989,-0.034989,-0.0055361,0.0055362,0.034989,-0.034989,-0.0055362,0.0055366,0.03499,-0.034987,-0.0055321,0.0055459,0.035013,-0.03492,-0.0053878,0.005757,0.035245,-0.036842,-0.0083456,0.0011234,0.027955,-0.033277,-0.010378,0,0.0093532,-0.01326,-0,0,0.01129,-0.01161,-0,0,0.011044,-0.011198,-0,0,0.010766,-0.010889,-0,0,0.010549,-0.010526,-0,0,0.01165,-0.0070358,-0,0.012456,0.043087,0.01814
-0.012329,-0.003237,0,0.0040739,-0.0060726,-0,0,0.0054215,-0.0054848,-0,0,0.0054655,-0.0054669,-0,0,0.0054668,-0.0054664,-0,0,0.0054669,-0.0054663,-0,0,0.0054671,-0.0054662,-0,0,0.0054671,-0.0054662,-0,0,0.0054669,-0.0054662,-0,0,0.0054668,-0.0054662,-0,0,0.005467,-0.0054664,-0,0,0.0054672,-0.0054665,-0,0,0.005467,-0.0054665,-0,0,0.0054665,-0.0054664,-0,0,0.0054664,-0.0054664,-0,0,0.0054675,-0.005464,-0,0,0.0054989,-0.0053927,-0,0,0.005072,-0.0073141,-0.0020479,0,0.00043615,-0.0064791,-0.0024111,0,0,-0.00032825,-0,0,0,-0,-0,0,0,-0,-0,0,0,-0,-0,0,0,-0,-0,0,0.00029219,-0,0,0.0074303,0.020234,0
-0.044529,-0.0098819,0.0028255,0.033115,-0.034734,-0.0055753,0.0053095,0.034259,-0.034311,-0.0054012,0.0053928,0.034295,-0.034297,-0.0053955,0.0053955,0.034297,-0.034297,-0.0053956,0.0053954,0.034297,-0.034297,-0.005396,0.0053949,0.034297,-0.034297,-0.0053956,0.0053945,0.034297,-0.034297,-0.0053953,0.0053946,0.034297,-0.034296,-0.0053955,0.0053947,0.034297,-0.034297,-0.0053955,0.0053951,0.034297,-0.034297,-0.0053957,0.005395,0.034297,-0.034297,-0.0053957,0.0053947,0.034297,-0.034297,-0.0053953,0.0053948,0.034297,-0.034297,-0.0053951,0.0053951,0.034297,-0.034297,-0.0053951,0.0053958,0.034298,-0.034294,-0.0053907,0.0054037,0.03432,-0.034223,-0.005223,0.0056756,0.034642,-0.036991,-0.0099803,0,0.019909,-0.025288,-0.00726,0,0.0088398,-0.011903,-0,0,0.01136,-0.011538,-0,0,0.010946,-0.011101,-0,0,0.010704,-0.010824,-0,0,0.010481,-0.010457,-0,0,0.011592,-0.0069932,-0,0.012349,0.042702,0.017509
-0.26219,-0.040042,0.032618,0.23972,-0.24099,-0.034432,0.034256,0.24065,-0.2407,-0.034315,0.03431,0.24068,-0.24069,-0.034311,0.034312,0.24069,-0.24069,-0.034311,0.034311,0.24069,-0.24069,-0.034311,0.034311,0.24069,-0.24069,-0.034311,0.034311,0.24069,-0.24069,-0.034311,0.034311,0.24069,-0.24068,-0.034311,0.034311,0.24069,-0.24069,-0.034311,0.034311,0.24069,-0.24068,-0.034312,0.034311,0.24069,-0.24068,-0.034312,0.034311,0.24069,-0.24068,-0.034311,0.034311,0.24069,-0.24068,-0.034311,0.034311,0.24068,-0.24068,-0.034311,0.034312,0.24069,-0.24068,-0.034308,0.034314,0.24069,-0.24062,-0.034139,0.035258,0.24483,-0.24724,-0.039566,0.018161,0.17803,-0.18296,-0.027225,0.0066517,0.11865,-0.12151,-0.01123,0.01143,0.12272,-0.12283,-0.011596,0.010884,0.12054,-0.12068,-0.011133,0.010668,0.11919,-0.1193,-0.01086,0.010419,0.11787,-0.11786,-0.010417,0.010584,0.11762,-0.1135,-0.0044548,0.027165,0.17357,0.12426
-0.044574,-0.009853,0.0027797,0.033143,-0.034765,-0.0055345,0.0052686,0.034289,-0.03434,-0.0053603,0.0053521,0.034325,-0.034327,-0.0053548,0.0053548,0.034327,-0.034327,-0.0053548,0.0053546,0.034327,-0.034326,-0.005355,0.0053544,0.034327,-0.034326,-0.0053548,0.0053541,0.034327,-0.034326,-0.0053547,0.0053541,0.034326,-0.034326,-0.0053546,0.0053541,0.034326,-0.034326,-0.0053545,0.0053543,0.034327,-0.034326,-0.0053547,0.0053543,0.034327,-0.034326,-0.0053547,0.0053542,0.034327,-0.034326,-0.0053545,0.0053542,0.034326,-0.034326,-0.0053543,0.0053543,0.034327,-0.034326,-0.0053541,0.0053554,0.034329,-0.034321,-0.0053474,0.0053627,0.034327,-0.034312,-0.0052872,0.0054541,0.034493,-0.03748,-0.010505,0,0.019973,-0.025265,-0.0061914,0,0.0093553,-0.011707,-0,0,0.01141,-0.011524,-0,0,0.010951,-0.011102,-0,0,0.010708,-0.010827,-0,0,0.010484,-0.01046,-0,0,0.011587,-0.007016,-0,0.012286,0.042645,0.017444
-0.012212,-0.0031693,0,0.0038892,-0.0058927,-0,0,0.0052402,-0.0053037,-0,0,0.0052842,-0.0052858,-0,0,0.0052854,-0.0052854,-0,0,0.0052857,-0.0052851,-0,0,0.0052857,-0.005285,-0,0,0.0052855,-0.0052849,-0,0,0.0052853,-0.0052849,-0,0,0.0052853,-0.005285,-0,0,0.0052855,-0.0052851,-0,0,0.0052857,-0.0052852,-0,0,0.0052855,-0.0052852,-0,0,0.0052852,-0.0052852,-0,0,0.0052854,-0.0052848,-0,0,0.0052902,-0.0052747,-0,0,0.0052862,-0.005369,-0,0,0.0042166,-0.008009,-0.0035657,0,0,-0.0038337,-0,0,0,-0,-0,0,0,-0,-0,0,0,-0,-0,0,0,-0,-0,0,0,-0,-0,0,0.00026327,-0,0,0.0072912,0.019953,0
-0.04388,-0.0097139,0.0026388,0.032458,-0.03408,-0.0053951,0.0051288,0.033604,-0.033655,-0.0052206,0.0052124,0.03364,-0.033642,-0.0052149,0.005215,0.033642,-0.033642,-0.0052152,0.0052147,0.033642,-0.033641,-0.0052154,0.0052141,0.033642,-0.033641,-0.0052149,0.0052139,0.033642,-0.033642,-0.0052146,0.0052141,0.033642,-0.033641,-0.0052147,0.0052141,0.033642,-0.033642,-0.0052148,0.0052144,0.033642,-0.033642,-0.005215,0.0052142,0.033642,-0.033642,-0.0052149,0.005214,0.033642,-0.033641,-0.0052146,0.0052142,0.033642,-0.033641,-0.0052144,0.0052145,0.033642,-0.033641,-0.0052134,0.0052168,0.033647,-0.033627,-0.0051794,0.0052718,0.033748,-0.033909,-0.0055818,0.004616,0.032162,-0.035853,-0.011255,0,0.012848,-0.017868,-0.0030312,0,0.010217,-0.011759,-0,0,0.011271,-0.011395,-0,0,0.010882,-0.011027,-0,0,0.010643,-0.01076,-0,0,0.010417,-0.010391,-0,0,0.011537,-0.0069828,-0,0.012178,0.042262,0.016821
-0.25883,-0.039396,0.031958,0.23634,-0.23761,-0.033777,0.033601,0.23727,-0.23732,-0.03366,0.033655,0.2373,-0.23731,-0.033656,0.033656,0.23731,-0.23731,-0.033656,0.033656,0.23731,-0.23731,-0.033656,0.033656,0.23731,-0.23731,-0.033656,0.033656,0.23731,-0.23731,-0.033656,0.033656,0.23731,-0.23731,-0.033656,0.033656,0.23731,-0.23731,-0.033656,0.033656,0.23731,-0.23731,-0.033656,0.033656,0.23731,-0.2373,-0.033656,0.033655,0.23731,-0.2373,-0.033656,0.033655,0.23731,-0.2373,-0.033656,0.033656,0.23731,-0.2373,-0.033655,0.033658,0.23731,-0.23729,-0.033617,0.033815,0.23797,-0.23821,-0.034179,0.032695,0.23423,-0.23783,-0.03923,0.0099756,0.14329,-0.14783,-0.018019,0.0094772,0.12127,-0.12246,-0.011451,0.011266,0.12208,-0.12219,-0.011455,0.010831,0.12018,-0.12031,-0.01106,0.010608,0.11887,-0.11898,-0.010797,0.010354,0.11754,-0.11752,-0.010347,0.01054,0.11738,-0.1133,-0.0044724,0.026923,0.17265,0.12083
-0.043924,-0.0096851,0.0025937,0.032485,-0.034111,-0.0053548,0.0050885,0.033633,-0.033685,-0.0051802,0.0051721,0.03367,-0.033672,-0.0051746,0.0051747,0.033671,-0.033671,-0.0051748,0.0051745,0.033671,-0.033671,-0.0051749,0.0051743,0.033671,-0.033671,-0.0051746,0.0051741,0.033671,-0.033671,-0.0051745,0.0051742,0.033671,-0.033671,-0.0051745,0.0051741,0.033671,-0.033671,-0.0051745,0.0051742,0.033671,-0.033671,-0.0051746,0.0051742,0.033671,-0.033671,-0.0051746,0.005174,0.033671,-0.033671,-0.0051743,0.005174,0.033671,-0.033671,-0.0051741,0.0051743,0.033671,-0.03367,-0.0051722,0.0051789,0.033682,-0.033644,-0.0051272,0.0052352,0.033698,-0.034151,-0.005894,0.0040558,0.032039,-0.036215,-0.011255,0,0.013093,-0.017746,-0.0021475,0,0.010602,-0.011621,-0,0,0.011268,-0.0114,-0,0,0.010889,-0.011028,-0,0,0.010646,-0.010763,-0,0,0.01042,-0.010393,-0,0,0.011532,-0.0070054,-0,0.012114,0.042205,0.016757
-0.012096,-0.003102,0,0.0037066,-0.0057147,-0,0,0.0050609,-0.0051246,-0,0,0.0051049,-0.0051067,-0,0,0.0051062,-0.0051062,-0,0,0.0051064,-0.005106,-0,0,0.0051063,-0.0051059,-0,0,0.0051061,-0.0051058,-0,0,0.005106,-0.0051059,-0,0,0.0051061,-0.0051058,-0,0,0.0051061,-0.0051058,-0,0,0.0051064,-0.0051059,-0,0,0.0051063,-0.005106,-0,0,0.005106,-0.0051059,-0,0,0.0051067,-0.0051046,-0,0,0.0051251,-0.0050637,-0,0,0.0050005,-0.0057855,-0,0,0.0026351,-0.0076115,-0.0036059,0,0,-0.0015988,-0,0,0,-0,-0,0,0,-0,-0,0,0,-0,-0,0,0,-0,-0,0,0,-0,-0,0,0.00023692,-0,0,0.0071511,0.019673,0
-0.043237,-0.0095471,0.0024544,0.031806,-0.033433,-0.0052167,0.00495,0.032955,-0.033007,-0.0050416,0.0050337,0.032991,-0.032993,-0.005036,0.0050362,0.032993,-0.032993,-0.0050363,0.0050359,0.032993,-0.032993,-0.0050364,0.0050356,0.032993,-0.032993,-0.005036,0.0050353,0.032993,-0.032993,-0.0050358,0.0050355,0.032993,-0.032993,-0.005036,0.0050354,0.032993,-0.032993,-0.005036,0.0050356,0.032993,-0.032993,-0.0050362,0.0050354,0.032993,-0.032993,-0.0050362,0.0050351,0.032993,-0.032993,-0.0050358,0.0050352,0.032993,-0.032992,-0.0050355,0.0050357,0.032993,-0.032991,-0.0050326,0.0050426,0.033011,-0.032939,-0.0049049,0.0052552,0.033364,-0.034294,-0.0069932,0.0018964,0.026713,-0.031333,-0.010055,0,0.0093318,-0.01348,-0.00032291,0,0.011205,-0.011779,-0,0,0.011127,-0.011282,-0,0,0.010826,-0.010961,-0,0,0.010579,-0.010696,-0,0,0.010354,-0.010325,-0,0,0.011488,-0.0069797,-0,0.012005,0.041823,0.01614
-0.2555,-0.038756,0.031304,0.23299,-0.23426,-0.033129,0.032952,0.23393,-0.23397,-0.033011,0.033006,0.23396,-0.23396,-0.033007,0.033007,0.23396,-0.23396,-0.033007,0.033007,0.23396,-0.23396,-0.033007,0.033007,0.23396,-0.23396,-0.033007,0.033007,0.23396,-0.23396,-0.033007,0.033007,0.23396,-0.23396,-0.033007,0.033007,0.23396,-0.23396,-0.033007,0.033007,0.23396,-0.23396,-0.033008,0.033007,0.23396,-0.23396,-0.033007,0.033006,0.23396,-0.23396,-0.033007,0.033006,0.23396,-0.23396,-0.033007,0.033007,0.23396,-0.23396,-0.033005,0.033012,0.23397,-0.23389,-0.032864,0.033659,0.2367,-0.23775,-0.035479,0.026427,0.20908,-0.21348,-0.034568,0.0062516,0.1239,-0.12791,-0.012852,0.011148,0.12323,-0.1236,-0.011743,0.011066,0.12145,-0.1216,-0.011325,0.010784,0.11986,-0.11998,-0.010996,0.010544,0.11854,-0.11864,-0.010733,0.010291,0.11721,-0.11719,-0.010278,0.010504,0.11717,-0.11313,-0.0044992,0.026679,0.17172,0.11744
-0.04328,-0.0095188,0.0024095,0.031834,-0.033462,-0.0051769,0.00491,0.032984,-0.033036,-0.005002,0.0049936,0.033021,-0.033022,-0.0049965,0.0049962,0.033022,-0.033022,-0.0049966,0.0049961,0.033022,-0.033022,-0.0049967,0.004996,0.033022,-0.033022,-0.0049963,0.0049958,0.033022,-0.033022,-0.0049962,0.0049959,0.033022,-0.033022,-0.0049963,0.0049958,0.033022,-0.033022,-0.0049962,0.004996,0.033022,-0.033022,-0.0049963,0.0049959,0.033022,-0.033022,-0.0049963,0.0049957,0.033022,-0.033022,-0.004996,0.0049958,0.033022,-0.033022,-0.0049957,0.0049963,0.033023,-0.03302,-0.004992,0.0050049,0.033044,-0.03296,-0.004863,0.0051934,0.033253,-0.034697,-0.0075361,0.0010035,0.026658,-0.031484,-0.0093984,0,0.0097471,-0.013312,-0,0,0.011393,-0.011715,-0,0,0.011125,-0.011287,-0,0,0.010832,-0.010962,-0,0,0.010582,-0.010699,-0,0,0.010358,-0.010327,-0,0,0.011483,-0.0070022,-0,0.011942,0.041766,0.016077
-0.011981,-0.0030356,0,0.0035259,-0.0055386,-0,0,0.0048836,-0.0049474,-0,0,0.0049278,-0.0049293,-0,0,0.004929,-0.0049288,-0,0,0.004929,-0.0049287,-0,0,0.0049289,-0.0049286,-0,0,0.0049288,-0.0049287,-0,0,0.0049288,-0.0049286,-0,0,0.0049287,-0.0049286,-0,0,0.0049289,-0.0049286,-0,0,0.0049291,-0.0049287,-0,0,0.004929,-0.0049287,-0,0,0.0049287,-0.0049287,-0,0,0.0049299,-0.0049264,-0,0,0.0049588,-0.004863,-0,0,0.0045669,-0.0065941,-0.0014321,0,0.00036896,-0.0058504,-0.0017817,0,0,-0.00028006,-0,0,0,-0,-0,0,0,-0,-0,0,0,-0,-0,0,0,-0,-0,0,0,-0,-0,0,0.00021153,-0,0,0.0070111,0.019396,0
-0.042603,-0.009383,0.002272,0.031164,-0.032794,-0.0050407,0.0047736,0.032315,-0.032367,-0.0048654,0.0048573,0.032351,-0.032353,-0.0048598,0.0048598,0.032353,-0.032353,-0.00486,0.0048597,0.032353,-0.032352,-0.0048601,0.0048594,0.032353,-0.032353,-0.0048598,0.0048591,0.032353,-0.032353,-0.0048597,0.0048593,0.032353,-0.032353,-0.0048598,0.0048592,0.032353,-0.032353,-0.0048598,0.0048594,0.032353,-0.032353,-0.0048601,0.0048592,0.032353,-0.032353,-0.00486,0.0048589,0.032353,-0.032352,-0.0048596,0.0048592,0.032353,-0.032352,-0.0048592,0.0048599,0.032354,-0.03235,-0.0048546,0.0048693,0.032377,-0.032289,-0.004708,0.0050992,0.032637,-0.034758,-0.0089942,0,0.019303,-0.024181,-0.0065545,0,0.0092447,-0.012033,-0,0,0.011448,-0.011638,-0,0,0.011023,-0.011185,-0,0,0.01077,-0.010897,-0,0,0.010514,-0.010631,-0,0,0.010295,-0.010261,-0,0,0.01144,-0.0069785,-0,0.011832,0.041388,0.015468
-0.25221,-0.038125,0.030658,0.22969,-0.23096,-0.032489,0.032311,0.23062,-0.23067,-0.032371,0.032365,0.23065,-0.23066,-0.032367,0.032367,0.23066,-0.23066,-0.032367,0.032367,0.23066,-0.23066,-0.032367,0.032367,0.23066,-0.23066,-0.032367,0.032366,0.23066,-0.23066,-0.032367,0.032366,0.23066,-0.23066,-0.032367,0.032367,0.23066,-0.23066,-0.032367,0.032367,0.23066,-0.23066,-0.032367,0.032366,0.23066,-0.23065,-0.032367,0.032366,0.23066,-0.23065,-0.032367,0.032366,0.23066,-0.23065,-0.032367,0.032367,0.23066,-0.23065,-0.032363,0.032374,0.23068,-0.2306,-0.032211,0.033194,0.23426,-0.23642,-0.037081,0.017724,0.17381,-0.17829,-0.025921,0.007269,0.1199,-0.12249,-0.011441,0.011503,0.1232,-0.12333,-0.011697,0.01096,0.12096,-0.1211,-0.011219,0.010733,0.11955,-0.11966,-0.010934,0.010479,0.11821,-0.11831,-0.010666,0.010232,0.1169,-0.11687,-0.010211,0.01047,0.11696,-0.11297,-0.0045279,0.026435,0.17081,0.1141
-0.042654,-0.0093582,0.0022263,0.03119,-0.032823,-0.0050015,0.004734,0.032344,-0.032396,-0.004826,0.0048178,0.03238,-0.032382,-0.0048205,0.0048204,0.032382,-0.032382,-0.0048206,0.0048205,0.032382,-0.032381,-0.0048206,0.0048203,0.032382,-0.032382,-0.0048204,0.0048201,0.032382,-0.032382,-0.0048204,0.0048201,0.032382,-0.032382,-0.0048203,0.0048201,0.032382,-0.032382,-0.0048203,0.0048202,0.032382,-0.032382,-0.0048206,0.00482,0.032382,-0.032381,-0.0048206,0.0048198,0.032382,-0.032381,-0.0048203,0.00482,0.032382,-0.032381,-0.0048199,0.0048208,0.032383,-0.032378,-0.0048143,0.0048291,0.032393,-0.032353,-0.0047325,0.0049425,0.032519,-0.035171,-0.0094591,0,0.019345,-0.024173,-0.0056618,0,0.009675,-0.011874,-0,0,0.011497,-0.011625,-0,0,0.011029,-0.011187,-0,0,0.010775,-0.0109,-0,0,0.010517,-0.010633,-0,0,0.010299,-0.010263,-0,0,0.011435,-0.0070013,-0,0.011767,0.041325,0.015407
-0.011877,-0.002977,0,0.0033459,-0.0053652,-0,0,0.0047082,-0.0047723,-0,0,0.0047525,-0.0047542,-0,0,0.0047537,-0.0047536,-0,0,0.0047537,-0.0047535,-0,0,0.0047536,-0.0047535,-0,0,0.0047536,-0.0047534,-0,0,0.0047534,-0.0047534,-0,0,0.0047534,-0.0047534,-0,0,0.0047537,-0.0047533,-0,0,0.0047538,-0.0047534,-0,0,0.0047537,-0.0047534,-0,0,0.0047536,-0.0047532,-0,0,0.0047566,-0.0047469,-0,0,0.0047634,-0.0047773,-0,0,0.0039062,-0.0072237,-0.0027746,0,0,-0.0036342,-0,0,0,-0,-0,0,0,-0,-0,0,0,-0,-0,0,0,-0,-0,0,0,-0,-0,0,0,-0,-0,0,0.00018549,-0,0,0.0068654,0.019112,0
-0.042049,-0.0092402,0.0020853,0.030525,-0.032162,-0.0048667,0.0045989,0.031681,-0.031733,-0.0046906,0.0046829,0.031717,-0.03172,-0.0046851,0.0046855,0.031719,-0.031719,-0.0046853,0.0046853,0.031719,-0.031719,-0.0046854,0.0046849,0.031719,-0.031719,-0.0046853,0.0046846,0.03172,-0.031719,-0.004685,0.0046847,0.031719,-0.031719,-0.004685,0.0046846,0.031719,-0.031719,-0.0046852,0.0046847,0.031719,-0.031719,-0.0046855,0.0046845,0.031719,-0.031719,-0.0046854,0.0046844,0.031719,-0.031719,-0.004685,0.0046847,0.031719,-0.031718,-0.0046842,0.004686,0.031722,-0.03171,-0.0046655,0.004716,0.031777,-0.031841,-0.0048386,0.0044241,0.030941,-0.034123,-0.010133,0,0.013823,-0.018452,-0.0032373,0,0.010252,-0.011816,-0,0,0.011364,-0.011491,-0,0,0.010949,-0.0111,-0,0,0.010712,-0.010834,-0,0,0.01045,-0.010564,-0,0,0.010246,-0.010207,-0,0,0.011392,-0.0069787,-0,0.011642,0.040885,0.014746
-0.24898,-0.037513,0.030013,0.22641,-0.22769,-0.031856,0.031677,0.22735,-0.2274,-0.031737,0.031731,0.22738,-0.22739,-0.031732,0.031733,0.22739,-0.22739,-0.031733,0.031733,0.22739,-0.22739,-0.031733,0.031733,0.22739,-0.22739,-0.031733,0.031733,0.22739,-0.22739,-0.031733,0.031733,0.22739,-0.22739,-0.031733,0.031733,0.22739,-0.22739,-0.031733,0.031733,0.22739,-0.22739,-0.031733,0.031732,0.22739,-0.22739,-0.031733,0.031732,0.22739,-0.22739,-0.031733,0.031732,0.22739,-0.22738,-0.031732,0.031734,0.22739,-0.22737,-0.031711,0.031813,0.22772,-0.22784,-0.031967,0.031517,0.22711,-0.23018,-0.037019,0.011398,0.147,-0.1511,-0.018816,0.0093644,0.12148,-0.12276,-0.0115,0.011367,0.12256,-0.12267,-0.011556,0.010894,0.12055,-0.12068,-0.011131,0.010677,0.11923,-0.11934,-0.010873,0.010413,0.11787,-0.11797,-0.010597,0.010184,0.11663,-0.1166,-0.010156,0.010433,0.11676,-0.11282,-0.0045596,0.026183,0.16988,0.11087
-0.042107,-0.0092215,0.0020371,0.03055,-0.032192,-0.0048281,0.0045596,0.031709,-0.031762,-0.0046517,0.0046439,0.031746,-0.031748,-0.0046462,0.0046465,0.031747,-0.031748,-0.0046462,0.0046464,0.031748,-0.031748,-0.0046463,0.0046462,0.031748,-0.031748,-0.0046463,0.004646,0.031748,-0.031748,-0.004646,0.004646,0.031747,-0.031748,-0.004646,0.004646,0.031748,-0.031748,-0.0046462,0.0046461,0.031748,-0.031747,-0.0046465,0.0046458,0.031748,-0.031747,-0.0046464,0.0046457,0.031748,-0.031747,-0.0046461,0.0046459,0.031748,-0.031747,-0.0046447,0.004649,0.031754,-0.03173,-0.0046179,0.00468,0.031751,-0.032017,-0.005045,0.0040209,0.030846,-0.03443,-0.010193,0,0.014003,-0.018362,-0.0024939,0,0.010579,-0.011699,-0,0,0.011364,-0.011496,-0,0,0.010956,-0.011101,-0,0,0.010716,-0.010837,-0,0,0.010454,-0.010566,-0,0,0.010249,-0.010209,-0,0,0.011387,-0.0069986,-0,0.011584,0.040822,0.014689
-0.0118,-0.0029317,0,0.0031648,-0.0051942,-0,0,0.0045347,-0.0045987,-0,0,0.004579,-0.0045806,-0,0,0.0045801,-0.00458,-0,0,0.0045801,-0.00458,-0,0,0.0045801,-0.0045799,-0,0,0.00458,-0.0045799,-0,0,0.0045799,-0.00458,-0,0,0.0045799,-0.0045801,-0,0,0.0045803,-0.0045799,-0,0,0.0045803,-0.00458,-0,0,0.0045803,-0.0045801,-0,0,0.0045804,-0.0045791,-0,0,0.0045929,-0.0045509,-0,0,0.004516,-0.0050172,-0,0,0.0027263,-0.0070265,-0.0029807,0,0,-0.0017664,-0,0,0,-0,-0,0,0,-0,-0,0,0,-0,-0,0,0,-0,-0,0,0,-0,-0,0,0,-0,-0,0,0.0001582,-0,0,0.006736,0.018843,0
-0.041577,-0.0091246,0.0018925,0.029892,-0.031537,-0.0046946,0.0044263,0.031054,-0.031106,-0.004518,0.0045104,0.031091,-0.031093,-0.0045125,0.0045129,0.031092,-0.031093,-0.0045127,0.0045127,0.031092,-0.031092,-0.0045128,0.0045122,0.031093,-0.031092,-0.0045126,0.0045121,0.031093,-0.031092,-0.0045123,0.0045122,0.031092,-0.031092,-0.0045124,0.0045122,0.031092,-0.031092,-0.0045126,0.0045122,0.031093,-0.031092,-0.0045128,0.0045121,0.031093,-0.031092,-0.0045127,0.004512,0.031093,-0.031092,-0.0045123,0.0045121,0.031093,-0.031091,-0.0045099,0.0045169,0.031105,-0.031054,-0.0044188,0.0046681,0.031361,-0.031979,-0.0058252,0.0024064,0.026786,-0.030795,-0.0094991,0,0.010201,-0.014182,-0.00070279,0,0.011162,-0.011849,-0,0,0.01122,-0.011374,-0,0,0.010892,-0.011031,-0,0,0.010649,-0.01077,-0,0,0.010386,-0.010494,-0,0,0.010206,-0.010161,-0,0,0.011336,-0.0069619,-0,0.011509,0.0405,0.013914
-0.2459,-0.036938,0.029375,0.22318,-0.22446,-0.031228,0.03105,0.22412,-0.22416,-0.03111,0.031105,0.22415,-0.22415,-0.031106,0.031106,0.22415,-0.22415,-0.031106,0.031106,0.22415,-0.22415,-0.031106,0.031106,0.22415,-0.22415,-0.031106,0.031106,0.22415,-0.22415,-0.031106,0.031106,0.22415,-0.22415,-0.031106,0.031106,0.22415,-0.22415,-0.031106,0.031106,0.22415,-0.22415,-0.031106,0.031105,0.22415,-0.22415,-0.031106,0.031105,0.22415,-0.22415,-0.031106,0.031105,0.22415,-0.22415,-0.031104,0.031109,0.22416,-0.2241,-0.031002,0.031565,0.22608,-0.22679,-0.032792,0.026784,0.208,-0.21182,-0.033828,0.0073792,0.12769,-0.13148,-0.013725,0.010995,0.12337,-0.12384,-0.011782,0.011166,0.12192,-0.12206,-0.011422,0.010845,0.12022,-0.12034,-0.011064,0.010614,0.1189,-0.11901,-0.010809,0.010348,0.11753,-0.11763,-0.010521,0.01015,0.11641,-0.11637,-0.010107,0.010383,0.11651,-0.11261,-0.0045638,0.026072,0.16956,0.10707
-0.041629,-0.0090717,0.0018667,0.029932,-0.03156,-0.0046528,0.0043891,0.031083,-0.031134,-0.0044791,0.0044717,0.031119,-0.031121,-0.0044738,0.0044742,0.03112,-0.031121,-0.0044739,0.0044741,0.031121,-0.031121,-0.0044741,0.0044739,0.031121,-0.031121,-0.0044739,0.0044736,0.031121,-0.031121,-0.0044737,0.0044738,0.031121,-0.031121,-0.0044739,0.0044738,0.031121,-0.031121,-0.0044741,0.0044738,0.031121,-0.03112,-0.0044743,0.0044735,0.031121,-0.03112,-0.0044742,0.0044733,0.031121,-0.03112,-0.0044738,0.0044736,0.031121,-0.031119,-0.0044707,0.0044806,0.031138,-0.03107,-0.0043709,0.0046234,0.031278,-0.032308,-0.0062677,0.0016711,0.026727,-0.030965,-0.009027,0,0.010541,-0.014041,-0.00022222,0,0.011361,-0.011782,-0,0,0.011218,-0.011379,-0,0,0.010898,-0.011032,-0,0,0.010652,-0.010772,-0,0,0.010391,-0.01049,-0,0,0.010214,-0.010153,-0,0,0.011313,-0.0070132,-0,0.011384,0.040434,0.013875
-0.011585,-0.0027877,0,0.0030235,-0.005008,-0,0,0.0043651,-0.0044263,-0,0,0.0044075,-0.004409,-0,0,0.0044086,-0.0044085,-0,0,0.0044087,-0.0044085,-0,0,0.0044087,-0.0044084,-0,0,0.0044085,-0.0044084,-0,0,0.0044084,-0.0044086,-0,0,0.0044085,-0.0044087,-0,0,0.0044088,-0.0044085,-0,0,0.0044089,-0.0044086,-0,0,0.0044087,-0.0044085,-0,0,0.0044092,-0.0044068,-0,0,0.0044345,-0.004348,-0,0,0.0041665,-0.0056671,-0.00043249,0,0.00083511,-0.0056963,-0.0016773,0,0,-0.00044142,-0,0,0,-0,-0,0,0,-0,-0,0,0,-0,-0,0,0,-0,-0,0,0,-0,-0,0,0,-0,-0,0,0.00019179,-0,0,0.006437,0.018492,0
-0.040675,-0.0088448,0.0018246,0.029324,-0.030894,-0.0045138,0.0042617,0.030438,-0.030486,-0.004347,0.0043399,0.030472,-0.030474,-0.0043419,0.0043421,0.030473,-0.030473,-0.0043421,0.0043419,0.030474,-0.030473,-0.0043422,0.0043415,0.030474,-0.030473,-0.0043419,0.0043413,0.030474,-0.030473,-0.0043417,0.0043415,0.030473,-0.030473,-0.0043418,0.0043414,0.030473,-0.030473,-0.0043419,0.0043415,0.030473,-0.030473,-0.004342,0.0043414,0.030474,-0.030473,-0.0043419,0.0043412,0.030473,-0.030473,-0.0043414,0.0043415,0.030474,-0.030472,-0.004338,0.0043484,0.030492,-0.030406,-0.004185,0.0045999,0.030847,-0.032457,-0.0075653,0,0.0204,-0.024765,-0.0067501,0,0.0094309,-0.012273,-0,0,0.011499,-0.011745,-0,0,0.011101,-0.011267,-0,0,0.010838,-0.010967,-0,0,0.010584,-0.010703,-0,0,0.010319,-0.010414,-0,0,0.010391,-0.010332,-0,0,0.011805,-0.0078344,-0,0.010924,0.039464,0.013807
-0.24211,-0.036079,0.028909,0.22009,-0.22123,-0.030592,0.03044,0.22093,-0.22097,-0.03049,0.030486,0.22096,-0.22096,-0.030487,0.030487,0.22096,-0.22096,-0.030487,0.030487,0.22096,-0.22096,-0.030487,0.030487,0.22096,-0.22096,-0.030487,0.030487,0.22096,-0.22096,-0.030487,0.030487,0.22096,-0.22096,-0.030487,0.030487,0.22096,-0.22096,-0.030487,0.030487,0.22096,-0.22096,-0.030487,0.030486,0.22096,-0.22096,-0.030487,0.030486,0.22096,-0.22096,-0.030487,0.030486,0.22096,-0.22096,-0.030485,0.030488,0.22096,-0.22088,-0.030323,0.0313,0.22445,-0.22613,-0.034296,0.019289,0.17776,-0.18179,-0.026699,0.0073768,0.12096,-0.12361,-0.011701,0.011543,0.12364,-0.12381,-0.011794,0.011035,0.12136,-0.12151,-0.011302,0.010799,0.11991,-0.12002,-0.011,0.010551,0.11857,-0.11867,-0.010741,0.010276,0.11717,-0.11729,-0.010436,0.010345,0.11728,-0.11733,-0.010311,0.010983,0.11948,-0.11605,-0.0058082,0.024916,0.16612,0.10677
-0.040257,-0.00821,0.0021029,0.029544,-0.030853,-0.0044419,0.0042372,0.030472,-0.030512,-0.0043078,0.004302,0.0305,-0.030502,-0.0043037,0.004304,0.030501,-0.030502,-0.0043039,0.0043039,0.030502,-0.030501,-0.004304,0.0043036,0.030502,-0.030501,-0.0043038,0.0043035,0.030502,-0.030502,-0.0043036,0.0043037,0.030501,-0.030501,-0.0043038,0.0043036,0.030502,-0.030501,-0.004304,0.0043036,0.030502,-0.030501,-0.0043042,0.0043033,0.030502,-0.030501,-0.004304,0.0043032,0.030502,-0.030501,-0.0043035,0.0043038,0.030502,-0.030498,-0.0042991,0.0043103,0.03051,-0.030461,-0.0041983,0.0044634,0.030733,-0.03286,-0.0080341,0,0.020426,-0.024781,-0.0059128,0,0.0098485,-0.012117,-0,0,0.011568,-0.011726,-0,0,0.011106,-0.011269,-0,0,0.010845,-0.010963,-0,0,0.010591,-0.010699,-0,0,0.010292,-0.010497,-0,0,0.010265,-0.010568,-0,0,0.011591,-0.0081459,-0,0.010299,0.03976,0.014394
-0.008717,-0.0011754,0,0.0032662,-0.0046634,-0,0,0.0042078,-0.0042523,-0,0,0.0042388,-0.0042397,-0,0,0.0042395,-0.0042392,-0,0,0.0042395,-0.0042392,-0,0,0.0042395,-0.0042392,-0,0,0.0042392,-0.0042394,-0,0,0.0042393,-0.0042395,-0,0,0.0042394,-0.0042395,-0,0,0.0042396,-0.0042392,-0,0,0.0042395,-0.0042391,-0,0,0.0042394,-0.0042389,-0,0,0.0042416,-0.0042337,-0,0,0.0042511,-0.0042477,-0,0,0.0035622,-0.0063157,-0.0017829,0,0,-0.0035974,-0,0,0,-0,-0,0,0,-0,-0,0,0,-0,-0,0,0,-0,-0,0,0,-0,-0,0,0,-0,-0,0,0,-0,-0,0,0,-0,0,0.0046404,0.016647,0.00093321
-0.033567,-0.0062749,0.002847,0.029186,-0.030112,-0.0042824,0.0041213,0.029837,-0.029869,-0.0041766,0.0041716,0.02986,-0.029861,-0.0041732,0.0041732,0.029861,-0.029861,-0.0041734,0.004173,0.029861,-0.029861,-0.0041734,0.0041726,0.029861,-0.029861,-0.0041731,0.0041725,0.029861,-0.029861,-0.0041729,0.0041727,0.029861,-0.029861,-0.004173,0.0041726,0.029861,-0.029861,-0.0041731,0.0041727,0.029861,-0.029861,-0.0041732,0.0041725,0.029861,-0.02986,-0.004173,0.0041724,0.029861,-0.02986,-0.004172,0.0041736,0.029863,-0.029853,-0.0041554,0.0042,0.029913,-0.029956,-0.0042857,0.0039838,0.02925,-0.031966,-0.0088965,0,0.014191,-0.018372,-0.0032187,0,0.01038,-0.011953,-0,0,0.011449,-0.011592,-0,0,0.011019,-0.011174,-0,0,0.010775,-0.010888,-0,0,0.010754,-0.010879,-0,0,0.010814,-0.011322,-0,0,0.0086891,-0.010089,-0,0,0.0062068,-0.0037572,-0,0.0061795,0.027902,0.02533
-0.22622,-0.032018,0.029235,0.21738,-0.21793,-0.029929,0.029848,0.21778,-0.21781,-0.029876,0.029874,0.2178,-0.2178,-0.029874,0.029875,0.2178,-0.2178,-0.029874,0.029874,0.2178,-0.2178,-0.029874,0.029874,0.2178,-0.2178,-0.029874,0.029874,0.2178,-0.2178,-0.029874,0.029874,0.2178,-0.2178,-0.029874,0.029874,0.2178,-0.2178,-0.029874,0.029874,0.2178,-0.2178,-0.029875,0.029874,0.2178,-0.2178,-0.029874,0.029873,0.2178,-0.2178,-0.029873,0.029875,0.2178,-0.21779,-0.029855,0.029943,0.21809,-0.21818,-0.030061,0.029749,0.21781,-0.22047,-0.03454,0.012097,0.14755,-0.15126,-0.018792,0.0095427,0.12218,-0.12343,-0.011642,0.011449,0.12305,-0.12317,-0.011655,0.010962,0.12092,-0.12106,-0.011204,0.010736,0.11955,-0.11968,-0.010923,0.010729,0.11938,-0.11962,-0.010976,0.010841,0.12008,-0.1208,-0.012021,0.0081309,0.10918,-0.11069,-0.011209,0.0036733,0.084864,-0.083134,-0.0016404,0.012902,0.10453,0.16746
-0.033056,-0.0054987,0.0032009,0.02945,-0.030055,-0.0042032,0.0041004,0.029873,-0.029895,-0.0041376,0.0041346,0.029888,-0.029889,-0.0041354,0.0041357,0.029889,-0.029889,-0.0041355,0.0041355,0.029889,-0.029889,-0.0041357,0.0041353,0.029889,-0.029889,-0.0041354,0.0041352,0.029889,-0.029889,-0.0041352,0.0041354,0.029889,-0.029889,-0.0041354,0.0041352,0.029889,-0.029889,-0.0041356,0.0041352,0.029889,-0.029889,-0.0041358,0.0041348,0.029889,-0.029888,-0.0041356,0.0041348,0.029889,-0.029888,-0.0041341,0.0041375,0.029895,-0.029873,-0.0041103,0.0041649,0.029891,-0.030119,-0.0044733,0.0036083,0.029148,-0.032296,-0.0090223,0,0.014353,-0.018291,-0.0024331,0,0.01073,-0.011829,-0,0,0.011456,-0.01159,-0,0,0.011031,-0.011168,-0,0,0.010748,-0.010976,-0,0,0.010605,-0.011184,-0,0,0.010538,-0.011709,-0,0,0.0081475,-0.0099759,-0,0,0.0052052,-0.0027689,-0,0.0061695,0.028082,0.02623
-0.005176,-0,0,0.0036054,-0.0042811,-0,0,0.0040549,-0.0040792,-0,0,0.0040717,-0.0040724,-0,0,0.0040722,-0.0040721,-0,0,0.0040722,-0.0040722,-0,0,0.0040721,-0.0040723,-0,0,0.0040719,-0.0040724,-0,0,0.004072,-0.0040724,-0,0,0.004072,-0.0040721,-0,0,0.0040722,-0.0040718,-0,0,0.0040721,-0.0040716,-0,0,0.0040724,-0.0040709,-0,0,0.0040834,-0.0040459,-0,0,0.0040164,-0.0044559,-0,0,0.0024367,-0.0062438,-0.0021711,0,0,-0.0016296,-0,0,0,-0,-0,0,0,-0,-0,0,0,-0,-0,0,0,-0,-0,0,0,-0,-0,0,0,-0,-0,0,0,-0,-0,0,0,-0,0,0.0038208,0.015232,0.004746
-0.030623,-0.004829,0.0033776,0.028926,-0.029378,-0.0040604,0.0039792,0.029243,-0.02926,-0.0040082,0.0040058,0.029255,-0.029256,-0.0040063,0.0040066,0.029256,-0.029256,-0.0040065,0.0040063,0.029256,-0.029256,-0.0040065,0.0040061,0.029256,-0.029256,-0.0040063,0.004006,0.029256,-0.029256,-0.0040061,0.0040062,0.029256,-0.029256,-0.0040063,0.0040061,0.029256,-0.029255,-0.0040064,0.004006,0.029256,-0.029255,-0.0040064,0.0040058,0.029256,-0.029255,-0.0040062,0.0040058,0.029256,-0.029254,-0.004004,0.0040098,0.029267,-0.029221,-0.0039223,0.0041453,0.029497,-0.030043,-0.0051718,0.0021356,0.025422,-0.028991,-0.0084672,0,0.010509,-0.014094,-0.00064092,0,0.011287,-0.011952,-0,0,0.011302,-0.011452,-0,0,0.011201,-0.011348,-0,0,0.011287,-0.011823,-0,0,0.0088112,-0.010715,-0.00082496,0,0.0034837,-0.006404,-0,0,0,-0.0010588,-0,0,0,-0,0,0.0067837,0.025754,0.029066
-0.21932,-0.030317,0.029012,0.21446,-0.21474,-0.029295,0.029255,0.21467,-0.21468,-0.02927,0.029269,0.21468,-0.21468,-0.029269,0.029269,0.21468,-0.21468,-0.029269,0.029269,0.21468,-0.21468,-0.029269,0.029269,0.21468,-0.21468,-0.029269,0.029268,0.21468,-0.21468,-0.029268,0.029268,0.21468,-0.21468,-0.029269,0.029268,0.21468,-0.21468,-0.029269,0.029268,0.21468,-0.21468,-0.029269,0.029268,0.21468,-0.21468,-0.029269,0.029268,0.21468,-0.21468,-0.029267,0.029271,0.21468,-0.21463,-0.029175,0.029678,0.21639,-0.21703,-0.030769,0.025421,0.2003,-0.2037,-0.03169,0.0080123,0.12817,-0.13153,-0.013697,0.011139,0.12394,-0.12439,-0.011891,0.011242,0.12235,-0.12251,-0.011497,0.011164,0.12176,-0.12201,-0.011441,0.01132,0.12255,-0.12329,-0.012541,0.0083734,0.11085,-0.11278,-0.012426,0.0015011,0.076539,-0.079539,-0.0076528,0,0.043041,-0.045066,-0.00064739,0,0.033607,-0.030052,-0,0.013136,0.086929,0.18313
-0.030473,-0.0045956,0.0034435,0.029018,-0.029382,-0.0040107,0.003947,0.029272,-0.029287,-0.0039704,0.0039685,0.029282,-0.029283,-0.003969,0.0039692,0.029283,-0.029283,-0.0039691,0.003969,0.029283,-0.029283,-0.0039692,0.0039687,0.029283,-0.029283,-0.0039689,0.0039687,0.029283,-0.029284,-0.0039687,0.003969,0.029283,-0.029283,-0.0039688,0.0039688,0.029283,-0.029283,-0.003969,0.0039686,0.029283,-0.029283,-0.0039692,0.0039683,0.029283,-0.029283,-0.0039691,0.0039684,0.029284,-0.029282,-0.0039659,0.0039746,0.029298,-0.029238,-0.0038765,0.0041025,0.029424,-0.030341,-0.005565,0.0014736,0.025367,-0.029157,-0.0080592,0,0.010817,-0.013965,-0.0001754,0,0.011482,-0.01188,-0,0,0.011273,-0.011539,-0,0,0.011057,-0.011666,-0,0,0.011004,-0.012226,-9.1994e-05,0,0.0083212,-0.010691,-0.00061494,0,0.0024751,-0.0054069,-0,0,0,-3.0867e-05,-0,0,0,-0,0,0.007112,0.025814,0.029532
-0.0041763,-0,0,0.0035808,-0.0040533,-0,0,0.0038942,-0.0039111,-0,0,0.0039061,-0.0039063,-0,0,0.0039064,-0.0039062,-0,0,0.0039064,-0.0039063,-0,0,0.0039062,-0.0039064,-0,0,0.0039061,-0.0039066,-0,0,0.0039061,-0.0039065,-0,0,0.0039061,-0.0039063,-0,0,0.0039063,-0.003906,-0,0,0.0039063,-0.003906,-0,0,0.003907,-0.0039046,-0,0,0.0039292,-0.0038524,-0,0,0.0036909,-0.0050251,-0,0,0.00072183,-0.0050711,-0.0010477,0,0,-0.00036145,-0,0,0,-0,-0,0,0,-0,-0,0,0,-0,-0,0,0,-0,-0,0,0,-0,-0,0,0,-0,-0,0,0,-0,-0,0,0,-0,0,0.0045627,0.015525,0.0055552
-0.029787,-0.0044484,0.0033423,0.028405,-0.02875,-0.0038811,0.0038212,0.028648,-0.028661,-0.003843,0.003841,0.028657,-0.028657,-0.0038414,0.0038417,0.028657,-0.028658,-0.0038416,0.0038415,0.028658,-0.028657,-0.0038417,0.0038414,0.028658,-0.028658,-0.0038415,0.0038414,0.028658,-0.028658,-0.0038414,0.0038415,0.028657,-0.028657,-0.0038415,0.0038414,0.028657,-0.028657,-0.0038415,0.0038414,0.028657,-0.028657,-0.0038417,0.0038413,0.028658,-0.028657,-0.0038414,0.0038413,0.028658,-0.028656,-0.0038381,0.0038472,0.028675,-0.028598,-0.0037021,0.0040706,0.028989,-0.03042,-0.0067055,0,0.019705,-0.023605,-0.0060221,0,0.0098254,-0.012382,-0,0,0.011648,-0.011902,-0,0,0.011644,-0.012219,-5.8248e-05,0,0.0091771,-0.011029,-0.0010204,0,0.0036596,-0.0066682,-0,0,0,-0.0013635,-0,0,0,-0,-0,0,0,-0,-0,0,0,-0,0,0.0070425,0.025625,0.028991
-0.21611,-0.029656,0.028464,0.21141,-0.21164,-0.028691,0.02866,0.21158,-0.21159,-0.028671,0.02867,0.21159,-0.21159,-0.02867,0.028671,0.21159,-0.21159,-0.02867,0.02867,0.21159,-0.21159,-0.02867,0.02867,0.21159,-0.21159,-0.02867,0.02867,0.21159,-0.21159,-0.02867,0.02867,0.21159,-0.21159,-0.02867,0.02867,0.21159,-0.21159,-0.02867,0.02867,0.21159,-0.21159,-0.02867,0.02867,0.21159,-0.21159,-0.02867,0.02867,0.21159,-0.21159,-0.028668,0.028671,0.21159,-0.21152,-0.028525,0.029393,0.21469,-0.21619,-0.032053,0.018725,0.17323,-0.17682,-0.02531,0.0080122,0.12215,-0.1245,-0.011881,0.011677,0.12439,-0.12468,-0.011993,0.011643,0.1245,-0.12531,-0.012917,0.0087632,0.11308,-0.11505,-0.012846,0.0016697,0.077908,-0.080986,-0.0079645,0,0.043341,-0.04566,-0.0010987,0,0.031835,-0.032765,-0,0,0.032922,-0.033029,-0,0,0.034502,-0.030235,-0,0.013066,0.085885,0.18058
-0.029801,-0.0043898,0.0033175,0.02844,-0.028773,-0.003842,0.0037849,0.028675,-0.028687,-0.0038058,0.003804,0.028684,-0.028684,-0.0038045,0.0038046,0.028684,-0.028684,-0.0038047,0.0038045,0.028685,-0.028684,-0.0038048,0.0038042,0.028685,-0.028684,-0.0038044,0.0038041,0.028685,-0.028685,-0.0038042,0.0038043,0.028684,-0.028684,-0.0038043,0.0038042,0.028684,-0.028684,-0.0038044,0.0038041,0.028685,-0.028684,-0.0038047,0.003804,0.028685,-0.028684,-0.0038044,0.0038043,0.028686,-0.028681,-0.0038,0.0038101,0.028693,-0.028649,-0.0037106,0.0039459,0.02889,-0.030778,-0.0071164,0,0.019733,-0.023613,-0.0052623,0,0.010196,-0.012253,-0,0,0.011603,-0.012166,-0,0,0.01132,-0.012698,-0.00037046,0,0.008686,-0.011161,-0.00077553,0,0.0026332,-0.0056421,-0,0,0,-0.00026861,-0,0,0,-0,-0,0,0,-0,-0,0,0,-0,0,0.0069846,0.025512,0.029053
-0.003929,-0,0,0.0034371,-0.0038799,-0,0,0.0037312,-0.0037465,-0,0,0.0037421,-0.0037422,-0,0,0.0037423,-0.0037422,-0,0,0.0037424,-0.0037423,-0,0,0.0037422,-0.0037424,-0,0,0.003742,-0.0037422,-0,0,0.0037419,-0.0037422,-0,0,0.0037419,-0.0037421,-0,0,0.0037421,-0.0037419,-0,0,0.0037423,-0.0037418,-0,0,0.0037444,-0.0037372,-0,0,0.0037528,-0.0037499,-0,0,0.0031404,-0.0055838,-0.001089,0,0,-0.0031761,-0,0,0,-0,-0,0,0,-0,-0,0,0,-0,-0,0,0,-0,-0,0,0,-0,-0,0,0,-0,-0,0,0,-0,-0,0,0,-0,-0,0,0,-0,0,0.0043933,0.015167,0.0055035
-0.029044,-0.004223,0.0032145,0.027829,-0.028151,-0.0037154,0.0036595,0.028057,-0.028068,-0.0036798,0.0036779,0.028065,-0.028066,-0.0036784,0.0036787,0.028065,-0.028066,-0.0036785,0.0036785,0.028066,-0.028066,-0.0036786,0.0036786,0.028066,-0.028066,-0.0036785,0.0036785,0.028066,-0.028066,-0.0036783,0.0036786,0.028065,-0.028065,-0.0036785,0.0036785,0.028065,-0.028065,-0.0036785,0.0036785,0.028065,-0.028065,-0.0036787,0.0036783,0.028066,-0.028065,-0.003678,0.0036789,0.028068,-0.028059,-0.0036629,0.0037025,0.028113,-0.028151,-0.003779,0.0035083,0.027519,-0.029927,-0.0078661,0,0.014155,-0.017867,-0.0028126,0,0.010923,-0.012429,-0,0,0.011646,-0.01311,-0.0018098,0,0.0049014,-0.0084375,-0.00033079,0,0,-0.0014723,-0,0,0,-0,-0,0,0,-0,-0,0,0,-0,-0,0,0,-0,-0,0,0,-0,0,0.0068035,0.025077,0.028658
-0.21274,-0.028979,0.027896,0.20837,-0.20858,-0.028097,0.028069,0.20853,-0.20854,-0.028079,0.028078,0.20854,-0.20854,-0.028078,0.028079,0.20854,-0.20854,-0.028078,0.028078,0.20854,-0.20854,-0.028078,0.028078,0.20854,-0.20854,-0.028078,0.028078,0.20854,-0.20854,-0.028078,0.028078,0.20854,-0.20854,-0.028078,0.028078,0.20854,-0.20854,-0.028078,0.028078,0.20854,-0.20854,-0.028079,0.028078,0.20854,-0.20854,-0.028078,0.028079,0.20854,-0.20853,-0.028061,0.02814,0.2088,-0.20888,-0.028244,0.027962,0.20852,-0.21088,-0.032208,0.012299,0.14618,-0.14948,-0.018197,0.010242,0.12455,-0.12588,-0.012337,0.011773,0.12556,-0.12735,-0.015173,0.0030275,0.087951,-0.091614,-0.01039,0,0.042818,-0.045591,-0.0010866,0,0.032076,-0.033018,-0,0,0.033017,-0.033309,-0,0,0.033153,-0.033292,-0,0,0.03226,-0.032204,-0,0,0.032572,-0.0283,-0,0.012687,0.083359,0.17921
-0.029051,-0.0041599,0.0031916,0.027865,-0.028175,-0.003677,0.0036234,0.028083,-0.028095,-0.0036431,0.0036414,0.028092,-0.028092,-0.0036418,0.003642,0.028092,-0.028092,-0.0036421,0.0036419,0.028092,-0.028092,-0.0036421,0.0036416,0.028092,-0.028092,-0.0036418,0.0036416,0.028093,-0.028093,-0.0036416,0.0036417,0.028092,-0.028092,-0.0036416,0.0036416,0.028092,-0.028092,-0.0036419,0.0036415,0.028093,-0.028092,-0.0036422,0.0036415,0.028093,-0.028091,-0.0036409,0.0036437,0.028098,-0.028078,-0.0036194,0.0036681,0.028096,-0.028293,-0.0039369,0.0031783,0.027434,-0.030209,-0.0079609,0,0.014271,-0.017875,-0.0022609,0,0.011049,-0.012775,-6.0933e-05,0,0.011284,-0.013558,-0.0017784,0,0.0037331,-0.0074861,-0,0,0,-0.00036377,-0,0,0,-0,-0,0,0,-0,-0,0,0,-0,-0,0,0,-0,-0,0,0,-0,0,0.0067295,0.024945,0.02873
-0.0036549,-0,0,0.0032936,-0.0037097,-0,0,0.0035696,-0.0035842,-0,0,0.0035799,-0.0035802,-0,0,0.0035803,-0.0035802,-0,0,0.0035802,-0.0035803,-0,0,0.00358,-0.0035802,-0,0,0.0035797,-0.0035801,-0,0,0.0035797,-0.00358,-0,0,0.0035797,-0.00358,-0,0,0.00358,-0.0035797,-0,0,0.0035804,-0.003579,-0,0,0.0035902,-0.0035571,-0,0,0.0035331,-0.0039106,-0,0,0.0021459,-0.0054841,-0.0013831,0,0,-0.0016991,-0,0,0,-0.00036697,-0,0,0,-0,-0,0,0,-0,-0,0,0,-0,-0,0,0,-0,-0,0,0,-0,-0,0,0,-0,-0,0,0,-0,-0,0,0,-0,0,0.0041765,0.014737,0.0054924
-0.028325,-0.0040021,0.0030856,0.027257,-0.027559,-0.0035514,0.0034988,0.02747,-0.027481,-0.0035181,0.0035163,0.027478,-0.027478,-0.0035168,0.0035171,0.027478,-0.027478,-0.003517,0.003517,0.027478,-0.027478,-0.0035169,0.003517,0.027478,-0.027478,-0.0035168,0.003517,0.027478,-0.027478,-0.0035166,0.003517,0.027478,-0.027478,-0.0035168,0.0035169,0.027478,-0.027478,-0.0035168,0.0035169,0.027478,-0.027478,-0.003517,0.0035167,0.027479,-0.027477,-0.0035149,0.0035204,0.027489,-0.027448,-0.0034435,0.003638,0.027689,-0.028153,-0.004519,0.0018837,0.024131,-0.027251,-0.0073869,0,0.011325,-0.014907,-0.0014409,0,0.009466,-0.012281,-0.0024704,0,0.0014487,-0.005381,-0,0,0,-0,-0,0,0,-0,-0,0,0,-0,-0,0,0,-0,-0,0,0,-0,-0,0,0,-0,-0,0,0,-0,0,0.0065543,0.024546,0.028296
-0.20945,-0.028322,0.02733,0.20535,-0.20555,-0.027508,0.027482,0.2055,-0.20551,-0.027492,0.027491,0.20551,-0.20551,-0.027491,0.027491,0.20551,-0.20551,-0.027491,0.027491,0.20551,-0.20551,-0.027491,0.027491,0.20551,-0.20551,-0.027491,0.027491,0.20551,-0.20551,-0.027491,0.027491,0.20551,-0.20551,-0.027491,0.027491,0.20551,-0.20551,-0.027491,0.027491,0.20551,-0.20551,-0.027491,0.027491,0.20551,-0.20551,-0.027489,0.027494,0.20552,-0.20547,-0.027409,0.027847,0.207,-0.20752,-0.028767,0.024142,0.19294,-0.19595,-0.029541,0.0092943,0.13158,-0.13512,-0.015254,0.0090987,0.11748,-0.12046,-0.014979,0,0.065392,-0.069203,-0.0062469,0,0.033381,-0.035368,-0,0,0.032913,-0.03336,-0,0,0.033399,-0.033544,-0,0,0.032373,-0.03248,-0,0,0.031465,-0.031554,-0,0,0.030716,-0.030651,-0,0,0.031098,-0.026859,-0,0.012329,0.08114,0.17755
-0.02834,-0.0039467,0.0030598,0.02729,-0.027583,-0.0035136,0.0034634,0.027496,-0.027508,-0.0034815,0.0034805,0.027504,-0.027505,-0.0034804,0.003481,0.027505,-0.027505,-0.0034807,0.0034808,0.027505,-0.027505,-0.0034806,0.0034806,0.027505,-0.027505,-0.0034803,0.0034805,0.027505,-0.027505,-0.0034801,0.0034805,0.027505,-0.027505,-0.0034802,0.0034803,0.027505,-0.027505,-0.0034806,0.0034803,0.027505,-0.027505,-0.0034808,0.0034803,0.027506,-0.027503,-0.0034778,0.0034859,0.02752,-0.027464,-0.0033959,0.0036056,0.027647,-0.028361,-0.00478,0.0014157,0.02403,-0.027562,-0.0074071,0,0.011269,-0.015359,-0.0016684,0,0.0092228,-0.012606,-0.0021632,0,0.00046569,-0.0041719,-0,0,0,-0,-0,0,0,-0,-0,0,0,-0,-0,0,0,-0,-0,0,0,-0,-0,0,0,-0,-0,0,0,-0,0,0.0064846,0.024422,0.028349
-0.0034172,-0,0,0.0031471,-0.0035434,-0,0,0.0034093,-0.0034238,-0,0,0.0034194,-0.0034199,-0,0,0.0034197,-0.0034199,-0,0,0.0034196,-0.0034198,-0,0,0.0034193,-0.0034198,-0,0,0.0034192,-0.0034196,-0,0,0.0034191,-0.0034196,-0,0,0.0034192,-0.0034196,-0,0,0.0034195,-0.0034193,-0,0,0.0034203,-0.0034175,-0,0,0.0034408,-0.0033672,-0,0,0.0032811,-0.0042653,-0,0,0.00083415,-0.0051776,-0.00145,0,0,-0.0011469,-0,0,0,-0,-0,0,0,-0,-0,0,0,-0,-0,0,0,-0,-0,0,0,-0,-0,0,0,-0,-0,0,0,-0,-0,0,0,-0,-0,0,0,-0,0,0.0039754,0.014339,0.0054278
-0.02766,-0.0038022,0.0029489,0.026688,-0.026974,-0.0033898,0.00334,0.02689,-0.026901,-0.0033582,0.0033567,0.026898,-0.026898,-0.0033571,0.0033575,0.026898,-0.026898,-0.0033571,0.0033575,0.026898,-0.026898,-0.0033571,0.0033575,0.026898,-0.026898,-0.003357,0.0033574,0.026898,-0.026898,-0.003357,0.0033575,0.026898,-0.026898,-0.003357,0.0033573,0.026898,-0.026898,-0.0033571,0.0033574,0.026898,-0.026898,-0.0033573,0.0033573,0.026899,-0.026896,-0.0033537,0.0033613,0.026911,-0.026836,-0.0032234,0.0035669,0.027224,-0.028263,-0.0053954,0.00022163,0.020961,-0.025179,-0.0076503,0,0.0061415,-0.012297,-0.0029891,0,0,-0.0026982,-0,0,0,-0,-0,0,0,-0,-0,0,0,-0,-0,0,0,-0,-0,0,0,-0,-0,0,0,-0,-0,0,0,-0,-0,0,0,-0,0,0.0063423,0.024083,0.027859
-0.20629,-0.027696,0.026764,0.20237,-0.20255,-0.026927,0.026903,0.20251,-0.20252,-0.026911,0.026911,0.20251,-0.20252,-0.02691,0.026912,0.20252,-0.20252,-0.026911,0.026911,0.20252,-0.20252,-0.026911,0.026911,0.20252,-0.20252,-0.026911,0.026911,0.20252,-0.20252,-0.02691,0.026911,0.20252,-0.20252,-0.026911,0.026911,0.20252,-0.20252,-0.026911,0.026911,0.20252,-0.20252,-0.026911,0.026911,0.20252,-0.20251,-0.026907,0.026909,0.2025,-0.20242,-0.026767,0.027535,0.20517,-0.20634,-0.02945,0.020558,0.17891,-0.18321,-0.028419,0.0033468,0.10626,-0.11207,-0.014544,0,0.046961,-0.050755,-0.0024613,0,0.030476,-0.031706,-0,0,0.033339,-0.033545,-0,0,0.032578,-0.032699,-0,0,0.031581,-0.03168,-0,0,0.030758,-0.030846,-0,0,0.030048,-0.030122,-0,0,0.02943,-0.029355,-0,0,0.029858,-0.025645,-0,0.012043,0.079384,0.17546
-0.02768,-0.0037524,0.0029207,0.026719,-0.026999,-0.0033529,0.0033046,0.026916,-0.026927,-0.0033221,0.0033211,0.026924,-0.026925,-0.003321,0.0033216,0.026924,-0.026925,-0.0033212,0.0033215,0.026925,-0.026925,-0.0033211,0.0033212,0.026924,-0.026925,-0.0033208,0.0033211,0.026925,-0.026925,-0.0033206,0.0033211,0.026924,-0.026925,-0.0033208,0.0033209,0.026925,-0.026925,-0.0033212,0.003321,0.026925,-0.026924,-0.0033214,0.0033208,0.026927,-0.026916,-0.0033069,0.0033408,0.026937,-0.026863,-0.0032051,0.0034945,0.027059,-0.028812,-0.0061686,0,0.020639,-0.025764,-0.0074965,0,0.0056273,-0.011875,-0.0026085,0,0,-0.0014148,-0,0,0,-0,-0,0,0,-0,-0,0,0,-0,-0,0,0,-0,-0,0,0,-0,-0,0,0,-0,-0,0,0,-0,-0,0,0,-0,0,0.0062764,0.023966,0.027901
-0.0032042,-0,0,0.0029994,-0.0033802,-0,0,0.0032513,-0.0032653,-0,0,0.0032609,-0.0032615,-0,0,0.0032611,-0.0032614,-0,0,0.003261,-0.0032613,-0,0,0.0032608,-0.0032613,-0,0,0.0032607,-0.0032612,-0,0,0.0032607,-0.0032614,-0,0,0.0032608,-0.0032613,-0,0,0.0032612,-0.0032608,-0,0,0.0032634,-0.0032414,-0,0,0.0033196,-0.0032516,-0,0,0.0028,-0.0055135,-0.001333,0,0,-0.0037156,-0.0010873,-0,0,-0,-0,-0,0,-0,-0,0,0,-0,-0,0,0,-0,-0,0,0,-0,-0,0,0,-0,-0,0,0,-0,-0,0,0,-0,-0,0,0,-0,-0,0,0,0,0,0.0037872,0.013964,0.0053296
-0.027013,-0.0036111,0.0028107,0.026125,-0.026399,-0.0032306,0.0031832,0.026318,-0.026329,-0.0032005,0.0031993,0.026326,-0.026326,-0.0031995,0.0032,0.026326,-0.026326,-0.0031995,0.0031998,0.026326,-0.026326,-0.0031994,0.0031999,0.026326,-0.026326,-0.0031994,0.0031998,0.026326,-0.026326,-0.0031993,0.0031999,0.026326,-0.026326,-0.0031993,0.0031998,0.026326,-0.026326,-0.0031995,0.0031999,0.026327,-0.026326,-0.0032008,0.0031908,0.02631,-0.026288,-0.0031385,0.0033097,0.026557,-0.026556,-0.0031859,0.0035865,0.026994,-0.030095,-0.009239,0,0.0081444,-0.014957,-0.0056356,-0,0,-0.0023256,-0,0,0,-0,-0,0,0,-0,-0,0,0,-0,-0,0,0,-0,-0,0,0,-0,-0,0,0,-0,-0,0,0,-0,-0,0,0,-0,-0,0,0,-0,0,0.0061317,0.023633,0.027411
-0.20318,-0.027083,0.026204,0.19943,-0.1996,-0.026354,0.026331,0.19956,-0.19957,-0.026339,0.026339,0.19956,-0.19956,-0.026338,0.026339,0.19956,-0.19956,-0.026338,0.026339,0.19956,-0.19956,-0.026339,0.026339,0.19956,-0.19956,-0.026338,0.026339,0.19956,-0.19956,-0.026338,0.026339,0.19956,-0.19956,-0.026338,0.026339,0.19956,-0.19956,-0.026339,0.026339,0.19957,-0.19956,-0.026337,0.026316,0.19946,-0.19945,-0.026281,0.026585,0.20066,-0.2009,-0.026664,0.027635,0.20622,-0.20974,-0.03411,0.0049413,0.11803,-0.12492,-0.018045,0,0.041519,-0.046025,-0.0015238,0,0.030231,-0.031289,-0,0,0.032868,-0.03299,-0,0,0.031804,-0.031909,-0,0,0.030865,-0.030962,-0,0,0.030089,-0.030173,-0,0,0.029415,-0.02949,-0,0,0.02876,-0.028823,-0,0,0.028254,-0.02817,-0,0,0.028798,-0.024612,-0,0.011758,0.077683,0.17337
-0.027033,-0.003563,0.0027823,0.026155,-0.026424,-0.0031943,0.0031481,0.026344,-0.026355,-0.0031647,0.003164,0.026351,-0.026353,-0.0031636,0.0031645,0.026352,-0.026352,-0.0031638,0.0031643,0.026352,-0.026352,-0.0031638,0.0031641,0.026352,-0.026352,-0.0031636,0.0031639,0.026352,-0.026353,-0.0031633,0.0031639,0.026352,-0.026352,-0.0031636,0.0031637,0.026352,-0.026353,-0.0031645,0.0031637,0.026357,-0.026337,-0.0031418,0.0031881,0.026323,-0.026355,-0.0032023,0.00313,0.026339,-0.027226,-0.0040772,0.0020668,0.026492,-0.030994,-0.0094334,0,0.007785,-0.014548,-0.00403,-0,0,-0.00084582,-0,0,0,-0,-0,0,0,-0,-0,0,0,-0,-0,0,0,-0,-0,0,0,-0,-0,0,0,-0,-0,0,0,-0,-0,0,0,-0,-0,0,0,-0,0,0.0060662,0.023517,0.027449
-0.0029983,-0,0,0.0028525,-0.0032192,-0,0,0.0030947,-0.0031084,-0,0,0.0031039,-0.0031047,-0,0,0.0031041,-0.0031047,-0,0,0.003104,-0.0031046,-0,0,0.0031039,-0.0031047,-0,0,0.0031039,-0.0031047,-0,0,0.0031037,-0.0031047,-0,0,0.0031036,-0.0031053,-0,0,0.003109,-0.0030667,-0,0,0.0031691,-0.0032844,-0,0,0.0025446,-0.0046101,-8.974e-05,0,0,-0.0040278,-0.0018217,-0,0,-0,-0,-0,0,-0,-0,0,0,-0,-0,0,0,-0,-0,0,0,-0,-0,0,0,-0,-0,0,0,-0,-0,0,0,-0,-0,0,0,-0,-0,0,0,-0,-0,0,0,0,0,0.0036011,0.013595,0.0052245
-0.026377,-0.0034243,0.0026723,0.025566,-0.025829,-0.0030729,0.0030277,0.025751,-0.025762,-0.003044,0.0030433,0.025758,-0.025759,-0.003043,0.0030439,0.025759,-0.025759,-0.0030431,0.0030438,0.025759,-0.025759,-0.0030431,0.0030439,0.025759,-0.025759,-0.0030431,0.0030438,0.025759,-0.025759,-0.003043,0.0030439,0.025759,-0.025759,-0.0030432,0.0030437,0.025759,-0.02576,-0.0030487,0.0030267,0.025728,-0.025685,-0.002912,0.00331,0.026298,-0.026528,-0.003597,0.0027216,0.025178,-0.027997,-0.0081068,0,0.0081274,-0.014782,-0.0059434,-0,0,-0.0012517,-0,0,0,-0,-0,0,0,-0,-0,0,0,-0,-0,0,0,-0,-0,0,0,-0,-0,0,0,-0,-0,0,0,-0,-0,0,0,-0,-0,0,0,-0,-0,0,0,-0,0,0.0059294,0.023195,0.026956
-0.20011,-0.026477,0.025647,0.1965,-0.19667,-0.025785,0.025764,0.19663,-0.19664,-0.025771,0.025771,0.19664,-0.19664,-0.025771,0.025772,0.19664,-0.19664,-0.025771,0.025772,0.19664,-0.19664,-0.025771,0.025771,0.19664,-0.19664,-0.025771,0.025771,0.19664,-0.19664,-0.025771,0.025771,0.19664,-0.19664,-0.025771,0.025772,0.19664,-0.19663,-0.025774,0.025725,0.19644,-0.19644,-0.025654,0.026412,0.19947,-0.20001,-0.026979,0.025403,0.19706,-0.20047,-0.031819,0.0049243,0.11493,-0.12156,-0.017941,0,0.032952,-0.037429,-0,0,0.030713,-0.031525,-0,0,0.03222,-0.032362,-0,0,0.031037,-0.031145,-0,0,0.030158,-0.03025,-0,0,0.029458,-0.029538,-0,0,0.028794,-0.028868,-0,0,0.028142,-0.028208,-0,0,0.027639,-0.027692,-0,0,0.027197,-0.027109,-0,0,0.027713,-0.023557,-0,0.011487,0.076054,0.17123
-0.026399,-0.003378,0.0026433,0.025596,-0.025853,-0.003037,0.0029928,0.025777,-0.025787,-0.0030086,0.0030081,0.025784,-0.025785,-0.0030077,0.0030085,0.025784,-0.025785,-0.0030079,0.0030084,0.025784,-0.025785,-0.0030078,0.0030081,0.025785,-0.025785,-0.0030076,0.003008,0.025785,-0.025785,-0.0030073,0.0030079,0.025784,-0.025785,-0.0030079,0.0030082,0.02579,-0.025771,-0.0029914,0.0030155,0.025707,-0.025841,-0.0031148,0.0029132,0.026004,-0.027373,-0.0045862,0.00087215,0.024591,-0.028973,-0.0082026,0,0.0073922,-0.013891,-0.0040246,-0,0,-0,-0,0,0,-0,-0,0,0,-0,-0,0,0,-0,-0,0,0,-0,-0,0,0,-0,-0,0,0,-0,-0,0,0,-0,-0,0,0,-0,-0,0,0,-0,-0,0,0,-0,0,0.0058656,0.023082,0.026991
-0.0027997,-0,0,0.0027058,-0.0030597,-0,0,0.0029391,-0.0029525,-0,0,0.002948,-0.002949,-0,0,0.0029482,-0.002949,-0,0,0.0029482,-0.0029489,-0,0,0.0029481,-0.002949,-0,0,0.0029481,-0.0029489,-0,0,0.0029478,-0.0029494,-0,0,0.0029554,-0.0029091,-0,0,0.0029458,-0.0033315,-0,0,0.0017802,-0.0046281,-0.00054051,0,0,-0.002216,-0.00031715,-0,0,-0,-0,-0,0,-0,-0,0,0,-0,-0,0,0,-0,-0,0,0,-0,-0,0,0,-0,-0,0,0,-0,-0,0,0,-0,-0,0,0,-0,-0,0,0,-0,-0,0,0,-0,-0,0,0,0,0,0.0034208,0.013234,0.0051108
-0.025753,-0.0032419,0.0025331,0.02501,-0.025263,-0.0029164,0.0028732,0.025188,-0.025198,-0.0028886,0.0028882,0.025195,-0.025196,-0.0028877,0.0028889,0.025195,-0.025196,-0.0028877,0.0028888,0.025195,-0.025196,-0.0028877,0.0028887,0.025195,-0.025196,-0.0028877,0.0028887,0.025195,-0.025196,-0.0028877,0.0028887,0.025195,-0.025196,-0.0028921,0.002875,0.025172,-0.025118,-0.0027412,0.0031699,0.02574,-0.026348,-0.0042014,0.0012267,0.021824,-0.02557,-0.0084199,0,0.0036727,-0.010849,-0.0029512,-0,0,-0,-0,0,0,-0,-0,0,0,-0,-0,0,0,-0,-0,0,0,-0,-0,0,0,-0,-0,0,0,-0,-0,0,0,-0,-0,0,0,-0,-0,0,0,-0,-0,0,0,-0,-0,0,0,-0,0,0.0057355,0.022768,0.026489
-0.19708,-0.02588,0.025093,0.1936,-0.19376,-0.025221,0.025201,0.19372,-0.19373,-0.025208,0.025208,0.19373,-0.19373,-0.025207,0.025208,0.19373,-0.19373,-0.025207,0.025208,0.19373,-0.19373,-0.025207,0.025208,0.19373,-0.19373,-0.025207,0.025208,0.19373,-0.19373,-0.025207,0.025208,0.19373,-0.19373,-0.02521,0.025168,0.19356,-0.19354,-0.025064,0.025946,0.19697,-0.19795,-0.027322,0.021674,0.18177,-0.18613,-0.030154,0,0.087351,-0.094071,-0.012565,0,0.026236,-0.029722,-0,0,0.032049,-0.032526,-0,0,0.032013,-0.032167,-0,0,0.03071,-0.030837,-0,0,0.029602,-0.029708,-0,0,0.028841,-0.028926,-0,0,0.028163,-0.028238,-0,0,0.027525,-0.027589,-0,0,0.027064,-0.027119,-0,0,0.026585,-0.026635,-0,0,0.026112,-0.02602,-0,0,0.026747,-0.022622,-0,0.011216,0.074496,0.16903
-0.025775,-0.0031969,0.0025042,0.025039,-0.025287,-0.0028811,0.0028387,0.025213,-0.025223,-0.0028538,0.0028534,0.02522,-0.025221,-0.0028527,0.002854,0.02522,-0.025221,-0.0028528,0.0028538,0.025221,-0.025221,-0.002853,0.0028535,0.025221,-0.025221,-0.0028527,0.0028533,0.025221,-0.025221,-0.0028522,0.0028544,0.025225,-0.025209,-0.0028398,0.0028587,0.025161,-0.025245,-0.0029011,0.0028171,0.0254,-0.027321,-0.0054438,0,0.0212,-0.026435,-0.008019,0,0.002063,-0.0087961,-0.0011919,-0,0,-0,-0,0,0,-0,-0,0,0,-0,-0,0,0,-0,-0,0,0,-0,-0,0,0,-0,-0,0,0,-0,-0,0,0,-0,-0,0,0,-0,-0,0,0,-0,-0,0,0,-0,-0,0,0,-0,0,0.005672,0.022656,0.026523
-0.0026064,-0,0,0.0025607,-0.0029021,-0,0,0.0027856,-0.0027986,-0,0,0.0027941,-0.0027953,-0,0,0.0027943,-0.0027954,-0,0,0.0027943,-0.0027953,-0,0,0.0027944,-0.0027953,-0,0,0.0027945,-0.0027954,-0,0,0.0028033,-0.0027622,-0,0,0.0027942,-0.0030776,-0,0,0.0015737,-0.0051179,-0.0015218,0,0,-0.0013017,-0,-0,0,-0,-0,-0,0,-0,-0,0,0,-0,-0,0,0,-0,-0,0,0,-0,-0,0,0,-0,-0,0,0,-0,-0,0,0,-0,-0,0,0,-0,-0,0,0,-0,-0,0,0,-0,-0,0,0,-0,-0,0,0,0,0,0.0032442,0.012876,0.0049937
-0.025141,-0.003063,0.0023961,0.024464,-0.024707,-0.0027627,0.0027211,0.024635,-0.024645,-0.002736,0.0027357,0.024641,-0.024643,-0.0027349,0.0027363,0.024642,-0.024643,-0.002735,0.0027362,0.024642,-0.024643,-0.002735,0.0027361,0.024642,-0.024643,-0.002735,0.002736,0.024642,-0.024643,-0.0027368,0.0027305,0.024635,-0.024582,-0.0026146,0.0029507,0.025057,-0.025517,-0.0037313,0.0014426,0.0219,-0.026342,-0.009895,-0,0.00024885,-0.0078666,-0.0008311,-0,0,-0,-0,0,0,-0,-0,0,0,-0,-0,0,0,-0,-0,0,0,-0,-0,0,0,-0,-0,0,0,-0,-0,0,0,-0,-0,0,0,-0,-0,0,0,-0,-0,0,0,-0,-0,0,0,-0,-0,0,0,-0,0,0.0055565,0.022338,0.026032
-0.1941,-0.025293,0.02455,0.19076,-0.19091,-0.024667,0.024648,0.19087,-0.19088,-0.024655,0.024655,0.19087,-0.19088,-0.024654,0.024655,0.19088,-0.19088,-0.024654,0.024655,0.19088,-0.19088,-0.024654,0.024655,0.19088,-0.19088,-0.024654,0.024655,0.19088,-0.19088,-0.024655,0.024634,0.19079,-0.19074,-0.024526,0.025228,0.19333,-0.19408,-0.026266,0.0221,0.18258,-0.18764,-0.032026,0,0.066985,-0.07409,-0.008332,0,0.025435,-0.028054,-0,0,0.032946,-0.033216,-0,0,0.031724,-0.031869,-0,0,0.030515,-0.030642,-0,0,0.02941,-0.029521,-0,0,0.028584,-0.02868,-0,0,0.027763,-0.02785,-0,0,0.027014,-0.027087,-0,0,0.026489,-0.026548,-0,0,0.026007,-0.026063,-0,0,0.025495,-0.02554,-0,0,0.025168,-0.025068,-0,0,0.025849,-0.02177,0,0.010905,0.072896,0.1669
-0.025162,-0.0030187,0.0023676,0.024493,-0.024731,-0.0027282,0.0026872,0.02466,-0.02467,-0.0027021,0.0027014,0.024667,-0.024668,-0.002701,0.002702,0.024667,-0.024668,-0.002701,0.0027019,0.024667,-0.024668,-0.0027011,0.0027016,0.024667,-0.024668,-0.0027006,0.0027021,0.02467,-0.024662,-0.002695,0.002705,0.024649,-0.024637,-0.0026485,0.0027828,0.0248,-0.026295,-0.0048163,0,0.021332,-0.027204,-0.0098013,-0,0,-0.0058442,-0,0,0,-0,-0,0,0,-0,-0,0,0,-0,-0,0,0,-0,-0,0,0,-0,-0,0,0,-0,-0,0,0,-0,-0,0,0,-0,-0,0,0,-0,-0,0,0,-0,-0,0,0,-0,-0,0,0,-0,-0,0,0,-0,0,0.0054935,0.022226,0.026065
-0.0024144,-0,0,0.0024174,-0.0027464,-0,0,0.0026342,-0.0026466,-0,0,0.0026423,-0.0026433,-0,0,0.0026424,-0.0026434,-0,0,0.0026426,-0.0026433,-0,0,0.0026427,-0.0026432,-0,0,0.0026473,-0.0026288,-0,0,0.0026562,-0.002711,-0,0,0.0019496,-0.0047263,-0.00085214,0,0,-0.0029169,-0.0014394,-0,0,-0,-0,0,0,-0,-0,0,0,-0,-0,0,0,-0,-0,0,0,-0,-0,0,0,-0,-0,0,0,-0,-0,0,0,-0,-0,0,0,-0,-0,0,0,-0,-0,0,0,-0,-0,0,0,-0,-0,0,0,-0,-0,0,0,0,0,0.0030708,0.012519,0.0048792
-0.024531,-0.0028852,0.0022599,0.023921,-0.024155,-0.0026103,0.00257,0.024086,-0.024095,-0.0025845,0.0025841,0.024092,-0.024093,-0.0025834,0.0025847,0.024092,-0.024093,-0.0025837,0.0025845,0.024093,-0.024093,-0.0025837,0.0025845,0.024093,-0.024093,-0.002584,0.0025833,0.024092,-0.024067,-0.0025327,0.0026665,0.024255,-0.024396,-0.0028508,0.0023607,0.023469,-0.026969,-0.008957,0,0.0037848,-0.011848,-0.0040232,-0,0,-0,-0,0,0,-0,-0,0,0,-0,-0,0,0,-0,-0,0,0,-0,-0,0,0,-0,-0,0,0,-0,-0,0,0,-0,-0,0,0,-0,-0,0,0,-0,-0,0,0,-0,-0,0,0,-0,-0,0,0,-0,-0,0,0,-0,0,0.0053794,0.02191,0.025578
-0.19114,-0.02471,0.024009,0.18793,-0.18807,-0.024117,0.024098,0.18804,-0.18804,-0.024105,0.024105,0.18804,-0.18804,-0.024104,0.024105,0.18804,-0.18804,-0.024104,0.024105,0.18804,-0.18804,-0.024104,0.024105,0.18804,-0.18804,-0.024105,0.024099,0.18801,-0.18799,-0.024047,0.024319,0.18895,-0.18929,-0.024671,0.023966,0.18882,-0.1929,-0.031785,0,0.091422,-0.098714,-0.013753,0,0.025209,-0.028809,-0,0,0.032957,-0.033169,-0,0,0.031544,-0.031679,-0,0,0.030314,-0.030443,-0,0,0.029236,-0.029347,-0,0,0.028397,-0.028493,-0,0,0.027593,-0.027682,-0,0,0.0268,-0.026879,-0,0,0.026216,-0.026282,-0,0,0.025659,-0.025723,-0,0,0.025078,-0.025136,-0,0,0.024619,-0.024661,-0,0,0.024304,-0.024208,-0,0,0.024924,-0.020897,0,0.010597,0.071299,0.16478
-0.024554,-0.0028432,0.0022309,0.023949,-0.024178,-0.0025762,0.0025364,0.02411,-0.02412,-0.0025508,0.0025503,0.024117,-0.024118,-0.0025497,0.002551,0.024117,-0.024118,-0.0025497,0.0025509,0.024117,-0.024118,-0.0025498,0.0025509,0.024118,-0.024116,-0.002548,0.0025526,0.024119,-0.024083,-0.0024945,0.0026113,0.024086,-0.024954,-0.0036719,0.0010186,0.022949,-0.027968,-0.0093708,0,0.0022693,-0.0099783,-0.0020676,-0,0,-0,-0,0,0,-0,-0,0,0,-0,-0,0,0,-0,-0,0,0,-0,-0,0,0,-0,-0,0,0,-0,-0,0,0,-0,-0,0,0,-0,-0,0,0,-0,-0,0,0,-0,-0,0,0,-0,-0,0,0,-0,-0,0,0,-0,0,0.0053177,0.021801,0.025606
-0.0022312,-0,0,0.002273,-0.0025918,-0,0,0.0024828,-0.0024949,-0,0,0.0024906,-0.0024917,-0,0,0.0024909,-0.0024919,-0,0,0.0024912,-0.0024917,-0,0,0.0024928,-0.0024875,-0,0,0.0025065,-0.0024586,-0,0,0.0021903,-0.0039938,-0,0,0,-0.0041871,-0.0022185,-0,0,-0,-0,-0,0,-0,-0,0,0,-0,-0,0,0,-0,-0,0,0,-0,-0,0,0,-0,-0,0,0,-0,-0,0,0,-0,-0,0,0,-0,-0,0,0,-0,-0,0,0,-0,-0,0,0,-0,-0,0,0,-0,-0,0,0,-0,-0,0,0,0,0,0.002902,0.012171,0.0047513
-0.023942,-0.0027112,0.0021174,0.02338,-0.023606,-0.0024555,0.0024164,0.023539,-0.023549,-0.0024306,0.00243,0.023545,-0.023546,-0.0024295,0.0024308,0.023545,-0.023546,-0.0024298,0.0024308,0.023546,-0.023546,-0.0024298,0.002431,0.023547,-0.023539,-0.002418,0.0024395,0.023568,-0.023547,-0.0023157,0.0027761,0.024118,-0.026496,-0.0072172,0,0.0084424,-0.015277,-0.0067566,-0,0,-0,-0,0,0,-0,-0,0,0,-0,-0,0,0,-0,-0,0,0,-0,-0,0,0,-0,-0,0,0,-0,-0,0,0,-0,-0,0,0,-0,-0,0,0,-0,-0,0,0,-0,-0,0,0,-0,-0,0,0,-0,-0,0,0,-0,-0,0,0,-0,0,0.0052117,0.021505,0.025095
-0.18822,-0.024133,0.023463,0.18511,-0.18525,-0.023564,0.023546,0.18521,-0.18522,-0.023553,0.023553,0.18522,-0.18522,-0.023552,0.023553,0.18522,-0.18522,-0.023552,0.023553,0.18522,-0.18522,-0.023552,0.023552,0.18522,-0.1852,-0.023535,0.02357,0.18529,-0.18541,-0.02356,0.02464,0.19051,-0.19342,-0.029976,0.0057903,0.11779,-0.12464,-0.019159,-0,0.025441,-0.029976,-0,0,0.032148,-0.032556,-0,0,0.031352,-0.031478,-0,0,0.030102,-0.030231,-0,0,0.029042,-0.029151,-0,0,0.028206,-0.028302,-0,0,0.027389,-0.027479,-0,0,0.026605,-0.026684,-0,0,0.025999,-0.026068,-0,0,0.025444,-0.025517,-0,0,0.024859,-0.024931,-0,0,0.024346,-0.024401,-0,0,0.023966,-0.024006,-0,0,0.023614,-0.023521,-0,0,0.024182,-0.020198,0,0.01032,0.069897,0.16249
-0.023937,-0.0026707,0.0020847,0.023379,-0.023606,-0.0024218,0.002381,0.023538,-0.023548,-0.0023959,0.0023953,0.023545,-0.023546,-0.0023947,0.0023961,0.023545,-0.023546,-0.0023949,0.002396,0.023546,-0.023546,-0.0023944,0.0023982,0.023556,-0.023513,-0.0023509,0.0024279,0.023427,-0.023943,-0.002955,0.0017284,0.023646,-0.027596,-0.0080879,0,0.0077471,-0.014709,-0.0049282,-0,0,-0,-0,0,0,-0,-0,0,0,-0,-0,0,0,-0,-0,0,0,-0,-0,0,0,-0,-0,0,0,-0,-0,0,0,-0,-0,0,0,-0,-0,0,0,-0,-0,0,0,-0,-0,0,0,-0,-0,0,0,-0,-0,0,0,-0,-0,0,0,-0,0,0.0051586,0.021403,0.025093
-0.0020045,-0,0,0.0020774,-0.0024016,-0,0,0.0022894,-0.0023029,-0,0,0.0022981,-0.0022994,-0,0,0.0022986,-0.0022995,-0,0,0.0022993,-0.0022988,-0,0,0.0023189,-0.0022281,-0,0,0.0021717,-0.0034102,-0,0,0,-0.0045743,-0.0020063,-0,0,-0,-0,-0,0,-0,-0,0,0,-0,-0,0,0,-0,-0,0,0,-0,-0,0,0,-0,-0,0,0,-0,-0,0,0,-0,-0,0,0,-0,-0,0,0,-0,-0,0,0,-0,-0,0,0,-0,-0,0,0,-0,-0,0,0,-0,-0,0,0,-0,-0,0,0,0,0,0.0027539,0.011814,0.0045718
-0.023296,-0.0023684,0.001804,0.022786,-0.023027,-0.0021555,0.0021109,0.022952,-0.022964,-0.0021282,0.0021273,0.02296,-0.022961,-0.0021271,0.0021282,0.02296,-0.022961,-0.0021271,0.0021286,0.022962,-0.02296,-0.0021287,0.0021172,0.022948,-0.022842,-0.0018636,0.0026512,0.023914,-0.025614,-0.005887,0,0.011199,-0.017186,-0.0074415,-0,0,-0.0010231,-0,0,0,-0,-0,0,0,-0,-0,0,0,-0,-0,0,0,-0,-0,0,0,-0,-0,0,0,-0,-0,0,0,-0,-0,0,0,-0,-0,0,0,-0,-0,0,0,-0,-0,0,0,-0,-0,0,0,-0,-0,0,0,-0,-0,0,0,-0,-0,0,0,-0,0,0.0050764,0.020954,0.024599
-0.18492,-0.023311,0.022678,0.18196,-0.18214,-0.022812,0.022783,0.1821,-0.18211,-0.022795,0.022794,0.1821,-0.1821,-0.022794,0.022795,0.1821,-0.1821,-0.022794,0.022796,0.18211,-0.1821,-0.022793,0.022753,0.18193,-0.18188,-0.022539,0.024258,0.18846,-0.19054,-0.027913,0.0096951,0.1322,-0.13842,-0.021859,-0,0.03032,-0.03544,-0,0,0.030667,-0.031453,-0,0,0.030864,-0.030986,-0,0,0.029585,-0.029713,-0,0,0.028508,-0.028616,-0,0,0.027703,-0.027798,-0,0,0.026859,-0.026951,-0,0,0.026064,-0.026143,-0,0,0.025459,-0.025527,-0,0,0.024875,-0.024975,-0,0,0.024255,-0.02458,-0,0,0.023748,-0.024088,-0,0,0.023508,-0.023621,-0,0,0.023161,-0.02321,-0,0,0.022815,-0.022717,-0,0,0.023429,-0.019293,0,0.010212,0.068424,0.15995
-0.022468,-0.0028096,0.0020186,0.021981,-0.022355,-0.0024973,0.0024229,0.022241,-0.022258,-0.00245,0.0024482,0.022253,-0.022254,-0.0024481,0.0024492,0.022254,-0.022254,-0.0024475,0.0024518,0.022262,-0.022233,-0.0024229,0.002462,0.022184,-0.022323,-0.0025268,0.0024441,0.022798,-0.025786,-0.0072188,0,0.010374,-0.016832,-0.0064912,-0,0,-0,-0,0,0,-0,-0,0,0,-0,-0,0,0,-0,-0,0,0,-0,-0,0,0,-0,-0,0,0,-0,-0,0,0,-0,-0,0,0,-0,-0,0,0,-0,-0,0,0,-0,-0,0,0,-0,-0,0,0,-0,-0,0,0,-0,-0,0,0,-0,-0,0,0,-0,0,0.0056603,0.021835,0.023925
-0.002945,-0,0,0.0023542,-0.0029898,-0,0,0.0027586,-0.0027846,-0,0,0.0027759,-0.0027774,-0,0,0.0027765,-0.0027778,-0,0,0.002793,-0.0027231,-0,0,0.0028372,-0.0032973,-0,0,0.00049331,-0.0047987,-0.0021379,-0,0,-0.0010208,-0,-0,0,-0,-0,0,0,-0,-0,0,0,-0,-0,0,0,-0,-0,0,0,-0,-0,0,0,-0,-0,0,0,-0,-0,0,0,-0,-0,0,0,-0,-0,0,0,-0,-0,0,0,-0,-0,0,0,-0,-0,0,0,-0,-0,0,0,-0,-0,0,0,-0,-0,0,0,0,0,0.0043889,0.013189,0.0062432
-0.032298,-0.006273,0.0036977,0.030067,-0.030777,-0.004733,0.0046194,0.030579,-0.030603,-0.0046587,0.0046558,0.030596,-0.030598,-0.0046565,0.0046569,0.030597,-0.030599,-0.0046599,0.0046494,0.030594,-0.030484,-0.0044442,0.005123,0.03133,-0.032085,-0.0065577,0.0011114,0.024129,-0.028568,-0.0094939,-0,0.0012733,-0.0075442,-0,0,0.00053765,-0.0026317,-0,0,0.0020774,-0.0022674,-0,0,0.0018293,-0.0019515,-0,0,0.0016256,-0.0017283,-0,0,0.0014818,-0.0015687,-0,0,0.001327,-0.0014101,-0,0,0.0011746,-0.0012495,-0,0,0.0010652,-0.0011271,-0,0,0.00096937,-0.0010095,-0,0,0.00082972,-0.0011235,-0,0,0,-0.0021436,-0,0,0,-0,-0,0,0,-0,-0,0,0,-0,-0,0,0,-0,-0,0,0,-0,0,0.0090637,0.029345,0.02996
-0.22063,-0.042327,0.038362,0.2144,-0.21512,-0.039549,0.039476,0.215,-0.21502,-0.039501,0.0395,0.21501,-0.21501,-0.0395,0.0395,0.21501,-0.21501,-0.039506,0.039473,0.21488,-0.21477,-0.039211,0.040491,0.2195,-0.22024,-0.042188,0.033061,0.18764,-0.19175,-0.042654,0.0079234,0.080591,-0.085035,-0.016769,0.010383,0.067358,-0.06833,-0.012027,0.012114,0.069036,-0.069119,-0.012245,0.011741,0.067544,-0.067626,-0.011919,0.011543,0.066464,-0.066528,-0.011678,0.011403,0.065683,-0.065737,-0.011517,0.01124,0.064878,-0.064931,-0.011353,0.01108,0.064086,-0.064133,-0.011179,0.010971,0.063493,-0.063532,-0.011052,0.01087,0.062963,-0.062976,-0.010901,0.010847,0.062519,-0.062846,-0.011445,0.0096087,0.060116,-0.063223,-0.016004,0,0.043407,-0.047398,-0.0061245,0.0018859,0.042932,-0.043674,-0.003338,0.0030631,0.043031,-0.043144,-0.0032822,0.0028677,0.042452,-0.042428,-0.002847,0.0032755,0.04313,-0.037856,-0,0.024394,0.10042,0.18271
