0.53788,0.095629,0.025791,0.098733,0.54926,0.099532,0.027522,0.099636,0.54977,0.099655,0.027576,0.09966,0.54979,0.099658,0.027577,0.09966,0.54979,0.099655,0.027564,0.099633,0.54974,0.099721,0.027948,0.10043,0.55074,0.099939,0.025786,0.095505,0.5456,0.092865,0.016239,0.078258,0.52619,0.075819,0.0087386,0.073558,0.52368,0.072987,0.0072708,0.073063,0.52388,0.072977,0.0070933,0.072759,0.52358,0.072694,0.0068851,0.072541,0.52337,0.072495,0.0067366,0.072383,0.52323,0.072344,0.0066096,0.072232,0.52308,0.072192,0.0064843,0.072083,0.52293,0.072048,0.0063751,0.071964,0.52282,0.071935,0.0062812,0.071853,0.52269,0.071804,0.0062098,0.072241,0.52563,0.072745,0.0073917,0.070677,0.51203,0.072189,0.0074842,0.03039,0.29698,0.033523,-0.0022995,0.025721,0.25975,0.026478,-0.0041961,0.026352,0.25983,0.02655,-0.0041414,0.025701,0.25639,0.025617,-0.0046102,0.024592,0.25022,0.020443,-0.0036318,0.021267,0.22806
0.085788,0.018523,0.0043404,0.019004,0.085852,0.01996,0.0053828,0.020015,0.086178,0.020041,0.0054221,0.020042,0.086186,0.020043,0.0054233,0.020044,0.086186,0.020041,0.0054189,0.020037,0.086187,0.02009,0.0055795,0.020283,0.086432,0.019995,0.0046144,0.018593,0.08432,0.017115,0.00050167,0.012738,0.077679,0.01182,-0.0036629,0.01109,0.076575,0.011027,-0.0044839,0.011039,0.076598,0.011019,-0.0045561,0.01096,0.076498,0.010947,-0.0046509,0.010907,0.076431,0.010898,-0.0047189,0.010869,0.076382,0.010862,-0.0047759,0.010832,0.076333,0.010826,-0.0048329,0.010797,0.076285,0.010791,-0.0048828,0.010768,0.076248,0.010762,-0.0049275,0.010739,0.076196,0.010684,-0.0050122,0.010736,0.076574,0.011399,-0.0017209,0.011269,0.078281,0.013529,-0.0001582,0.0019628,0.033593,0.00096321,-0.0048934,-0.0022677,0.026058,-0.0028615,-0.0054589,-0.0026648,0.026478,-0.0026889,-0.0053564,-0.0027413,0.025692,-0.002795,-0.0058386,-0.003469,0.021813,-0.001763,-0.0069015,-0.0034059,0.038343
0.081429,0.012275,-0.0037742,0.01072,0.075119,0.011286,-0.0048777,0.011293,0.0753,0.011304,-0.004844,0.011304,0.075305,0.011303,-0.0048435,0.011304,0.075305,0.011304,-0.0048431,0.011304,0.075299,0.011287,-0.0048815,0.011259,0.07528,0.011384,-0.0045667,0.011633,0.076005,0.012123,-0.0027623,0.012742,0.077927,0.013559,-0.0018057,0.013626,0.078459,0.013822,-0.0014805,0.013829,0.078518,0.013843,-0.0014271,0.013857,0.078551,0.013871,-0.0013571,0.01388,0.078576,0.013893,-0.0013046,0.013899,0.078595,0.013908,-0.0012621,0.013915,0.078613,0.013924,-0.0012199,0.013931,0.078631,0.013938,-0.0011823,0.013943,0.078645,0.01395,-0.0011506,0.013955,0.078658,0.013993,-0.00089244,0.014706,0.080716,0.014513,-0.0020685,0.0060613,0.059983,0.0074247,-0.0057707,-0.00090783,0.023766,-0.0025863,-0.0059809,-0.0016574,0.027782,-0.0014112,-0.0047027,-0.0015697,0.027267,-0.0016519,-0.0047877,-0.0017703,0.026599,-0.0017997,-0.0051292,-0.0022964,0.023159,0.00012119,-0.0050948,0.0012138,0.043095
0.52194,0.076503,0.0099328,0.075727,0.52328,0.075884,0.0096471,0.075941,0.52372,0.075948,0.0096794,0.075951,0.52373,0.07595,0.0096801,0.075951,0.52373,0.07595,0.0096804,0.07595,0.52373,0.075936,0.0096483,0.075936,0.52376,0.076048,0.0099688,0.076228,0.52429,0.076748,0.011507,0.077175,0.52544,0.07769,0.012742,0.077805,0.52588,0.077924,0.013038,0.07794,0.52595,0.077951,0.013074,0.07796,0.52597,0.077974,0.013119,0.077981,0.52599,0.077992,0.013153,0.077997,0.526,0.078006,0.013181,0.078011,0.52602,0.07802,0.013209,0.078025,0.52603,0.078033,0.013233,0.078036,0.52604,0.078043,0.013253,0.07804,0.52601,0.078103,0.013596,0.079788,0.53511,0.079063,0.009992,0.062463,0.45014,0.061995,0.003863,0.023443,0.26087,0.026223,-0.0030402,0.026879,0.26357,0.027515,-0.0021755,0.026639,0.25977,0.026719,-0.0023846,0.026044,0.25678,0.025952,-0.002744,0.025034,0.2512,0.022095,-0.00040865,0.026698,0.24681
0.52277,0.078475,0.013874,0.078043,0.52528,0.078555,0.014374,0.078634,0.52585,0.078656,0.014407,0.078661,0.52587,0.07866,0.014408,0.078662,0.52587,0.07866,0.014408,0.078662,0.52587,0.078666,0.014418,0.078667,0.52588,0.078622,0.014312,0.07858,0.52589,0.078371,0.013824,0.078275,0.52593,0.078085,0.013413,0.078059,0.52594,0.078015,0.013316,0.078011,0.52594,0.078006,0.013304,0.078003,0.52594,0.077998,0.013291,0.077996,0.52594,0.077993,0.013282,0.077991,0.52594,0.077987,0.013272,0.077986,0.52594,0.077983,0.013263,0.077982,0.52594,0.077978,0.013256,0.077977,0.52594,0.077973,0.013246,0.077963,0.52588,0.077978,0.013528,0.079718,0.53529,0.080215,0.013246,0.065307,0.45386,0.065634,0.0085427,0.027018,0.26293,0.028306,-0.00068731,0.02792,0.26393,0.027944,-0.0013123,0.026978,0.25988,0.027154,-0.0014274,0.026428,0.25689,0.026309,-0.0016422,0.025454,0.25139,0.022519,0.00017327,0.027027,0.24696
0.082654,0.013546,-0.00094743,0.012337,0.078094,0.013562,-0.0015151,0.013511,0.078424,0.013585,-0.0015002,0.013583,0.078441,0.013586,-0.0014976,0.013587,0.078442,0.013586,-0.0014974,0.013586,0.078442,0.013588,-0.001494,0.013586,0.078441,0.013579,-0.0015261,0.013559,0.078423,0.013518,-0.0016747,0.013481,0.078396,0.013446,-0.0018016,0.01343,0.078382,0.013423,-0.0018306,0.01342,0.078378,0.013419,-0.0018346,0.013418,0.078377,0.013417,-0.0018387,0.013416,0.078376,0.013415,-0.0018416,0.013415,0.078375,0.013414,-0.0018438,0.013413,0.078375,0.013413,-0.0018463,0.013412,0.078375,0.013411,-0.0018489,0.013411,0.078372,0.013404,-0.0018568,0.013411,0.078348,0.013328,-0.0017176,0.01399,0.080339,0.015003,0.002522,0.0092047,0.06838,0.012205,-0.00095722,0.001198,0.026158,-0.0013744,-0.0043225,-0.0014734,0.027749,-0.0015849,-0.0045001,-0.0016904,0.026927,-0.0017565,-0.0045314,-0.0018204,0.026277,-0.0018428,-0.004808,-0.0023927,0.022932,-0.00048945,-0.0053299,-0.00028365,0.042526
0.080425,0.012341,-0.0018771,0.011053,0.075618,0.012304,-0.0029298,0.012249,0.075941,0.012315,-0.0028884,0.012314,0.075955,0.012314,-0.0028861,0.012315,0.075956,0.012314,-0.0028867,0.012315,0.075956,0.012315,-0.0028865,0.012313,0.075959,0.012326,-0.0028726,0.012317,0.075974,0.01236,-0.0028271,0.012344,0.075992,0.012383,-0.0027872,0.012376,0.076006,0.012387,-0.0027756,0.012386,0.076009,0.012388,-0.0027738,0.012387,0.07601,0.012389,-0.0027715,0.012388,0.07601,0.012391,-0.0027693,0.012389,0.076011,0.012391,-0.002769,0.012391,0.076011,0.012391,-0.0027689,0.012391,0.076012,0.012392,-0.0027681,0.012392,0.076012,0.012388,-0.0027723,0.012394,0.075985,0.012298,-0.0025323,0.013091,0.078241,0.012957,-0.0039356,0.00062646,0.045567,0.0031124,-0.0065622,-0.0015042,0.023758,-0.0028149,-0.0054076,-0.0020029,0.027432,-0.0017694,-0.0048607,-0.0019063,0.026684,-0.0019812,-0.0048817,-0.0020665,0.0261,-0.0021038,-0.0052422,-0.0026245,0.022743,-0.00062537,-0.0057638,-0.00042299,0.041835
0.51575,0.076321,0.012054,0.075743,0.51791,0.076108,0.012078,0.076174,0.51845,0.076197,0.012124,0.0762,0.51847,0.0762,0.012126,0.076202,0.51847,0.076201,0.012126,0.076201,0.51847,0.0762,0.012126,0.076201,0.51847,0.076207,0.012141,0.076209,0.51849,0.076231,0.012192,0.076233,0.51851,0.076253,0.01224,0.076255,0.51852,0.076261,0.012253,0.076261,0.51853,0.076262,0.012255,0.076262,0.51853,0.076262,0.012257,0.076263,0.51853,0.076263,0.012258,0.076263,0.51853,0.076264,0.012259,0.076264,0.51853,0.076264,0.012259,0.076264,0.51853,0.076265,0.012261,0.076265,0.51853,0.076266,0.012262,0.076257,0.51847,0.076248,0.012568,0.078284,0.52983,0.077404,0.007628,0.048047,0.38027,0.048827,0.0014466,0.023321,0.2556,0.025698,-0.0024659,0.02731,0.26308,0.027535,-0.0018842,0.026595,0.25901,0.026733,-0.0020386,0.026076,0.25624,0.02599,-0.0023275,0.025098,0.25075,0.022233,-0.00036023,0.026713,0.24655
0.51621,0.076822,0.01268,0.076278,0.51848,0.076724,0.013054,0.076797,0.51904,0.076815,0.01308,0.07682,0.51906,0.076818,0.01308,0.07682,0.51906,0.076818,0.01308,0.076819,0.51906,0.076818,0.01308,0.076818,0.51906,0.076816,0.013076,0.076815,0.51906,0.076807,0.013061,0.076807,0.51906,0.0768,0.013047,0.076801,0.51907,0.076798,0.013042,0.076799,0.51907,0.076798,0.013042,0.076798,0.51907,0.076798,0.013042,0.076797,0.51907,0.076799,0.013043,0.076798,0.51907,0.076798,0.013042,0.076798,0.51907,0.076797,0.01304,0.076797,0.51907,0.076797,0.01304,0.076796,0.51906,0.076787,0.013024,0.076783,0.51904,0.076968,0.013685,0.079303,0.53135,0.079926,0.012812,0.051871,0.38417,0.052306,0.0048205,0.025975,0.25685,0.026485,-0.00167,0.02768,0.26328,0.027722,-0.0016089,0.026771,0.25912,0.0269,-0.001769,0.026235,0.25635,0.026154,-0.0020478,0.025272,0.25088,0.022405,-8.6873e-05,0.026918,0.24685
0.081443,0.013079,-0.0012077,0.011803,0.076744,0.013038,-0.0018285,0.01298,0.077068,0.013055,-0.0018154,0.013052,0.077084,0.013054,-0.001813,0.013055,0.077085,0.013054,-0.0018134,0.013054,0.077085,0.013055,-0.0018132,0.013054,0.077085,0.013054,-0.0018146,0.013053,0.077084,0.013052,-0.0018189,0.013051,0.077083,0.01305,-0.0018235,0.013048,0.077082,0.013048,-0.0018245,0.013048,0.077082,0.013048,-0.001825,0.013048,0.077082,0.013048,-0.0018246,0.013048,0.077082,0.013048,-0.0018248,0.013048,0.077082,0.013048,-0.0018244,0.013048,0.077083,0.013048,-0.0018245,0.013048,0.077082,0.013048,-0.0018256,0.013048,0.077075,0.01302,-0.0018649,0.013012,0.077041,0.013278,-0.0010996,0.014257,0.080774,0.015691,0.0035477,0.0062923,0.053845,0.0083747,-0.0025917,-8.9412e-05,0.025227,-0.0021935,-0.0046822,-0.0017119,0.027655,-0.0016074,-0.004588,-0.0017334,0.026782,-0.0018085,-0.0046402,-0.0018815,0.026189,-0.0019129,-0.0049795,-0.0024387,0.022892,-0.00054054,-0.0054436,-0.00025175,0.042352
0.079144,0.011977,-0.0019101,0.010657,0.074314,0.01194,-0.0029324,0.011886,0.074646,0.011953,-0.0028891,0.011951,0.074662,0.011952,-0.0028873,0.011953,0.074662,0.011952,-0.0028877,0.011952,0.074662,0.011952,-0.0028871,0.011952,0.074663,0.011953,-0.0028854,0.011952,0.074663,0.011954,-0.0028833,0.011953,0.074664,0.011955,-0.0028814,0.011955,0.074665,0.011956,-0.0028814,0.011956,0.074664,0.011956,-0.0028815,0.011955,0.074664,0.011956,-0.0028812,0.011955,0.074664,0.011957,-0.00288,0.011956,0.074664,0.011956,-0.0028807,0.011956,0.074664,0.011956,-0.0028818,0.011956,0.074664,0.011955,-0.0028817,0.011957,0.074665,0.011952,-0.0028186,0.012115,0.075075,0.012112,-0.0031421,0.010903,0.072793,0.01093,-0.005836,-0.00089321,0.031301,-0.00020441,-0.0069231,-0.0018874,0.025754,-0.0019765,-0.0048644,-0.0018598,0.027259,-0.0018097,-0.0048106,-0.0019091,0.026566,-0.0019737,-0.0048223,-0.0020391,0.025989,-0.0020704,-0.0051622,-0.0026002,0.022682,-0.00065387,-0.0056907,-0.00048536,0.041539
0.50892,0.075045,0.011728,0.074453,0.511,0.074828,0.01178,0.074898,0.51155,0.074921,0.011828,0.074925,0.51157,0.074924,0.01183,0.074926,0.51157,0.074925,0.01183,0.074925,0.51157,0.074924,0.01183,0.074924,0.51157,0.074924,0.011831,0.074924,0.51157,0.074925,0.011833,0.074925,0.51157,0.074926,0.011834,0.074926,0.51157,0.074926,0.011835,0.074926,0.51157,0.074927,0.011835,0.074926,0.51157,0.074926,0.011836,0.074926,0.51157,0.074927,0.011836,0.074927,0.51157,0.074927,0.011836,0.074927,0.51157,0.074927,0.011835,0.074927,0.51157,0.074928,0.011837,0.074928,0.51157,0.07495,0.011931,0.075266,0.51323,0.075054,0.01125,0.073646,0.50753,0.072895,0.0061622,0.032958,0.30969,0.035436,-0.0012364,0.025044,0.26017,0.026947,-0.0019498,0.027228,0.26189,0.027322,-0.0018858,0.026495,0.25834,0.026632,-0.0020064,0.025981,0.25561,0.025899,-0.0022872,0.025018,0.25017,0.022177,-0.00034698,0.026622,0.24613
0.50937,0.075507,0.012263,0.074932,0.51153,0.075382,0.012623,0.075449,0.51209,0.075468,0.012653,0.075474,0.51211,0.075471,0.012654,0.075473,0.51211,0.075471,0.012654,0.075473,0.51211,0.075471,0.012654,0.075472,0.51211,0.075471,0.012654,0.075472,0.51211,0.075471,0.012654,0.075472,0.51211,0.075471,0.012654,0.075473,0.51212,0.075473,0.012654,0.075473,0.51211,0.075474,0.012654,0.075472,0.51211,0.075473,0.012654,0.075472,0.51211,0.075474,0.012655,0.075473,0.51211,0.075474,0.012654,0.075472,0.51211,0.075473,0.012653,0.075472,0.51211,0.075471,0.012651,0.075466,0.51209,0.075441,0.012649,0.075756,0.51386,0.076188,0.013596,0.075734,0.51038,0.07638,0.011995,0.037197,0.31321,0.038572,0.0014722,0.027038,0.26096,0.027189,-0.0017544,0.027323,0.26198,0.027454,-0.0016746,0.026629,0.25843,0.026754,-0.0018207,0.026093,0.25568,0.026013,-0.0020981,0.02514,0.25027,0.022306,-0.00015348,0.026806,0.24642
0.080161,0.01269,-0.0012756,0.01135,0.075404,0.012629,-0.0019093,0.012542,0.075726,0.012621,-0.0018704,0.012618,0.075743,0.01262,-0.0018678,0.012622,0.075745,0.012621,-0.0018682,0.01262,0.075744,0.012621,-0.0018682,0.01262,0.075745,0.012621,-0.0018681,0.01262,0.075745,0.012621,-0.0018677,0.01262,0.075744,0.012621,-0.0018679,0.01262,0.075744,0.012621,-0.0018676,0.01262,0.075744,0.01262,-0.0018678,0.01262,0.075744,0.012621,-0.0018673,0.012621,0.075744,0.012621,-0.0018673,0.01262,0.075744,0.012621,-0.001867,0.012621,0.075744,0.012621,-0.0018671,0.012621,0.075743,0.012617,-0.0018712,0.01262,0.075721,0.012528,-0.0019638,0.012617,0.075954,0.013361,0.00033626,0.01345,0.078601,0.015263,0.0018525,0.0042132,0.037993,0.0034577,-0.00375,-0.00093862,0.026667,-0.0019374,-0.0047167,-0.0017479,0.027358,-0.0016726,-0.0046109,-0.0017591,0.026649,-0.0018442,-0.004659,-0.001902,0.026058,-0.0019337,-0.004996,-0.0024667,0.022806,-0.0005773,-0.0054718,-0.00029484,0.042086
0.077885,0.011614,-0.0020237,0.010231,0.073003,0.011558,-0.0030389,0.011473,0.073334,0.011546,-0.0029697,0.011543,0.073349,0.011544,-0.002968,0.011545,0.07335,0.011544,-0.0029681,0.011545,0.07335,0.011545,-0.0029674,0.011544,0.07335,0.011545,-0.002966,0.011544,0.073351,0.011545,-0.0029656,0.011545,0.07335,0.011545,-0.0029654,0.011546,0.073351,0.011546,-0.0029658,0.011546,0.073351,0.011546,-0.002966,0.011545,0.07335,0.011546,-0.0029658,0.011545,0.07335,0.011546,-0.0029648,0.011545,0.07335,0.011546,-0.0029653,0.011546,0.07335,0.011546,-0.0029665,0.011546,0.07335,0.011543,-0.0029684,0.011548,0.073342,0.011512,-0.00275,0.012143,0.074985,0.01218,-0.0036755,0.0058844,0.060341,0.0070937,-0.00647,-0.0016458,0.024139,-0.0026836,-0.0065571,-0.0020428,0.027261,-0.0016497,-0.0047508,-0.001822,0.027026,-0.0018659,-0.004805,-0.0019216,0.026459,-0.0019886,-0.0048186,-0.0020471,0.02586,-0.00208,-0.0051588,-0.0026179,0.022599,-0.00068452,-0.0057011,-0.00052326,0.041285
0.50213,0.073751,0.011304,0.073131,0.50411,0.073515,0.011363,0.07358,0.50466,0.073604,0.011415,0.073608,0.50468,0.073607,0.011417,0.073609,0.50468,0.073608,0.011417,0.073608,0.50468,0.073607,0.011417,0.073608,0.50468,0.073607,0.011417,0.073608,0.50468,0.073608,0.011418,0.073609,0.50468,0.073608,0.011418,0.073609,0.50468,0.073609,0.011419,0.073609,0.50468,0.073609,0.011418,0.073608,0.50468,0.073609,0.011419,0.073609,0.50468,0.07361,0.01142,0.073609,0.50468,0.07361,0.01142,0.073609,0.50468,0.07361,0.011419,0.073609,0.50468,0.073609,0.011417,0.073605,0.50465,0.073652,0.011727,0.074958,0.51162,0.074385,0.0089382,0.062774,0.45306,0.062378,0.0036657,0.024454,0.26695,0.02731,-0.0027185,0.026831,0.26403,0.027777,-0.001763,0.026986,0.26076,0.027101,-0.0019186,0.026387,0.25773,0.026521,-0.0020182,0.025853,0.25494,0.025772,-0.0022995,0.024903,0.24956,0.02209,-0.00038411,0.026524,0.24572
0.50256,0.07421,0.011876,0.07361,0.50464,0.074066,0.012233,0.07413,0.5052,0.074151,0.012265,0.074155,0.50522,0.074154,0.012265,0.074155,0.50522,0.074154,0.012265,0.074155,0.50522,0.074154,0.012266,0.074154,0.50522,0.074154,0.012266,0.074155,0.50522,0.074154,0.012266,0.074155,0.50522,0.074155,0.012267,0.074156,0.50522,0.074156,0.012267,0.074156,0.50522,0.074157,0.012267,0.074155,0.50522,0.074156,0.012267,0.074155,0.50522,0.074157,0.012268,0.074156,0.50522,0.074157,0.012267,0.074156,0.50522,0.074156,0.012266,0.074156,0.50522,0.074154,0.012263,0.074147,0.50518,0.074151,0.012457,0.075489,0.51241,0.07606,0.012819,0.066067,0.45721,0.066422,0.0089,0.028519,0.26947,0.029677,-0.00057457,0.027954,0.26449,0.027938,-0.001626,0.02708,0.26084,0.027233,-0.0017122,0.02651,0.25781,0.026634,-0.0018413,0.02596,0.25502,0.02588,-0.0021207,0.025017,0.24965,0.022213,-0.00019999,0.026707,0.24602
0.078843,0.012297,-0.0013369,0.010901,0.074072,0.012218,-0.0019728,0.012111,0.074395,0.012194,-0.0019171,0.012192,0.074413,0.012194,-0.0019148,0.012194,0.074415,0.012194,-0.001915,0.012194,0.074414,0.012194,-0.0019148,0.012194,0.074414,0.012194,-0.0019146,0.012194,0.074414,0.012194,-0.0019144,0.012194,0.074414,0.012194,-0.0019145,0.012194,0.074414,0.012194,-0.0019141,0.012194,0.074414,0.012194,-0.0019142,0.012194,0.074414,0.012194,-0.0019139,0.012194,0.074414,0.012194,-0.0019137,0.012194,0.074414,0.012195,-0.0019131,0.012194,0.074414,0.012194,-0.001914,0.012194,0.074413,0.012189,-0.0019194,0.012195,0.074391,0.012111,-0.0018634,0.012636,0.075928,0.013754,0.0021252,0.010038,0.069561,0.012757,-0.00042495,0.0015768,0.027768,-0.00088388,-0.0042472,-0.0013918,0.02781,-0.0015942,-0.0046184,-0.0017145,0.027119,-0.0017214,-0.00462,-0.0017775,0.026537,-0.0018664,-0.0046648,-0.0019156,0.025927,-0.0019492,-0.0050033,-0.0024939,0.022715,-0.00061247,-0.0054953,-0.00033005,0.041866
0.076607,0.011248,-0.0021385,0.0098102,0.071713,0.011172,-0.0031368,0.011067,0.072044,0.011144,-0.00305,0.011142,0.07206,0.011142,-0.003048,0.011144,0.07206,0.011143,-0.0030482,0.011143,0.072061,0.011144,-0.0030476,0.011142,0.072061,0.011143,-0.0030462,0.011142,0.072061,0.011143,-0.0030458,0.011143,0.072061,0.011144,-0.0030456,0.011143,0.072061,0.011144,-0.0030461,0.011144,0.072061,0.011144,-0.0030461,0.011143,0.072061,0.011144,-0.0030456,0.011143,0.07206,0.011144,-0.003045,0.011143,0.072061,0.011144,-0.0030457,0.011143,0.072061,0.011144,-0.0030462,0.011144,0.072061,0.01114,-0.0030498,0.011145,0.072036,0.011064,-0.0028445,0.01183,0.074129,0.011814,-0.0045213,0.00020866,0.044409,0.0027212,-0.0069078,-0.001725,0.024048,-0.0027764,-0.0054899,-0.001979,0.027571,-0.0017024,-0.0047968,-0.0018596,0.026829,-0.0019144,-0.0048053,-0.0019353,0.026345,-0.0020119,-0.0048244,-0.002061,0.025728,-0.0020926,-0.0051591,-0.0026301,0.022534,-0.00071213,-0.0057114,-0.00055292,0.04108
0.49545,0.072473,0.010884,0.071829,0.49733,0.072221,0.010952,0.072283,0.49789,0.072308,0.011007,0.072313,0.49791,0.072312,0.011009,0.072313,0.49791,0.072312,0.011009,0.072313,0.49791,0.072311,0.011009,0.072313,0.49791,0.072312,0.011009,0.072313,0.49791,0.072313,0.01101,0.072314,0.49791,0.072313,0.01101,0.072314,0.49791,0.072314,0.01101,0.072314,0.49791,0.072314,0.01101,0.072313,0.49791,0.072314,0.011011,0.072313,0.49791,0.072315,0.011012,0.072314,0.49791,0.072315,0.011012,0.072314,0.49791,0.072314,0.01101,0.072314,0.49791,0.072315,0.01101,0.072304,0.49785,0.072299,0.011291,0.074122,0.50796,0.073229,0.0064022,0.04744,0.37646,0.047937,0.0010667,0.023627,0.25775,0.026047,-0.0024418,0.027446,0.26403,0.027747,-0.0018025,0.026772,0.25979,0.026914,-0.001944,0.026272,0.2571,0.026402,-0.0020359,0.02572,0.25428,0.025641,-0.0023099,0.024806,0.24904,0.022022,-0.00042016,0.026432,0.24533
0.49587,0.072936,0.011498,0.072311,0.49785,0.07277,0.011853,0.072835,0.49842,0.072855,0.011885,0.07286,0.49844,0.072858,0.011885,0.072859,0.49844,0.072858,0.011885,0.072859,0.49844,0.072858,0.011885,0.072858,0.49844,0.072858,0.011886,0.072859,0.49844,0.072858,0.011886,0.072859,0.49844,0.07286,0.011887,0.07286,0.49844,0.072861,0.011887,0.072861,0.49844,0.072861,0.011887,0.072859,0.49844,0.072861,0.011887,0.072859,0.49844,0.072861,0.011888,0.07286,0.49844,0.072861,0.011887,0.07286,0.49844,0.07286,0.011886,0.072859,0.49844,0.072851,0.011872,0.072849,0.49843,0.073023,0.012453,0.075094,0.50941,0.075756,0.011826,0.051351,0.3806,0.051689,0.0047839,0.026554,0.25916,0.027002,-0.0015485,0.027874,0.26424,0.027898,-0.0016074,0.026905,0.25988,0.027044,-0.001749,0.026388,0.25718,0.026514,-0.0018613,0.025826,0.25435,0.025744,-0.002142,0.024912,0.24912,0.022138,-0.0002472,0.02661,0.24562
0.077551,0.011913,-0.0013948,0.01046,0.072762,0.011799,-0.0020168,0.011693,0.07309,0.011776,-0.0019606,0.011774,0.073108,0.011776,-0.0019584,0.011777,0.073109,0.011776,-0.0019583,0.011776,0.073109,0.011776,-0.0019584,0.011776,0.073109,0.011776,-0.001958,0.011775,0.073109,0.011776,-0.001958,0.011776,0.073109,0.011776,-0.001958,0.011776,0.073109,0.011776,-0.0019578,0.011776,0.073109,0.011776,-0.0019581,0.011776,0.073108,0.011776,-0.0019578,0.011776,0.073108,0.011776,-0.0019572,0.011776,0.073108,0.011776,-0.0019574,0.011776,0.073108,0.011775,-0.0019593,0.011775,0.073102,0.011751,-0.0019948,0.011744,0.07308,0.012035,-0.0013583,0.012851,0.076455,0.014407,0.0031914,0.0058998,0.053287,0.0081949,-0.0025617,-6.6039e-05,0.025764,-0.0020311,-0.0046436,-0.0016723,0.02784,-0.0015738,-0.0045907,-0.0017225,0.026928,-0.0017704,-0.0046318,-0.0017954,0.026421,-0.0018884,-0.0046705,-0.00193,0.025794,-0.0019638,-0.0050119,-0.0025157,0.022643,-0.00064526,-0.005517,-0.00036322,0.041654
0.075339,0.010886,-0.0022544,0.0093918,0.070431,0.010774,-0.0032186,0.010669,0.070766,0.010745,-0.0031322,0.010743,0.070782,0.010744,-0.0031301,0.010745,0.070783,0.010744,-0.0031301,0.010744,0.070783,0.010745,-0.0031297,0.010743,0.070782,0.010744,-0.0031286,0.010743,0.070783,0.010744,-0.0031284,0.010744,0.070783,0.010745,-0.003128,0.010744,0.070784,0.010745,-0.0031282,0.010744,0.070784,0.010745,-0.003128,0.010744,0.070783,0.010745,-0.0031278,0.010743,0.070783,0.010745,-0.0031272,0.010744,0.070783,0.010745,-0.0031275,0.010744,0.070783,0.010744,-0.0031279,0.010747,0.070783,0.010741,-0.0030693,0.010892,0.071164,0.010939,-0.0034111,0.009794,0.069125,0.0099575,-0.0061125,-0.0011659,0.031111,-0.00034542,-0.0069326,-0.0019079,0.026087,-0.001944,-0.0048789,-0.001835,0.027426,-0.0017652,-0.0048025,-0.0018824,0.026703,-0.0019354,-0.0048008,-0.0019458,0.026224,-0.0020373,-0.0048306,-0.0020758,0.025595,-0.002104,-0.0051599,-0.0026378,0.022485,-0.00073823,-0.0057215,-0.00058427,0.040873
0.48883,0.071208,0.010465,0.070539,0.49063,0.070939,0.010551,0.071002,0.49118,0.071025,0.010602,0.07103,0.4912,0.071029,0.010603,0.07103,0.4912,0.071029,0.010604,0.07103,0.4912,0.071028,0.010603,0.071031,0.49121,0.071029,0.010604,0.071031,0.49121,0.07103,0.010605,0.071031,0.49121,0.07103,0.010605,0.071032,0.49121,0.071031,0.010605,0.071031,0.49121,0.071031,0.010605,0.07103,0.4912,0.071031,0.010605,0.071031,0.4912,0.071032,0.010607,0.071032,0.49121,0.071032,0.010606,0.071031,0.4912,0.071032,0.010606,0.071032,0.4912,0.071053,0.010696,0.071338,0.49271,0.07115,0.010068,0.069878,0.4876,0.069176,0.0052689,0.03262,0.30717,0.034948,-0.0013492,0.025404,0.26169,0.027223,-0.0019147,0.027401,0.26284,0.027509,-0.0018481,0.026641,0.25908,0.026782,-0.0019588,0.026149,0.25645,0.026278,-0.0020552,0.025588,0.25361,0.025508,-0.0023178,0.024727,0.2486,0.021969,-0.0004577,0.026337,0.24494
0.48926,0.071677,0.011125,0.071027,0.49114,0.071486,0.011459,0.071552,0.49172,0.071574,0.011507,0.071579,0.49174,0.071577,0.011508,0.071579,0.49174,0.071577,0.011508,0.071578,0.49174,0.071577,0.011508,0.071578,0.49174,0.071578,0.011509,0.071578,0.49174,0.071578,0.01151,0.071579,0.49174,0.071579,0.01151,0.07158,0.49174,0.07158,0.01151,0.07158,0.49174,0.07158,0.01151,0.071578,0.49174,0.07158,0.01151,0.071578,0.49174,0.071581,0.011512,0.07158,0.49174,0.071581,0.011511,0.07158,0.49174,0.071579,0.011507,0.071575,0.49172,0.071548,0.011487,0.071839,0.49333,0.072257,0.012361,0.071819,0.49023,0.07246,0.010969,0.0367,0.31051,0.037982,0.0013129,0.027341,0.26247,0.027507,-0.0016936,0.02751,0.26293,0.027637,-0.0016488,0.026772,0.25917,0.026901,-0.0017767,0.026259,0.25653,0.026389,-0.0018821,0.025692,0.25368,0.025606,-0.0021588,0.024826,0.24868,0.02208,-0.00029294,0.026512,0.24523
0.076271,0.011533,-0.0014518,0.010024,0.071466,0.011394,-0.0020773,0.011287,0.071799,0.011363,-0.0020058,0.01136,0.071815,0.011362,-0.0020031,0.011363,0.071816,0.011362,-0.0020033,0.011362,0.071816,0.011362,-0.0020034,0.011361,0.071816,0.011362,-0.0020028,0.011361,0.071816,0.011362,-0.0020026,0.011362,0.071816,0.011362,-0.0020023,0.011362,0.071817,0.011362,-0.0020025,0.011362,0.071817,0.011362,-0.0020024,0.011362,0.071816,0.011362,-0.0020018,0.011362,0.071816,0.011362,-0.0020014,0.011362,0.071816,0.011362,-0.0020021,0.011362,0.071815,0.011359,-0.0020069,0.011361,0.071797,0.01129,-0.0021052,0.011372,0.072033,0.012168,-8.946e-05,0.012067,0.074428,0.013912,0.0012847,0.0036252,0.037369,0.0030381,-0.0038061,-0.00097248,0.027,-0.00184,-0.0046909,-0.0017205,0.027548,-0.0016354,-0.0046035,-0.0017417,0.026791,-0.0018036,-0.00464,-0.0018107,0.026298,-0.0019134,-0.0046777,-0.0019466,0.02566,-0.0019792,-0.0050212,-0.0025322,0.022586,-0.00067661,-0.0055374,-0.00039698,0.041441
0.074081,0.010526,-0.0023698,0.0089773,0.069161,0.010382,-0.0032816,0.010276,0.069499,0.010351,-0.0032103,0.010349,0.069516,0.010349,-0.0032085,0.010351,0.069517,0.01035,-0.0032088,0.010349,0.069516,0.01035,-0.0032086,0.010348,0.069516,0.01035,-0.0032078,0.010348,0.069517,0.010349,-0.0032076,0.010349,0.069517,0.01035,-0.003207,0.01035,0.069518,0.010351,-0.0032065,0.01035,0.069518,0.010351,-0.0032066,0.010349,0.069517,0.010351,-0.0032064,0.010349,0.069517,0.010351,-0.0032054,0.01035,0.069517,0.010351,-0.0032055,0.01035,0.069517,0.010348,-0.0032076,0.010353,0.069509,0.010322,-0.0029904,0.010896,0.07102,0.011069,-0.0039781,0.0051967,0.05778,0.0064966,-0.0064953,-0.0016244,0.02487,-0.0024873,-0.0063889,-0.0019816,0.027491,-0.0016279,-0.0047536,-0.0018005,0.027184,-0.0018282,-0.0048026,-0.0019026,0.026591,-0.001955,-0.0048019,-0.0019578,0.0261,-0.0020625,-0.004836,-0.0020905,0.025465,-0.0021138,-0.0051612,-0.0026429,0.022447,-0.00076361,-0.0057323,-0.00061646,0.040664
0.48228,0.069955,0.010051,0.069262,0.48398,0.069671,0.010159,0.069734,0.48455,0.069757,0.010207,0.069761,0.48457,0.06976,0.010208,0.069762,0.48457,0.06976,0.010208,0.069762,0.48457,0.06976,0.010208,0.069763,0.48457,0.069761,0.010209,0.069763,0.48457,0.069762,0.010209,0.069763,0.48457,0.069762,0.010209,0.069763,0.48457,0.069762,0.010209,0.069763,0.48457,0.069763,0.010209,0.069762,0.48457,0.069763,0.01021,0.069763,0.48457,0.069764,0.010211,0.069763,0.48457,0.069764,0.01021,0.069762,0.48457,0.069762,0.010209,0.069759,0.48454,0.0698,0.010488,0.070982,0.49085,0.070477,0.0079142,0.05995,0.43792,0.059639,0.0031868,0.025126,0.2688,0.02777,-0.0025549,0.027108,0.26511,0.027978,-0.001733,0.027153,0.26163,0.02727,-0.0018896,0.026525,0.25844,0.026663,-0.0019747,0.026021,0.2558,0.026153,-0.0020741,0.025459,0.25296,0.025378,-0.0023237,0.024661,0.24823,0.02193,-0.00049693,0.026241,0.24453
0.4827,0.070429,0.010755,0.069756,0.4845,0.070213,0.01106,0.07028,0.48507,0.070302,0.011109,0.070308,0.48509,0.070305,0.01111,0.070308,0.48509,0.070305,0.01111,0.070307,0.48509,0.070305,0.01111,0.070307,0.4851,0.070306,0.011111,0.070307,0.4851,0.070306,0.011112,0.070308,0.48509,0.070307,0.011112,0.070308,0.4851,0.070308,0.011112,0.070308,0.4851,0.070309,0.011112,0.070307,0.48509,0.070309,0.011112,0.070307,0.4851,0.07031,0.011114,0.070308,0.4851,0.070311,0.011114,0.070308,0.48509,0.070307,0.011108,0.0703,0.48505,0.070306,0.011304,0.071522,0.49162,0.07207,0.011641,0.062997,0.44171,0.063346,0.0079964,0.028834,0.2711,0.029923,-0.00061233,0.028135,0.26554,0.028141,-0.0015944,0.027247,0.26171,0.027399,-0.0016871,0.02665,0.25852,0.026777,-0.0017983,0.026128,0.25587,0.026262,-0.0019037,0.025561,0.25302,0.025471,-0.0021718,0.024754,0.2483,0.022038,-0.0003369,0.026412,0.24482
0.075002,0.011155,-0.00151,0.0095912,0.070182,0.010995,-0.0021458,0.010888,0.070522,0.010965,-0.0020733,0.010962,0.070539,0.010964,-0.0020708,0.010964,0.07054,0.010964,-0.0020712,0.010964,0.070539,0.010965,-0.0020711,0.010963,0.070539,0.010964,-0.0020704,0.010963,0.07054,0.010964,-0.0020704,0.010964,0.07054,0.010965,-0.0020704,0.010964,0.07054,0.010964,-0.0020702,0.010964,0.07054,0.010964,-0.0020699,0.010964,0.07054,0.010965,-0.0020693,0.010964,0.07054,0.010964,-0.0020694,0.010964,0.070539,0.010964,-0.0020703,0.010964,0.070538,0.010958,-0.0020776,0.010964,0.070515,0.010881,-0.0020015,0.011361,0.071949,0.012529,0.0015388,0.0089563,0.066199,0.011688,-0.00087278,0.0013086,0.028191,-0.00085996,-0.0042606,-0.0013907,0.028015,-0.0015557,-0.0046069,-0.0016975,0.027289,-0.001691,-0.0046147,-0.0017593,0.02667,-0.00183,-0.0046464,-0.0018242,0.026173,-0.0019402,-0.0046849,-0.0019635,0.025529,-0.0019937,-0.0050292,-0.0025431,0.022543,-0.00070518,-0.0055541,-0.0004313,0.041226
0.072845,0.010173,-0.0024814,0.0085702,0.067912,0.0099972,-0.0033339,0.0098913,0.068254,0.0099664,-0.0032623,0.0099645,0.06827,0.0099651,-0.0032604,0.0099662,0.068271,0.0099655,-0.0032612,0.009965,0.068271,0.0099657,-0.0032612,0.0099642,0.068271,0.0099654,-0.0032606,0.0099639,0.068272,0.0099656,-0.0032601,0.0099648,0.068272,0.0099664,-0.0032594,0.0099651,0.068272,0.0099668,-0.0032594,0.0099655,0.068272,0.009967,-0.0032596,0.0099648,0.068272,0.0099669,-0.0032589,0.0099646,0.068271,0.0099668,-0.0032579,0.0099656,0.068272,0.0099665,-0.0032579,0.0099665,0.068271,0.0099628,-0.0032601,0.0099715,0.068258,0.0098983,-0.0030935,0.010563,0.070105,0.010727,-0.0047592,1.5112e-05,0.043214,0.0025282,-0.0067948,-0.0017052,0.024682,-0.0026072,-0.0054285,-0.0019291,0.027756,-0.0016577,-0.0047917,-0.0018346,0.026984,-0.0018773,-0.0048022,-0.0019192,0.026478,-0.0019762,-0.0048063,-0.0019707,0.025973,-0.0020868,-0.0048404,-0.0021038,0.025342,-0.0021217,-0.0051629,-0.0026489,0.022411,-0.00078955,-0.005745,-0.00064802,0.040459
0.47582,0.068718,0.0096434,0.068001,0.47743,0.06842,0.0097755,0.068484,0.478,0.068507,0.0098238,0.068511,0.47802,0.06851,0.009825,0.068512,0.47802,0.06851,0.0098254,0.068512,0.47802,0.06851,0.0098251,0.068513,0.47802,0.068511,0.0098257,0.068512,0.47802,0.068512,0.0098262,0.068513,0.47802,0.068512,0.0098262,0.068513,0.47802,0.068512,0.0098264,0.068513,0.47802,0.068513,0.0098264,0.068512,0.47802,0.068513,0.0098271,0.068512,0.47802,0.068514,0.0098281,0.068512,0.47802,0.068514,0.0098276,0.068512,0.47802,0.068513,0.0098269,0.06851,0.478,0.068513,0.010082,0.070114,0.48683,0.069353,0.0056505,0.045994,0.36786,0.046481,0.00085895,0.024318,0.26005,0.026525,-0.0023342,0.027646,0.26501,0.027938,-0.0017685,0.026935,0.26063,0.027074,-0.0019216,0.026409,0.25781,0.026543,-0.0019931,0.025888,0.25513,0.026024,-0.0020926,0.025336,0.25233,0.025251,-0.0023297,0.024596,0.24787,0.02189,-0.00053866,0.026144,0.24413
0.47623,0.069195,0.010388,0.068499,0.47794,0.068957,0.010666,0.069023,0.47852,0.069046,0.010716,0.069051,0.47854,0.069049,0.010717,0.069051,0.47854,0.06905,0.010717,0.069051,0.47854,0.06905,0.010717,0.069051,0.47854,0.06905,0.010718,0.069051,0.47854,0.069051,0.010718,0.069051,0.47854,0.069052,0.010719,0.069052,0.47854,0.069053,0.010719,0.069052,0.47854,0.069053,0.010719,0.069051,0.47854,0.069053,0.010719,0.069051,0.47854,0.069054,0.010721,0.069052,0.47854,0.069054,0.01072,0.069052,0.47854,0.069047,0.010707,0.06905,0.47855,0.069169,0.011199,0.070936,0.48802,0.071476,0.010437,0.049312,0.37136,0.049671,0.0041229,0.026869,0.2613,0.027447,-0.001487,0.028058,0.26522,0.028086,-0.0015806,0.027066,0.26072,0.027207,-0.0017199,0.026528,0.25789,0.026655,-0.0018179,0.025994,0.2552,0.026127,-0.001923,0.025435,0.25239,0.025339,-0.0021866,0.024685,0.24795,0.021997,-0.00038058,0.026315,0.24442
0.073755,0.010784,-0.0015661,0.0091651,0.068919,0.010603,-0.0022111,0.010497,0.069265,0.010573,-0.0021381,0.010571,0.069281,0.010572,-0.0021357,0.010573,0.069282,0.010573,-0.002136,0.010573,0.069282,0.010573,-0.0021361,0.010572,0.069282,0.010573,-0.0021355,0.010572,0.069283,0.010573,-0.0021358,0.010572,0.069283,0.010573,-0.0021357,0.010572,0.069283,0.010573,-0.0021354,0.010573,0.069283,0.010573,-0.0021353,0.010572,0.069283,0.010573,-0.0021346,0.010572,0.069282,0.010573,-0.0021347,0.010572,0.069282,0.010572,-0.0021367,0.010572,0.069278,0.010559,-0.0021599,0.010562,0.069271,0.010689,-0.0016921,0.011358,0.071883,0.012733,0.0019317,0.0046946,0.050688,0.0070177,-0.0029839,-0.00023048,0.026236,-0.0018702,-0.0046053,-0.0016399,0.028035,-0.0015376,-0.0045793,-0.0017047,0.027093,-0.0017324,-0.0046227,-0.0017772,0.026556,-0.0018521,-0.0046519,-0.0018389,0.02604,-0.0019576,-0.0046965,-0.0019842,0.025402,-0.0020096,-0.0050384,-0.002554,0.022506,-0.00073251,-0.0055696,-0.00046363,0.041011
0.071662,0.0098301,-0.0025907,0.0081643,0.066672,0.0096147,-0.0033882,0.009509,0.067019,0.0095839,-0.0033161,0.0095827,0.067035,0.0095825,-0.0033144,0.0095847,0.067036,0.0095829,-0.0033154,0.0095831,0.067036,0.0095834,-0.0033151,0.009582,0.067036,0.0095834,-0.0033143,0.0095819,0.067037,0.0095835,-0.0033132,0.009583,0.067037,0.0095843,-0.0033125,0.0095831,0.067037,0.0095848,-0.0033125,0.0095835,0.067037,0.0095851,-0.0033122,0.009583,0.067037,0.009585,-0.0033117,0.009583,0.067036,0.0095847,-0.0033113,0.0095836,0.067036,0.0095843,-0.0033106,0.0095853,0.067037,0.0095821,-0.0032781,0.0096591,0.06722,0.0096557,-0.0034522,0.009261,0.066875,0.0095588,-0.0056263,-0.00068513,0.033484,0.00041498,-0.0065398,-0.0017613,0.026191,-0.0019865,-0.0049028,-0.0018213,0.027605,-0.0017205,-0.0048004,-0.0018637,0.026834,-0.0019132,-0.0047999,-0.001932,0.026361,-0.0019996,-0.0048124,-0.0019863,0.025841,-0.0020973,-0.0048449,-0.0021128,0.02524,-0.002124,-0.0051599,-0.002656,0.022374,-0.00081603,-0.0057576,-0.00068548,0.040211
0.46937,0.067489,0.0092417,0.066755,0.47094,0.067182,0.0093951,0.067247,0.47152,0.06727,0.0094439,0.067275,0.47154,0.067273,0.0094453,0.067276,0.47154,0.067274,0.0094454,0.067276,0.47154,0.067273,0.0094448,0.067276,0.47154,0.067274,0.0094454,0.067275,0.47154,0.067275,0.009446,0.067276,0.47154,0.067275,0.0094461,0.067276,0.47154,0.067275,0.0094461,0.067276,0.47154,0.067276,0.0094461,0.067275,0.47154,0.067276,0.0094469,0.067275,0.47154,0.067276,0.0094474,0.067275,0.47154,0.067276,0.0094477,0.067275,0.47153,0.067288,0.009496,0.06743,0.47229,0.067306,0.0092087,0.067279,0.47325,0.066728,0.0052074,0.034662,0.31452,0.036636,-0.00082382,0.025641,0.26225,0.027302,-0.0019181,0.027587,0.2638,0.027696,-0.0018165,0.026779,0.2598,0.026917,-0.001941,0.02629,0.25718,0.026422,-0.0020116,0.025756,0.25446,0.025893,-0.0020991,0.025239,0.2518,0.02515,-0.0023307,0.024532,0.24752,0.021855,-0.00057683,0.026059,0.24377
0.46976,0.067961,0.010023,0.067255,0.47145,0.067713,0.010276,0.067781,0.47203,0.067803,0.010326,0.067809,0.47205,0.067807,0.010328,0.067809,0.47205,0.067807,0.010327,0.067808,0.47205,0.067807,0.010327,0.067808,0.47205,0.067808,0.010328,0.067808,0.47205,0.067808,0.010329,0.067808,0.47205,0.067809,0.010329,0.067809,0.47205,0.06781,0.010329,0.067809,0.47205,0.06781,0.010329,0.067808,0.47205,0.06781,0.01033,0.067808,0.47205,0.06781,0.010331,0.067809,0.47205,0.067809,0.010328,0.067806,0.47204,0.067785,0.010299,0.067936,0.47288,0.068276,0.011101,0.068788,0.47528,0.06937,0.010028,0.037962,0.31731,0.039131,0.0013653,0.0273,0.26295,0.0276,-0.001675,0.027705,0.26389,0.027822,-0.0016232,0.026909,0.25989,0.027041,-0.0017523,0.026403,0.25725,0.026533,-0.0018376,0.02586,0.25453,0.025988,-0.0019447,0.025327,0.25185,0.025225,-0.0022084,0.024611,0.24758,0.02195,-0.00043576,0.026206,0.24403
0.072518,0.010413,-0.0016208,0.00874,0.067667,0.010214,-0.0022763,0.010109,0.06802,0.010185,-0.0022028,0.010184,0.068037,0.010184,-0.0022007,0.010186,0.068038,0.010184,-0.002201,0.010185,0.068038,0.010184,-0.0022012,0.010185,0.068038,0.010184,-0.0022009,0.010184,0.068038,0.010184,-0.0022005,0.010185,0.068038,0.010185,-0.0022001,0.010185,0.068038,0.010185,-0.0022001,0.010185,0.068038,0.010186,-0.0022,0.010184,0.068037,0.010186,-0.0021995,0.010184,0.068037,0.010185,-0.0021999,0.010184,0.068036,0.010183,-0.0022035,0.010183,0.068024,0.010133,-0.0022861,0.010168,0.068132,0.010814,-0.00086483,0.010953,0.070835,0.012618,0.00087439,0.0032908,0.03883,0.0034081,-0.003942,-0.00097073,0.027021,-0.0018329,-0.0046811,-0.0017029,0.027746,-0.0015984,-0.0045956,-0.0017284,0.026932,-0.0017736,-0.0046326,-0.0017932,0.026438,-0.0018742,-0.0046583,-0.0018544,0.025906,-0.001973,-0.0047137,-0.0020066,0.025293,-0.002029,-0.0050558,-0.0025703,0.022466,-0.00076137,-0.0056015,-0.00053843,0.040686
0.070565,0.0095053,-0.0026953,0.0077584,0.065446,0.009237,-0.0034415,0.0091321,0.065798,0.0092069,-0.0033679,0.0092066,0.065815,0.0092058,-0.0033661,0.0092083,0.065816,0.0092062,-0.0033671,0.0092064,0.065816,0.0092069,-0.0033666,0.0092055,0.065816,0.0092068,-0.0033655,0.0092056,0.065817,0.0092067,-0.003365,0.0092065,0.065817,0.0092076,-0.0033646,0.0092065,0.065817,0.0092084,-0.003364,0.0092071,0.065817,0.0092084,-0.0033639,0.0092067,0.065817,0.0092083,-0.0033633,0.0092065,0.065816,0.0092079,-0.0033627,0.0092069,0.065816,0.0092058,-0.0033638,0.0092093,0.065811,0.0091904,-0.0032014,0.0096027,0.066901,0.0098078,-0.004112,0.0057238,0.058143,0.0068149,-0.0063127,-0.001407,0.026498,-0.0018073,-0.0064102,-0.0019167,0.027485,-0.0016331,-0.0047584,-0.0017827,0.027365,-0.0017819,-0.0047967,-0.0018817,0.02672,-0.0019304,-0.0047968,-0.0019427,0.026238,-0.0020244,-0.0048178,-0.0020025,0.025706,-0.0021035,-0.0048401,-0.002116,0.025155,-0.0021148,-0.0051315,-0.0026645,0.022313,-0.00084076,-0.005749,-0.00062987,0.040248
0.46301,0.066265,0.008828,0.065511,0.46453,0.065957,0.0090184,0.066023,0.46511,0.066048,0.0090697,0.066052,0.46513,0.066051,0.0090712,0.066053,0.46513,0.066051,0.0090709,0.066053,0.46513,0.066051,0.0090701,0.066053,0.46513,0.066052,0.0090707,0.066052,0.46513,0.066052,0.0090713,0.066053,0.46513,0.066053,0.0090713,0.066053,0.46513,0.066053,0.0090714,0.066053,0.46513,0.066053,0.0090714,0.066052,0.46513,0.066053,0.0090718,0.066051,0.46513,0.066053,0.0090723,0.066052,0.46513,0.066053,0.0090719,0.06605,0.46511,0.066086,0.0092813,0.066917,0.46953,0.066542,0.0074439,0.059683,0.43555,0.059379,0.0033144,0.026904,0.2762,0.029298,-0.0022195,0.027088,0.26548,0.028043,-0.001725,0.027345,0.26256,0.027454,-0.0018547,0.026661,0.25914,0.026796,-0.0019526,0.026165,0.25652,0.026298,-0.0020278,0.025623,0.25378,0.025759,-0.0020826,0.025169,0.25134,0.025078,-0.0022766,0.024472,0.24706,0.021777,-0.00060042,0.026167,0.24461
0.46352,0.066822,0.0097162,0.066054,0.46504,0.066487,0.0098948,0.066553,0.46562,0.066575,0.009941,0.066579,0.46564,0.066578,0.0099421,0.06658,0.46564,0.066578,0.0099417,0.066579,0.46564,0.066578,0.0099411,0.066578,0.46564,0.066579,0.0099418,0.066578,0.46564,0.066579,0.0099426,0.066579,0.46564,0.06658,0.0099428,0.066579,0.46564,0.06658,0.0099428,0.066579,0.46564,0.06658,0.0099429,0.066579,0.46564,0.06658,0.0099434,0.066579,0.46564,0.06658,0.009944,0.066579,0.46564,0.066578,0.0099402,0.066572,0.4656,0.066561,0.010041,0.067409,0.4702,0.06792,0.010619,0.062211,0.43872,0.062611,0.0078324,0.030242,0.27841,0.031387,-0.00037329,0.028136,0.26591,0.028205,-0.0015897,0.027428,0.26264,0.027575,-0.0016645,0.026784,0.25922,0.026908,-0.00178,0.026269,0.25659,0.026403,-0.0018635,0.025722,0.25384,0.025833,-0.0019958,0.025209,0.25136,0.025086,-0.0023026,0.024428,0.24709,0.021947,-0.00036015,0.026473,0.24503
0.071624,0.010184,-0.0016072,0.0083827,0.066444,0.0098301,-0.002335,0.009729,0.066789,0.009801,-0.0022665,0.0098004,0.066805,0.0097998,-0.0022649,0.0098022,0.066806,0.0098002,-0.0022653,0.0098012,0.066806,0.0098006,-0.0022655,0.0098005,0.066806,0.0098005,-0.0022649,0.0098001,0.066806,0.0098005,-0.0022647,0.0098009,0.066806,0.0098014,-0.0022644,0.0098008,0.066806,0.0098019,-0.0022644,0.009801,0.066806,0.009802,-0.0022644,0.0097999,0.066806,0.0098018,-0.002264,0.0097995,0.066805,0.0098013,-0.0022643,0.0097994,0.066804,0.0097972,-0.0022693,0.0098003,0.066784,0.0097171,-0.0022743,0.010037,0.067725,0.011125,0.00053468,0.0087405,0.065071,0.011173,-0.00080445,0.0014862,0.029934,-0.00027682,-0.0041841,-0.0013227,0.028029,-0.0015594,-0.0046131,-0.0016865,0.02748,-0.0016531,-0.0046068,-0.0017453,0.026806,-0.0018042,-0.0046442,-0.0018099,0.026314,-0.0019027,-0.0046711,-0.0018739,0.025771,-0.0019716,-0.0047294,-0.0020852,0.025174,-0.0020598,-0.0050599,-0.0027159,0.022295,-0.00079146,-0.0053286,-0.0001474,0.041108
0.068958,0.0090491,-0.0029439,0.007374,0.064237,0.0088597,-0.0034962,0.0087612,0.064593,0.0088347,-0.0034187,0.008834,0.06461,0.0088339,-0.0034166,0.0088356,0.064611,0.0088341,-0.0034178,0.0088339,0.064611,0.0088349,-0.0034171,0.0088331,0.064611,0.0088346,-0.003416,0.0088329,0.064612,0.0088349,-0.0034153,0.008834,0.064611,0.0088359,-0.0034145,0.0088341,0.064611,0.008836,-0.0034141,0.0088347,0.064611,0.0088359,-0.003414,0.0088346,0.064612,0.0088361,-0.0034133,0.0088343,0.064611,0.0088355,-0.0034131,0.0088346,0.06461,0.0088318,-0.0034172,0.0088342,0.064587,0.0087714,-0.0032225,0.0094571,0.066453,0.0097924,-0.0046347,0.00073473,0.045239,0.0030872,-0.0067128,-0.0017237,0.02496,-0.0025871,-0.0055491,-0.0019089,0.027891,-0.0016195,-0.004776,-0.0018104,0.027137,-0.0018408,-0.0047968,-0.0019018,0.02661,-0.0019478,-0.0047888,-0.0019508,0.026111,-0.0020468,-0.0048095,-0.0020235,0.025539,-0.0021612,-0.0049296,-0.0020737,0.025551,-0.0021749,-0.0055163,-0.0022726,0.023749,-0.0010362,-0.0065526,-0.001268,0.038538
0.45655,0.064729,0.0081565,0.064182,0.45821,0.06474,0.0086377,0.064812,0.45878,0.06484,0.0086993,0.064845,0.4588,0.064844,0.008701,0.064846,0.4588,0.064845,0.0087009,0.064846,0.4588,0.064844,0.0087005,0.064846,0.4588,0.064845,0.008701,0.064846,0.4588,0.064845,0.0087012,0.064845,0.4588,0.064845,0.0087014,0.064846,0.4588,0.064845,0.0087013,0.064846,0.4588,0.064845,0.0087009,0.064844,0.4588,0.064845,0.0087013,0.064844,0.4588,0.064846,0.008702,0.064845,0.4588,0.064846,0.0087002,0.064833,0.45873,0.064841,0.0089536,0.066363,0.46703,0.065698,0.005129,0.047814,0.37549,0.048009,0.0010967,0.02469,0.26214,0.026849,-0.0023406,0.027749,0.2659,0.028113,-0.001728,0.027099,0.26145,0.027234,-0.0018921,0.026549,0.25853,0.026686,-0.0019427,0.026045,0.25586,0.026182,-0.0020057,0.025478,0.25303,0.025439,-0.0024761,0.02539,0.25307,0.024929,-0.00343,0.02514,0.25332,0.022279,-0.0029221,0.023843,0.23857
0.4595,0.066585,0.0098957,0.065159,0.45887,0.065313,0.0095422,0.065352,0.45929,0.065363,0.0095616,0.065366,0.4593,0.065365,0.009562,0.065366,0.4593,0.065365,0.0095614,0.065365,0.4593,0.065365,0.0095613,0.065365,0.4593,0.065365,0.0095623,0.065365,0.4593,0.065366,0.009563,0.065366,0.4593,0.065366,0.0095631,0.065366,0.4593,0.065366,0.0095632,0.065366,0.4593,0.065366,0.0095629,0.065366,0.4593,0.065366,0.0095633,0.065366,0.4593,0.065366,0.0095634,0.065365,0.4593,0.065361,0.0095502,0.065353,0.45926,0.065457,0.010038,0.067121,0.46811,0.067701,0.0097186,0.050945,0.37899,0.051181,0.0045542,0.027377,0.26353,0.027965,-0.0013471,0.028241,0.26614,0.02826,-0.0015628,0.027218,0.26154,0.027358,-0.0017006,0.026666,0.2586,0.026779,-0.0018433,0.026099,0.25589,0.02624,-0.001936,0.025542,0.25321,0.026116,-0.0010168,0.026302,0.25425,0.027419,0.0010077,0.028214,0.25648,0.026583,0.0039746,0.0292,0.24295
0.074359,0.011269,-0.0013433,0.008578,0.065364,0.0094447,-0.0023684,0.0093728,0.065578,0.0094221,-0.0023287,0.0094221,0.065588,0.0094209,-0.0023279,0.0094232,0.06559,0.0094214,-0.0023284,0.0094221,0.065589,0.0094221,-0.0023284,0.0094213,0.065589,0.0094217,-0.0023281,0.0094208,0.06559,0.0094219,-0.0023278,0.0094218,0.065589,0.0094227,-0.0023273,0.0094218,0.065589,0.0094227,-0.0023275,0.0094219,0.065589,0.0094228,-0.0023278,0.0094207,0.065589,0.0094225,-0.0023275,0.0094202,0.065589,0.0094216,-0.0023285,0.0094198,0.065585,0.0094102,-0.0023514,0.0094062,0.065558,0.0094774,-0.001892,0.010148,0.068027,0.011647,0.0018045,0.0050562,0.052941,0.0077661,-0.0026854,-5.0086e-05,0.026719,-0.0017038,-0.0045694,-0.0015986,0.028208,-0.0015074,-0.0045776,-0.0016914,0.027255,-0.0017058,-0.0046199,-0.0017614,0.026697,-0.0018249,-0.0046581,-0.0018957,0.026133,-0.001932,-0.0046375,-0.0019698,0.025518,-0.0014573,-0.0033474,-0.00050473,0.026902,0.00059773,0.00042304,0.0018096,0.029049,0.0049247,0.0028678,0.0082814,0.047959
0.061003,0.0074455,-0.0040793,0.0074227,0.06315,0.0084827,-0.0035285,0.0084144,0.063404,0.0084658,-0.0034693,0.0084652,0.063416,0.0084648,-0.003468,0.0084663,0.063417,0.0084652,-0.003469,0.0084644,0.063416,0.0084658,-0.0034682,0.0084639,0.063417,0.0084657,-0.003467,0.0084638,0.063417,0.0084662,-0.003466,0.008465,0.063417,0.0084667,-0.0034654,0.0084652,0.063417,0.0084671,-0.0034648,0.0084659,0.063417,0.008467,-0.0034646,0.0084654,0.063417,0.0084668,-0.0034641,0.0084652,0.063417,0.0084659,-0.0034639,0.0084661,0.063417,0.0084637,-0.0034353,0.0085297,0.06357,0.0084997,-0.0036495,0.0082178,0.063366,0.0085892,-0.0060985,-0.0011678,0.033566,0.00034407,-0.0066855,-0.001812,0.026393,-0.0019836,-0.0049398,-0.0018024,0.027776,-0.0016741,-0.0047868,-0.0018402,0.02697,-0.0018785,-0.0047804,-0.0019229,0.026465,-0.0020313,-0.0048554,-0.0018921,0.026503,-0.0020697,-0.0051883,-0.0017813,0.026981,-0.0021667,-0.0071071,-0.0034108,0.022155,-0.0047682,-0.0085481,-0.0085029,0.0101,-0.0079247,-0.0054976,-0.0078165,0.010553
0.44774,0.062442,0.0072177,0.063019,0.45215,0.063571,0.0082799,0.063623,0.45252,0.063645,0.0083319,0.063649,0.45253,0.063648,0.0083332,0.06365,0.45253,0.063649,0.0083335,0.06365,0.45253,0.063648,0.0083332,0.06365,0.45253,0.063649,0.0083336,0.06365,0.45253,0.063649,0.008334,0.063649,0.45253,0.063649,0.008334,0.06365,0.45253,0.063649,0.0083335,0.063649,0.45253,0.063649,0.0083332,0.063648,0.45253,0.063649,0.0083336,0.063648,0.45253,0.06365,0.0083346,0.063649,0.45253,0.06366,0.0083763,0.063778,0.45316,0.063649,0.0080947,0.063718,0.45447,0.063125,0.0040875,0.034899,0.31514,0.036652,-0.00091081,0.025816,0.26356,0.02752,-0.0019005,0.027757,0.26477,0.027891,-0.0017612,0.026932,0.26056,0.027075,-0.0018721,0.026418,0.2578,0.026404,-0.0023324,0.026246,0.2575,0.025914,-0.0034792,0.02619,0.25918,0.025673,-0.0054062,0.020453,0.23691,0.020158,-0.0097221,0.0088484,0.18269,0.0068249,-0.0062358,-0.0026529,0.11664
0.45129,0.064544,0.0094677,0.064169,0.45286,0.064156,0.0091866,0.064162,0.45302,0.064164,0.0091855,0.064165,0.45303,0.064164,0.0091851,0.064164,0.45303,0.064163,0.0091846,0.064164,0.45303,0.064164,0.0091851,0.064164,0.45303,0.064165,0.0091862,0.064164,0.45303,0.064165,0.0091868,0.064164,0.45303,0.064165,0.0091868,0.064165,0.45303,0.064165,0.0091866,0.064165,0.45303,0.064165,0.0091862,0.064164,0.45303,0.064165,0.0091866,0.064164,0.45303,0.064164,0.0091852,0.064162,0.45302,0.064143,0.0091593,0.064275,0.45375,0.06461,0.0099621,0.065145,0.4564,0.065767,0.0091818,0.038349,0.31807,0.039308,0.0014728,0.027638,0.26434,0.027903,-0.001611,0.027902,0.26487,0.027995,-0.0016368,0.027025,0.2606,0.027144,-0.0017892,0.026487,0.25797,0.027041,-0.00082678,0.027187,0.25879,0.028783,0.0022142,0.029531,0.26298,0.031753,0.0055729,0.027913,0.24407,0.029735,0.0066341,0.019634,0.19132,0.017602,0.0050043,0.008744,0.12306
0.066725,0.0094471,-0.0020931,0.0087169,0.064294,0.0090588,-0.0024046,0.0090253,0.064379,0.009046,-0.002392,0.0090469,0.064383,0.0090452,-0.002392,0.0090472,0.064385,0.0090461,-0.0023921,0.0090461,0.064384,0.0090465,-0.0023923,0.0090451,0.064384,0.0090461,-0.0023919,0.0090446,0.064385,0.0090462,-0.0023916,0.0090458,0.064385,0.0090467,-0.002391,0.0090458,0.064385,0.009047,-0.0023914,0.0090456,0.064385,0.009047,-0.0023914,0.0090447,0.064384,0.0090466,-0.0023916,0.009044,0.064383,0.009044,-0.0023945,0.0090438,0.064371,0.008999,-0.0024691,0.00903,0.064473,0.0096646,-0.0012108,0.0097313,0.06703,0.011477,0.00064044,0.0030449,0.039191,0.0034344,-0.0038452,-0.00092879,0.027326,-0.0017457,-0.0046571,-0.001672,0.027946,-0.001564,-0.004606,-0.0017749,0.027009,-0.0017578,-0.0045938,-0.0018543,0.026431,-0.0012713,-0.0032581,-0.0002802,0.027883,0.0015105,0.0018709,0.0043111,0.032792,0.0071871,0.0068329,0.0091817,0.033472,0.0087822,0.0066635,0.0064102,0.020659,0.0064105,0.0030836,-8.0648e-05,0.020656
0.061444,0.0076764,-0.0039329,0.0076958,0.062128,0.0081086,-0.0035445,0.0080785,0.062232,0.0081019,-0.0035179,0.0081024,0.062237,0.008101,-0.0035173,0.0081027,0.062238,0.0081013,-0.0035182,0.0081007,0.062238,0.0081021,-0.0035173,0.0081006,0.062238,0.0081022,-0.0035163,0.0081004,0.062239,0.0081026,-0.0035155,0.0081017,0.062238,0.008103,-0.003515,0.0081018,0.062238,0.0081032,-0.0035145,0.0081023,0.062239,0.0081028,-0.0035146,0.0081016,0.062239,0.0081026,-0.0035141,0.0081014,0.062238,0.0081009,-0.0035147,0.0081028,0.062233,0.0080873,-0.0033684,0.0084577,0.063222,0.0087179,-0.0043792,0.0049615,0.055394,0.0061157,-0.0065147,-0.0016058,0.026826,-0.0017982,-0.0063526,-0.001896,0.02771,-0.0016081,-0.0047644,-0.0017762,0.027508,-0.0017937,-0.0048355,-0.0017994,0.027386,-0.0018898,-0.0051555,-0.0016424,0.027955,-0.0019058,-0.0070638,-0.0031712,0.022748,-0.0040784,-0.0076645,-0.0078848,0.0086818,-0.0098108,-0.003867,-0.007841,-0.004357,-0.005688,-0.0034201,-0.0054217,-0.006674,-0.0069914,-0.0029088,-0.0089869,0.0094281
0.44317,0.061878,0.007439,0.062189,0.44617,0.062434,0.0079457,0.062455,0.44633,0.062465,0.0079692,0.062467,0.44634,0.062466,0.0079699,0.062467,0.44634,0.062466,0.00797,0.062468,0.44634,0.062466,0.0079701,0.062467,0.44634,0.062467,0.0079708,0.062467,0.44634,0.062467,0.0079709,0.062467,0.44634,0.062467,0.0079707,0.062467,0.44634,0.062467,0.0079705,0.062467,0.44634,0.062467,0.0079702,0.062466,0.44634,0.062467,0.0079702,0.062465,0.44634,0.062467,0.0079705,0.062464,0.44632,0.062496,0.0081574,0.063239,0.45027,0.062897,0.0064545,0.05677,0.41999,0.056501,0.0026557,0.02717,0.27674,0.029406,-0.0021897,0.027343,0.26659,0.028252,-0.0016952,0.027494,0.26339,0.027484,-0.0021393,0.027163,0.26223,0.026838,-0.0032466,0.02711,0.26411,0.026644,-0.0051916,0.021081,0.24067,0.020934,-0.0094939,0.0061498,0.17061,0.007404,-0.0054606,-0.0062851,0.099557,-0.0052651,-0.0059067,-0.0092111,0.073659,-0.006459,-0.0055235,-0.0053468,0.085395
0.44452,0.06278,0.0087499,0.062913,0.44674,0.06297,0.0088083,0.062974,0.44683,0.062976,0.0088126,0.062978,0.44683,0.062976,0.0088126,0.062977,0.44683,0.062976,0.0088126,0.062977,0.44683,0.062977,0.008813,0.062978,0.44683,0.062978,0.0088139,0.062977,0.44683,0.062978,0.0088143,0.062978,0.44683,0.062978,0.0088138,0.062978,0.44683,0.062978,0.0088135,0.062978,0.44683,0.062978,0.0088135,0.062977,0.44683,0.062978,0.0088142,0.062977,0.44683,0.062977,0.0088114,0.062971,0.4468,0.062963,0.0089041,0.063723,0.45093,0.06422,0.0094962,0.059093,0.42289,0.059498,0.0069452,0.030357,0.27885,0.031418,-0.00041249,0.028354,0.26702,0.028419,-0.0015518,0.027612,0.26359,0.02813,-0.00067648,0.028109,0.26354,0.029682,0.0023408,0.03055,0.268,0.032778,0.0058804,0.028694,0.24806,0.030747,0.0075529,0.017515,0.17976,0.019449,0.0045963,0.0076686,0.10897,0.0065069,0.00025497,0.0026864,0.080407,0.0035201,-0.0038791,-0.00027413,0.087874
0.063456,0.00837,-0.0023812,0.0085242,0.063146,0.0086829,-0.0024637,0.0086628,0.063191,0.0086748,-0.0024548,0.0086762,0.063194,0.0086741,-0.0024551,0.0086759,0.063195,0.0086748,-0.0024554,0.0086746,0.063194,0.0086753,-0.0024552,0.0086736,0.063194,0.0086748,-0.0024547,0.0086736,0.063195,0.0086746,-0.0024546,0.0086746,0.063195,0.0086754,-0.0024539,0.0086744,0.063195,0.0086757,-0.002454,0.0086742,0.063195,0.0086758,-0.0024542,0.0086733,0.063194,0.008675,-0.002455,0.0086724,0.063193,0.0086709,-0.0024592,0.008673,0.063174,0.0086,-0.0024601,0.0088875,0.064039,0.0099809,2.3304e-05,0.0076326,0.061658,0.010099,-0.0012932,0.0011712,0.030068,-0.00035822,-0.0042078,-0.0013397,0.028248,-0.0014892,-0.0045478,-0.0016518,0.027567,-0.0010533,-0.0031955,-0.00019171,0.028838,0.0017699,0.0020482,0.0045624,0.033952,0.007665,0.0071088,0.0096588,0.03463,0.0093723,0.0062277,0.0075432,0.019426,0.00338,0.0012299,0.0010036,0.0037443,-0.0017156,-0.0035668,-0.0038564,6.1973e-06,-0.0043618,-0.0069402,-0.005421,0.01214
0.061311,0.0074195,-0.0035674,0.0075728,0.06102,0.0077478,-0.0035799,0.007729,0.061071,0.0077427,-0.0035664,0.0077432,0.061074,0.0077417,-0.0035659,0.0077435,0.061075,0.0077423,-0.0035665,0.007742,0.061074,0.0077429,-0.0035662,0.0077418,0.061075,0.007743,-0.0035653,0.0077418,0.061075,0.0077433,-0.0035647,0.007743,0.061075,0.0077438,-0.0035647,0.0077426,0.061075,0.0077437,-0.0035644,0.0077432,0.061075,0.0077436,-0.0035644,0.0077427,0.061075,0.0077437,-0.0035633,0.0077424,0.061074,0.0077412,-0.0035654,0.0077422,0.061055,0.0076887,-0.0033901,0.0082989,0.062742,0.0087608,-0.0048868,0.00050139,0.04391,0.0028617,-0.0065926,-0.0016961,0.025601,-0.0024145,-0.0054624,-0.0018461,0.028186,-0.0016667,-0.0050213,-0.0015908,0.028638,-0.0017361,-0.0069895,-0.0030267,0.023503,-0.003797,-0.0075926,-0.0078718,0.0090439,-0.0099028,-0.0037458,-0.0078853,-0.0040403,-0.0055152,-0.0037641,-0.0068184,-0.0060268,-0.0075655,-0.0066181,-0.0096665,-0.0034871,-0.0086732,-0.0098875,-0.0087482,-0.0016473,-0.0066218,-0.0099321,-0.0070903,0.011067
0.43797,0.061005,0.0073991,0.061166,0.44012,0.061284,0.0075999,0.061293,0.44022,0.061298,0.0076118,0.0613,0.44022,0.061299,0.007612,0.0613,0.44022,0.061299,0.0076119,0.0613,0.44022,0.061299,0.0076122,0.061299,0.44022,0.061299,0.0076127,0.061299,0.44022,0.061299,0.0076126,0.061299,0.44022,0.061299,0.0076124,0.061299,0.44022,0.061299,0.007612,0.061299,0.44022,0.061299,0.0076115,0.061298,0.44022,0.061299,0.0076116,0.061297,0.44022,0.061299,0.0076113,0.061289,0.44017,0.061296,0.0078369,0.062649,0.44755,0.062065,0.0043509,0.046148,0.36626,0.046391,0.00085317,0.025347,0.26428,0.027296,-0.0022611,0.028034,0.26741,0.027996,-0.0027323,0.027959,0.26805,0.027452,-0.00495,0.021934,0.2452,0.021746,-0.0094184,0.0065493,0.17336,0.0078057,-0.0054475,-0.0061376,0.10045,-0.0046117,-0.006047,-0.0075475,0.076505,-0.0064761,-0.0098218,-0.0045957,0.080924,-0.003516,-0.0079227,-0.003393,0.079201,-0.00048041,-0.0089015,-0.0026341,0.08594
0.43852,0.061547,0.0082899,0.061698,0.44062,0.061792,0.0084367,0.0618,0.44071,0.061803,0.0084451,0.061805,0.44071,0.061803,0.0084455,0.061805,0.44071,0.061804,0.0084456,0.061804,0.44071,0.061804,0.0084457,0.061805,0.44071,0.061805,0.0084462,0.061804,0.44071,0.061805,0.0084459,0.061804,0.44071,0.061804,0.0084455,0.061804,0.44071,0.061804,0.0084455,0.061805,0.44071,0.061804,0.0084455,0.061804,0.44071,0.061804,0.0084456,0.061804,0.44071,0.0618,0.0084353,0.061795,0.44068,0.061889,0.0088716,0.063369,0.44856,0.063929,0.0086716,0.048996,0.3694,0.049208,0.0039305,0.02773,0.26553,0.0284,-0.001138,0.028696,0.26821,0.029986,0.0016418,0.030638,0.27139,0.03319,0.0058497,0.02935,0.25259,0.031603,0.0077718,0.018073,0.1827,0.020027,0.0048343,0.0079387,0.10995,0.0069508,0.00019759,0.0037397,0.083136,0.0016725,-0.0024577,0.0012764,0.084013,0.00035332,-0.0046547,-0.00072479,0.080571,0.00083848,-0.0072338,-0.0015743,0.086599
0.062341,0.0079893,-0.0024574,0.0081714,0.061973,0.0083143,-0.0025253,0.0082981,0.062017,0.0083091,-0.0025156,0.0083102,0.062019,0.0083084,-0.0025158,0.0083098,0.06202,0.0083091,-0.0025161,0.0083088,0.06202,0.0083097,-0.0025157,0.0083079,0.06202,0.0083092,-0.002515,0.008308,0.062021,0.0083089,-0.0025152,0.0083087,0.062021,0.0083096,-0.0025144,0.0083087,0.062021,0.00831,-0.0025146,0.0083084,0.062021,0.0083098,-0.0025152,0.0083077,0.06202,0.0083089,-0.0025165,0.0083064,0.062016,0.0082988,-0.0025353,0.0082953,0.061994,0.008361,-0.0021227,0.0089572,0.064214,0.01043,0.001135,0.0043201,0.050793,0.0069388,-0.00301,-0.00027694,0.027124,-0.0014959,-0.0042868,-0.0012405,0.028737,0.00052361,0.00040169,0.0033734,0.033544,0.0071628,0.0067012,0.0097252,0.035628,0.0097913,0.0064912,0.0078441,0.020139,0.0036264,0.0013523,0.0012083,0.0040714,-0.0018632,-0.0036065,-0.0033222,-7.0276e-05,-0.0042675,-0.0056017,-0.0044349,-0.00038154,-0.0048087,-0.0065881,-0.006019,-4.4414e-05,-0.0051658,-0.0082603,-0.0058238,0.011873
0.060066,0.0070327,-0.0035973,0.0072467,0.059876,0.0073922,-0.0036266,0.0073753,0.05992,0.0073866,-0.0036157,0.0073873,0.059922,0.0073858,-0.0036154,0.0073875,0.059923,0.0073864,-0.0036156,0.0073867,0.059923,0.0073869,-0.0036157,0.0073865,0.059923,0.0073869,-0.003615,0.0073865,0.059924,0.007387,-0.0036148,0.0073873,0.059923,0.0073876,-0.0036147,0.007387,0.059924,0.0073878,-0.0036142,0.0073875,0.059924,0.0073881,-0.003614,0.0073868,0.059924,0.0073882,-0.0036124,0.0073871,0.059923,0.0073864,-0.0035864,0.0074433,0.060059,0.0074174,-0.0037774,0.007165,0.059904,0.0076932,-0.0061809,-0.001234,0.033442,0.00027639,-0.0065182,-0.0016375,0.027491,-0.0018718,-0.0055029,-0.0015152,0.029097,-0.0013262,-0.0089392,-0.0063007,0.013005,-0.0083727,-0.0035209,-0.0079299,-0.0041019,-0.0052096,-0.0036088,-0.0067274,-0.0060595,-0.0074582,-0.0065291,-0.0096504,-0.0032781,-0.0086777,-0.0096401,-0.0072161,-0.001864,-0.0065455,-0.0081429,-0.0064349,-0.0017262,-0.0063372,-0.0081926,-0.0076097,-0.0015373,-0.0062747,-0.0094435,-0.007053,0.010291
0.43196,0.059847,0.0070571,0.060023,0.43408,0.060131,0.0072472,0.060139,0.43416,0.060143,0.0072572,0.060145,0.43417,0.060143,0.0072571,0.060144,0.43417,0.060143,0.0072572,0.060144,0.43417,0.060144,0.0072574,0.060143,0.43417,0.060144,0.0072577,0.060143,0.43417,0.060144,0.0072575,0.060143,0.43417,0.060143,0.0072576,0.060144,0.43417,0.060144,0.0072572,0.060143,0.43417,0.060144,0.0072569,0.060142,0.43417,0.060143,0.0072577,0.060143,0.43417,0.060153,0.0072958,0.060258,0.43473,0.060139,0.0070334,0.060197,0.43585,0.059698,0.0034207,0.034617,0.3122,0.036096,-0.0011293,0.026756,0.26821,0.027782,-0.0034248,0.028078,0.27074,0.027461,-0.0071953,0.010846,0.1946,0.011707,-0.005841,-0.0058628,0.099552,-0.0048915,-0.0058927,-0.0076309,0.076919,-0.0064825,-0.009745,-0.0045206,0.081288,-0.0033177,-0.0073317,-0.0021838,0.083167,-0.0018847,-0.006313,-0.0018152,0.081296,-0.0017206,-0.0065893,-0.0028462,0.075523,-0.00044705,-0.0087727,-0.0031411,0.082326
0.43251,0.06038,0.0079329,0.060546,0.43457,0.060633,0.0080745,0.06064,0.43465,0.060643,0.0080828,0.060645,0.43465,0.060643,0.008083,0.060645,0.43465,0.060643,0.008083,0.060644,0.43465,0.060643,0.0080829,0.060644,0.43465,0.060644,0.008083,0.060644,0.43465,0.060644,0.0080828,0.060644,0.43465,0.060644,0.0080828,0.060644,0.43465,0.060644,0.0080832,0.060645,0.43465,0.060644,0.0080831,0.060644,0.43465,0.060643,0.0080818,0.060641,0.43464,0.060626,0.0080615,0.060745,0.4353,0.061056,0.0088276,0.061499,0.43758,0.062058,0.0079846,0.037667,0.31487,0.038871,0.0022035,0.029273,0.27032,0.031439,0.0035851,0.032535,0.27578,0.035142,0.0076294,0.021099,0.20362,0.023409,0.0052354,0.0082648,0.10921,0.0069409,0.00029126,0.0038444,0.083687,0.0017794,-0.0023702,0.0014549,0.084584,0.00029435,-0.0042463,6.764e-05,0.084391,-0.0003886,-0.0050115,-0.00058372,0.082036,-0.00061407,-0.005536,-0.0017471,0.076324,0.000431,-0.0076315,-0.0022765,0.082943
0.061105,0.007592,-0.0025068,0.0078355,0.060818,0.0079532,-0.0025831,0.0079376,0.060855,0.0079481,-0.0025744,0.0079486,0.060857,0.0079474,-0.0025745,0.0079485,0.060858,0.0079482,-0.002575,0.0079475,0.060858,0.0079486,-0.0025746,0.0079467,0.060858,0.007948,-0.0025742,0.0079467,0.060859,0.0079478,-0.002574,0.0079473,0.060859,0.0079485,-0.0025732,0.0079474,0.060859,0.007949,-0.0025736,0.0079472,0.060859,0.0079488,-0.0025744,0.0079464,0.060858,0.0079466,-0.0025769,0.0079455,0.060846,0.0079074,-0.00264,0.0079366,0.060942,0.0085059,-0.0015395,0.0084839,0.063181,0.01025,-0.00014578,0.0023551,0.038268,0.003338,-0.0024424,0.00063544,0.02978,0.0026338,0.0037872,0.006889,0.037134,0.0099729,0.0061866,0.008752,0.024616,0.0049317,0.0014838,0.0014153,0.0041676,-0.0019204,-0.0035717,-0.0032805,-3.4488e-05,-0.0042214,-0.005556,-0.004385,-0.00032086,-0.0047594,-0.0063071,-0.0048105,-0.00044264,-0.0049541,-0.006615,-0.0050837,-0.00069666,-0.005178,-0.0070192,-0.0064076,-0.00056796,-0.0053724,-0.0084576,-0.0060442,0.011119
0.058903,0.0066579,-0.0036277,0.0069187,0.058737,0.007038,-0.0036761,0.0070213,0.058774,0.0070327,-0.0036662,0.0070327,0.058777,0.0070321,-0.0036658,0.0070332,0.058777,0.0070325,-0.0036662,0.0070326,0.058777,0.0070326,-0.0036663,0.0070325,0.058777,0.0070325,-0.0036661,0.0070322,0.058778,0.0070326,-0.0036658,0.0070328,0.058778,0.0070331,-0.0036657,0.0070325,0.058778,0.0070334,-0.0036651,0.0070331,0.058778,0.0070338,-0.0036644,0.0070326,0.058778,0.0070328,-0.0036638,0.0070345,0.058775,0.0070216,-0.0035358,0.0073427,0.059639,0.0076291,-0.00453,0.004286,0.052845,0.0055013,-0.0063692,-0.0012822,0.02864,-0.0013079,-0.0081076,-0.0027872,0.024706,-0.003,-0.0061312,-0.0089976,0.0040933,-0.0082987,-0.002916,-0.0066887,-0.0058143,-0.0066632,-0.0060524,-0.0093966,-0.003351,-0.0088081,-0.0096889,-0.0072204,-0.0018077,-0.0065615,-0.0081414,-0.0063976,-0.0016472,-0.0062514,-0.007846,-0.0062643,-0.0017157,-0.0062359,-0.0077802,-0.0062502,-0.0018143,-0.0062763,-0.0080388,-0.0074522,-0.0016632,-0.0062843,-0.0093885,-0.0070875,0.0097256
0.42603,0.058709,0.0067215,0.05889,0.42808,0.058986,0.0068958,0.058994,0.42816,0.058996,0.0069045,0.058999,0.42816,0.058996,0.0069043,0.058998,0.42816,0.058996,0.0069044,0.058997,0.42816,0.058997,0.0069044,0.058997,0.42816,0.058997,0.0069047,0.058997,0.42816,0.058997,0.0069049,0.058997,0.42816,0.058997,0.0069053,0.058998,0.42816,0.058998,0.0069051,0.058997,0.42816,0.058998,0.0069048,0.058996,0.42816,0.058997,0.0069055,0.058996,0.42815,0.059026,0.0070723,0.059667,0.43155,0.05941,0.0056413,0.054091,0.40518,0.053714,0.0019526,0.028635,0.28354,0.029976,-0.0045863,0.023152,0.25471,0.023553,-0.0099785,0.0015987,0.14788,0.0034575,-0.0049134,-0.0075131,0.079932,-0.0065506,-0.009076,-0.0047268,0.080965,-0.0034208,-0.0073805,-0.0021683,0.083672,-0.0018366,-0.0062844,-0.00168,0.081852,-0.0017213,-0.0061652,-0.0017054,0.079977,-0.0017848,-0.0061833,-0.0018622,0.07815,-0.001802,-0.0065061,-0.0030424,0.072612,-0.00061461,-0.0087987,-0.0035844,0.07934
0.42654,0.059222,0.0075727,0.059399,0.42857,0.059483,0.0077142,0.059488,0.42864,0.059492,0.007722,0.059493,0.42864,0.059492,0.0077218,0.059493,0.42864,0.059492,0.007722,0.059493,0.42864,0.059492,0.0077215,0.059493,0.42864,0.059492,0.0077218,0.059492,0.42864,0.059492,0.0077218,0.059492,0.42864,0.059492,0.0077221,0.059493,0.42864,0.059493,0.0077224,0.059493,0.42864,0.059493,0.0077224,0.059492,0.42864,0.059491,0.0077194,0.059487,0.42862,0.059476,0.0077897,0.060123,0.43213,0.060474,0.0080818,0.055858,0.4075,0.056754,0.0076972,0.032754,0.28749,0.035984,0.0065614,0.030745,0.26199,0.033319,0.0080589,0.013482,0.15743,0.015257,0.0018244,0.0054478,0.087735,0.0027101,-0.0020173,0.0017751,0.084575,0.00029891,-0.0042073,0.0001198,0.084939,-0.00035308,-0.0049517,-0.00042808,0.082593,-0.00062845,-0.0051465,-0.00065591,0.080606,-0.0007909,-0.0052706,-0.00092133,0.078718,-0.00089373,-0.005663,-0.0021731,0.073227,0.00020756,-0.0078784,-0.0028492,0.079881
0.059889,0.0072057,-0.002565,0.0074944,0.059668,0.0075933,-0.0026434,0.0075792,0.059701,0.0075884,-0.0026353,0.0075898,0.059704,0.0075876,-0.0026356,0.0075893,0.059704,0.0075881,-0.0026363,0.0075881,0.059704,0.0075885,-0.0026359,0.0075874,0.059704,0.0075882,-0.0026352,0.0075875,0.059705,0.0075878,-0.0026349,0.007588,0.059705,0.0075887,-0.0026342,0.007588,0.059705,0.0075894,-0.0026347,0.0075877,0.059705,0.0075892,-0.0026352,0.007587,0.059703,0.0075853,-0.002639,0.0075877,0.059688,0.0075167,-0.0026521,0.0077749,0.060405,0.0086205,-0.0011635,0.0061215,0.057282,0.0088953,0.0012018,0.0038677,0.034302,0.0062587,0.0064739,0.0096814,0.03663,0.010264,0.0046526,0.0062079,0.01394,0.00114,-0.0012457,-0.0017267,0.0010386,-0.0037701,-0.0051924,-0.0041908,-0.00027111,-0.0047295,-0.0062757,-0.0047708,-0.00039776,-0.0049147,-0.0065724,-0.0050207,-0.00061433,-0.0051022,-0.00671,-0.0051628,-0.00079938,-0.005217,-0.0068037,-0.0052906,-0.00098422,-0.0053579,-0.0071439,-0.0065332,-0.00089245,-0.0054792,-0.0085739,-0.0062231,0.01045
0.057789,0.006303,-0.0036571,0.0065897,0.057612,0.0066898,-0.003722,0.0066742,0.057646,0.0066849,-0.0037131,0.0066848,0.057648,0.0066845,-0.0037129,0.0066855,0.057648,0.0066848,-0.0037129,0.0066855,0.057649,0.0066848,-0.0037132,0.0066851,0.057649,0.0066847,-0.0037134,0.0066848,0.057649,0.0066848,-0.0037135,0.006685,0.057649,0.0066851,-0.0037132,0.0066849,0.057649,0.0066852,-0.0037127,0.0066854,0.05765,0.0066857,-0.0037123,0.0066849,0.057649,0.0066842,-0.0037121,0.0066823,0.057622,0.0066328,-0.0035537,0.0071718,0.059072,0.0076134,-0.0044829,0.0020325,0.047696,0.0039098,-0.0084821,-0.0034331,0.018669,-0.0054874,-0.0038152,-0.0088598,-0.0026597,-0.0059118,-0.0038909,-0.0072462,-0.0053732,-0.0085111,-0.0082484,-0.0085741,-0.002347,-0.007183,-0.0085008,-0.0065716,-0.0016814,-0.0062751,-0.0078637,-0.0062753,-0.001706,-0.0062496,-0.0077897,-0.006236,-0.0017761,-0.0062299,-0.0077544,-0.0062238,-0.0018203,-0.0062278,-0.007748,-0.0062541,-0.001913,-0.0062832,-0.0080076,-0.0074082,-0.0018263,-0.0063305,-0.009364,-0.0071156,0.0093132
0.42019,0.05759,0.0063895,0.057767,0.42216,0.057855,0.0065494,0.057863,0.42223,0.057864,0.0065573,0.057868,0.42223,0.057864,0.006557,0.057866,0.42223,0.057864,0.006557,0.057865,0.42223,0.057864,0.0065569,0.057865,0.42223,0.057864,0.0065577,0.057865,0.42223,0.057864,0.0065577,0.057865,0.42223,0.057865,0.0065582,0.057866,0.42223,0.057866,0.006558,0.057866,0.42223,0.057866,0.0065574,0.057864,0.42223,0.05787,0.0065659,0.057856,0.42214,0.05788,0.0067963,0.059036,0.4284,0.05841,0.0039917,0.048277,0.37823,0.047643,-0.0013489,0.016966,0.23355,0.018823,-0.0072195,-0.004117,0.109,-0.0026464,-0.0057831,-0.0070801,0.074419,-0.0058527,-0.0090006,-0.0032261,0.082898,-0.0022676,-0.0065747,-0.0018097,0.082223,-0.0017536,-0.0061835,-0.0017056,0.080224,-0.001797,-0.0061759,-0.0017578,0.078524,-0.0018425,-0.0061769,-0.0018134,0.07705,-0.001887,-0.0062044,-0.0019712,0.075495,-0.0018975,-0.0065011,-0.0032246,0.070137,-0.00077046,-0.0088314,-0.0038587,0.077228
0.42067,0.058089,0.0072194,0.058266,0.42263,0.058346,0.0073573,0.058352,0.4227,0.058354,0.0073643,0.058356,0.4227,0.058354,0.0073641,0.058356,0.4227,0.058354,0.0073645,0.058356,0.4227,0.058354,0.007364,0.058356,0.4227,0.058354,0.0073642,0.058356,0.4227,0.058354,0.0073642,0.058356,0.4227,0.058355,0.0073646,0.058356,0.4227,0.058355,0.007365,0.058357,0.4227,0.058356,0.0073652,0.058355,0.4227,0.058339,0.0073235,0.058308,0.42256,0.058338,0.007572,0.059594,0.42937,0.060816,0.0097789,0.053007,0.38387,0.055219,0.011173,0.027193,0.24245,0.029797,0.0065509,0.0093526,0.11891,0.008543,-0.00016997,0.0035048,0.080446,0.00085824,-0.0032977,0.00075338,0.085054,-0.00013218,-0.0047634,-0.0002732,0.083077,-0.0005664,-0.0051051,-0.00060424,0.080879,-0.00075578,-0.0052222,-0.0007776,0.079112,-0.00090809,-0.0053181,-0.00092519,0.077584,-0.0010333,-0.0054181,-0.0011571,0.075986,-0.0011097,-0.005773,-0.00248,0.070649,3.6938e-05,-0.0080468,-0.0032081,0.077721
0.058732,0.0068395,-0.0026203,0.0071508,0.058529,0.0072372,-0.0027042,0.007223,0.058559,0.0072321,-0.0026966,0.0072331,0.058561,0.0072309,-0.0026972,0.0072326,0.058562,0.0072315,-0.002698,0.0072315,0.058562,0.0072319,-0.0026972,0.007231,0.058562,0.0072316,-0.0026962,0.007231,0.058563,0.0072313,-0.0026959,0.0072313,0.058562,0.0072323,-0.0026952,0.0072313,0.058563,0.0072328,-0.0026957,0.0072314,0.058562,0.0072325,-0.0026946,0.0072336,0.058567,0.007205,-0.0027567,0.0071833,0.058405,0.0071487,-0.0026062,0.0075726,0.059965,0.0099784,0.0046703,0.0093966,0.057966,0.014975,0.0085917,0.011357,0.031994,0.0085469,0.0019079,0.0028794,0.0062137,-0.0014663,-0.0034412,-0.0033571,-0.0002738,-0.0045871,-0.0059517,-0.004573,-0.00032862,-0.0048391,-0.0064808,-0.0049378,-0.00054683,-0.0050555,-0.0066724,-0.0051259,-0.00076109,-0.0051861,-0.0067687,-0.0052359,-0.00091419,-0.005284,-0.0068424,-0.0053217,-0.0010378,-0.0053635,-0.0069132,-0.0054276,-0.0011958,-0.0054871,-0.0072329,-0.0066175,-0.0011527,-0.0055633,-0.0086509,-0.0062893,0.0099675
0.056669,0.0059513,-0.0036944,0.0062604,0.056503,0.0063459,-0.0037674,0.0063317,0.056533,0.0063413,-0.0037592,0.0063419,0.056535,0.0063411,-0.003759,0.0063422,0.056536,0.0063414,-0.0037587,0.0063419,0.056536,0.0063414,-0.0037591,0.0063416,0.056536,0.0063411,-0.0037596,0.0063411,0.056536,0.0063411,-0.0037596,0.0063415,0.056536,0.0063413,-0.0037591,0.0063416,0.056536,0.0063417,-0.0037588,0.0063419,0.056538,0.0063452,-0.0037574,0.0063234,0.056478,0.0062983,-0.0037078,0.006551,0.057073,0.0063724,-0.0037585,0.0072218,0.059812,0.0073556,-0.0090129,-0.0048651,0.020128,-0.0058175,-0.0026168,-0.0076614,-0.0037381,-0.0059785,-0.0049182,-0.0084324,-0.0042426,-0.009768,-0.0098611,-0.0074031,-0.0019272,-0.0064434,-0.0080035,-0.0063552,-0.0017125,-0.0062742,-0.0078254,-0.0062692,-0.0017946,-0.0062549,-0.0077771,-0.006243,-0.0018337,-0.0062459,-0.0077581,-0.0062435,-0.0018841,-0.0062503,-0.0077526,-0.0062588,-0.0019502,-0.0062664,-0.0077579,-0.006293,-0.0020344,-0.006319,-0.0080073,-0.007384,-0.0019725,-0.0063745,-0.0093551,-0.0072304,0.0088695
0.4144,0.056482,0.0060548,0.056655,0.41631,0.05674,0.0062069,0.056745,0.41637,0.056747,0.0062143,0.05675,0.41638,0.056747,0.0062134,0.056748,0.41638,0.056747,0.0062138,0.056748,0.41638,0.056748,0.0062138,0.056748,0.41638,0.056748,0.0062146,0.056748,0.41638,0.056748,0.0062151,0.056749,0.41638,0.056749,0.0062154,0.056749,0.41638,0.056749,0.0062143,0.056749,0.41638,0.056762,0.0062326,0.056723,0.41616,0.056692,0.0062325,0.057121,0.41864,0.056583,0.0054985,0.058484,0.43173,0.056938,-0.00093099,0.019492,0.25627,0.021655,-0.006516,-0.0050346,0.0978,-0.0041194,-0.0070243,-0.0058025,0.074988,-0.0045791,-0.0078249,-0.002412,0.082518,-0.0018876,-0.0062618,-0.0017291,0.08067,-0.0018006,-0.0061931,-0.0017675,0.078738,-0.0018587,-0.0061921,-0.0018197,0.077138,-0.0019052,-0.0061996,-0.0018765,0.075744,-0.0019563,-0.0062148,-0.0019427,0.074368,-0.0020082,-0.0062475,-0.0020953,0.073046,-0.002013,-0.006547,-0.003371,0.068026,-0.00087999,-0.0088811,-0.004093,0.075183
0.41488,0.056973,0.0068738,0.057149,0.41678,0.057225,0.0070064,0.05723,0.41684,0.057232,0.007013,0.057234,0.41685,0.057233,0.0070124,0.057233,0.41685,0.057233,0.007013,0.057234,0.41685,0.057233,0.0070127,0.057234,0.41685,0.057233,0.007013,0.057234,0.41685,0.057233,0.0070133,0.057234,0.41685,0.057234,0.007014,0.057235,0.41685,0.057236,0.0070171,0.057236,0.41684,0.0572,0.0069223,0.057129,0.41655,0.057253,0.0073014,0.057948,0.42007,0.059662,0.011618,0.064426,0.43935,0.06727,0.015399,0.033682,0.26878,0.035565,0.0072989,0.010046,0.10824,0.0066036,-0.001304,0.0025236,0.079503,9.6997e-05,-0.0042409,9.6458e-05,0.083815,-0.0004347,-0.005024,-0.00052309,0.081385,-0.00070066,-0.0051841,-0.00073087,0.07936,-0.00087616,-0.0052937,-0.00089428,0.077695,-0.0010154,-0.0053775,-0.0010225,0.076258,-0.0011308,-0.0054528,-0.0011525,0.074844,-0.0012448,-0.005541,-0.0013604,0.073491,-0.0012951,-0.0058789,-0.0026837,0.068504,-0.00012138,-0.008138,-0.0034654,0.075662
0.057597,0.0064812,-0.0026725,0.0068135,0.057409,0.0068872,-0.0027618,0.006874,0.057436,0.0068821,-0.0027546,0.0068835,0.057438,0.0068813,-0.0027553,0.0068827,0.057439,0.0068819,-0.0027556,0.0068818,0.057439,0.0068824,-0.002755,0.0068815,0.057439,0.0068824,-0.002754,0.0068813,0.05744,0.006882,-0.0027538,0.0068817,0.057439,0.0068831,-0.002753,0.0068819,0.05744,0.0068855,-0.002747,0.0068891,0.05745,0.0068302,-0.0028895,0.0067569,0.057096,0.0069571,-0.0023912,0.007201,0.058886,0.010466,0.0068214,0.015851,0.074023,0.022572,0.013839,0.016966,0.041083,0.012447,0.002361,0.0026412,0.0051448,-0.0021606,-0.0041217,-0.0037678,-0.00051488,-0.0048657,-0.0063497,-0.0048228,-0.00045487,-0.0049703,-0.0066125,-0.0050688,-0.00069444,-0.0051395,-0.0067321,-0.005201,-0.00087978,-0.0052583,-0.0068209,-0.0053015,-0.0010196,-0.0053452,-0.0068845,-0.0053755,-0.0011294,-0.0054153,-0.0069442,-0.0054566,-0.0012526,-0.0054936,-0.0070084,-0.0055471,-0.0013842,-0.0055933,-0.0072968,-0.0066551,-0.0013449,-0.0056477,-0.0086874,-0.0063769,0.0095048
0.055562,0.0056032,-0.0037343,0.0059315,0.0554,0.0060038,-0.0038145,0.0059913,0.055428,0.0059996,-0.003807,0.0060008,0.05543,0.0059995,-0.0038066,0.0060009,0.055431,0.0059999,-0.0038068,0.0060007,0.055431,0.0059998,-0.0038074,0.0060002,0.055431,0.0059996,-0.0038076,0.0059999,0.055431,0.0059997,-0.0038075,0.0060004,0.055431,0.0060003,-0.0038071,0.0060006,0.055433,0.0060046,-0.0038137,0.005962,0.055317,0.0059041,-0.003689,0.0065352,0.056896,0.0064527,-0.0042953,0.0055365,0.055539,0.0057319,-0.0083399,-0.0080982,0.016954,-0.0084383,-0.00022888,-0.0046466,-0.0078192,-0.0040781,-0.0045435,-0.0083416,-0.0041213,-0.0093115,-0.009707,-0.0071346,-0.0018558,-0.0062826,-0.0078425,-0.0062851,-0.0017917,-0.0062783,-0.0078046,-0.0062706,-0.0018559,-0.0062726,-0.0077815,-0.0062628,-0.0018965,-0.0062664,-0.0077665,-0.006268,-0.0019524,-0.0062781,-0.0077676,-0.0062891,-0.0020226,-0.006296,-0.0077649,-0.0062932,-0.0020601,-0.0062992,-0.0077685,-0.0063302,-0.0021459,-0.0063625,-0.0080261,-0.0073893,-0.0021584,-0.0064417,-0.00937,-0.007322,0.0084493
0.40867,0.055382,0.0057212,0.055552,0.41051,0.055632,0.0058658,0.055636,0.41057,0.055639,0.0058729,0.055641,0.41057,0.055638,0.005872,0.055639,0.41057,0.055639,0.0058723,0.055639,0.41057,0.055639,0.0058725,0.055639,0.41057,0.05564,0.0058737,0.055639,0.41057,0.055639,0.0058742,0.05564,0.41057,0.05564,0.0058744,0.055641,0.41058,0.055653,0.0058845,0.055574,0.41016,0.055471,0.0058443,0.056581,0.41648,0.055806,0.0041964,0.054399,0.41307,0.052871,-0.0042585,0.016583,0.24793,0.018531,-0.0039867,-0.0084799,0.078216,-0.0082631,-0.0071005,-0.0058389,0.07593,-0.0041956,-0.0075367,-0.002276,0.081327,-0.0018453,-0.0061897,-0.0017416,0.079097,-0.0018591,-0.0062032,-0.0018295,0.077271,-0.0019248,-0.0062155,-0.0018874,0.075825,-0.0019714,-0.006227,-0.0019469,0.074451,-0.0020276,-0.0062456,-0.0020126,0.073086,-0.0020817,-0.0062591,-0.0020619,0.072035,-0.0021184,-0.0062917,-0.0022125,0.070846,-0.0021332,-0.006607,-0.0035399,0.065844,-0.0010095,-0.0089418,-0.0042884,0.073267
0.40913,0.055866,0.0065311,0.056041,0.41098,0.056114,0.0066595,0.056118,0.41104,0.05612,0.0066656,0.056121,0.41104,0.05612,0.0066652,0.056121,0.41104,0.056121,0.0066656,0.056122,0.41104,0.056121,0.0066653,0.056121,0.41104,0.056121,0.0066659,0.056121,0.41104,0.056121,0.0066665,0.056122,0.41104,0.056123,0.006669,0.056122,0.41103,0.056082,0.0065593,0.055995,0.41066,0.056383,0.0076994,0.058043,0.41886,0.060215,0.0125,0.062465,0.42258,0.065332,0.016666,0.033992,0.26314,0.035181,0.0074269,0.010261,0.090249,0.0043842,-0.0011733,0.0023972,0.080306,3.2161e-05,-0.0044426,-9.1167e-05,0.082388,-0.00064869,-0.0051695,-0.00070402,0.07973,-0.00085663,-0.0052773,-0.00086741,0.07785,-0.00099592,-0.0053604,-0.00099971,0.076361,-0.0011111,-0.0054309,-0.001117,0.074952,-0.0012226,-0.0055031,-0.0012422,0.07355,-0.0013365,-0.0055702,-0.001345,0.072469,-0.0014177,-0.0056366,-0.0015232,0.071266,-0.0014524,-0.0059723,-0.0028853,0.066301,-0.00028206,-0.008227,-0.0036795,0.073734
0.056475,0.0061283,-0.0027241,0.0064782,0.056299,0.0065407,-0.002818,0.0065286,0.056324,0.0065362,-0.0028111,0.0065376,0.056327,0.0065355,-0.0028119,0.0065367,0.056327,0.0065362,-0.0028118,0.0065363,0.056327,0.0065368,-0.0028113,0.0065358,0.056327,0.0065366,-0.0028102,0.0065359,0.056327,0.0065361,-0.0028101,0.0065362,0.056328,0.0065386,-0.0028045,0.0065424,0.056333,0.0064772,-0.0029753,0.0063742,0.055986,0.0070081,-0.0013846,0.0078089,0.060581,0.012412,0.010569,0.01819,0.073055,0.024674,0.015321,0.018305,0.041591,0.012485,0.0019959,0.0012232,0.0027187,-0.0030526,-0.0045578,-0.0039709,-0.00051986,-0.0049111,-0.0064504,-0.0049281,-0.00061098,-0.0051213,-0.0067343,-0.0051983,-0.00085893,-0.005249,-0.0068137,-0.0052917,-0.0010054,-0.0053336,-0.0068725,-0.0053616,-0.0011133,-0.005397,-0.0069204,-0.005425,-0.0012177,-0.0054642,-0.0069792,-0.0055069,-0.0013424,-0.0055424,-0.0070338,-0.0055659,-0.0014252,-0.0055898,-0.0070733,-0.0056313,-0.0015318,-0.0056748,-0.0073519,-0.0066963,-0.0015603,-0.0057465,-0.0087299,-0.0064923,0.0090644
0.054465,0.0052595,-0.0037747,0.0056036,0.054305,0.0056642,-0.0038615,0.0056528,0.05433,0.0056599,-0.0038549,0.0056616,0.054332,0.0056598,-0.0038545,0.005662,0.054333,0.0056601,-0.0038546,0.005662,0.054333,0.0056603,-0.0038548,0.0056616,0.054333,0.0056603,-0.003855,0.0056613,0.054333,0.0056608,-0.0038546,0.0056619,0.054334,0.005664,-0.0038609,0.0056284,0.054233,0.0055816,-0.0036644,0.0062992,0.056101,0.0063495,-0.0054703,0.0024834,0.047986,0.003286,-0.0052515,-0.0092273,0.0067663,-0.0072994,0.0010884,-0.0029261,-0.0099077,-0.0037454,-0.0048176,-0.0089035,-0.0035388,-0.0084038,-0.0091545,-0.0068595,-0.0017859,-0.0062305,-0.0077846,-0.0062326,-0.0017714,-0.0062182,-0.0077437,-0.0062296,-0.0018697,-0.0062507,-0.0077556,-0.0062595,-0.0019475,-0.0062771,-0.0077692,-0.0062924,-0.0020271,-0.0063098,-0.0077855,-0.0063231,-0.0020998,-0.0063299,-0.0077825,-0.0063222,-0.0021262,-0.0063271,-0.0077782,-0.0063371,-0.0021801,-0.0063517,-0.0078014,-0.0063937,-0.0022856,-0.0064216,-0.0080464,-0.0073849,-0.0023037,-0.0064837,-0.0093688,-0.0073855,0.0080537
0.40297,0.05429,0.0053897,0.054456,0.40475,0.054532,0.005528,0.054537,0.40481,0.054539,0.0055348,0.054541,0.40481,0.054538,0.0055339,0.054539,0.40481,0.054539,0.0055345,0.054539,0.40481,0.05454,0.0055348,0.054539,0.40481,0.05454,0.0055359,0.054539,0.40481,0.054539,0.0055365,0.054541,0.40481,0.054551,0.0055452,0.054482,0.40444,0.054415,0.0056157,0.055735,0.41185,0.054657,0.0023886,0.048163,0.38294,0.046983,-0.0073171,0.0054663,0.19137,0.0077857,-0.0016859,-0.0090247,0.063144,-0.0096487,-0.0078954,-0.0052782,0.079061,-0.0033389,-0.007074,-0.0020368,0.081023,-0.0017891,-0.0061438,-0.0017084,0.078478,-0.001841,-0.0061641,-0.0018212,0.076156,-0.001942,-0.0062021,-0.001918,0.074559,-0.0020183,-0.0062395,-0.0020064,0.073137,-0.0020957,-0.0062743,-0.0020845,0.071795,-0.0021538,-0.0062896,-0.0021269,0.070844,-0.0021878,-0.0063051,-0.0021833,0.069837,-0.0022421,-0.0063503,-0.002346,0.068572,-0.0022595,-0.0066617,-0.0036826,0.063919,-0.0011134,-0.0089856,-0.0044575,0.071497
0.40343,0.054768,0.0061892,0.054939,0.40521,0.055008,0.0063119,0.055012,0.40527,0.055014,0.0063175,0.055015,0.40527,0.055014,0.0063172,0.055015,0.40527,0.055015,0.0063178,0.055016,0.40527,0.055015,0.0063181,0.055016,0.40527,0.055015,0.0063185,0.055016,0.40527,0.055016,0.0063192,0.055015,0.40526,0.054979,0.0062243,0.054905,0.40493,0.055227,0.0072339,0.057058,0.4142,0.059472,0.012387,0.057369,0.39342,0.060061,0.015841,0.023616,0.20688,0.025047,0.0051577,0.0079362,0.074475,0.002214,-0.0015256,0.001945,0.082889,4.3614e-06,-0.0046012,-0.00024483,0.081934,-0.00073308,-0.0052332,-0.00078716,0.079038,-0.00097192,-0.0053706,-0.0010026,0.076651,-0.0011475,-0.0054619,-0.001139,0.075034,-0.001245,-0.0055126,-0.0012361,0.073606,-0.0013338,-0.005566,-0.0013433,0.072243,-0.0014311,-0.0056202,-0.0014281,0.071268,-0.0015012,-0.005661,-0.0015032,0.070251,-0.0015718,-0.0057256,-0.0016916,0.068968,-0.0016189,-0.0060672,-0.0030711,0.064348,-0.00042715,-0.0083032,-0.0038672,0.071954
0.055367,0.0057785,-0.0027785,0.0061427,0.055192,0.0061944,-0.0028778,0.0061834,0.055215,0.00619,-0.0028715,0.0061917,0.055217,0.0061894,-0.0028723,0.0061911,0.055217,0.0061901,-0.0028719,0.006191,0.055218,0.006191,-0.0028714,0.0061904,0.055218,0.0061906,-0.0028704,0.0061905,0.055218,0.0061904,-0.0028683,0.0061939,0.055216,0.0061355,-0.0030159,0.0060563,0.054944,0.0065549,-0.0016846,0.007357,0.059346,0.012245,0.011968,0.017756,0.067617,0.023105,0.0117,0.013839,0.027111,0.0061638,0.00027015,-0.0011568,0.00024339,-0.0041731,-0.0052476,-0.0042426,-0.00035765,-0.0048707,-0.0064821,-0.0049798,-0.00065864,-0.0051661,-0.0067804,-0.0052576,-0.00094108,-0.0053282,-0.0068966,-0.0053982,-0.0011481,-0.0054476,-0.0069689,-0.00547,-0.0012526,-0.0054954,-0.0069968,-0.0055112,-0.0013373,-0.00554,-0.0070343,-0.0055718,-0.0014422,-0.0055994,-0.0070724,-0.0056138,-0.0015058,-0.0056327,-0.0070955,-0.0056481,-0.0015722,-0.0056732,-0.0071398,-0.0057312,-0.0017053,-0.0057749,-0.0074156,-0.0067387,-0.0017458,-0.0058264,-0.0087536,-0.0065761,0.0086605
0.053386,0.0049234,-0.0038113,0.0052832,0.053234,0.0053331,-0.0039037,0.005322,0.053256,0.0053286,-0.0038978,0.0053304,0.053258,0.0053286,-0.003897,0.0053312,0.053259,0.0053293,-0.003897,0.0053309,0.053259,0.0053294,-0.0038971,0.0053307,0.053259,0.0053294,-0.0038974,0.0053305,0.053259,0.0053301,-0.0039023,0.0053124,0.053202,0.0052846,-0.0037145,0.0058333,0.054616,0.0058737,-0.0050599,0.0030147,0.048917,0.003561,-0.0042897,-0.00941,-0.00013171,-0.0051757,-0.00020671,-0.0041381,-0.0082498,-0.0055163,-0.0063919,-0.0094318,-0.0025797,-0.0071463,-0.0084326,-0.0065573,-0.0017905,-0.0062595,-0.0077968,-0.0062377,-0.0017852,-0.0062126,-0.0077267,-0.0062085,-0.0018568,-0.0062149,-0.0077077,-0.0062068,-0.0019127,-0.0062224,-0.007714,-0.0062494,-0.0020223,-0.0062789,-0.0077523,-0.0063075,-0.0021307,-0.0063266,-0.0077726,-0.0063314,-0.0021842,-0.0063457,-0.0077854,-0.0063609,-0.0022485,-0.0063799,-0.0078097,-0.0063989,-0.0023205,-0.0064095,-0.0078248,-0.0064309,-0.0023833,-0.0064527,-0.0080522,-0.0073743,-0.002445,-0.0065364,-0.0093907,-0.0075175,0.0076383
0.39738,0.05322,0.005066,0.053382,0.3991,0.053455,0.0051982,0.053458,0.39915,0.053461,0.0052042,0.053462,0.39915,0.053461,0.0052038,0.053461,0.39915,0.053461,0.0052049,0.053461,0.39915,0.053462,0.0052055,0.053461,0.39915,0.053462,0.0052067,0.053463,0.39915,0.053466,0.0052079,0.053427,0.39894,0.053423,0.0053667,0.054443,0.40452,0.053613,0.0029308,0.049167,0.38551,0.047938,-0.0088789,-0.00010076,0.15008,0.0018079,-0.0022423,-0.009945,0.062385,-0.0089386,-0.0094144,-0.0039234,0.081834,-0.002309,-0.0065276,-0.001805,0.080501,-0.0017906,-0.0061543,-0.001731,0.078078,-0.0018556,-0.0061591,-0.001817,0.075786,-0.0019304,-0.0061715,-0.0018881,0.074077,-0.0019949,-0.0062019,-0.0019891,0.07235,-0.0020955,-0.0062514,-0.0020938,0.070759,-0.0021798,-0.0062856,-0.0021622,0.069657,-0.0022347,-0.0063158,-0.002231,0.068645,-0.0023027,-0.0063541,-0.0023083,0.067552,-0.0023599,-0.0063929,-0.0024472,0.066607,-0.0023535,-0.0067026,-0.0038102,0.062148,-0.0012195,-0.0090004,-0.0046869,0.069723
0.39783,0.053689,0.0058542,0.053858,0.39955,0.053922,0.0059714,0.053927,0.3996,0.053928,0.0059769,0.05393,0.3996,0.053929,0.0059771,0.053931,0.39961,0.05393,0.0059779,0.05393,0.3996,0.05393,0.0059779,0.05393,0.3996,0.053929,0.0059779,0.053929,0.3996,0.053913,0.0059344,0.05387,0.39939,0.053988,0.0063939,0.055264,0.40605,0.05716,0.010702,0.056188,0.39366,0.05871,0.013909,0.016526,0.16479,0.017622,0.0026724,0.005688,0.071212,0.00098912,-0.0027927,0.0010854,0.084423,-0.00023536,-0.0049316,-0.00048005,0.081256,-0.00079364,-0.0052606,-0.00082279,0.078621,-0.0010108,-0.0053983,-0.0010448,0.076244,-0.0012049,-0.0055109,-0.0012095,0.074485,-0.0013376,-0.0055872,-0.0013403,0.072744,-0.0014548,-0.0056546,-0.0014672,0.071139,-0.0015631,-0.0057103,-0.0015566,0.070027,-0.0016288,-0.0057408,-0.0016159,0.069022,-0.0016841,-0.0057724,-0.0016931,0.067925,-0.0017545,-0.0058308,-0.0018591,0.066964,-0.0017712,-0.0061541,-0.0032366,0.062558,-0.00056073,-0.0083588,-0.003983,0.070151
0.054281,0.0054364,-0.0028284,0.0058151,0.05411,0.0058565,-0.0029336,0.005846,0.05413,0.0058522,-0.0029283,0.0058536,0.054133,0.0058517,-0.0029289,0.0058532,0.054133,0.0058524,-0.002928,0.0058536,0.054133,0.0058532,-0.0029272,0.0058533,0.054133,0.0058529,-0.0029259,0.0058544,0.054131,0.0058271,-0.0029912,0.0057952,0.054004,0.0059412,-0.0024733,0.0064292,0.056369,0.010034,0.0081023,0.013957,0.063726,0.018983,0.0077575,0.0098145,0.01612,0.0017031,-0.0016505,-0.0025005,-0.0008174,-0.0046731,-0.0058714,-0.0045361,-0.0003477,-0.0049075,-0.0066016,-0.0050923,-0.00074627,-0.0052144,-0.0068107,-0.0052857,-0.00097947,-0.0053557,-0.0069209,-0.0054265,-0.001187,-0.0054838,-0.0070086,-0.0055203,-0.001318,-0.0055597,-0.0070628,-0.0055928,-0.0014429,-0.0056314,-0.0071189,-0.0056724,-0.0015727,-0.0057032,-0.0071621,-0.0057174,-0.0016416,-0.0057318,-0.0071749,-0.0057369,-0.0016913,-0.0057534,-0.0071939,-0.0057765,-0.0017702,-0.0057973,-0.0072306,-0.0058371,-0.0018614,-0.0058653,-0.0074712,-0.0067678,-0.0019119,-0.0058976,-0.008774,-0.0066342,0.0082574
0.052309,0.0045865,-0.0038522,0.0049619,0.052165,0.0050014,-0.0039497,0.0049909,0.052184,0.0049971,-0.0039437,0.0049991,0.052187,0.0049976,-0.0039427,0.0049999,0.052188,0.0049982,-0.0039432,0.0049992,0.052187,0.004998,-0.0039439,0.0049988,0.052187,0.0049977,-0.0039464,0.0049928,0.052168,0.0049845,-0.0038631,0.0051903,0.052682,0.0051219,-0.0042917,0.0047444,0.052564,0.0049777,-0.0074079,-0.0086359,0.0089328,-0.00935,-0.001908,-0.0058499,-0.0063949,-0.0069331,-0.007875,-0.0083023,-0.0019348,-0.0065088,-0.007998,-0.0063396,-0.0017318,-0.006229,-0.0077506,-0.0061972,-0.0017732,-0.0061921,-0.0077077,-0.006198,-0.0018632,-0.0062061,-0.0076943,-0.0061986,-0.0019203,-0.0062087,-0.0076898,-0.0062242,-0.0020095,-0.0062443,-0.0077077,-0.0062621,-0.0021028,-0.0062755,-0.0077143,-0.0062755,-0.0021535,-0.0062907,-0.0077263,-0.0063101,-0.0022316,-0.006337,-0.0077637,-0.0063655,-0.0023257,-0.0063859,-0.0077906,-0.0063963,-0.0023828,-0.0064083,-0.0078095,-0.0064423,-0.0024649,-0.006475,-0.0080529,-0.0073605,-0.0025994,-0.0065886,-0.0094069,-0.0076552,0.0072224
0.39183,0.052158,0.0047457,0.052316,0.39348,0.052384,0.004871,0.052387,0.39353,0.05239,0.0048773,0.052391,0.39353,0.05239,0.0048771,0.05239,0.39353,0.05239,0.0048778,0.052391,0.39354,0.052391,0.0048782,0.05239,0.39354,0.052392,0.0048787,0.052379,0.39346,0.052395,0.0049761,0.052775,0.39553,0.052257,0.0038685,0.052088,0.39758,0.050747,-0.0044657,0.0082923,0.20191,0.011053,-0.0047959,-0.007606,0.063988,-0.0077433,-0.0094599,-0.0030733,0.082425,-0.0018659,-0.0062094,-0.0016569,0.0802,-0.0017545,-0.0061151,-0.0017052,0.07769,-0.0018357,-0.0061291,-0.001801,0.075445,-0.0019164,-0.0061459,-0.0018747,0.073709,-0.0019778,-0.0061683,-0.0019609,0.072032,-0.0020635,-0.0062035,-0.0020514,0.070366,-0.0021378,-0.0062268,-0.0021131,0.069147,-0.0021936,-0.006258,-0.0021907,0.067975,-0.002276,-0.0063077,-0.0022839,0.066739,-0.0023559,-0.0063452,-0.0023526,0.065757,-0.0024022,-0.0063858,-0.0025002,0.064833,-0.0024183,-0.0067183,-0.0039174,0.060335,-0.0013031,-0.0089875,-0.0048991,0.067953
0.39225,0.052609,0.0055081,0.052778,0.39393,0.05284,0.005624,0.052844,0.39397,0.052847,0.0056303,0.052848,0.39398,0.052848,0.0056309,0.052848,0.39398,0.052848,0.0056309,0.052848,0.39398,0.052847,0.0056301,0.052847,0.39398,0.052842,0.0056182,0.052826,0.39389,0.052821,0.0056685,0.053297,0.39651,0.054722,0.0092458,0.057016,0.40395,0.060019,0.014492,0.023558,0.21481,0.025409,0.0029543,0.0056753,0.071542,0.00026283,-0.003668,0.00050345,0.084171,-0.00053684,-0.0051587,-0.00067274,0.080774,-0.0008983,-0.0053521,-0.00092818,0.078134,-0.0011177,-0.0054894,-0.0011455,0.075816,-0.0013039,-0.0055982,-0.0013091,0.07403,-0.0014397,-0.0056779,-0.0014426,0.072325,-0.0015658,-0.0057561,-0.0015844,0.070628,-0.0016933,-0.0058262,-0.001691,0.069391,-0.0017728,-0.0058628,-0.0017601,0.06823,-0.0018338,-0.0058906,-0.0018336,0.067004,-0.0019073,-0.005931,-0.0019153,0.066013,-0.0019712,-0.0059822,-0.0020658,0.065091,-0.0019765,-0.0062987,-0.0034683,0.060656,-0.0007705,-0.0084833,-0.0041559,0.068319
0.053179,0.0050863,-0.0029002,0.00548,0.053029,0.0055137,-0.0030058,0.0055032,0.053047,0.005509,-0.003001,0.0055107,0.05305,0.0055085,-0.0030016,0.0055104,0.05305,0.0055092,-0.0030007,0.0055108,0.05305,0.0055098,-0.003,0.0055106,0.053049,0.0055027,-0.0030147,0.005499,0.053015,0.0054616,-0.0030313,0.0055481,0.053598,0.0081383,0.0043974,0.011578,0.063844,0.017622,0.0101,0.012962,0.027596,0.0064567,-0.0012149,-0.0021531,-0.00042896,-0.0050517,-0.0062833,-0.0048226,-0.00051095,-0.0051361,-0.0068204,-0.0052852,-0.00089983,-0.0053695,-0.0069679,-0.0054404,-0.001123,-0.0055112,-0.0070793,-0.0055787,-0.001324,-0.0056349,-0.0071642,-0.0056716,-0.0014561,-0.0057111,-0.0072194,-0.0057447,-0.0015794,-0.0057872,-0.0072822,-0.0058337,-0.0017206,-0.0058692,-0.0073343,-0.0058888,-0.0018016,-0.0059006,-0.0073435,-0.0059063,-0.0018566,-0.0059151,-0.0073491,-0.0059343,-0.0019342,-0.0059551,-0.0073781,-0.0059783,-0.0020094,-0.0059954,-0.0074084,-0.0060287,-0.0020896,-0.0060529,-0.0076353,-0.0069085,-0.0021895,-0.0060931,-0.0089182,-0.006811,0.0078075
0.051273,0.004273,-0.0038536,0.0046539,0.051109,0.004685,-0.0039589,0.0046755,0.051128,0.0046815,-0.003953,0.0046832,0.05113,0.004682,-0.0039522,0.0046839,0.051131,0.0046824,-0.0039531,0.0046836,0.05113,0.004682,-0.0039544,0.0046823,0.051127,0.0046827,-0.0039338,0.0047018,0.051158,0.0045984,-0.0038322,0.0055322,0.053948,0.0057568,-0.0099391,-0.0059522,0.019585,-0.0065147,-0.0013066,-0.0052887,-0.0076707,-0.0056804,-0.0071033,-0.0087658,-0.0022167,-0.0065056,-0.0077374,-0.006062,-0.0015845,-0.0059436,-0.0074366,-0.0059176,-0.0016181,-0.0059262,-0.0074152,-0.0059313,-0.0017097,-0.005938,-0.0074004,-0.0059324,-0.0017689,-0.0059437,-0.0073981,-0.0059598,-0.0018601,-0.0059795,-0.0074156,-0.0059967,-0.0019513,-0.0060083,-0.0074184,-0.0060065,-0.0020005,-0.0060224,-0.0074306,-0.0060415,-0.0020786,-0.0060882,-0.0074972,-0.0061259,-0.0021866,-0.0061733,-0.0075654,-0.0061935,-0.0022641,-0.0062132,-0.0075885,-0.0062193,-0.0023083,-0.006234,-0.0076121,-0.006274,-0.0024023,-0.0063069,-0.00785,-0.0071445,-0.0025825,-0.0064237,-0.009201,-0.0075595,0.0069248
0.38633,0.05116,0.0045338,0.051311,0.38791,0.051375,0.0046509,0.051378,0.38796,0.051381,0.0046569,0.051381,0.38796,0.051381,0.0046566,0.051381,0.38796,0.051381,0.0046569,0.051381,0.38796,0.051382,0.0046575,0.051379,0.38794,0.051401,0.0047086,0.051432,0.38813,0.051101,0.0043267,0.053066,0.40031,0.051526,-0.0025452,0.01962,0.25543,0.021393,-0.0057011,-0.007552,0.064065,-0.0084725,-0.009968,-0.0032645,0.08064,-0.0016506,-0.0057163,-0.0011261,0.080012,-0.001186,-0.0055127,-0.0011329,0.077484,-0.0012659,-0.0055295,-0.0012285,0.075275,-0.0013418,-0.0055444,-0.0013008,0.073547,-0.0014063,-0.0055685,-0.0013887,0.071843,-0.0014906,-0.0056018,-0.0014766,0.070199,-0.0015634,-0.005623,-0.0015374,0.068938,-0.0016278,-0.0056662,-0.0016313,0.067768,-0.0017749,-0.0057949,-0.0018076,0.066507,-0.0019499,-0.0059258,-0.0019609,0.065395,-0.0020419,-0.0059802,-0.0020372,0.064581,-0.0020896,-0.0060271,-0.0021914,0.063581,-0.0021114,-0.0063578,-0.0036318,0.059064,-0.00098053,-0.008581,-0.0046693,0.066594
0.38661,0.051399,0.0048406,0.051558,0.38821,0.05162,0.0049556,0.051623,0.38826,0.051626,0.0049632,0.051627,0.38826,0.051627,0.0049637,0.051627,0.38826,0.051627,0.004963,0.051626,0.38826,0.051625,0.0049595,0.051618,0.38822,0.051562,0.0048274,0.051624,0.3887,0.052742,0.0079318,0.056393,0.4053,0.059433,0.013339,0.032619,0.267,0.034111,0.0038325,0.0065597,0.072278,0.00014664,-0.0041324,9.404e-06,0.081797,-0.0017223,-0.0062805,-0.0018138,0.079469,-0.0020521,-0.006511,-0.0020943,0.076779,-0.0022854,-0.006654,-0.002315,0.074495,-0.0024746,-0.0067653,-0.0024793,0.072715,-0.002612,-0.0068469,-0.0026174,0.070979,-0.0027427,-0.0069286,-0.0027619,0.069299,-0.0028745,-0.0070026,-0.0028712,0.068021,-0.0029452,-0.0070112,-0.0028829,0.066946,-0.0028864,-0.00688,-0.0027757,0.065862,-0.0027748,-0.0067448,-0.0027151,0.064855,-0.0027581,-0.0067219,-0.0027421,0.064063,-0.0027905,-0.0067582,-0.0028888,0.063064,-0.0028142,-0.0071023,-0.004355,0.058576,-0.0016404,-0.0092563,-0.0049617,0.066708
0.052028,0.0045816,-0.0034692,0.0049629,0.051836,0.0049893,-0.0035883,0.0049753,0.05185,0.0049825,-0.0035823,0.0049838,0.051852,0.0049819,-0.0035824,0.004984,0.051852,0.0049823,-0.0035823,0.0049837,0.051851,0.0049802,-0.0035855,0.0049848,0.051843,0.004879,-0.0038175,0.0047791,0.051612,0.00667,0.0016203,0.0094337,0.062679,0.015766,0.010379,0.014017,0.038866,0.0099228,-0.0021055,-0.0028294,-0.00078944,-0.0063636,-0.0077783,-0.0061468,-0.0017638,-0.0068491,-0.0087929,-0.006996,-0.0022147,-0.0070864,-0.0089512,-0.0071722,-0.0024893,-0.0072489,-0.0090738,-0.0073231,-0.0026972,-0.0073845,-0.0091669,-0.0074253,-0.0028335,-0.0074703,-0.0092287,-0.00751,-0.0029653,-0.007557,-0.0092988,-0.0076084,-0.0031121,-0.0076508,-0.0093604,-0.0076732,-0.0031931,-0.0076695,-0.0093302,-0.0076319,-0.0031503,-0.0074944,-0.0090584,-0.0074099,-0.0030282,-0.0072688,-0.00878,-0.0072303,-0.0029788,-0.0072007,-0.0087072,-0.0072005,-0.003,-0.0072089,-0.0087186,-0.0072499,-0.0030924,-0.00729,-0.0089834,-0.0081797,-0.0032329,-0.0073381,-0.0097153,-0.0080924,0.0072698
0.05018,0.0041107,-0.0028832,0.0045863,0.050161,0.0046205,-0.0029837,0.0046136,0.050188,0.0046204,-0.0029807,0.0046215,0.05019,0.004621,-0.0029804,0.0046221,0.05019,0.0046211,-0.0029807,0.0046229,0.050192,0.0046279,-0.0029709,0.0045971,0.05008,0.0045008,-0.002679,0.0058032,0.053632,0.0060061,-0.0077298,-0.0039195,0.026099,-0.0033835,-0.0039972,-0.0077366,-0.0070212,-0.0075475,-0.0099695,-0.0068506,-0.0017454,-0.004417,-0.0045631,-0.003825,-0.00029936,-0.0034861,-0.0038644,-0.0034266,-0.00021296,-0.0034201,-0.0038334,-0.0034164,-0.00026042,-0.0034065,-0.0038055,-0.0033785,-0.00030369,-0.0033726,-0.0037888,-0.0033688,-0.00039134,-0.0033735,-0.0037958,-0.0033695,-0.00047447,-0.0033669,-0.003786,-0.0033495,-0.00051357,-0.0033476,-0.0037792,-0.0033509,-0.00059297,-0.0034077,-0.0039014,-0.0034649,-0.00079587,-0.0037395,-0.0044777,-0.0038244,-0.0010502,-0.004098,-0.0050636,-0.0041532,-0.00123,-0.0042422,-0.0052541,-0.0042603,-0.0013213,-0.0042823,-0.005305,-0.0043031,-0.0014081,-0.0043215,-0.0054781,-0.004847,-0.0017384,-0.0046021,-0.0067982,-0.0058168,0.0066417
0.38032,0.051411,0.0069861,0.051751,0.38226,0.05181,0.0070796,0.051818,0.38233,0.051818,0.0070757,0.051819,0.38234,0.051818,0.0070752,0.051818,0.38234,0.051818,0.0070755,0.051819,0.38234,0.051844,0.0071393,0.05179,0.38194,0.051635,0.0070434,0.054103,0.39642,0.052781,0.0014785,0.028523,0.28518,0.029433,-0.0077603,-0.0023043,0.074151,-0.0022152,-0.0045211,0.0021158,0.078531,0.0032492,0.0013365,0.0045046,0.080228,0.0045882,0.0020166,0.0047344,0.077705,0.0046006,0.0019742,0.0046811,0.075449,0.0045807,0.0019436,0.0046478,0.073756,0.0045599,0.0019033,0.0045971,0.071963,0.0045064,0.0018436,0.0045406,0.070262,0.0044682,0.0018092,0.0045117,0.068985,0.0044467,0.0017741,0.0044682,0.067751,0.0042786,0.001499,0.0042084,0.066486,0.0034108,0.00019791,0.003166,0.065331,0.0023827,-0.0011243,0.0022745,0.064424,0.00201,-0.0015584,0.0019956,0.06355,0.0019171,-0.0016863,0.0018263,0.062523,0.0018915,-0.002118,0.00034368,0.058209,0.0030246,-0.0038527,-0.0011523,0.06514
0.37796,0.046414,-0.0014997,0.046073,0.37847,0.046144,-0.0015319,0.04614,0.37852,0.046147,-0.0015213,0.046148,0.37853,0.046148,-0.0015208,0.046148,0.37853,0.046149,-0.00152,0.046148,0.37851,0.046095,-0.0016597,0.045923,0.3781,0.046434,-0.00012665,0.050425,0.3953,0.052411,0.0038847,0.031078,0.28901,0.033434,-0.0061849,-0.0010673,0.075941,-0.007034,-0.0071603,-0.0085334,0.072852,-0.0097204,-0.0048839,-0.0095244,0.07246,-0.0093282,-0.0044772,-0.0090573,0.069753,-0.0089365,-0.0042816,-0.0087684,0.06745,-0.008617,-0.0041253,-0.0085491,0.06573,-0.0083952,-0.0040035,-0.0083439,0.063908,-0.008197,-0.00389,-0.0081412,0.062176,-0.0080105,-0.0037841,-0.007973,0.06086,-0.007864,-0.0037108,-0.007884,0.059709,-0.0078451,-0.0039099,-0.0083081,0.059093,-0.0086092,-0.0051585,-0.0097155,0.058836,-0.0098818,-0.0063729,-0.0094745,0.058678,-0.0094447,-0.0067967,-0.0093274,0.058019,-0.0093702,-0.0068209,-0.0094693,0.057029,-0.0093751,-0.0064933,-0.0090391,0.052335,-0.0078926,-0.0047678,-0.0090245,0.062734
0.048139,0.0023396,-0.0091474,0.001678,0.04634,0.0016529,-0.0097316,0.001586,0.046292,0.0016011,-0.0097272,0.0016014,0.046293,0.0015994,-0.0097269,0.0016018,0.046293,0.0016003,-0.0097253,0.0016103,0.046299,0.0015228,-0.0098576,0.0013695,0.045806,0.0020269,-0.0084554,0.0035859,0.053182,0.0060744,-0.0042772,0.0032815,0.034698,0.0022395,-0.0058331,-0.0097699,-0.0026691,-0.0063637,-0.0036855,-0.0066652,-0.0053812,-0.0053849,-0.0022602,-0.0054948,-0.0058353,-0.0052509,-0.0020465,-0.0052638,-0.0062389,-0.0050854,-0.0018879,-0.0050573,-0.0065414,-0.0049628,-0.0017649,-0.0049052,-0.0067388,-0.0048537,-0.001663,-0.0047698,-0.0069125,-0.0047162,-0.001556,-0.0046341,-0.0070859,-0.0045853,-0.0014587,-0.004521,-0.00722,-0.0044773,-0.00138,-0.004441,-0.0072913,-0.0045182,-0.0014916,-0.0046063,-0.006967,-0.0054457,-0.0026262,-0.0055438,-0.0069515,-0.0061269,-0.0035885,-0.006334,-0.0065742,-0.0064694,-0.0039226,-0.0065136,-0.0065373,-0.0065178,-0.0039502,-0.0064748,-0.0066355,-0.0064673,-0.0036978,-0.0054126,-0.0066023,-0.0068353,-0.0028111,-0.0055689,0.006229
0.060279,0.018275,0.012764,0.020463,0.065444,0.020444,0.012861,0.020439,0.065509,0.020452,0.012867,0.020453,0.065514,0.020453,0.012867,0.020453,0.065513,0.02045,0.012856,0.020423,0.065442,0.020479,0.01318,0.021516,0.067864,0.021165,0.011116,0.013715,0.051347,0.013451,0.0032871,0.0031181,0.0025077,0.0010949,0.0096587,0.011149,0.0096498,0.012812,0.015546,0.015212,0.014342,0.015917,0.017335,0.016161,0.014297,0.016107,0.017413,0.016222,0.014017,0.016186,0.017481,0.016302,0.013846,0.016257,0.017531,0.016346,0.01361,0.016285,0.017551,0.016373,0.013367,0.016326,0.017589,0.016419,0.013219,0.016386,0.017633,0.016459,0.013082,0.016462,0.017716,0.016581,0.012974,0.016131,0.017368,0.016341,0.011875,0.011995,0.01248,0.010003,0.0069141,0.007248,0.0080128,0.0066336,0.0047146,0.0062815,0.0070637,0.0061655,0.0044502,0.0061134,0.0068955,0.0059899,0.0042147,0.0057881,0.0063892,0.0048606,0.0040404,0.004694,0.0045828,0.0026443,0.01114
0.40666,0.097562,0.039971,0.099161,0.4202,0.099211,0.039763,0.099233,0.4204,0.099239,0.039766,0.09924,0.42041,0.09924,0.039766,0.09924,0.42041,0.099238,0.039757,0.099178,0.42007,0.099213,0.039986,0.10095,0.42971,0.10078,0.038779,0.08997,0.37046,0.090873,0.037905,0.047117,0.15956,0.053965,0.033919,0.047631,0.13452,0.051575,0.036412,0.052557,0.13949,0.053275,0.037367,0.052596,0.13678,0.052848,0.037467,0.052303,0.13466,0.052498,0.037535,0.052106,0.13315,0.052266,0.037587,0.051863,0.13157,0.052011,0.037625,0.051614,0.13,0.051749,0.037667,0.051453,0.12885,0.051568,0.037708,0.051303,0.1278,0.051428,0.037846,0.051399,0.12711,0.051579,0.037412,0.04966,0.125,0.049459,0.029537,0.031991,0.099386,0.029831,0.021989,0.026785,0.095697,0.026515,0.020986,0.026519,0.095214,0.026505,0.020895,0.02604,0.093691,0.025606,0.019761,0.024104,0.08712,0.023986,0.01921,0.024296,0.071929
0.20181,0.025649,0.00031977,0.021518,0.17962,0.02142,-0.00072268,0.021403,0.17959,0.021402,-0.00073362,0.021402,0.17959,0.021401,-0.0007339,0.021402,0.17959,0.021402,-0.00072125,0.021464,0.17996,0.021441,-0.0011005,0.019534,0.1687,0.019669,0.0010981,0.032223,0.24246,0.035072,0.013493,0.080277,0.50028,0.084783,0.02549,0.092058,0.54073,0.093503,0.028203,0.093342,0.53901,0.093587,0.028626,0.094251,0.54279,0.094379,0.028948,0.094847,0.54553,0.094941,0.029178,0.095283,0.54752,0.095361,0.029372,0.095708,0.54954,0.095783,0.029561,0.096122,0.55152,0.09619,0.029729,0.096448,0.55303,0.096505,0.02987,0.096741,0.55438,0.096832,0.030154,0.097704,0.55921,0.097434,0.029131,0.093247,0.5383,0.090631,0.017583,0.041222,0.2723,0.038559,0.0064579,0.030219,0.22453,0.029904,0.0054061,0.029946,0.22477,0.029898,0.0053004,0.029329,0.2216,0.029211,0.0050381,0.028589,0.21878,0.028191,0.0059406,0.032941,0.23463
