0.064729,0.020577,0.013169,0.020272,0.063254,0.020237,0.013096,0.02024,0.063268,0.020239,0.013096,0.02024,0.063268,0.020239,0.013096,0.02024,0.063268,0.020239,0.013095,0.020237,0.063266,0.020251,0.013139,0.020335,0.063411,0.020245,0.012859,0.019633,0.062285,0.019154,0.011424,0.017228,0.058556,0.016807,0.010284,0.016479,0.057908,0.016393,0.010081,0.016395,0.057911,0.016387,0.010062,0.016358,0.057855,0.016349,0.010038,0.016328,0.057814,0.016322,0.01002,0.016307,0.057785,0.016301,0.010004,0.016286,0.057755,0.01628,0.009989,0.016265,0.057725,0.01626,0.0099757,0.016249,0.057703,0.016245,0.009965,0.016235,0.057684,0.016238,0.0099762,0.016294,0.057949,0.016223,0.0097786,0.015694,0.055873,0.015048,0.0077471,0.0095796,0.032445,0.0089069,0.0057988,0.00791,0.028077,0.0078065,0.0055002,0.0077774,0.027983,0.0077611,0.0054586,0.0076789,0.027622,0.0076826,0.005457,0.0076622,0.027441,0.0081733,0.0063723,0.010708,0.036856
0.019606,0.01223,0.010667,0.011933,0.018432,0.01184,0.010529,0.011835,0.018402,0.011832,0.010524,0.011832,0.018401,0.011832,0.010524,0.011832,0.018401,0.011831,0.010523,0.011831,0.018402,0.011839,0.01054,0.01186,0.018429,0.011805,0.010419,0.011612,0.018034,0.011345,0.009831,0.01077,0.016887,0.010537,0.0093185,0.010433,0.016639,0.010389,0.0092311,0.010387,0.016627,0.010382,0.0092233,0.010374,0.016609,0.010369,0.0092141,0.010363,0.016596,0.010359,0.0092073,0.010355,0.016586,0.010352,0.0092015,0.010347,0.016576,0.010344,0.0091958,0.01034,0.016567,0.010337,0.0091908,0.010334,0.01656,0.010332,0.0091873,0.01033,0.016557,0.010337,0.0092036,0.010359,0.0166,0.01025,0.0089385,0.0098985,0.015663,0.0091534,0.0069893,0.007006,0.0091913,0.0061296,0.0057348,0.0057572,0.0078337,0.0056195,0.005528,0.0055984,0.0077559,0.0055717,0.0054825,0.0055528,0.0076667,0.0055631,0.0055018,0.0056038,0.0078796,0.0063476,0.0062466,0.0080071,0.015102
0.011969,0.010299,0.0098984,0.010095,0.011134,0.0099127,0.0097307,0.0099086,0.011075,0.0099006,0.0097188,0.0099003,0.011072,0.0099,0.0097183,0.0099,0.011072,0.0099,0.0097184,0.0099001,0.011074,0.0099039,0.0097216,0.0099055,0.011071,0.0098671,0.0096778,0.0098311,0.01093,0.0096775,0.0094617,0.0095454,0.010573,0.0093865,0.0093069,0.0093625,0.010467,0.0093291,0.0092638,0.0093269,0.010454,0.0093234,0.0092579,0.0093216,0.010448,0.0093175,0.0092513,0.0093161,0.010443,0.009313,0.0092464,0.009312,0.010439,0.0093093,0.0092422,0.0093083,0.010435,0.0093057,0.009238,0.0093048,0.010432,0.0093025,0.0092344,0.0093017,0.010429,0.0093003,0.0092323,0.0093006,0.010432,0.0093131,0.009254,0.0093286,0.010444,0.0091601,0.0088283,0.0087912,0.0093895,0.0079199,0.006836,0.0066026,0.0063769,0.005863,0.0056481,0.0056922,0.0057157,0.0055872,0.0054478,0.0055521,0.0056268,0.0055264,0.0053978,0.0055083,0.0055956,0.0055217,0.0054335,0.005616,0.005978,0.006251,0.0062932,0.0077482,0.011043
0.01846,0.011312,0.0099974,0.010885,0.016845,0.010758,0.0097575,0.010749,0.0168,0.010744,0.0097491,0.010744,0.016799,0.010744,0.0097487,0.010744,0.016799,0.010744,0.0097488,0.010744,0.016799,0.010745,0.009752,0.010745,0.016795,0.010727,0.009714,0.010705,0.016736,0.010627,0.0095434,0.010565,0.016605,0.010491,0.0093903,0.010474,0.016557,0.010459,0.0093573,0.010457,0.016549,0.010455,0.0093536,0.010454,0.016547,0.010452,0.0093494,0.010451,0.016545,0.01045,0.0093463,0.010449,0.016543,0.010448,0.0093435,0.010447,0.016542,0.010446,0.0093409,0.010446,0.01654,0.010445,0.0093386,0.010444,0.016539,0.010444,0.0093374,0.010444,0.016543,0.010458,0.009369,0.010528,0.016713,0.010344,0.0089211,0.0093635,0.01403,0.0085495,0.0068413,0.0067307,0.0082613,0.0059134,0.005737,0.0057929,0.0078315,0.0056915,0.0055717,0.0056607,0.007684,0.0056296,0.005518,0.0056129,0.0076052,0.005625,0.0055422,0.0056717,0.0078393,0.0064154,0.0063365,0.0080792,0.01483
0.060189,0.017487,0.010861,0.016761,0.057448,0.016652,0.01058,0.016644,0.057433,0.016641,0.010574,0.016641,0.057433,0.016641,0.010573,0.016641,0.057433,0.016641,0.010573,0.016641,0.057433,0.016641,0.010574,0.016641,0.057431,0.016634,0.010561,0.016627,0.057419,0.016598,0.010505,0.01658,0.057394,0.016553,0.010454,0.016547,0.057384,0.016541,0.010443,0.01654,0.057382,0.016539,0.010442,0.016539,0.057381,0.016538,0.01044,0.016538,0.05738,0.016538,0.010439,0.016537,0.05738,0.016537,0.010438,0.016537,0.05738,0.016536,0.010438,0.016536,0.057379,0.016536,0.010437,0.016536,0.057379,0.016536,0.010437,0.016536,0.057382,0.016554,0.010496,0.016755,0.058247,0.016519,0.0097746,0.014218,0.048848,0.013373,0.0072252,0.0085761,0.028257,0.0079357,0.0057604,0.0078399,0.027957,0.007786,0.0056453,0.0076831,0.027503,0.0076594,0.0055898,0.0075907,0.027193,0.007597,0.0055975,0.007589,0.027062,0.0081318,0.0066046,0.010645,0.036568
0.018303,0.011075,0.009618,0.010613,0.0166,0.010471,0.0093378,0.010459,0.016548,0.010454,0.009328,0.010454,0.016546,0.010454,0.0093276,0.010454,0.016546,0.010454,0.0093276,0.010454,0.016546,0.010454,0.0093278,0.010454,0.016545,0.010451,0.0093241,0.010449,0.016539,0.010438,0.0093099,0.010433,0.016527,0.010424,0.0092969,0.010422,0.016521,0.01042,0.0092937,0.010419,0.016519,0.010419,0.0092932,0.010419,0.016519,0.010419,0.0092929,0.010419,0.016519,0.010418,0.0092926,0.010418,0.016519,0.010418,0.0092924,0.010418,0.016519,0.010418,0.0092921,0.010418,0.016518,0.010418,0.009292,0.010418,0.016518,0.010418,0.0092927,0.01042,0.016524,0.010436,0.0093301,0.010503,0.016671,0.010227,0.0086384,0.0091033,0.013711,0.0082433,0.0065143,0.0064287,0.0080812,0.0057472,0.0056249,0.0056889,0.0077864,0.0056356,0.0055274,0.0056064,0.0076533,0.0055742,0.0054729,0.005558,0.0075746,0.0055694,0.0054961,0.0056143,0.007793,0.0063236,0.0062863,0.0079738,0.014733
0.011517,0.0098364,0.0094738,0.0095308,0.010468,0.0093111,0.0092453,0.0093032,0.010394,0.009294,0.0092313,0.0092935,0.010391,0.0092932,0.0092308,0.0092932,0.010391,0.0092932,0.0092308,0.0092932,0.010391,0.0092933,0.0092308,0.0092931,0.010391,0.0092914,0.0092281,0.0092908,0.010387,0.0092844,0.0092186,0.0092836,0.010381,0.0092776,0.0092096,0.0092771,0.010378,0.0092756,0.0092072,0.0092754,0.010377,0.0092753,0.0092069,0.0092752,0.010377,0.0092751,0.0092067,0.009275,0.010377,0.0092749,0.0092065,0.0092749,0.010377,0.0092748,0.0092063,0.0092748,0.010377,0.0092747,0.0092062,0.0092746,0.010377,0.0092746,0.0092061,0.0092746,0.010377,0.0092752,0.0092072,0.0092765,0.010384,0.0092957,0.0092403,0.0093167,0.010376,0.0089656,0.0083281,0.0082173,0.0083614,0.0071727,0.0063637,0.0061934,0.0059658,0.0056676,0.005482,0.0055754,0.0056506,0.0055336,0.0053932,0.0055012,0.005583,0.0054732,0.0053405,0.0054563,0.005553,0.0054697,0.0053768,0.0055652,0.0059082,0.0061786,0.0062615,0.0077033,0.010818
0.018111,0.010974,0.0095639,0.010506,0.016391,0.010362,0.0092818,0.01035,0.016338,0.010345,0.0092717,0.010344,0.016336,0.010344,0.0092713,0.010344,0.016336,0.010344,0.0092713,0.010344,0.016336,0.010344,0.0092713,0.010344,0.016336,0.010343,0.0092696,0.010343,0.016334,0.01034,0.0092636,0.010339,0.016331,0.010336,0.0092579,0.010336,0.01633,0.010335,0.0092564,0.010335,0.016329,0.010335,0.0092562,0.010335,0.016329,0.010335,0.0092561,0.010335,0.016329,0.010335,0.009256,0.010335,0.016329,0.010335,0.0092559,0.010335,0.016329,0.010335,0.0092558,0.010335,0.016329,0.010335,0.0092557,0.010335,0.016329,0.010335,0.0092567,0.010336,0.016335,0.010352,0.0092948,0.010426,0.016493,0.010047,0.0083206,0.00846,0.011925,0.0075273,0.0063398,0.0062716,0.0078831,0.0057033,0.0055769,0.0056617,0.0077578,0.005625,0.0055115,0.0055965,0.0076295,0.0055647,0.005458,0.0055492,0.0075554,0.0055604,0.0054813,0.0056059,0.0077712,0.0063084,0.0062591,0.0079406,0.014653
0.059411,0.017187,0.010623,0.016441,0.05662,0.016324,0.010326,0.016315,0.056602,0.016312,0.010318,0.016311,0.056601,0.016311,0.010318,0.016311,0.056601,0.016311,0.010318,0.016311,0.056601,0.016311,0.010318,0.016311,0.056601,0.016311,0.010318,0.01631,0.0566,0.01631,0.010316,0.016309,0.0566,0.016308,0.010314,0.016308,0.056599,0.016308,0.010313,0.016308,0.056599,0.016308,0.010313,0.016308,0.056599,0.016308,0.010313,0.016308,0.056599,0.016308,0.010313,0.016308,0.056599,0.016308,0.010313,0.016308,0.056599,0.016308,0.010313,0.016308,0.056599,0.016308,0.010313,0.016308,0.056599,0.016308,0.010315,0.016309,0.056601,0.016324,0.01037,0.01655,0.057614,0.016111,0.0090454,0.012191,0.041278,0.011328,0.0065953,0.0081136,0.027461,0.007693,0.0056464,0.007759,0.027851,0.0077383,0.0056039,0.0076376,0.027403,0.0076145,0.0055502,0.0075506,0.027115,0.0075566,0.0055577,0.0075467,0.026975,0.0080715,0.0065355,0.010559,0.036395
0.018071,0.010927,0.0094952,0.010457,0.016343,0.010311,0.009209,0.010299,0.016289,0.010294,0.0091988,0.010293,0.016287,0.010293,0.0091984,0.010293,0.016287,0.010293,0.0091984,0.010293,0.016287,0.010293,0.0091984,0.010293,0.016287,0.010293,0.0091982,0.010293,0.016287,0.010292,0.0091978,0.010292,0.016286,0.010292,0.0091973,0.010292,0.016286,0.010292,0.0091971,0.010292,0.016286,0.010292,0.0091971,0.010292,0.016286,0.010292,0.0091971,0.010292,0.016286,0.010292,0.0091971,0.010292,0.016286,0.010292,0.0091971,0.010292,0.016286,0.010292,0.0091971,0.010292,0.016286,0.010292,0.0091973,0.010292,0.016287,0.010293,0.0091999,0.010294,0.016289,0.010294,0.0092012,0.010341,0.016372,0.0098502,0.007927,0.0081734,0.011608,0.0072387,0.0061309,0.0060755,0.0077988,0.0056544,0.0055454,0.0056356,0.0077437,0.0056109,0.0055001,0.0055848,0.0076215,0.0055543,0.0054489,0.0055393,0.0075482,0.0055503,0.005472,0.0055949,0.0077606,0.00629,0.0062449,0.0079225,0.014626
0.01139,0.0097286,0.0093607,0.0094201,0.010328,0.0091962,0.0091218,0.0091878,0.010252,0.0091785,0.0091075,0.009178,0.010249,0.0091777,0.009107,0.0091777,0.010249,0.0091777,0.0091069,0.0091777,0.010249,0.0091778,0.0091069,0.0091777,0.010249,0.0091777,0.0091068,0.0091776,0.010249,0.0091775,0.0091066,0.0091774,0.010249,0.0091773,0.0091063,0.0091772,0.010249,0.0091772,0.0091062,0.0091771,0.010249,0.0091772,0.0091062,0.0091771,0.010249,0.0091772,0.0091061,0.0091771,0.010249,0.0091771,0.0091061,0.0091771,0.010249,0.0091771,0.0091061,0.0091771,0.010249,0.0091771,0.0091061,0.0091771,0.010249,0.0091772,0.0091063,0.0091774,0.01025,0.00918,0.0091107,0.0091826,0.010255,0.0091659,0.0090811,0.0091328,0.010054,0.0085582,0.0076253,0.0074266,0.0073501,0.0064251,0.0060138,0.0059176,0.0057988,0.0055871,0.0054244,0.0055339,0.0056211,0.0055095,0.0053711,0.0054817,0.0055657,0.0054557,0.0053226,0.0054398,0.0055375,0.0054529,0.0053586,0.0055478,0.0058851,0.0061499,0.006232,0.0076623,0.01074
0.017886,0.010843,0.0094558,0.01037,0.016152,0.010224,0.0091683,0.010212,0.016098,0.010207,0.009158,0.010206,0.016096,0.010206,0.0091576,0.010206,0.016096,0.010206,0.0091575,0.010206,0.016096,0.010206,0.0091576,0.010206,0.016096,0.010206,0.0091575,0.010206,0.016095,0.010206,0.0091574,0.010206,0.016095,0.010206,0.0091573,0.010206,0.016095,0.010206,0.0091572,0.010206,0.016095,0.010206,0.0091572,0.010206,0.016095,0.010206,0.0091571,0.010206,0.016095,0.010206,0.0091572,0.010206,0.016095,0.010206,0.0091572,0.010206,0.016095,0.010206,0.0091571,0.010206,0.016095,0.010206,0.0091573,0.010206,0.016097,0.010209,0.0091639,0.010223,0.016132,0.010201,0.0091184,0.010081,0.015745,0.0094935,0.0075902,0.007563,0.0098383,0.0066108,0.0059972,0.005987,0.0078378,0.0056605,0.0055421,0.0056299,0.0077134,0.005603,0.0054919,0.0055785,0.0076036,0.0055492,0.0054429,0.0055342,0.0075315,0.0055453,0.005466,0.0055899,0.0077436,0.0062822,0.0062345,0.0078972,0.014549
0.058645,0.016957,0.010493,0.016206,0.055836,0.016087,0.010192,0.016078,0.055817,0.016074,0.010185,0.016074,0.055816,0.016074,0.010185,0.016074,0.055816,0.016074,0.010185,0.016074,0.055816,0.016074,0.010185,0.016074,0.055816,0.016074,0.010185,0.016074,0.055816,0.016074,0.010185,0.016074,0.055816,0.016074,0.010185,0.016074,0.055816,0.016074,0.010185,0.016074,0.055816,0.016074,0.010185,0.016074,0.055816,0.016074,0.010185,0.016074,0.055816,0.016074,0.010185,0.016074,0.055816,0.016074,0.010185,0.016074,0.055816,0.016074,0.010185,0.016074,0.055816,0.016074,0.010185,0.016074,0.055817,0.016079,0.010198,0.016117,0.055979,0.016078,0.010099,0.015837,0.055095,0.015197,0.0081699,0.010137,0.033667,0.0093414,0.006096,0.0079422,0.027742,0.0077364,0.0056322,0.0077195,0.027713,0.0076992,0.0055863,0.0076118,0.027324,0.0075905,0.0055369,0.0075278,0.02704,0.0075337,0.0055443,0.0075236,0.026901,0.0080422,0.0065108,0.010502,0.036222
0.017849,0.010803,0.0094,0.010329,0.016109,0.010182,0.0091105,0.010169,0.016055,0.010164,0.0091001,0.010163,0.016053,0.010163,0.0090998,0.010163,0.016053,0.010163,0.0090997,0.010163,0.016053,0.010163,0.0090997,0.010163,0.016053,0.010163,0.0090997,0.010163,0.016053,0.010163,0.0090997,0.010163,0.016053,0.010163,0.0090997,0.010163,0.016052,0.010163,0.0090997,0.010163,0.016052,0.010163,0.0090997,0.010163,0.016053,0.010163,0.0090997,0.010163,0.016053,0.010163,0.0090997,0.010163,0.016052,0.010163,0.0090997,0.010163,0.016052,0.010163,0.0090997,0.010163,0.016053,0.010163,0.0091002,0.010164,0.016055,0.01017,0.0091138,0.010184,0.016081,0.010111,0.0089415,0.0099101,0.015521,0.0092267,0.0071784,0.0072241,0.0095471,0.0063328,0.0058443,0.0058491,0.0077908,0.0056465,0.0055346,0.0056227,0.0077069,0.0055937,0.0054842,0.0055704,0.0075978,0.0055421,0.0054368,0.0055273,0.0075262,0.0055382,0.0054597,0.0055825,0.007736,0.0062696,0.006225,0.0078821,0.014523
0.011272,0.0096336,0.0092665,0.0093247,0.0102,0.0090986,0.0090219,0.00909,0.010124,0.0090807,0.0090074,0.0090801,0.010121,0.0090799,0.0090069,0.0090798,0.010121,0.0090799,0.0090069,0.0090798,0.010121,0.0090799,0.0090069,0.0090798,0.010121,0.0090799,0.0090069,0.0090798,0.010121,0.0090799,0.0090069,0.0090798,0.010121,0.0090799,0.0090068,0.0090798,0.010121,0.0090799,0.0090068,0.0090798,0.010121,0.0090799,0.0090068,0.0090798,0.010121,0.0090799,0.0090068,0.0090798,0.010121,0.0090798,0.0090068,0.0090798,0.010121,0.0090798,0.0090068,0.0090798,0.010121,0.0090798,0.0090069,0.0090799,0.010121,0.0090802,0.0090075,0.009081,0.010125,0.0090913,0.0090251,0.009102,0.010132,0.0089702,0.0087639,0.0087399,0.0093753,0.007952,0.0069381,0.0067156,0.0065119,0.0059467,0.0056923,0.0057138,0.0057167,0.0055627,0.0054125,0.0055216,0.005606,0.0054937,0.0053564,0.0054681,0.0055531,0.0054438,0.0053111,0.0054282,0.0055258,0.0054412,0.005347,0.0055361,0.0058682,0.0061305,0.0062132,0.0076273,0.010664
0.017666,0.01072,0.0093616,0.010244,0.01592,0.010097,0.0090709,0.010084,0.015865,0.010079,0.0090605,0.010078,0.015863,0.010078,0.0090601,0.010078,0.015863,0.010078,0.00906,0.010078,0.015863,0.010078,0.0090601,0.010078,0.015863,0.010078,0.0090601,0.010078,0.015863,0.010078,0.0090601,0.010078,0.015863,0.010078,0.0090601,0.010078,0.015863,0.010078,0.0090601,0.010078,0.015863,0.010078,0.00906,0.010078,0.015863,0.010078,0.00906,0.010078,0.015863,0.010078,0.0090601,0.010078,0.015863,0.010078,0.0090601,0.010078,0.015863,0.010078,0.0090601,0.010078,0.015863,0.010078,0.0090607,0.010079,0.015867,0.01009,0.0090857,0.010144,0.015999,0.010013,0.0087807,0.0093259,0.014089,0.0085928,0.0069109,0.0068035,0.0084448,0.0059795,0.0057532,0.0057931,0.0078362,0.0056536,0.0055358,0.0056202,0.0076811,0.0055871,0.0054774,0.0055651,0.0075819,0.0055376,0.0054315,0.0055227,0.0075096,0.0055336,0.0054543,0.0055779,0.0077195,0.0062624,0.0062156,0.0078576,0.014448
0.057888,0.016732,0.010369,0.015975,0.05506,0.015855,0.010065,0.015846,0.055041,0.015843,0.010057,0.015842,0.05504,0.015842,0.010057,0.015842,0.05504,0.015842,0.010057,0.015842,0.05504,0.015842,0.010057,0.015842,0.05504,0.015842,0.010057,0.015842,0.05504,0.015842,0.010057,0.015842,0.05504,0.015842,0.010057,0.015842,0.05504,0.015842,0.010057,0.015842,0.05504,0.015842,0.010057,0.015842,0.05504,0.015842,0.010057,0.015842,0.05504,0.015842,0.010057,0.015842,0.05504,0.015842,0.010057,0.015842,0.05504,0.015842,0.010057,0.015842,0.05504,0.015843,0.010058,0.015843,0.055043,0.015857,0.010103,0.016011,0.055707,0.015838,0.0095872,0.014225,0.04915,0.013461,0.007284,0.008744,0.028929,0.0081006,0.0057931,0.0078641,0.028017,0.0077891,0.0056309,0.0076914,0.027592,0.007666,0.0055719,0.0075897,0.027254,0.0075697,0.0055256,0.0075062,0.026966,0.0075119,0.0055328,0.0075019,0.026828,0.0080153,0.0064891,0.010448,0.036053
0.017631,0.010681,0.0093073,0.010203,0.015878,0.010055,0.0090142,0.010042,0.015823,0.010037,0.0090038,0.010036,0.015821,0.010036,0.0090034,0.010036,0.015821,0.010036,0.0090034,0.010036,0.015821,0.010036,0.0090034,0.010036,0.015821,0.010036,0.0090034,0.010036,0.015821,0.010036,0.0090034,0.010036,0.015821,0.010036,0.0090034,0.010036,0.015821,0.010036,0.0090034,0.010036,0.015821,0.010036,0.0090034,0.010036,0.015821,0.010036,0.0090034,0.010036,0.015821,0.010036,0.0090034,0.010036,0.015821,0.010036,0.0090034,0.010036,0.015821,0.010036,0.0090034,0.010036,0.015821,0.010036,0.0090042,0.010038,0.015826,0.010051,0.0090341,0.010102,0.015937,0.0098829,0.0084931,0.0090594,0.013762,0.0082758,0.0065576,0.0064951,0.0082486,0.0058013,0.0056614,0.0057165,0.0078089,0.0056433,0.0055293,0.0056132,0.0076751,0.0055788,0.0054704,0.0055576,0.0075766,0.0055309,0.0054257,0.0055161,0.0075046,0.0055269,0.0054484,0.0055709,0.0077124,0.0062504,0.0062063,0.0078419,0.014421
0.011167,0.009543,0.0091749,0.0092312,0.010075,0.0090029,0.008924,0.008994,0.0099973,0.0089847,0.0089094,0.0089841,0.0099943,0.0089839,0.0089089,0.0089838,0.0099942,0.0089839,0.0089088,0.0089838,0.0099942,0.0089839,0.0089088,0.0089838,0.0099942,0.0089839,0.0089088,0.0089838,0.0099942,0.0089839,0.0089089,0.0089838,0.0099942,0.0089839,0.0089088,0.0089837,0.0099942,0.0089838,0.0089088,0.0089837,0.0099942,0.0089838,0.0089088,0.0089838,0.0099942,0.0089838,0.0089088,0.0089838,0.0099942,0.0089838,0.0089088,0.0089838,0.0099941,0.0089838,0.0089088,0.0089838,0.0099942,0.0089838,0.0089089,0.0089839,0.0099944,0.0089845,0.0089099,0.0089855,0.01,0.0090016,0.0089375,0.0090185,0.0099917,0.0087165,0.008212,0.0081214,0.0083244,0.0071607,0.0063923,0.0062248,0.0060179,0.0057065,0.0055141,0.0055999,0.0056678,0.0055449,0.0054013,0.0055099,0.0055922,0.0054796,0.0053432,0.0054557,0.0055414,0.0054326,0.0053002,0.0054171,0.0055145,0.0054301,0.005336,0.0055252,0.0058523,0.0061121,0.0061949,0.0075905,0.010579
0.017451,0.0106,0.0092695,0.01012,0.015693,0.0099713,0.0089753,0.0099581,0.015637,0.009953,0.0089648,0.0099524,0.015635,0.0099522,0.0089644,0.0099522,0.015635,0.0099522,0.0089644,0.0099522,0.015635,0.0099523,0.0089644,0.0099521,0.015635,0.0099523,0.0089644,0.0099521,0.015635,0.0099523,0.0089645,0.0099522,0.015635,0.0099523,0.0089644,0.0099522,0.015635,0.0099523,0.0089644,0.0099522,0.015635,0.0099523,0.0089644,0.0099521,0.015635,0.0099523,0.0089644,0.0099521,0.015635,0.0099523,0.0089644,0.0099522,0.015635,0.0099522,0.0089644,0.0099522,0.015635,0.0099523,0.0089644,0.0099523,0.015635,0.0099528,0.0089654,0.0099539,0.01564,0.0099675,0.0089983,0.010034,0.015784,0.0097126,0.0081868,0.0083268,0.0118,0.0074982,0.0063593,0.0062973,0.0079506,0.0057398,0.0056065,0.0056862,0.0077903,0.0056377,0.0055228,0.0056072,0.0076519,0.0055728,0.0054641,0.0055525,0.0075606,0.0055263,0.0054204,0.0055115,0.007488,0.0055223,0.0054433,0.0055667,0.0076978,0.0062436,0.0061974,0.0078179,0.014347
0.057143,0.01651,0.010246,0.015749,0.054297,0.015628,0.0099395,0.015618,0.054278,0.015615,0.009932,0.015615,0.054277,0.015614,0.0099316,0.015614,0.054277,0.015614,0.0099316,0.015614,0.054277,0.015614,0.0099316,0.015614,0.054277,0.015614,0.0099317,0.015614,0.054277,0.015614,0.0099317,0.015614,0.054277,0.015614,0.0099318,0.015614,0.054277,0.015614,0.0099317,0.015614,0.054277,0.015614,0.0099317,0.015614,0.054277,0.015614,0.0099317,0.015614,0.054277,0.015614,0.0099318,0.015614,0.054277,0.015614,0.0099318,0.015614,0.054277,0.015614,0.0099318,0.015614,0.054277,0.015615,0.0099328,0.015616,0.054278,0.015628,0.0099823,0.015831,0.055183,0.015448,0.0088288,0.012008,0.040849,0.011226,0.0065946,0.0081633,0.027695,0.0077576,0.0056733,0.0077952,0.02796,0.0077682,0.0056172,0.007662,0.027487,0.0076368,0.0055587,0.0075679,0.027183,0.0075488,0.0055145,0.0074847,0.026892,0.0074905,0.0055219,0.0074827,0.026764,0.0079908,0.0064682,0.010395,0.035887
0.017418,0.010562,0.009216,0.01008,0.015651,0.0099301,0.0089194,0.0099168,0.015596,0.0099117,0.0089089,0.0099111,0.015594,0.009911,0.0089085,0.009911,0.015594,0.009911,0.0089085,0.0099109,0.015594,0.009911,0.0089085,0.0099109,0.015594,0.009911,0.0089085,0.0099109,0.015594,0.009911,0.0089085,0.0099109,0.015594,0.009911,0.0089085,0.0099109,0.015594,0.0099109,0.0089085,0.0099109,0.015594,0.0099109,0.0089085,0.0099109,0.015594,0.009911,0.0089085,0.0099109,0.015594,0.009911,0.0089085,0.0099109,0.015594,0.0099109,0.0089085,0.0099109,0.015594,0.009911,0.0089086,0.0099111,0.015594,0.0099123,0.008911,0.0099131,0.015596,0.0099131,0.0089116,0.0099544,0.015669,0.0095176,0.0077874,0.0080344,0.011466,0.0071871,0.0061295,0.0060827,0.0078547,0.0056797,0.0055687,0.0056564,0.0077761,0.0056261,0.005514,0.0055982,0.0076456,0.0055651,0.0054577,0.0055454,0.0075555,0.0055198,0.0054147,0.0055049,0.0074832,0.005516,0.0054378,0.0055602,0.0076913,0.0062323,0.0061885,0.0078026,0.014321
0.011063,0.0094537,0.0090846,0.0091391,0.0099507,0.0089085,0.0088274,0.0088994,0.0098727,0.00889,0.0088127,0.0088894,0.0098696,0.0088892,0.0088122,0.0088892,0.0098696,0.0088892,0.0088121,0.0088891,0.0098696,0.0088892,0.0088122,0.0088891,0.0098695,0.0088892,0.0088122,0.0088891,0.0098695,0.0088892,0.0088122,0.0088891,0.0098695,0.0088892,0.0088122,0.0088891,0.0098694,0.0088891,0.0088121,0.0088891,0.0098695,0.0088891,0.0088121,0.0088891,0.0098695,0.0088892,0.0088121,0.0088891,0.0098695,0.0088891,0.0088122,0.0088891,0.0098695,0.0088891,0.0088122,0.0088891,0.0098695,0.0088893,0.0088123,0.0088894,0.0098705,0.0088918,0.0088163,0.0088941,0.0098749,0.0088789,0.0087892,0.008848,0.0096909,0.008319,0.0074991,0.0073145,0.0072614,0.0063942,0.0060053,0.0059232,0.0058162,0.0056083,0.0054451,0.0055531,0.0056384,0.0055249,0.0053851,0.0054949,0.005578,0.0054664,0.005331,0.0054438,0.00553,0.0054216,0.0052893,0.0054061,0.0055034,0.0054193,0.0053257,0.005515,0.0058377,0.0060948,0.0061776,0.0075546,0.010496
0.017239,0.010482,0.0091787,0.0099972,0.015468,0.0098473,0.0088809,0.0098339,0.015411,0.0098287,0.0088703,0.0098282,0.015409,0.0098279,0.0088699,0.009828,0.015409,0.009828,0.0088699,0.0098279,0.015409,0.009828,0.0088699,0.0098278,0.015409,0.009828,0.0088699,0.0098278,0.015409,0.009828,0.0088699,0.0098279,0.015409,0.009828,0.0088699,0.0098279,0.015409,0.009828,0.0088699,0.0098279,0.015409,0.009828,0.0088699,0.0098279,0.015409,0.009828,0.0088699,0.0098278,0.015409,0.009828,0.0088699,0.0098279,0.015409,0.0098279,0.00887,0.009828,0.015409,0.009828,0.0088701,0.0098284,0.015411,0.009831,0.008876,0.0098434,0.015442,0.009824,0.0088347,0.009715,0.015092,0.0091824,0.0074583,0.007441,0.0097239,0.0065686,0.0059951,0.0059919,0.0078778,0.0056818,0.0055622,0.0056489,0.0077448,0.0056182,0.0055061,0.0055921,0.0076272,0.00556,0.005452,0.0055407,0.0075391,0.0055152,0.0054094,0.0055003,0.0074666,0.0055116,0.005433,0.0055564,0.0076785,0.006226,0.0061801,0.0077788,0.014247
0.056406,0.016291,0.010125,0.015525,0.053543,0.015402,0.0098155,0.015393,0.053523,0.015389,0.0098079,0.015389,0.053522,0.015389,0.0098076,0.015389,0.053522,0.015389,0.0098076,0.015389,0.053522,0.015389,0.0098076,0.015389,0.053522,0.015389,0.0098077,0.015389,0.053522,0.015389,0.0098077,0.015389,0.053522,0.015389,0.0098077,0.015389,0.053522,0.015389,0.0098077,0.015389,0.053522,0.015389,0.0098077,0.015389,0.053522,0.015389,0.0098077,0.015389,0.053522,0.015389,0.0098078,0.015389,0.053522,0.015389,0.0098078,0.015389,0.053522,0.015389,0.0098079,0.015389,0.053523,0.015394,0.0098197,0.015428,0.053669,0.015392,0.0097305,0.015175,0.052873,0.014594,0.0079811,0.0099859,0.033349,0.0092608,0.0060874,0.0079719,0.0279,0.0077797,0.0056518,0.0077519,0.027819,0.0077292,0.0056006,0.0076365,0.027406,0.0076133,0.0055467,0.0075463,0.02711,0.0075276,0.0055033,0.0074632,0.026818,0.0074694,0.0055118,0.0074657,0.02671,0.0079687,0.0064482,0.010343,0.035722
0.017206,0.010444,0.0091257,0.0099574,0.015427,0.0098065,0.0088256,0.009793,0.015371,0.0097879,0.0088149,0.0097873,0.015368,0.0097871,0.0088146,0.0097872,0.015368,0.0097871,0.0088146,0.0097871,0.015368,0.0097872,0.0088146,0.0097871,0.015368,0.0097872,0.0088146,0.0097871,0.015368,0.0097872,0.0088146,0.0097871,0.015368,0.0097871,0.0088146,0.0097871,0.015368,0.0097871,0.0088145,0.009787,0.015368,0.0097871,0.0088146,0.0097871,0.015368,0.0097871,0.0088146,0.0097871,0.015368,0.0097871,0.0088146,0.0097871,0.015368,0.0097871,0.0088146,0.0097871,0.015368,0.0097873,0.008815,0.0097879,0.015371,0.0097935,0.0088272,0.0098056,0.015393,0.0097373,0.008672,0.0095585,0.014887,0.0089341,0.0070693,0.0071164,0.0094463,0.0062995,0.0058465,0.0058571,0.0078307,0.0056656,0.0055528,0.00564,0.0077377,0.0056085,0.0054981,0.0055837,0.0076215,0.005553,0.005446,0.0055339,0.0075342,0.0055087,0.0054037,0.0054939,0.007462,0.0055055,0.0054277,0.0055504,0.0076724,0.0062153,0.0061717,0.0077638,0.014221
0.010959,0.0093652,0.0089953,0.0090479,0.0098281,0.008815,0.0087318,0.0088058,0.0097493,0.0087963,0.008717,0.0087958,0.0097463,0.0087955,0.0087165,0.0087955,0.0097462,0.0087955,0.0087165,0.0087955,0.0097462,0.0087955,0.0087165,0.0087955,0.0097462,0.0087955,0.0087165,0.0087955,0.0097462,0.0087955,0.0087165,0.0087954,0.0097461,0.0087955,0.0087165,0.0087954,0.0097461,0.0087954,0.0087165,0.0087954,0.0097461,0.0087955,0.0087165,0.0087954,0.0097462,0.0087955,0.0087165,0.0087954,0.0097462,0.0087954,0.0087165,0.0087954,0.0097461,0.0087954,0.0087165,0.0087955,0.0097463,0.0087958,0.0087171,0.0087964,0.0097497,0.0088058,0.0087328,0.0088146,0.0097536,0.0086855,0.0085085,0.0084897,0.009068,0.0077568,0.0068514,0.0066493,0.0064672,0.0059431,0.0056955,0.0057233,0.0057318,0.0055798,0.0054293,0.005538,0.0056217,0.0055083,0.0053699,0.005481,0.0055653,0.0054545,0.0053196,0.0054326,0.0055188,0.0054106,0.0052786,0.0053952,0.0054927,0.005409,0.0053159,0.0055056,0.0058242,0.0060786,0.0061611,0.0075192,0.010413
0.017029,0.010365,0.0090887,0.0098758,0.015245,0.0097245,0.0087874,0.0097109,0.015188,0.0097057,0.0087768,0.0097052,0.015186,0.0097049,0.0087764,0.009705,0.015186,0.009705,0.0087763,0.0097049,0.015186,0.009705,0.0087764,0.0097048,0.015186,0.009705,0.0087764,0.0097048,0.015186,0.0097049,0.0087764,0.0097049,0.015186,0.009705,0.0087764,0.0097049,0.015186,0.009705,0.0087764,0.0097049,0.015186,0.009705,0.0087764,0.0097048,0.015186,0.009705,0.0087764,0.0097048,0.015186,0.009705,0.0087764,0.0097049,0.015186,0.009705,0.0087765,0.009705,0.015186,0.0097052,0.0087769,0.0097061,0.01519,0.0097158,0.0087994,0.0097639,0.015307,0.0096438,0.0085259,0.0090252,0.013579,0.0083555,0.0068266,0.0067363,0.0084515,0.0059806,0.0057618,0.0058043,0.007868,0.0056706,0.0055523,0.0056364,0.0077096,0.0056014,0.0054909,0.0055781,0.0076049,0.0055483,0.0054406,0.0055293,0.0075178,0.005504,0.0053984,0.0054893,0.0074457,0.0055013,0.0054232,0.0055468,0.0076612,0.0062093,0.0061637,0.0077402,0.014148
0.055676,0.016075,0.010005,0.015303,0.052796,0.015179,0.0096928,0.01517,0.052775,0.015166,0.0096851,0.015166,0.052774,0.015166,0.0096848,0.015166,0.052774,0.015166,0.0096848,0.015166,0.052774,0.015166,0.0096848,0.015166,0.052774,0.015166,0.0096849,0.015166,0.052774,0.015166,0.0096849,0.015166,0.052774,0.015166,0.0096849,0.015166,0.052774,0.015166,0.0096849,0.015166,0.052774,0.015166,0.0096849,0.015166,0.052774,0.015166,0.0096849,0.015166,0.052774,0.015166,0.009685,0.015166,0.052774,0.015166,0.009685,0.015166,0.052774,0.015166,0.0096854,0.015167,0.052776,0.015179,0.0097264,0.015318,0.053376,0.015161,0.0092606,0.013703,0.047448,0.013008,0.0071712,0.0087219,0.029074,0.0081356,0.0058069,0.0078957,0.028134,0.0078224,0.0056473,0.0077203,0.027689,0.0076938,0.0055854,0.0076134,0.027333,0.0075918,0.0055354,0.0075249,0.027037,0.0075063,0.0054923,0.0074421,0.026746,0.007449,0.0055022,0.0074505,0.026662,0.0079483,0.0064288,0.01029,0.035557
0.016996,0.010327,0.0090363,0.0098364,0.015205,0.0096842,0.0087328,0.0096705,0.015148,0.0096653,0.0087221,0.0096648,0.015146,0.0096646,0.0087217,0.0096646,0.015145,0.0096646,0.0087216,0.0096645,0.015145,0.0096646,0.0087217,0.0096645,0.015145,0.0096646,0.0087217,0.0096645,0.015145,0.0096646,0.0087217,0.0096645,0.015145,0.0096646,0.0087217,0.0096645,0.015145,0.0096646,0.0087216,0.0096645,0.015145,0.0096646,0.0087217,0.0096645,0.015145,0.0096646,0.0087217,0.0096645,0.015145,0.0096646,0.0087217,0.0096645,0.015145,0.0096645,0.0087217,0.0096646,0.015146,0.0096649,0.0087224,0.0096661,0.01515,0.0096777,0.008749,0.0097232,0.015248,0.0095225,0.0082625,0.0087817,0.013281,0.0080658,0.0065035,0.0064536,0.008272,0.0058169,0.0056772,0.0057333,0.0078423,0.0056599,0.0055452,0.0056287,0.0077033,0.0055927,0.0054837,0.0055704,0.0075996,0.0055416,0.0054349,0.0055227,0.0075129,0.0054976,0.0053929,0.005483,0.0074412,0.0054954,0.0054183,0.0055412,0.0076553,0.0061989,0.0061555,0.0077254,0.014122
0.010857,0.0092777,0.0089069,0.0089577,0.009707,0.0087227,0.0086373,0.0087132,0.0096274,0.0087036,0.0086225,0.0087031,0.0096244,0.0087029,0.0086219,0.0087028,0.0096243,0.0087029,0.0086219,0.0087028,0.0096243,0.0087029,0.0086219,0.0087028,0.0096242,0.0087029,0.0086219,0.0087028,0.0096242,0.0087028,0.0086219,0.0087028,0.0096242,0.0087028,0.0086219,0.0087028,0.0096242,0.0087028,0.0086219,0.0087028,0.0096242,0.0087028,0.0086219,0.0087028,0.0096242,0.0087028,0.0086219,0.0087028,0.0096242,0.0087028,0.0086219,0.0087028,0.0096242,0.0087028,0.0086219,0.0087029,0.0096244,0.0087035,0.008623,0.0087044,0.0096299,0.0087188,0.0086472,0.0087322,0.0096161,0.0084444,0.0080064,0.007925,0.0081082,0.0070333,0.0063533,0.0062009,0.0060163,0.0057213,0.0055306,0.0056171,0.0056849,0.0055612,0.0054168,0.005525,0.0056068,0.0054934,0.0053562,0.0054682,0.0055534,0.0054433,0.0053087,0.0054215,0.0055077,0.0053997,0.0052679,0.0053845,0.0054822,0.0053991,0.0053067,0.0054966,0.0058113,0.0060628,0.0061452,0.0074843,0.010331
0.016822,0.010249,0.0089998,0.009756,0.015025,0.0096033,0.0086951,0.0095896,0.014968,0.0095843,0.0086844,0.0095838,0.014966,0.0095835,0.008684,0.0095836,0.014965,0.0095835,0.0086839,0.0095835,0.014965,0.0095836,0.008684,0.0095834,0.014965,0.0095835,0.008684,0.0095834,0.014965,0.0095835,0.008684,0.0095835,0.014965,0.0095836,0.008684,0.0095835,0.014965,0.0095835,0.008684,0.0095835,0.014965,0.0095836,0.008684,0.0095834,0.014965,0.0095836,0.008684,0.0095834,0.014965,0.0095836,0.008684,0.0095835,0.014965,0.0095835,0.0086841,0.0095836,0.014966,0.009584,0.008685,0.0095854,0.014971,0.0095977,0.0087142,0.0096544,0.015092,0.0093619,0.0079826,0.0081142,0.011488,0.0073582,0.0063237,0.0062734,0.007992,0.0057591,0.0056253,0.0057044,0.0078225,0.0056539,0.0055383,0.0056224,0.0076792,0.0055865,0.0054772,0.0055652,0.0075835,0.0055371,0.0054296,0.0055181,0.0074963,0.005493,0.0053877,0.0054785,0.0074256,0.0054914,0.0054139,0.0055378,0.0076445,0.006193,0.0061476,0.0077022,0.01405
0.054955,0.015861,0.0098873,0.015084,0.052058,0.014959,0.0095717,0.01495,0.052037,0.014946,0.0095639,0.014946,0.052036,0.014945,0.0095636,0.014945,0.052036,0.014945,0.0095636,0.014945,0.052036,0.014945,0.0095636,0.014945,0.052036,0.014945,0.0095636,0.014945,0.052036,0.014945,0.0095637,0.014945,0.052036,0.014945,0.0095637,0.014945,0.052036,0.014945,0.0095637,0.014945,0.052036,0.014945,0.0095637,0.014945,0.052036,0.014946,0.0095637,0.014945,0.052036,0.014946,0.0095638,0.014945,0.052036,0.014946,0.0095638,0.014945,0.052036,0.014946,0.0095647,0.014947,0.052041,0.01496,0.0096107,0.015136,0.052827,0.014793,0.0085732,0.011684,0.039861,0.010972,0.0065433,0.0081866,0.027911,0.007813,0.005694,0.0078285,0.028069,0.0077996,0.0056326,0.0076896,0.02758,0.0076634,0.0055717,0.0075914,0.027262,0.0075708,0.0055242,0.0075034,0.026963,0.0074849,0.0054814,0.0074218,0.026677,0.0074294,0.005493,0.007436,0.026616,0.0079284,0.0064097,0.010239,0.035393
0.01679,0.010212,0.0089483,0.0097172,0.014985,0.0095635,0.0086411,0.0095496,0.014928,0.0095444,0.0086303,0.0095438,0.014925,0.0095436,0.0086299,0.0095436,0.014925,0.0095436,0.0086299,0.0095436,0.014925,0.0095436,0.0086299,0.0095436,0.014925,0.0095436,0.0086299,0.0095436,0.014925,0.0095436,0.0086299,0.0095436,0.014925,0.0095436,0.0086299,0.0095436,0.014925,0.0095436,0.0086299,0.0095436,0.014925,0.0095436,0.0086299,0.0095435,0.014925,0.0095436,0.0086299,0.0095435,0.014925,0.0095436,0.0086299,0.0095436,0.014925,0.0095436,0.0086299,0.0095437,0.014926,0.0095445,0.0086315,0.0095456,0.014929,0.0095499,0.0086416,0.00959,0.015,0.0092015,0.0076487,0.0078726,0.011209,0.0070948,0.0061231,0.0060842,0.0079054,0.005701,0.0055881,0.0056746,0.0078081,0.0056419,0.0055291,0.0056128,0.0076725,0.0055783,0.0054704,0.0055579,0.0075784,0.0055305,0.0054238,0.0055116,0.0074915,0.0054867,0.0053823,0.0054725,0.0074214,0.0054859,0.0054092,0.0055324,0.0076388,0.0061827,0.0061396,0.0076874,0.014024
0.010756,0.0091914,0.0088196,0.0088688,0.0095872,0.0086313,0.008544,0.0086217,0.0095069,0.0086121,0.008529,0.0086116,0.0095038,0.0086113,0.0085284,0.0086113,0.0095037,0.0086113,0.0085284,0.0086113,0.0095037,0.0086113,0.0085284,0.0086113,0.0095037,0.0086113,0.0085284,0.0086113,0.0095036,0.0086113,0.0085284,0.0086113,0.0095036,0.0086113,0.0085284,0.0086112,0.0095036,0.0086112,0.0085284,0.0086112,0.0095036,0.0086113,0.0085284,0.0086112,0.0095036,0.0086113,0.0085284,0.0086112,0.0095036,0.0086113,0.0085284,0.0086113,0.0095037,0.0086113,0.0085285,0.0086114,0.0095042,0.0086129,0.008531,0.0086144,0.0095081,0.0086103,0.008523,0.008595,0.0093797,0.0081204,0.0074097,0.0072598,0.0072158,0.0064035,0.0060095,0.0059317,0.0058309,0.0056256,0.0054622,0.00557,0.0056549,0.0055404,0.0053997,0.005509,0.0055917,0.0054794,0.0053434,0.005456,0.0055418,0.0054322,0.0052978,0.0054105,0.0054967,0.005389,0.0052577,0.0053745,0.0054724,0.0053899,0.0052979,0.0054881,0.0057987,0.0060473,0.0061296,0.0074496,0.01025
0.016622,0.010136,0.0089121,0.0096375,0.014807,0.0094833,0.0086038,0.0094694,0.014749,0.0094641,0.008593,0.0094636,0.014747,0.0094633,0.0085926,0.0094634,0.014747,0.0094633,0.0085925,0.0094633,0.014747,0.0094634,0.0085926,0.0094633,0.014747,0.0094633,0.0085926,0.0094632,0.014747,0.0094633,0.0085926,0.0094633,0.014747,0.0094634,0.0085926,0.0094633,0.014747,0.0094634,0.0085926,0.0094633,0.014747,0.0094634,0.0085926,0.0094632,0.014747,0.0094634,0.0085926,0.0094633,0.014747,0.0094634,0.0085926,0.0094633,0.014747,0.0094634,0.0085928,0.0094636,0.014748,0.0094652,0.0085961,0.0094717,0.014765,0.0094646,0.0085821,0.0094225,0.014603,0.0089587,0.0073893,0.0074001,0.0098529,0.0066021,0.0060096,0.006006,0.0079,0.0056971,0.0055779,0.0056652,0.0077757,0.0056336,0.0055206,0.0056061,0.0076517,0.0055728,0.0054644,0.005553,0.0075622,0.0055259,0.0054185,0.0055069,0.0074749,0.0054823,0.0053774,0.0054685,0.0074079,0.0054823,0.0054053,0.0055292,0.0076281,0.0061769,0.0061322,0.0076638,0.013948
0.054243,0.01565,0.0097706,0.014867,0.051329,0.014741,0.0094518,0.014732,0.051307,0.014728,0.009444,0.014728,0.051306,0.014727,0.0094436,0.014727,0.051306,0.014727,0.0094436,0.014727,0.051306,0.014727,0.0094436,0.014727,0.051306,0.014727,0.0094436,0.014727,0.051306,0.014727,0.0094437,0.014727,0.051306,0.014727,0.0094437,0.014727,0.051306,0.014727,0.0094437,0.014727,0.051306,0.014727,0.0094437,0.014727,0.051306,0.014727,0.0094438,0.014727,0.051306,0.014727,0.0094438,0.014727,0.051306,0.014727,0.0094439,0.014728,0.051307,0.01473,0.0094504,0.014747,0.051381,0.014731,0.0094148,0.014679,0.051255,0.014179,0.0079185,0.010102,0.034046,0.0094314,0.0061258,0.008003,0.027966,0.0078019,0.0056665,0.0077823,0.027925,0.0077594,0.005615,0.0076612,0.027488,0.007637,0.0055591,0.0075697,0.02719,0.0075498,0.005513,0.0074818,0.026889,0.0074639,0.0054713,0.0074039,0.026617,0.0074124,0.0054847,0.0074219,0.026571,0.0079091,0.0063913,0.010187,0.035231
0.016592,0.0101,0.0088616,0.0095994,0.014768,0.009444,0.0085504,0.0094299,0.01471,0.0094246,0.0085395,0.0094241,0.014708,0.0094238,0.0085391,0.0094239,0.014708,0.0094238,0.0085391,0.0094239,0.014708,0.0094239,0.0085391,0.0094238,0.014708,0.0094239,0.0085391,0.0094238,0.014708,0.0094238,0.0085391,0.0094238,0.014708,0.0094238,0.0085391,0.0094238,0.014708,0.0094238,0.008539,0.0094238,0.014708,0.0094239,0.0085391,0.0094238,0.014708,0.0094239,0.0085391,0.0094238,0.014708,0.0094239,0.0085391,0.0094238,0.014708,0.009424,0.0085394,0.0094243,0.014709,0.009428,0.0085472,0.0094344,0.01472,0.0093933,0.0084541,0.0093022,0.014446,0.0087625,0.0070718,0.007145,0.0096229,0.0063831,0.0058804,0.0058879,0.0078573,0.0056799,0.0055673,0.005655,0.007768,0.0056233,0.0055122,0.0055972,0.0076457,0.0055654,0.0054582,0.0055461,0.0075573,0.0055194,0.0054128,0.0055005,0.0074703,0.0054764,0.0053725,0.0054632,0.0074043,0.0054777,0.0054012,0.0055243,0.0076228,0.0061675,0.006125,0.0076508,0.013925
0.010661,0.0091077,0.0087337,0.0087812,0.0094688,0.008541,0.0084516,0.0085311,0.0093875,0.0085215,0.0084365,0.008521,0.0093845,0.0085207,0.0084359,0.0085207,0.0093844,0.0085207,0.0084359,0.0085207,0.0093844,0.0085207,0.0084359,0.0085207,0.0093843,0.0085207,0.0084359,0.0085207,0.0093843,0.0085207,0.0084359,0.0085207,0.0093843,0.0085206,0.0084359,0.0085206,0.0093843,0.0085206,0.0084359,0.0085206,0.0093843,0.0085206,0.0084359,0.0085206,0.0093843,0.0085206,0.0084359,0.0085206,0.0093843,0.0085206,0.0084359,0.0085207,0.0093844,0.0085209,0.0084363,0.0085213,0.0093868,0.0085277,0.008447,0.0085338,0.0093903,0.0084506,0.0083023,0.0083209,0.0089097,0.0076807,0.0068712,0.006691,0.0065403,0.0060017,0.0057375,0.0057547,0.0057527,0.0055953,0.0054436,0.0055527,0.0056367,0.0055228,0.0053836,0.0054942,0.005578,0.0054668,0.0053315,0.0054445,0.0055304,0.0054211,0.005287,0.0053995,0.0054858,0.0053789,0.0052484,0.0053656,0.0054639,0.005382,0.0052904,0.0054805,0.0057866,0.0060329,0.0061156,0.0074198,0.010179
0.016436,0.010026,0.0088259,0.0095204,0.014592,0.0093646,0.0085135,0.0093506,0.014533,0.0093452,0.0085026,0.0093448,0.014531,0.0093445,0.0085022,0.0093446,0.014531,0.0093445,0.0085021,0.0093445,0.014531,0.0093445,0.0085022,0.0093444,0.014531,0.0093445,0.0085022,0.0093444,0.014531,0.0093445,0.0085022,0.0093445,0.014531,0.0093445,0.0085022,0.0093444,0.014531,0.0093445,0.0085022,0.0093444,0.014531,0.0093446,0.0085022,0.0093444,0.014531,0.0093446,0.0085022,0.0093444,0.014531,0.0093445,0.0085023,0.0093445,0.014531,0.0093447,0.0085026,0.0093453,0.014534,0.0093521,0.0085183,0.0093862,0.014618,0.0093067,0.0083387,0.0088935,0.013448,0.0083081,0.0068528,0.0067862,0.0086459,0.006064,0.0057991,0.0058373,0.007893,0.0056845,0.0055663,0.0056509,0.0077389,0.005616,0.0055047,0.0055914,0.0076284,0.0055606,0.0054527,0.0055414,0.0075407,0.0055147,0.0054075,0.0054958,0.0074536,0.0054723,0.0053684,0.0054597,0.0073931,0.005475,0.0053986,0.0055216,0.0076109,0.0061622,0.0061187,0.0076371,0.013877
0.053556,0.015444,0.009654,0.014652,0.050606,0.014526,0.0093331,0.014516,0.050584,0.014512,0.0093254,0.014512,0.050584,0.014512,0.0093251,0.014512,0.050584,0.014512,0.009325,0.014512,0.050584,0.014512,0.009325,0.014512,0.050584,0.014512,0.0093251,0.014512,0.050584,0.014512,0.0093251,0.014512,0.050584,0.014512,0.0093251,0.014512,0.050584,0.014512,0.0093251,0.014512,0.050584,0.014512,0.0093251,0.014512,0.050584,0.014512,0.0093251,0.014512,0.050584,0.014512,0.0093252,0.014512,0.050584,0.014512,0.0093256,0.014512,0.050585,0.014522,0.0093551,0.014619,0.051006,0.014511,0.0090426,0.013551,0.047127,0.012942,0.0072152,0.0088997,0.029839,0.0083298,0.0058566,0.0079299,0.028191,0.007842,0.005661,0.0077493,0.027791,0.0077227,0.0055992,0.0076372,0.027412,0.0076149,0.0055476,0.0075482,0.027117,0.0075285,0.005502,0.0074604,0.026815,0.0074437,0.0054631,0.0073898,0.026567,0.0074,0.0054805,0.0074094,0.026518,0.0078893,0.0063749,0.010163,0.035192
0.016394,0.009983,0.0087684,0.009479,0.014552,0.0093252,0.0084603,0.0093114,0.014494,0.0093062,0.0084498,0.0093058,0.014492,0.0093055,0.0084494,0.0093056,0.014492,0.0093055,0.0084493,0.0093055,0.014492,0.0093055,0.0084494,0.0093055,0.014492,0.0093055,0.0084494,0.0093055,0.014492,0.0093055,0.0084494,0.0093055,0.014492,0.0093055,0.0084494,0.0093055,0.014492,0.0093055,0.0084493,0.0093055,0.014492,0.0093056,0.0084493,0.0093054,0.014492,0.0093055,0.0084494,0.0093054,0.014492,0.0093055,0.0084494,0.0093055,0.014492,0.0093058,0.00845,0.0093067,0.014496,0.0093162,0.0084715,0.0093489,0.014564,0.0092014,0.0081267,0.0086937,0.0132,0.0080604,0.0065546,0.0065268,0.0084675,0.0058893,0.0057168,0.0057652,0.0078672,0.0056743,0.0055593,0.0056432,0.0077326,0.0056069,0.0054972,0.0055835,0.0076232,0.005554,0.005447,0.005535,0.0075361,0.0055085,0.0054021,0.0054897,0.0074496,0.0054682,0.005366,0.0054589,0.0073937,0.0054773,0.0054008,0.0055264,0.0076114,0.0061532,0.0061067,0.0076091,0.013839
0.010532,0.0090053,0.008639,0.0086867,0.0093489,0.0084508,0.0083595,0.0084411,0.0092695,0.0084319,0.008345,0.0084314,0.0092666,0.0084312,0.0083445,0.0084311,0.0092665,0.0084312,0.0083445,0.0084311,0.0092665,0.0084312,0.0083445,0.0084311,0.0092665,0.0084312,0.0083446,0.0084311,0.0092664,0.0084311,0.0083446,0.0084311,0.0092664,0.0084311,0.0083445,0.0084311,0.0092664,0.0084311,0.0083445,0.0084311,0.0092664,0.0084311,0.0083445,0.0084311,0.0092665,0.0084311,0.0083445,0.0084311,0.0092665,0.0084312,0.0083446,0.0084312,0.0092666,0.0084316,0.0083453,0.0084324,0.0092712,0.0084455,0.0083672,0.0084576,0.0092658,0.0082243,0.0079197,0.0078569,0.008117,0.0070764,0.0064049,0.006252,0.0060824,0.0057701,0.0055689,0.0056463,0.0057056,0.0055773,0.0054314,0.0055394,0.0056212,0.0055072,0.0053693,0.005481,0.005566,0.0054556,0.0053208,0.0054336,0.0055195,0.0054105,0.0052767,0.005389,0.0054757,0.0053704,0.0052424,0.0053635,0.0054653,0.0053824,0.0052904,0.0054859,0.0057951,0.0060188,0.0060846,0.0073382,0.010061
0.016164,0.0098819,0.0087247,0.0093946,0.014375,0.0092459,0.0084235,0.0092328,0.01432,0.0092278,0.0084133,0.0092273,0.014318,0.0092271,0.0084129,0.0092271,0.014318,0.0092271,0.0084128,0.009227,0.014318,0.0092271,0.0084129,0.009227,0.014318,0.0092271,0.0084129,0.009227,0.014318,0.0092271,0.0084129,0.0092271,0.014318,0.0092271,0.0084129,0.009227,0.014318,0.0092271,0.0084129,0.0092271,0.014318,0.0092272,0.0084129,0.0092271,0.014318,0.0092272,0.008413,0.0092271,0.014318,0.0092272,0.008413,0.0092271,0.014318,0.0092274,0.0084136,0.0092283,0.014322,0.00924,0.0084415,0.0092977,0.014455,0.0090782,0.0079164,0.0080899,0.011648,0.0074236,0.0063732,0.006325,0.008073,0.0058022,0.00566,0.0057329,0.0078567,0.00567,0.0055533,0.005637,0.0077059,0.0056003,0.0054904,0.0055781,0.0076071,0.0055496,0.0054422,0.0055305,0.0075195,0.0055041,0.0053974,0.0054847,0.0074311,0.0054621,0.0053592,0.0054575,0.0074229,0.0054713,0.0053871,0.0055344,0.0077192,0.0061366,0.006057,0.0075241,0.013619
0.052723,0.015164,0.0094978,0.014419,0.049888,0.01431,0.0092145,0.014302,0.049871,0.014299,0.0092082,0.014299,0.04987,0.014299,0.0092079,0.014299,0.04987,0.014299,0.0092079,0.014299,0.04987,0.014299,0.0092079,0.014299,0.04987,0.014299,0.009208,0.014299,0.04987,0.014299,0.009208,0.014299,0.04987,0.014299,0.009208,0.014299,0.04987,0.014299,0.009208,0.014299,0.04987,0.014299,0.009208,0.014299,0.04987,0.014299,0.009208,0.014299,0.04987,0.014299,0.0092081,0.014299,0.04987,0.014299,0.0092086,0.014299,0.04987,0.014312,0.009254,0.014484,0.050631,0.01422,0.0084622,0.011804,0.040612,0.011163,0.0066055,0.0082655,0.028156,0.0078824,0.005724,0.0078659,0.028175,0.0078302,0.0056479,0.0077169,0.027672,0.0076898,0.0055851,0.0076153,0.027342,0.0075949,0.0055379,0.0075281,0.027044,0.007509,0.0054934,0.0074391,0.026734,0.0074132,0.0054398,0.0073999,0.026721,0.0073802,0.0054114,0.00747,0.027092,0.0078855,0.0061859,0.0098517,0.034407
0.015908,0.0097181,0.0085854,0.0093159,0.014322,0.0092023,0.0083682,0.0091928,0.014281,0.0091891,0.008361,0.0091888,0.01428,0.0091886,0.0083607,0.0091886,0.01428,0.0091886,0.0083607,0.0091886,0.01428,0.0091886,0.0083607,0.0091885,0.01428,0.0091886,0.0083607,0.0091885,0.01428,0.0091885,0.0083607,0.0091886,0.01428,0.0091886,0.0083607,0.0091885,0.01428,0.0091886,0.0083606,0.0091885,0.01428,0.0091886,0.0083607,0.0091885,0.014279,0.0091886,0.0083607,0.0091885,0.014279,0.0091886,0.0083608,0.0091886,0.01428,0.0091893,0.008362,0.0091899,0.014282,0.0091955,0.0083751,0.0092395,0.01437,0.0089277,0.0075967,0.007857,0.011372,0.0071713,0.0061578,0.0061228,0.0079739,0.0057299,0.0056143,0.0056972,0.0078408,0.0056581,0.0055444,0.0056277,0.0076994,0.005592,0.0054837,0.0055711,0.0076026,0.0055448,0.0054388,0.0055283,0.0075186,0.0055033,0.0053959,0.0054839,0.007422,0.00543,0.0053102,0.0053812,0.0073352,0.0052976,0.0051974,0.0053116,0.0074986,0.0058211,0.0057374,0.0071414,0.013287
0.0097705,0.0086316,0.008454,0.0085157,0.0092054,0.0083555,0.0082645,0.0083497,0.0091521,0.0083432,0.0082546,0.0083428,0.0091501,0.0083427,0.0082542,0.0083426,0.00915,0.0083427,0.0082542,0.0083427,0.00915,0.0083427,0.0082542,0.0083427,0.00915,0.0083427,0.0082542,0.0083427,0.00915,0.0083426,0.0082542,0.0083427,0.00915,0.0083426,0.0082542,0.0083426,0.00915,0.0083426,0.0082541,0.0083426,0.00915,0.0083427,0.0082542,0.0083426,0.00915,0.0083427,0.0082542,0.0083427,0.00915,0.0083427,0.0082543,0.0083429,0.0091505,0.0083441,0.0082564,0.0083454,0.0091543,0.0083444,0.0082537,0.0083342,0.0090535,0.0079238,0.0073519,0.0072159,0.0072216,0.0064236,0.0060389,0.0059635,0.0058611,0.0056524,0.0054858,0.0055909,0.0056733,0.0055569,0.0054149,0.0055236,0.0056057,0.005493,0.0053565,0.005469,0.0055549,0.005446,0.0053131,0.005429,0.0055171,0.0054052,0.005269,0.0053848,0.0054627,0.0053171,0.0051424,0.0052248,0.0052768,0.0050947,0.0049012,0.0049729,0.0052279,0.0052994,0.0054021,0.0062949,0.0090192
0.014659,0.0093334,0.0084911,0.0092073,0.014141,0.0091222,0.0083317,0.0091148,0.014108,0.0091114,0.0083248,0.0091111,0.014107,0.009111,0.0083246,0.009111,0.014107,0.009111,0.0083245,0.0091109,0.014107,0.009111,0.0083246,0.0091109,0.014107,0.009111,0.0083246,0.0091109,0.014107,0.009111,0.0083246,0.0091109,0.014107,0.009111,0.0083246,0.0091109,0.014107,0.009111,0.0083246,0.0091109,0.014107,0.009111,0.0083246,0.0091109,0.014107,0.0091111,0.0083247,0.0091109,0.014107,0.0091111,0.0083248,0.0091112,0.014108,0.0091125,0.0083277,0.0091183,0.014123,0.0091136,0.0083193,0.0090832,0.013999,0.0086877,0.0073156,0.0073423,0.0098551,0.0066224,0.006035,0.006034,0.0079464,0.0057216,0.0055999,0.0056856,0.0078087,0.00565,0.0055362,0.0056209,0.0076771,0.0055865,0.0054781,0.0055656,0.0075839,0.0055382,0.0054311,0.0055257,0.0075438,0.0054928,0.0053741,0.0054854,0.0075197,0.0053818,0.0051943,0.0052794,0.006935,0.0050619,0.0048132,0.0048893,0.0059961,0.0052433,0.0051587,0.0061324,0.010262
0.049931,0.014321,0.0091864,0.014136,0.049169,0.014093,0.0090954,0.01409,0.049165,0.014088,0.0090922,0.014088,0.049165,0.014088,0.009092,0.014088,0.049165,0.014088,0.009092,0.014088,0.049165,0.014088,0.009092,0.014088,0.049165,0.014088,0.009092,0.014088,0.049165,0.014088,0.0090921,0.014088,0.049165,0.014088,0.0090921,0.014088,0.049165,0.014088,0.009092,0.014088,0.049165,0.014088,0.009092,0.014088,0.049164,0.014088,0.0090921,0.014088,0.049164,0.014088,0.0090923,0.014088,0.049165,0.01409,0.0090979,0.014105,0.049229,0.014092,0.0090703,0.014059,0.049172,0.013625,0.0077722,0.010055,0.03409,0.009449,0.0061464,0.0080446,0.028116,0.0078448,0.0056872,0.0078162,0.028035,0.0077914,0.0056315,0.0076883,0.027573,0.0076638,0.0055746,0.0075932,0.027261,0.0075632,0.005512,0.007533,0.027184,0.007474,0.0054007,0.0074751,0.027269,0.0073489,0.0051437,0.0068397,0.024925,0.0066142,0.004628,0.00563,0.019809,0.0058438,0.0049142,0.0064365,0.021434
0.014363,0.0091526,0.0083295,0.0091178,0.014084,0.0090776,0.0082761,0.0090749,0.01407,0.0090731,0.0082731,0.009073,0.014069,0.0090728,0.0082729,0.0090729,0.014069,0.0090729,0.0082729,0.0090729,0.014069,0.0090729,0.0082729,0.0090728,0.014069,0.0090728,0.0082729,0.0090728,0.014069,0.0090728,0.0082729,0.0090728,0.014069,0.0090728,0.0082729,0.0090728,0.014069,0.0090728,0.0082729,0.0090728,0.014069,0.0090729,0.0082729,0.0090727,0.014069,0.0090729,0.008273,0.0090727,0.014069,0.009073,0.0082732,0.0090733,0.01407,0.0090765,0.0082801,0.0090821,0.01408,0.0090464,0.0081994,0.0089703,0.01385,0.0084935,0.006988,0.0070733,0.0096118,0.0063868,0.0058922,0.005904,0.007898,0.0056997,0.0055863,0.0056733,0.0078006,0.0056409,0.0055298,0.0056161,0.007675,0.0055848,0.005476,0.0055645,0.0075743,0.0055044,0.0053792,0.0054437,0.007445,0.0052929,0.0051447,0.0052206,0.007234,0.0049495,0.0046788,0.0047177,0.0063869,0.0043846,0.0041356,0.0041083,0.0053134,0.0044506,0.0044941,0.0053934,0.0097733
0.0089573,0.0082452,0.0082243,0.0083209,0.0090554,0.0082592,0.0081693,0.0082585,0.0090358,0.0082554,0.008165,0.0082553,0.0090349,0.0082552,0.0081649,0.0082551,0.0090348,0.0082552,0.0081649,0.0082552,0.0090348,0.0082552,0.0081649,0.0082552,0.0090348,0.0082551,0.0081648,0.0082552,0.0090348,0.0082551,0.0081648,0.0082552,0.0090348,0.0082551,0.0081648,0.0082551,0.0090347,0.0082551,0.0081648,0.0082551,0.0090347,0.0082552,0.0081648,0.0082551,0.0090347,0.0082552,0.0081649,0.0082552,0.0090348,0.0082554,0.0081653,0.0082558,0.0090369,0.0082615,0.0081748,0.0082669,0.0090403,0.0081938,0.0080474,0.0080786,0.0086124,0.0074951,0.006796,0.0066308,0.0065094,0.0060016,0.0057466,0.0057691,0.0057704,0.0056138,0.0054615,0.0055701,0.0056538,0.0055398,0.0054014,0.0055148,0.0056008,0.0054862,0.005348,0.0054644,0.0055413,0.0053905,0.0052082,0.0052798,0.0053046,0.0050666,0.0047842,0.0047117,0.004731,0.0043445,0.0040919,0.0039101,0.003806,0.0036137,0.0035355,0.0035439,0.0036274,0.003927,0.0041585,0.0051292,0.0076759
0.01387,0.0089783,0.0082722,0.0090274,0.013909,0.0089994,0.0082401,0.0089979,0.013899,0.0089964,0.0082374,0.0089963,0.013899,0.0089962,0.0082373,0.0089962,0.013899,0.0089962,0.0082373,0.0089961,0.013899,0.0089962,0.0082373,0.0089961,0.013899,0.0089962,0.0082373,0.0089961,0.013899,0.0089962,0.0082373,0.0089962,0.013899,0.0089962,0.0082373,0.0089962,0.013899,0.0089962,0.0082373,0.0089962,0.013899,0.0089963,0.0082373,0.0089962,0.013899,0.0089963,0.0082374,0.0089962,0.013899,0.0089964,0.0082377,0.0089969,0.013901,0.009003,0.0082517,0.0090333,0.013976,0.008963,0.0080928,0.0085951,0.012933,0.0080709,0.0067719,0.0067203,0.0086308,0.0060645,0.0058103,0.0058513,0.0079274,0.0057029,0.0055841,0.0056676,0.0077676,0.0056313,0.0055196,0.0056122,0.0077002,0.0055746,0.0054548,0.0055669,0.0076756,0.0054561,0.0052617,0.0053383,0.0070158,0.0050434,0.0046583,0.0046779,0.0053388,0.0041922,0.0038192,0.0037886,0.0039008,0.0034459,0.0032469,0.0033515,0.0036764,0.0037486,0.0038249,0.0050101,0.0088205
0.048596,0.013892,0.0089846,0.01389,0.048463,0.01388,0.0089785,0.013881,0.048467,0.01388,0.0089775,0.01388,0.048467,0.01388,0.0089774,0.01388,0.048467,0.01388,0.0089774,0.01388,0.048467,0.01388,0.0089774,0.01388,0.048467,0.01388,0.0089775,0.01388,0.048467,0.01388,0.0089775,0.01388,0.048467,0.01388,0.0089774,0.01388,0.048467,0.01388,0.0089774,0.01388,0.048467,0.01388,0.0089774,0.01388,0.048467,0.01388,0.0089775,0.01388,0.048467,0.01388,0.0089779,0.01388,0.048468,0.013889,0.0090041,0.013975,0.048844,0.013879,0.0087267,0.013025,0.045388,0.012479,0.0070938,0.0088501,0.02986,0.0083377,0.0058682,0.0079626,0.028313,0.0078776,0.0056793,0.0077788,0.027885,0.0077419,0.0056001,0.0076908,0.027714,0.0076294,0.0054834,0.0076331,0.027814,0.0075007,0.0052131,0.0069449,0.025298,0.0066487,0.0044983,0.005217,0.018143,0.0047887,0.0035027,0.003707,0.011203,0.0033658,0.003053,0.0031892,0.0091229,0.0037024,0.0035217,0.0050606,0.017467
0.01376,0.0089035,0.0081886,0.0089742,0.013865,0.0089595,0.0081877,0.0089596,0.013861,0.0089586,0.0081863,0.0089586,0.013861,0.0089584,0.0081862,0.0089585,0.013861,0.0089584,0.0081862,0.0089584,0.013861,0.0089585,0.0081862,0.0089584,0.013861,0.0089584,0.0081862,0.0089584,0.013861,0.0089584,0.0081862,0.0089584,0.013861,0.0089584,0.0081862,0.0089584,0.013861,0.0089584,0.0081862,0.0089584,0.013861,0.0089585,0.0081862,0.0089583,0.013861,0.0089585,0.0081862,0.0089583,0.013861,0.0089587,0.0081868,0.0089594,0.013864,0.0089678,0.0082057,0.0089965,0.013924,0.0088631,0.0079016,0.0084145,0.012708,0.0078426,0.0064916,0.0064729,0.0084601,0.0058959,0.0057306,0.0057811,0.0079022,0.0056936,0.0055779,0.0056619,0.007754,0.0055927,0.0054649,0.0055282,0.0075999,0.0053754,0.0052193,0.0053012,0.007385,0.0050201,0.0047239,0.004766,0.0064556,0.0043421,0.0039645,0.0038513,0.0046315,0.0033596,0.0031319,0.0030854,0.0031723,0.002898,0.0027505,0.0028899,0.0031787,0.0033598,0.0034784,0.0047015,0.0086354
0.0086648,0.0080908,0.0080852,0.0082013,0.0089304,0.0081696,0.0080789,0.0081707,0.0089214,0.0081688,0.0080766,0.0081687,0.0089209,0.0081687,0.0080765,0.0081686,0.0089208,0.0081687,0.0080765,0.0081686,0.0089209,0.0081686,0.0080765,0.0081687,0.0089208,0.0081686,0.0080765,0.0081687,0.0089208,0.0081686,0.0080765,0.0081686,0.0089208,0.0081686,0.0080765,0.0081686,0.0089208,0.0081686,0.0080765,0.0081686,0.0089208,0.0081686,0.0080765,0.0081686,0.0089208,0.0081687,0.0080766,0.0081687,0.008921,0.0081691,0.0080773,0.0081698,0.008925,0.0081813,0.0080964,0.0081911,0.0089164,0.0079701,0.0077126,0.0076604,0.0078938,0.0069408,0.0063577,0.0062206,0.0060716,0.0057801,0.0055832,0.0056633,0.0057239,0.0055946,0.0054477,0.0055583,0.0056301,0.0054766,0.0052913,0.0053621,0.0053824,0.005137,0.0048493,0.0047695,0.0047894,0.004389,0.0041283,0.0039282,0.0038018,0.0035481,0.0033808,0.0032763,0.0030987,0.0029736,0.0027744,0.0027473,0.0027536,0.0026198,0.0025294,0.0026827,0.00298,0.0031946,0.0034626,0.0046104,0.0072479
0.013582,0.008823,0.0081513,0.0088964,0.013696,0.0088835,0.0081523,0.0088838,0.013693,0.0088829,0.0081511,0.0088828,0.013693,0.0088827,0.008151,0.0088828,0.013693,0.0088827,0.008151,0.0088827,0.013693,0.0088828,0.008151,0.0088827,0.013693,0.0088828,0.008151,0.0088827,0.013693,0.0088827,0.008151,0.0088828,0.013693,0.0088828,0.008151,0.0088827,0.013693,0.0088828,0.008151,0.0088828,0.013693,0.0088828,0.008151,0.0088828,0.013693,0.0088829,0.0081511,0.0088828,0.013693,0.0088832,0.0081517,0.0088839,0.013696,0.0088942,0.0081762,0.0089448,0.013812,0.0087473,0.0077117,0.0078738,0.011319,0.0072738,0.0063297,0.0062937,0.008107,0.0058178,0.0056771,0.0057505,0.0078971,0.0056814,0.0055588,0.0056612,0.0078221,0.0055424,0.0053445,0.0054189,0.0071554,0.0051207,0.0047149,0.0047355,0.0054249,0.0042338,0.0038511,0.0038089,0.0039044,0.0033762,0.0031001,0.0030817,0.0031583,0.0028494,0.0026419,0.0026934,0.0028349,0.0026263,0.0025225,0.002719,0.0030949,0.0032574,0.0033867,0.0046466,0.0085374
0.047886,0.01367,0.008858,0.013677,0.047772,0.013673,0.0088646,0.013674,0.047777,0.013674,0.0088642,0.013674,0.047777,0.013674,0.0088642,0.013674,0.047777,0.013674,0.0088641,0.013674,0.047777,0.013674,0.0088642,0.013674,0.047777,0.013674,0.0088642,0.013674,0.047777,0.013674,0.0088642,0.013674,0.047777,0.013674,0.0088642,0.013674,0.047777,0.013674,0.0088642,0.013674,0.047777,0.013674,0.0088642,0.013674,0.047777,0.013674,0.0088642,0.013674,0.047777,0.013674,0.0088648,0.013674,0.047777,0.013685,0.0089049,0.013838,0.048452,0.013602,0.0082026,0.011459,0.039555,0.010885,0.0065442,0.0082793,0.028352,0.0079326,0.0057427,0.007905,0.02833,0.0078333,0.005605,0.0077986,0.028277,0.0076525,0.0053021,0.0070897,0.025794,0.0067852,0.0045553,0.0053035,0.018445,0.0048602,0.0035268,0.0037309,0.011271,0.0033187,0.0029144,0.0029977,0.0086976,0.0027969,0.0025944,0.0027383,0.0086782,0.002713,0.002566,0.0027839,0.0089569,0.0034436,0.003279,0.0048598,0.017177
0.013538,0.0087817,0.0080966,0.008857,0.013658,0.0088458,0.0081016,0.0088463,0.013655,0.0088455,0.0081006,0.0088455,0.013655,0.0088454,0.0081005,0.0088454,0.013655,0.0088454,0.0081004,0.0088454,0.013655,0.0088454,0.0081005,0.0088453,0.013655,0.0088454,0.0081005,0.0088453,0.013655,0.0088453,0.0081005,0.0088454,0.013655,0.0088454,0.0081005,0.0088454,0.013655,0.0088454,0.0081005,0.0088453,0.013655,0.0088454,0.0081005,0.0088453,0.013655,0.0088454,0.0081005,0.0088454,0.013655,0.008846,0.0081017,0.0088466,0.013657,0.0088514,0.0081129,0.0088897,0.013734,0.0086097,0.0074247,0.0076648,0.011073,0.0070508,0.0061365,0.0061145,0.0080188,0.0057503,0.0056279,0.0057024,0.0078404,0.0055504,0.0053875,0.0054501,0.0075709,0.0051414,0.0048154,0.0048586,0.0065936,0.004411,0.0040086,0.0038972,0.0047032,0.0033852,0.0031514,0.0030928,0.0031698,0.0028324,0.0026169,0.0026403,0.0027047,0.0025162,0.0023794,0.0024798,0.002637,0.0024881,0.0024188,0.0026381,0.0030225,0.0032029,0.0033394,0.0045883,0.0084892
0.0085353,0.0079982,0.0079915,0.0081112,0.0088161,0.0080836,0.0079912,0.0080849,0.0088086,0.0080832,0.0079893,0.0080831,0.0088081,0.0080831,0.0079892,0.0080831,0.0088081,0.0080831,0.0079892,0.0080831,0.0088081,0.0080831,0.0079892,0.0080831,0.0088081,0.008083,0.0079892,0.0080831,0.0088081,0.008083,0.0079892,0.0080831,0.0088081,0.008083,0.0079892,0.0080831,0.008808,0.008083,0.0079892,0.008083,0.008808,0.0080831,0.0079892,0.0080831,0.0088081,0.0080831,0.0079893,0.0080832,0.0088085,0.0080843,0.0079912,0.0080855,0.008812,0.0080844,0.0079883,0.008074,0.0087173,0.0076924,0.0072058,0.0070852,0.0070969,0.0063759,0.0060171,0.0059624,0.0058775,0.0056668,0.0054893,0.0055827,0.0056198,0.005391,0.0050774,0.0050048,0.0049864,0.0045684,0.0042465,0.0040081,0.0038589,0.0035828,0.0034125,0.003299,0.0031196,0.002994,0.0027879,0.002749,0.002733,0.0025587,0.0023977,0.0024229,0.0024878,0.0023434,0.0022376,0.0023172,0.002436,0.0023405,0.002306,0.0025092,0.0028479,0.0030798,0.0033651,0.0045122,0.0071297
0.013349,0.0087007,0.0080606,0.0087814,0.013491,0.0087708,0.0080667,0.0087714,0.013489,0.0087706,0.0080657,0.0087706,0.013489,0.0087705,0.0080656,0.0087705,0.013489,0.0087705,0.0080656,0.0087705,0.013489,0.0087705,0.0080656,0.0087705,0.013489,0.0087705,0.0080656,0.0087705,0.013489,0.0087705,0.0080656,0.0087706,0.013489,0.0087705,0.0080656,0.0087705,0.013489,0.0087705,0.0080656,0.0087705,0.013489,0.0087706,0.0080657,0.0087705,0.013489,0.0087707,0.0080658,0.0087707,0.013489,0.008772,0.0080685,0.008777,0.013503,0.0087729,0.0080606,0.0087446,0.01339,0.0083908,0.007173,0.0072049,0.009715,0.0065598,0.0060282,0.0060394,0.0080407,0.0057293,0.005584,0.0056861,0.0078503,0.0054515,0.0049796,0.0050034,0.0059408,0.0044297,0.0039712,0.0038965,0.0039602,0.0034037,0.0031242,0.0031029,0.003179,0.0028653,0.0026514,0.0026928,0.002815,0.002568,0.0024,0.0024812,0.0026313,0.0024296,0.0022965,0.0024089,0.0025921,0.002436,0.0023674,0.0025878,0.0029804,0.0031584,0.0033037,0.0045484,0.0083516
0.047159,0.013452,0.0087409,0.013471,0.047089,0.013469,0.0087524,0.013471,0.047095,0.01347,0.0087522,0.01347,0.047095,0.01347,0.0087521,0.01347,0.047095,0.01347,0.0087521,0.01347,0.047095,0.01347,0.0087521,0.01347,0.047095,0.01347,0.0087521,0.01347,0.047095,0.01347,0.0087521,0.01347,0.047095,0.01347,0.0087521,0.01347,0.047095,0.01347,0.0087521,0.01347,0.047095,0.01347,0.0087521,0.01347,0.047095,0.01347,0.0087523,0.01347,0.047096,0.013472,0.0087575,0.013486,0.047153,0.013474,0.008733,0.013443,0.047096,0.013058,0.0075841,0.009894,0.033713,0.0093451,0.0061271,0.0081142,0.028557,0.0078715,0.0055972,0.0078226,0.028494,0.0075477,0.0048972,0.005885,0.020621,0.0053444,0.0036337,0.003828,0.011276,0.0033371,0.0029325,0.0030143,0.0087501,0.0028083,0.0026012,0.0027385,0.0086865,0.0026547,0.0024587,0.0026183,0.0086201,0.0025805,0.0023939,0.0025652,0.0084359,0.0025934,0.0024547,0.0026779,0.0085488,0.0033515,0.0031952,0.0047114,0.016672
0.013305,0.0086597,0.0080067,0.0087425,0.013454,0.0087336,0.0080165,0.0087343,0.013452,0.0087336,0.0080156,0.0087336,0.013452,0.0087335,0.0080156,0.0087335,0.013452,0.0087335,0.0080155,0.0087335,0.013452,0.0087335,0.0080156,0.0087335,0.013452,0.0087335,0.0080156,0.0087335,0.013452,0.0087335,0.0080156,0.0087335,0.013452,0.0087335,0.0080156,0.0087335,0.013452,0.0087335,0.0080156,0.0087334,0.013452,0.0087336,0.0080156,0.0087334,0.013452,0.0087337,0.0080158,0.0087339,0.013453,0.0087368,0.008022,0.0087417,0.013461,0.0087108,0.0079517,0.0086427,0.013256,0.0082192,0.0068868,0.0069677,0.0094956,0.006325,0.0058379,0.0058474,0.0078891,0.0054735,0.0052527,0.0053362,0.0074552,0.0048962,0.004351,0.0042505,0.0052399,0.0035939,0.0032825,0.0031704,0.0032129,0.002851,0.0026318,0.0026533,0.0027156,0.0025248,0.0023833,0.0024754,0.0026151,0.0024308,0.0022998,0.0024063,0.0025683,0.0023838,0.0022573,0.0023715,0.0025512,0.0024017,0.0023342,0.002552,0.0029364,0.0031217,0.0032692,0.0044957,0.0083035
0.0084044,0.0079064,0.0078992,0.0080225,0.0087033,0.0079985,0.0079044,0.008,0.008697,0.0079984,0.0079027,0.0079983,0.0086965,0.0079983,0.0079026,0.0079983,0.0086965,0.0079983,0.0079026,0.0079983,0.0086966,0.0079983,0.0079027,0.0079983,0.0086965,0.0079983,0.0079027,0.0079983,0.0086965,0.0079983,0.0079027,0.0079983,0.0086965,0.0079983,0.0079027,0.0079983,0.0086964,0.0079982,0.0079026,0.0079983,0.0086965,0.0079983,0.0079026,0.0079983,0.0086966,0.0079985,0.007903,0.0079989,0.0086984,0.0080039,0.0079114,0.0080086,0.0087015,0.0079455,0.0078009,0.0078432,0.0083218,0.0073122,0.0067216,0.0065805,0.0064724,0.0059504,0.0056513,0.0056351,0.0055673,0.0051974,0.0048162,0.0046303,0.0045498,0.0041056,0.0037872,0.0035633,0.0033189,0.0031334,0.0028959,0.0028163,0.0027702,0.0025787,0.0024112,0.0024341,0.0024975,0.0023504,0.0022399,0.0023112,0.0024128,0.0022825,0.0021827,0.0022621,0.0023717,0.0022454,0.00215,0.002236,0.0023608,0.0022684,0.002235,0.0024353,0.0027712,0.0030067,0.0033009,0.0044284,0.0070088
0.013123,0.0085808,0.0079714,0.0086675,0.013288,0.0086592,0.0079819,0.0086599,0.013287,0.0086593,0.0079811,0.0086593,0.013287,0.0086592,0.007981,0.0086592,0.013287,0.0086592,0.007981,0.0086592,0.013287,0.0086592,0.007981,0.0086592,0.013287,0.0086592,0.007981,0.0086592,0.013287,0.0086592,0.007981,0.0086592,0.013287,0.0086592,0.007981,0.0086592,0.013287,0.0086592,0.007981,0.0086592,0.013287,0.0086593,0.007981,0.0086592,0.013287,0.0086595,0.0079814,0.0086599,0.013289,0.0086653,0.0079937,0.0086916,0.013354,0.0086318,0.0078568,0.0083103,0.012442,0.007845,0.0067015,0.0066781,0.0087289,0.0060293,0.0056433,0.0056863,0.0074658,0.0052104,0.0046022,0.0046122,0.0049433,0.0039375,0.003495,0.0033806,0.0033852,0.0030016,0.0027427,0.0027492,0.0028465,0.0025855,0.002412,0.0024916,0.0026408,0.0024363,0.0022987,0.0024035,0.0025704,0.0023799,0.002251,0.00236,0.0025304,0.0023443,0.0022203,0.0023352,0.0025194,0.0023668,0.0023002,0.0025175,0.002906,0.0030875,0.0032415,0.0044617,0.0081808
0.046448,0.013239,0.0086258,0.013267,0.046412,0.013267,0.0086411,0.013269,0.046418,0.013268,0.008641,0.013268,0.046418,0.013268,0.0086409,0.013268,0.046419,0.013268,0.0086409,0.013268,0.046419,0.013268,0.0086409,0.013268,0.046419,0.013268,0.008641,0.013268,0.046419,0.013268,0.008641,0.013268,0.046418,0.013268,0.008641,0.013268,0.046419,0.013268,0.008641,0.013268,0.046418,0.013268,0.008641,0.013268,0.046418,0.013268,0.0086414,0.013269,0.04642,0.013276,0.0086647,0.013352,0.046745,0.013273,0.0084319,0.01253,0.043733,0.012038,0.0069869,0.0089086,0.030465,0.0083396,0.0056179,0.0074636,0.026861,0.0070027,0.0044281,0.004846,0.015968,0.0042449,0.0031763,0.0032707,0.0092157,0.0029076,0.0026736,0.0027865,0.0087076,0.0026669,0.002469,0.0026281,0.0086687,0.0025869,0.0023964,0.0025625,0.0084454,0.0025377,0.0023525,0.00252,0.0082582,0.0025017,0.0023216,0.002493,0.0081164,0.0025244,0.0023886,0.0026094,0.0082451,0.0032807,0.0031287,0.0045835,0.016234
0.013082,0.0085415,0.0079191,0.0086297,0.013251,0.0086224,0.0079323,0.0086234,0.01325,0.0086226,0.0079315,0.0086227,0.01325,0.0086225,0.0079314,0.0086226,0.01325,0.0086226,0.0079314,0.0086226,0.01325,0.0086226,0.0079314,0.0086226,0.01325,0.0086226,0.0079315,0.0086226,0.01325,0.0086225,0.0079315,0.0086226,0.01325,0.0086226,0.0079315,0.0086226,0.01325,0.0086226,0.0079314,0.0086225,0.01325,0.0086226,0.0079315,0.0086225,0.01325,0.0086229,0.007932,0.0086236,0.013253,0.0086315,0.0079498,0.0086577,0.01331,0.0085554,0.0077149,0.0081751,0.012265,0.0076257,0.0063477,0.0063626,0.0084207,0.0055861,0.0050835,0.0051203,0.0069114,0.0045006,0.0038899,0.0037394,0.0041644,0.0031359,0.0028854,0.0028511,0.0028405,0.0026107,0.0024398,0.0025104,0.0026338,0.0024426,0.002309,0.0024148,0.0025759,0.0023891,0.0022584,0.0023654,0.0025291,0.0023462,0.0022193,0.0023271,0.0024916,0.0023129,0.0021914,0.0023054,0.002484,0.0023377,0.0022728,0.0024884,0.0028702,0.0030574,0.0032128,0.004416,0.008138
0.0082813,0.0078179,0.0078095,0.0079358,0.0085919,0.0079144,0.0078186,0.007916,0.0085865,0.0079145,0.0078171,0.0079144,0.0085861,0.0079144,0.007817,0.0079144,0.0085861,0.0079144,0.007817,0.0079144,0.0085861,0.0079144,0.007817,0.0079144,0.008586,0.0079144,0.007817,0.0079144,0.008586,0.0079144,0.007817,0.0079144,0.008586,0.0079143,0.007817,0.0079144,0.008586,0.0079143,0.007817,0.0079144,0.008586,0.0079144,0.007817,0.0079144,0.0085862,0.0079149,0.0078177,0.0079155,0.0085899,0.0079265,0.0078362,0.0079367,0.0085923,0.0077743,0.0075544,0.007534,0.0077907,0.0068174,0.0061181,0.0058938,0.0056901,0.005045,0.0045694,0.004262,0.0040558,0.0036686,0.0033852,0.003226,0.0030026,0.0028172,0.0026028,0.0025743,0.0025931,0.0024136,0.0022807,0.0023371,0.002429,0.0022934,0.0021909,0.0022693,0.002378,0.0022494,0.0021498,0.0022282,0.002337,0.0022113,0.0021146,0.0021936,0.0023029,0.002181,0.0020894,0.0021751,0.0022988,0.0022093,0.002178,0.0023764,0.0027097,0.0029472,0.003248,0.0043559,0.0069016
0.012909,0.0084657,0.0078846,0.0085558,0.013088,0.008549,0.0078981,0.0085499,0.013087,0.0085493,0.0078974,0.0085493,0.013087,0.0085492,0.0078973,0.0085493,0.013087,0.0085492,0.0078973,0.0085493,0.013087,0.0085492,0.0078973,0.0085493,0.013087,0.0085492,0.0078973,0.0085493,0.013087,0.0085492,0.0078973,0.0085493,0.013087,0.0085492,0.0078973,0.0085492,0.013087,0.0085492,0.0078973,0.0085492,0.013087,0.0085493,0.0078973,0.0085493,0.013087,0.0085497,0.007898,0.0085501,0.013089,0.0085601,0.007921,0.0086059,0.013198,0.008464,0.0076066,0.0078462,0.011497,0.0072074,0.0059956,0.0059446,0.0071624,0.0049994,0.0042458,0.0041791,0.0042174,0.0034821,0.0031238,0.0030464,0.0030678,0.0027424,0.0025303,0.0025785,0.0027055,0.0024775,0.0023262,0.0024227,0.0025843,0.0023899,0.0022587,0.0023667,0.0025361,0.0023476,0.0022197,0.0023275,0.0024963,0.0023108,0.0021856,0.0022936,0.0024626,0.0022809,0.0021607,0.0022749,0.0024575,0.0023082,0.002244,0.0024593,0.0028446,0.0030286,0.0031888,0.004384,0.0080356
0.045762,0.013034,0.0085136,0.013066,0.045744,0.013067,0.0085313,0.013069,0.04575,0.013069,0.0085312,0.013069,0.04575,0.013069,0.0085311,0.013069,0.04575,0.013069,0.0085311,0.013069,0.04575,0.013069,0.0085311,0.013069,0.04575,0.013069,0.0085312,0.013069,0.04575,0.013069,0.0085312,0.013069,0.04575,0.013069,0.0085312,0.013069,0.04575,0.013069,0.0085312,0.013069,0.04575,0.013069,0.0085312,0.013069,0.04575,0.013069,0.0085324,0.013069,0.045746,0.013081,0.0085711,0.013214,0.04633,0.013026,0.0080512,0.011608,0.040641,0.010934,0.0061484,0.0073173,0.024942,0.0064431,0.0039659,0.0041673,0.012279,0.0035073,0.0029171,0.0029858,0.008469,0.0027278,0.002526,0.0026731,0.0086901,0.0026081,0.0024136,0.0025767,0.0084904,0.0025464,0.0023596,0.0025263,0.0082822,0.0025042,0.0023209,0.0024873,0.0081116,0.002468,0.0022872,0.0024535,0.0079645,0.0024386,0.0022621,0.0024324,0.0078497,0.0024658,0.0023326,0.0025517,0.0079897,0.0032214,0.003074,0.0044854,0.015892
0.01287,0.0084278,0.0078337,0.0085187,0.013051,0.0085127,0.0078491,0.0085137,0.013051,0.0085131,0.0078484,0.0085131,0.013051,0.0085129,0.0078484,0.0085131,0.013051,0.008513,0.0078483,0.008513,0.013051,0.008513,0.0078484,0.008513,0.013051,0.008513,0.0078484,0.008513,0.013051,0.0085129,0.0078484,0.008513,0.013051,0.008513,0.0078484,0.008513,0.013051,0.008513,0.0078484,0.008513,0.013051,0.008513,0.0078484,0.0085129,0.013051,0.0085147,0.0078521,0.008517,0.013057,0.0085265,0.0078736,0.0085639,0.013124,0.0082858,0.0071972,0.0075014,0.011068,0.0066723,0.0052731,0.0052122,0.0064885,0.0042104,0.0035388,0.0033828,0.0034545,0.002893,0.0026427,0.0026363,0.0026791,0.0024755,0.0023368,0.0024368,0.0025896,0.0024017,0.0022696,0.0023754,0.0025378,0.0023535,0.0022253,0.0023321,0.0024952,0.0023145,0.0021894,0.0022964,0.0024596,0.002281,0.0021582,0.0022654,0.002429,0.0022537,0.0021356,0.0022489,0.0024266,0.0022829,0.0022203,0.0024342,0.0028139,0.0030028,0.003165,0.0043488,0.0079976
0.0081641,0.0077322,0.0077222,0.0078509,0.0084822,0.0078314,0.0077339,0.0078331,0.0084774,0.0078316,0.0077325,0.0078316,0.0084771,0.0078316,0.0077324,0.0078316,0.0084771,0.0078316,0.0077324,0.0078316,0.008477,0.0078316,0.0077324,0.0078316,0.008477,0.0078315,0.0077324,0.0078316,0.008477,0.0078315,0.0077325,0.0078316,0.008477,0.0078315,0.0077324,0.0078316,0.008477,0.0078315,0.0077324,0.0078316,0.008477,0.0078316,0.0077323,0.0078313,0.0084769,0.0078347,0.0077382,0.0078403,0.0084947,0.0078494,0.0077542,0.0078567,0.008443,0.0074168,0.0068141,0.0065584,0.0065282,0.0054577,0.0047307,0.0043039,0.0039468,0.0035092,0.0031574,0.0029839,0.0028371,0.0026145,0.0024189,0.0024196,0.0024688,0.0023163,0.0022075,0.0022827,0.0023886,0.0022587,0.0021581,0.0022359,0.0023441,0.0022173,0.0021194,0.0021975,0.0023057,0.0021817,0.0020864,0.0021647,0.0022728,0.0021509,0.0020574,0.002136,0.0022443,0.0021256,0.0020369,0.0021222,0.0022449,0.002158,0.0021287,0.0023257,0.0026568,0.0028959,0.0032023,0.0042912,0.0068039
0.0127,0.0083533,0.0077998,0.0084461,0.01289,0.0084403,0.0078154,0.0084414,0.01289,0.0084407,0.0078148,0.0084408,0.01289,0.0084407,0.0078147,0.0084407,0.01289,0.0084407,0.0078147,0.0084407,0.01289,0.0084407,0.0078147,0.0084407,0.01289,0.0084406,0.0078147,0.0084407,0.01289,0.0084406,0.0078147,0.0084407,0.01289,0.0084406,0.0078147,0.0084407,0.01289,0.0084406,0.0078147,0.0084407,0.01289,0.0084409,0.0078146,0.0084392,0.012886,0.0084419,0.0078218,0.0084638,0.012948,0.0084616,0.0078354,0.008524,0.01309,0.0080575,0.0066362,0.0065849,0.0080729,0.0054624,0.0043112,0.0041636,0.004084,0.0033305,0.0029618,0.0028757,0.0028986,0.0025959,0.0024045,0.002472,0.0026137,0.0024076,0.0022713,0.0023774,0.0025456,0.0023559,0.0022269,0.0023342,0.0025026,0.0023159,0.0021897,0.0022969,0.0024648,0.002281,0.0021573,0.0022645,0.002432,0.0022504,0.0021286,0.0022357,0.0024031,0.0022251,0.0021081,0.0022215,0.0024027,0.0022565,0.0021948,0.0024086,0.0027914,0.002977,0.0031424,0.004309,0.0078971
0.045086,0.012832,0.0084033,0.012869,0.045084,0.01287,0.0084228,0.012872,0.04509,0.012872,0.0084228,0.012872,0.045091,0.012872,0.0084227,0.012872,0.045091,0.012872,0.0084228,0.012872,0.045091,0.012872,0.0084228,0.012872,0.045091,0.012872,0.0084228,0.012872,0.045091,0.012872,0.0084228,0.012872,0.045091,0.012872,0.0084228,0.012872,0.045091,0.012872,0.0084227,0.012872,0.045091,0.012873,0.0084238,0.012869,0.04507,0.012869,0.0084314,0.012923,0.04532,0.012882,0.0083897,0.013078,0.046424,0.012522,0.0068027,0.0081643,0.027634,0.0071139,0.0040069,0.0041196,0.011329,0.0032978,0.0028183,0.0028776,0.0083388,0.0026428,0.002446,0.0026022,0.0085549,0.00256,0.0023705,0.0025361,0.0083276,0.0025121,0.0023276,0.0024935,0.0081347,0.0024724,0.0022907,0.0024564,0.0079733,0.0024379,0.0022585,0.0024239,0.007833,0.0024075,0.0022298,0.0023947,0.007699,0.0023822,0.0022089,0.0023781,0.0076067,0.0024135,0.0022829,0.0025008,0.0077701,0.0031691,0.0030273,0.0044045,0.015565
0.012663,0.008316,0.0077496,0.0084094,0.012854,0.0084044,0.0077669,0.0084055,0.012854,0.0084048,0.0077663,0.008405,0.012854,0.0084047,0.0077663,0.0084049,0.012854,0.0084048,0.0077663,0.0084048,0.012854,0.0084048,0.0077663,0.0084048,0.012854,0.0084048,0.0077663,0.0084048,0.012854,0.0084048,0.0077663,0.0084049,0.012854,0.0084048,0.0077663,0.0084048,0.012854,0.0084047,0.007766,0.0084046,0.012854,0.0084079,0.0077729,0.0084102,0.012856,0.008403,0.007757,0.0084002,0.012839,0.0082365,0.007407,0.0080533,0.012516,0.0073259,0.0056116,0.0055736,0.0071197,0.0044311,0.0035285,0.0033418,0.0033075,0.0028314,0.0025691,0.0025666,0.0026277,0.0024203,0.0022843,0.002389,0.0025498,0.0023639,0.0022342,0.0023404,0.0025031,0.0023213,0.0021951,0.0023015,0.0024639,0.0022847,0.0021611,0.0022674,0.0024299,0.0022526,0.002131,0.0022373,0.0023996,0.0022241,0.0021042,0.0022105,0.0023732,0.0022008,0.0020856,0.002198,0.0023747,0.0022335,0.002173,0.0023854,0.0027628,0.0029531,0.003121,0.0042801,0.0078612
0.008049,0.0076477,0.0076361,0.0077671,0.0083737,0.0077493,0.0076501,0.0077511,0.0083695,0.0077497,0.0076489,0.0077497,0.0083692,0.0077496,0.0076488,0.0077497,0.0083692,0.0077496,0.0076488,0.0077497,0.0083691,0.0077496,0.0076488,0.0077497,0.0083691,0.0077496,0.0076488,0.0077497,0.0083691,0.0077496,0.0076488,0.0077497,0.0083691,0.0077495,0.0076487,0.0077496,0.008369,0.0077493,0.0076482,0.0077488,0.0083687,0.0077556,0.0076601,0.0077671,0.0083982,0.0077467,0.0076255,0.0077113,0.0082399,0.007328,0.0068768,0.006645,0.006777,0.0055763,0.004728,0.0042641,0.0039044,0.0034537,0.0031226,0.0029449,0.0028099,0.002566,0.002367,0.0023707,0.0024255,0.0022753,0.0021688,0.0022456,0.0023534,0.0022257,0.0021267,0.0022043,0.0023121,0.0021872,0.0020909,0.0021688,0.0022764,0.0021538,0.0020596,0.0021375,0.0022448,0.002124,0.0020315,0.0021092,0.0022162,0.0020973,0.0020066,0.0020846,0.002192,0.0020761,0.0019898,0.0020745,0.0021961,0.0021112,0.0020835,0.0022789,0.0026076,0.0028479,0.0031593,0.0042284,0.0067091
0.012495,0.0082424,0.0077161,0.0083374,0.012695,0.0083326,0.0077336,0.0083338,0.012695,0.0083331,0.007733,0.0083333,0.012694,0.0083331,0.007733,0.0083333,0.012694,0.0083331,0.007733,0.0083332,0.012694,0.0083331,0.0077329,0.0083332,0.012694,0.0083331,0.0077329,0.0083332,0.012694,0.0083331,0.0077329,0.0083332,0.012694,0.0083331,0.0077329,0.0083332,0.012694,0.008333,0.0077321,0.0083297,0.012686,0.0083347,0.0077477,0.0083878,0.012832,0.0083546,0.0076943,0.0082541,0.012545,0.0078299,0.0066033,0.0065993,0.0080189,0.005515,0.0042542,0.0040482,0.0039204,0.0032454,0.0029045,0.0028292,0.0028615,0.0025604,0.0023683,0.0024353,0.0025767,0.0023731,0.0022382,0.0023437,0.0025114,0.0023236,0.0021962,0.0023028,0.0024703,0.0022856,0.0021611,0.0022679,0.0024351,0.0022528,0.0021303,0.0022368,0.0024034,0.0022231,0.0021023,0.0022084,0.0023743,0.0021962,0.0020775,0.002184,0.0023502,0.0021753,0.0020609,0.0021732,0.002353,0.002209,0.0021489,0.0023607,0.0027407,0.0029278,0.0030982,0.0042378,0.0077637
0.044419,0.012632,0.0082943,0.012673,0.04443,0.012675,0.0083154,0.012677,0.044436,0.012676,0.0083154,0.012677,0.044437,0.012676,0.0083153,0.012677,0.044437,0.012676,0.0083153,0.012677,0.044437,0.012676,0.0083153,0.012676,0.044437,0.012676,0.0083154,0.012677,0.044437,0.012676,0.0083154,0.012677,0.044437,0.012676,0.0083154,0.012677,0.044437,0.012677,0.0083152,0.012668,0.044397,0.012667,0.0083294,0.012802,0.045022,0.012712,0.0081562,0.012486,0.044401,0.011962,0.0066492,0.0079582,0.026918,0.0069308,0.0038598,0.0038956,0.0096938,0.0030625,0.0027736,0.0028286,0.0083671,0.0026217,0.0024207,0.0025738,0.008423,0.0025291,0.0023401,0.002504,0.008172,0.0024798,0.0022969,0.0024618,0.0079895,0.0024417,0.0022618,0.0024268,0.0078426,0.0024092,0.0022311,0.0023956,0.007705,0.0023794,0.0022029,0.0023667,0.0075714,0.0023525,0.0021781,0.0023421,0.0074667,0.0023317,0.0021609,0.0023288,0.0073878,0.0023649,0.002236,0.002452,0.0075481,0.0031184,0.0029827,0.0043312,0.015254
0.012458,0.0082057,0.0076665,0.0083011,0.012659,0.0082969,0.0076854,0.0082982,0.012659,0.0082975,0.0076849,0.0082977,0.012659,0.0082975,0.0076849,0.0082976,0.012659,0.0082975,0.0076848,0.0082976,0.012659,0.0082975,0.0076849,0.0082976,0.012659,0.0082975,0.0076849,0.0082976,0.012659,0.0082975,0.0076849,0.0082976,0.012659,0.0082974,0.0076847,0.0082975,0.012659,0.0083006,0.0076913,0.0082999,0.01265,0.0082742,0.0076353,0.0082726,0.012647,0.0080259,0.0071191,0.007622,0.011808,0.0069323,0.0054035,0.0053585,0.0068539,0.0042758,0.00338,0.0031929,0.0030402,0.0027313,0.0025011,0.0025224,0.0026049,0.0024017,0.0022647,0.0023665,0.0025252,0.0023382,0.002208,0.002312,0.002473,0.0022919,0.0021668,0.0022722,0.0024339,0.0022559,0.0021338,0.0022396,0.0024014,0.0022254,0.0021049,0.0022104,0.0023718,0.0021974,0.0020786,0.0021838,0.002345,0.0021724,0.0020555,0.0021611,0.0023229,0.002153,0.00204,0.0021512,0.0023265,0.0021871,0.0021282,0.0023385,0.0027134,0.0029048,0.0030776,0.0042097,0.0077286
0.0079359,0.0075643,0.007551,0.0076842,0.0082662,0.0076679,0.0075671,0.0076697,0.0082624,0.0076684,0.0075659,0.0076684,0.0082621,0.0076683,0.0075658,0.0076684,0.0082621,0.0076683,0.0075658,0.0076684,0.0082621,0.0076683,0.0075658,0.0076684,0.0082621,0.0076683,0.0075658,0.0076684,0.008262,0.0076683,0.0075658,0.0076684,0.008262,0.0076681,0.0075654,0.0076678,0.0082622,0.0076749,0.0075778,0.0076853,0.0082809,0.0076199,0.0074649,0.0075212,0.0079168,0.0069616,0.0063664,0.0060422,0.0060861,0.0050475,0.0044286,0.0039729,0.0036428,0.0032676,0.0029782,0.0028272,0.002742,0.0024931,0.0023137,0.0023359,0.0024038,0.0022588,0.0021527,0.0022273,0.0023328,0.0022042,0.0021043,0.0021795,0.0022852,0.0021609,0.0020652,0.002142,0.0022484,0.002127,0.0020339,0.0021111,0.0022176,0.002098,0.0020064,0.0020835,0.0021896,0.0020717,0.0019819,0.0020591,0.0021652,0.0020489,0.0019606,0.0020381,0.0021444,0.0020306,0.0019461,0.0020296,0.0021499,0.0020668,0.0020405,0.0022343,0.0025605,0.0028018,0.0031178,0.0041672,0.0066168
0.012292,0.008133,0.0076333,0.0082297,0.0125,0.0082257,0.0076524,0.0082271,0.012501,0.0082264,0.0076519,0.0082265,0.0125,0.0082263,0.0076518,0.0082265,0.012501,0.0082263,0.0076518,0.0082265,0.0125,0.0082263,0.0076518,0.0082265,0.0125,0.0082263,0.0076518,0.0082265,0.0125,0.0082263,0.0076518,0.0082265,0.0125,0.0082263,0.0076512,0.0082236,0.012494,0.00823,0.0076696,0.008288,0.012648,0.0082049,0.0075016,0.0078412,0.011634,0.0073058,0.0059981,0.0059923,0.0066611,0.0048775,0.0039471,0.0037081,0.0035916,0.0030833,0.0027714,0.0027334,0.0027963,0.0025159,0.0023357,0.0024117,0.0025586,0.0023585,0.0022241,0.0023277,0.0024928,0.0023043,0.0021758,0.0022797,0.0024444,0.0022603,0.0021362,0.0022416,0.0024071,0.0022261,0.0021046,0.0022101,0.0023754,0.0021964,0.0020767,0.0021819,0.0023467,0.00217,0.0020524,0.0021579,0.0023227,0.0021476,0.0020313,0.0021367,0.0023015,0.0021288,0.0020162,0.0021271,0.0023051,0.0021633,0.0021052,0.0023154,0.002693,0.0028812,0.0030563,0.0041698,0.007635
0.043758,0.012435,0.0081863,0.012478,0.04378,0.012481,0.0082088,0.012483,0.043787,0.012483,0.0082088,0.012483,0.043787,0.012483,0.0082088,0.012483,0.043787,0.012483,0.0082088,0.012483,0.043787,0.012483,0.0082088,0.012483,0.043787,0.012483,0.0082088,0.012483,0.043787,0.012483,0.0082089,0.012483,0.043787,0.012483,0.0082088,0.012476,0.043753,0.012478,0.0082327,0.012634,0.044467,0.012471,0.0078375,0.011587,0.041108,0.010938,0.0059455,0.0065317,0.021117,0.0054908,0.0034528,0.0034829,0.008225,0.0028745,0.002646,0.0027497,0.0085262,0.0026078,0.0024055,0.0025598,0.0083785,0.0025167,0.0023275,0.0024899,0.0081053,0.002462,0.002278,0.0024404,0.007878,0.0024173,0.0022377,0.0024011,0.0077174,0.0023826,0.0022053,0.0023685,0.0075763,0.0023521,0.0021767,0.0023394,0.0074449,0.0023255,0.0021523,0.0023154,0.0073473,0.0023032,0.0021311,0.0022936,0.0072491,0.0022839,0.002115,0.0022811,0.0071656,0.002318,0.0021915,0.0024064,0.0073488,0.0030709,0.0029414,0.0042615,0.014959
0.012256,0.0080967,0.0075843,0.0081938,0.012465,0.0081905,0.0076048,0.0081919,0.012465,0.0081912,0.0076044,0.0081914,0.012465,0.0081911,0.0076043,0.0081914,0.012465,0.0081912,0.0076043,0.0081913,0.012465,0.0081912,0.0076043,0.0081913,0.012465,0.0081912,0.0076043,0.0081913,0.012465,0.0081911,0.0076044,0.0081914,0.012466,0.0081941,0.00761,0.0081933,0.012459,0.0081754,0.007571,0.008184,0.012468,0.0078481,0.0068061,0.0071504,0.010807,0.0063298,0.0048314,0.0046752,0.0054172,0.0035946,0.0031032,0.0029628,0.0028192,0.0025674,0.0023971,0.0024668,0.0025882,0.0023926,0.0022561,0.0023572,0.0025155,0.0023279,0.0021971,0.0022997,0.0024593,0.002277,0.0021507,0.0022537,0.0024136,0.002235,0.0021126,0.0022168,0.0023772,0.0022014,0.0020813,0.0021855,0.0023457,0.002172,0.002054,0.0021582,0.0023184,0.0021469,0.002031,0.0021356,0.002296,0.0021257,0.0020107,0.002115,0.0022753,0.0021074,0.0019962,0.0021061,0.00228,0.0021428,0.0020858,0.0022948,0.0026675,0.0028596,0.0030367,0.0041428,0.0076008
0.0078246,0.0074821,0.007467,0.0076023,0.0081599,0.0075875,0.007485,0.0075894,0.0081567,0.0075881,0.007484,0.0075882,0.0081564,0.007588,0.0074839,0.0075881,0.0081564,0.007588,0.0074838,0.0075881,0.0081563,0.0075879,0.0074838,0.0075881,0.0081563,0.0075879,0.0074838,0.0075881,0.0081563,0.0075879,0.0074838,0.007588,0.0081573,0.0075942,0.0074945,0.0076021,0.0081717,0.0075527,0.007408,0.007471,0.0078388,0.0068139,0.0060203,0.0056026,0.0054449,0.0045656,0.0040716,0.0036716,0.0032957,0.0030316,0.0027531,0.0026398,0.0025848,0.0023792,0.0022412,0.0022958,0.0023857,0.0022492,0.0021451,0.0022193,0.0023241,0.0021952,0.0020948,0.0021689,0.0022734,0.0021483,0.0020517,0.0021266,0.0022313,0.0021095,0.0020158,0.0020914,0.0021963,0.0020768,0.0019853,0.002061,0.0021657,0.0020484,0.0019591,0.0020352,0.0021402,0.0020248,0.0019372,0.0020137,0.0021186,0.0020044,0.0019176,0.0019938,0.0020988,0.001987,0.0019044,0.0019871,0.0021061,0.002025,0.0020003,0.0021927,0.0025166,0.0027584,0.0030783,0.0041086,0.0065267
0.012093,0.0080251,0.0075517,0.0081237,0.012309,0.0081205,0.0075724,0.008122,0.01231,0.0081213,0.0075719,0.0081215,0.01231,0.0081212,0.0075719,0.0081215,0.01231,0.0081212,0.0075718,0.0081214,0.01231,0.0081212,0.0075718,0.0081214,0.01231,0.0081212,0.0075718,0.0081214,0.01231,0.0081212,0.0075716,0.0081201,0.012307,0.0081264,0.0075879,0.0081711,0.012425,0.0081083,0.0074609,0.0078303,0.011626,0.0071645,0.0056053,0.0056175,0.0057546,0.0043231,0.0036565,0.0034165,0.0033134,0.0028788,0.0026094,0.0026078,0.0026946,0.0024494,0.0022919,0.0023842,0.0025422,0.0023479,0.0022157,0.0023194,0.002484,0.0022955,0.0021668,0.0022699,0.0024335,0.0022491,0.0021244,0.0022281,0.0023917,0.0022105,0.0020885,0.0021921,0.0023553,0.0021765,0.0020567,0.0021602,0.0023232,0.0021471,0.0020299,0.0021341,0.0022973,0.0021232,0.0020078,0.0021119,0.0022749,0.002102,0.0019874,0.0020911,0.0022541,0.002084,0.0019739,0.0020839,0.0022606,0.0021212,0.0020647,0.0022734,0.0026483,0.0028367,0.0030159,0.0041045,0.0075078
0.043108,0.012241,0.00808,0.012287,0.043143,0.012291,0.0081039,0.012293,0.04315,0.012292,0.008104,0.012292,0.04315,0.012292,0.0081039,0.012292,0.04315,0.012292,0.008104,0.012292,0.04315,0.012292,0.008104,0.012292,0.04315,0.012292,0.0081041,0.012292,0.04315,0.012292,0.0081039,0.012288,0.043131,0.012295,0.0081311,0.012417,0.043672,0.012293,0.0078335,0.01165,0.041298,0.010857,0.0054542,0.0057628,0.017044,0.0045917,0.0032109,0.0032365,0.0078563,0.0027491,0.0025443,0.0026765,0.0086197,0.0025826,0.0023835,0.0025417,0.0083174,0.0025058,0.0023184,0.002481,0.0080652,0.0024531,0.0022693,0.0024311,0.007838,0.0024069,0.002227,0.0023893,0.0076643,0.0023685,0.0021906,0.0023521,0.0074954,0.0023333,0.0021578,0.0023188,0.0073418,0.0023031,0.0021303,0.0022918,0.0072309,0.0022788,0.0021075,0.0022687,0.0071307,0.0022566,0.0020862,0.0022468,0.0070268,0.0022381,0.002072,0.0022371,0.0069702,0.0022753,0.0021506,0.0023641,0.0071638,0.003025,0.0029038,0.0041929,0.014663
0.012057,0.0079894,0.0075034,0.0080883,0.012274,0.0080859,0.0075254,0.0080873,0.012275,0.0080867,0.007525,0.0080868,0.012275,0.0080866,0.0075249,0.0080868,0.012275,0.0080866,0.0075249,0.0080868,0.012275,0.0080866,0.007525,0.0080867,0.012275,0.0080867,0.007525,0.0080868,0.012276,0.0080879,0.0075275,0.0080876,0.012273,0.0080864,0.0075252,0.0081083,0.012309,0.0078513,0.0069279,0.0072901,0.010995,0.006368,0.0045848,0.0043372,0.0046006,0.003242,0.0029125,0.0027937,0.0027098,0.0024799,0.0023339,0.0024278,0.0025741,0.0023806,0.0022443,0.0023454,0.0025042,0.0023181,0.0021884,0.0022912,0.0024507,0.0022687,0.0021426,0.0022453,0.0024046,0.0022259,0.0021032,0.0022065,0.0023661,0.0021896,0.0020688,0.0021714,0.0023303,0.002156,0.0020376,0.0021402,0.0022991,0.0021274,0.0020115,0.0021147,0.0022739,0.0021038,0.0019893,0.0020922,0.0022509,0.0020821,0.0019687,0.0020714,0.0022303,0.0020646,0.0019559,0.0020651,0.002238,0.0021024,0.0020468,0.0022539,0.0026237,0.0028157,0.0029968,0.004078,0.0074741
0.0077146,0.0074009,0.0073841,0.0075216,0.0080551,0.0075082,0.0074041,0.0075101,0.0080524,0.0075089,0.0074031,0.007509,0.008052,0.0075088,0.007403,0.0075089,0.008052,0.0075088,0.007403,0.0075089,0.008052,0.0075088,0.007403,0.0075089,0.008052,0.0075088,0.007403,0.0075089,0.0080526,0.0075117,0.0074077,0.0075148,0.0080599,0.0075032,0.0073869,0.0074794,0.007915,0.0069887,0.0063648,0.0060198,0.0060191,0.0048963,0.0040981,0.0036816,0.0032289,0.0029198,0.0026215,0.0025283,0.0025038,0.002321,0.0022018,0.0022719,0.0023737,0.0022407,0.0021369,0.0022105,0.0023148,0.0021865,0.0020869,0.0021611,0.0022654,0.0021407,0.0020443,0.0021188,0.0022231,0.0021013,0.0020076,0.0020825,0.0021866,0.0020668,0.0019748,0.0020492,0.0021527,0.0020351,0.0019453,0.0020201,0.0021237,0.0020083,0.0019206,0.0019958,0.0020994,0.0019853,0.0018987,0.0019736,0.0020767,0.001964,0.0018786,0.0019537,0.0020573,0.0019475,0.0018668,0.0019488,0.0020667,0.001987,0.0019631,0.0021534,0.0024743,0.0027161,0.0030397,0.0040514,0.0064376
0.011896,0.0079184,0.0074711,0.0080187,0.01212,0.0080164,0.0074933,0.0080179,0.012121,0.0080173,0.0074929,0.0080174,0.012121,0.0080172,0.0074928,0.0080175,0.012121,0.0080172,0.0074928,0.0080174,0.012121,0.0080172,0.0074928,0.0080173,0.012121,0.0080172,0.0074927,0.0080169,0.01212,0.0080199,0.0074997,0.0080369,0.012165,0.0080159,0.0074657,0.0079636,0.011986,0.0074262,0.006047,0.0059943,0.0066873,0.0047526,0.0036975,0.0034448,0.0032571,0.0028053,0.0025331,0.002542,0.0026414,0.0024136,0.0022676,0.0023682,0.002532,0.0023401,0.0022084,0.0023115,0.0024753,0.0022874,0.0021593,0.0022623,0.0024256,0.0022416,0.0021172,0.0022206,0.0023836,0.0022027,0.0020808,0.002184,0.0023464,0.0021676,0.0020475,0.0021499,0.0023115,0.0021354,0.002018,0.0021209,0.0022824,0.0021086,0.001993,0.0020958,0.002257,0.0020845,0.00197,0.0020722,0.0022329,0.0020619,0.0019491,0.0020516,0.0022128,0.0020451,0.0019368,0.0020457,0.0022207,0.0020828,0.0020272,0.0022335,0.002605,0.0027935,0.0029765,0.0040405,0.0073816
0.042463,0.012048,0.007975,0.012098,0.04251,0.012102,0.0080002,0.012104,0.042517,0.012103,0.0080004,0.012104,0.042517,0.012103,0.0080003,0.012104,0.042517,0.012103,0.0080003,0.012104,0.042517,0.012103,0.0080003,0.012104,0.042517,0.012103,0.0080003,0.012102,0.042511,0.012106,0.0080137,0.012152,0.042713,0.012094,0.0079019,0.012013,0.042627,0.011385,0.0060994,0.0067577,0.021997,0.0056231,0.0033391,0.0033483,0.0079585,0.0027215,0.0025104,0.0026443,0.0085965,0.0025653,0.0023693,0.0025303,0.0082785,0.0024986,0.0023117,0.0024739,0.0080255,0.0024457,0.0022625,0.0024241,0.007803,0.0024,0.0022204,0.0023822,0.0076271,0.0023613,0.0021838,0.002345,0.0074608,0.0023255,0.0021499,0.00231,0.0072986,0.002293,0.0021201,0.0022806,0.0071757,0.0022659,0.0020945,0.0022545,0.0070604,0.0022406,0.0020703,0.0022294,0.006942,0.002217,0.0020486,0.0022079,0.0068472,0.0021999,0.0020355,0.0021993,0.0067934,0.0022369,0.0021131,0.0023246,0.0069769,0.0029809,0.0028678,0.0041261,0.014368
0.011861,0.0078839,0.0074243,0.0079843,0.012086,0.0079826,0.0074475,0.007984,0.012087,0.0079834,0.0074472,0.0079836,0.012087,0.0079833,0.0074471,0.0079835,0.012087,0.0079833,0.0074471,0.0079835,0.012087,0.0079834,0.0074471,0.0079836,0.012087,0.0079838,0.0074478,0.0079838,0.012087,0.0079882,0.0074575,0.0079984,0.012093,0.0078404,0.0071023,0.007573,0.011502,0.0067709,0.0050653,0.0049085,0.0056846,0.0036903,0.0030587,0.0029045,0.002766,0.0024906,0.0023272,0.0024166,0.0025663,0.0023723,0.0022369,0.0023385,0.002498,0.0023129,0.0021837,0.0022861,0.0024452,0.0022636,0.0021379,0.0022404,0.0023996,0.0022211,0.0020987,0.0022015,0.0023608,0.0021846,0.0020641,0.0021664,0.002325,0.0021507,0.0020322,0.002134,0.0022923,0.0021203,0.0020043,0.0021065,0.0022649,0.0020944,0.0019796,0.0020813,0.002239,0.0020697,0.0019559,0.0020571,0.0022144,0.0020469,0.0019352,0.002037,0.0021952,0.0020307,0.0019233,0.0020313,0.0022029,0.002068,0.0020128,0.0022174,0.0025842,0.0027757,0.0029604,0.0040168,0.0073501
0.0076084,0.0073222,0.007304,0.0074429,0.0079522,0.0074307,0.0073253,0.0074327,0.0079498,0.0074315,0.0073244,0.0074315,0.0079494,0.0074314,0.0073243,0.0074315,0.0079494,0.0074314,0.0073243,0.0074315,0.0079495,0.0074314,0.0073243,0.0074315,0.0079497,0.0074322,0.0073255,0.0074327,0.0079524,0.0074387,0.0073354,0.0074434,0.0079142,0.0071099,0.0067113,0.0064877,0.0065374,0.0053809,0.0044566,0.0039602,0.0034852,0.0031249,0.0027768,0.0026274,0.0025552,0.0023411,0.0022069,0.002271,0.0023713,0.0022387,0.0021353,0.0022086,0.0023123,0.0021851,0.0020861,0.0021598,0.0022633,0.0021395,0.0020436,0.0021178,0.0022214,0.0021003,0.002007,0.0020814,0.0021846,0.0020656,0.0019741,0.0020481,0.0021507,0.0020337,0.0019441,0.0020181,0.0021205,0.0020055,0.0019178,0.001992,0.0020942,0.0019803,0.0018935,0.0019671,0.0020687,0.0019558,0.0018701,0.0019435,0.0020451,0.0019341,0.0018503,0.0019246,0.0020271,0.0019189,0.0018392,0.00192,0.0020362,0.0019574,0.0019338,0.0021217,0.0024394,0.0026812,0.0030081,0.004001,0.0063543
0.011706,0.0078163,0.0073943,0.0079174,0.011934,0.0079157,0.0074174,0.0079172,0.011935,0.0079166,0.0074171,0.0079168,0.011935,0.0079166,0.0074171,0.0079168,0.011935,0.0079166,0.007417,0.0079167,0.011935,0.0079166,0.007417,0.0079167,0.011935,0.0079175,0.0074186,0.0079194,0.01194,0.0079197,0.0074314,0.0079861,0.012098,0.0076215,0.0065086,0.0064898,0.008013,0.0053689,0.0039944,0.0037331,0.0035115,0.0029883,0.0026611,0.0026217,0.0026828,0.0024343,0.0022794,0.0023754,0.0025353,0.0023462,0.0022153,0.0023172,0.002478,0.0022933,0.0021664,0.0022684,0.0024286,0.0022479,0.0021246,0.002227,0.0023869,0.0022091,0.0020881,0.0021902,0.0023493,0.0021738,0.0020547,0.0021561,0.0023145,0.0021414,0.0020247,0.0021262,0.0022843,0.0021133,0.0019983,0.0020995,0.002257,0.0020864,0.001972,0.0020723,0.0022294,0.0020597,0.0019466,0.0020471,0.0022047,0.0020371,0.0019263,0.0020277,0.0021863,0.0020215,0.0019146,0.0020218,0.0021936,0.0020581,0.0020034,0.002207,0.0025737,0.0027637,0.0029502,0.0039898,0.0072698
0.041833,0.011866,0.0078812,0.011917,0.041885,0.011921,0.0079069,0.011924,0.041892,0.011923,0.0079071,0.011923,0.041892,0.011923,0.0079071,0.011923,0.041892,0.011923,0.007907,0.011923,0.041893,0.011923,0.007907,0.011923,0.041891,0.011925,0.0079119,0.01193,0.041911,0.011908,0.0078985,0.012114,0.042968,0.011648,0.0065973,0.00806,0.027486,0.006993,0.0036874,0.0036313,0.0082479,0.0028512,0.0026142,0.0027167,0.0085179,0.0025908,0.0023946,0.002553,0.0082644,0.0025216,0.0023361,0.0024966,0.0080091,0.0024685,0.0022871,0.0024473,0.0077898,0.0024234,0.0022453,0.0024057,0.0076146,0.0023846,0.0022086,0.0023681,0.007446,0.0023486,0.0021746,0.0023332,0.0072852,0.0023159,0.0021444,0.002303,0.0071579,0.0022873,0.002117,0.0022747,0.0070406,0.0022573,0.002087,0.0022434,0.0069163,0.0022265,0.0020578,0.0022147,0.0068066,0.0022024,0.0020361,0.0021941,0.006726,0.0021863,0.0020234,0.0021852,0.0066659,0.0022221,0.0020997,0.002309,0.0068405,0.0029616,0.0028556,0.0040835,0.014121
0.011685,0.0077997,0.0073772,0.0079013,0.011914,0.0078997,0.0074005,0.0079011,0.011915,0.0079005,0.0074,0.0079006,0.011915,0.0079004,0.0073999,0.0079006,0.011915,0.0079004,0.0073999,0.0079006,0.011915,0.0079006,0.0074001,0.0079008,0.011916,0.0079068,0.0074131,0.0079088,0.011904,0.0078106,0.0071953,0.0077157,0.01172,0.0070551,0.0055601,0.0055425,0.0070893,0.0043747,0.0033402,0.0031519,0.0029376,0.0026297,0.00244,0.0025041,0.0026328,0.0024331,0.0022978,0.0023977,0.0025571,0.0023724,0.0022449,0.0023456,0.0025044,0.0023232,0.0021994,0.0023004,0.0024594,0.0022812,0.0021605,0.0022617,0.0024206,0.0022446,0.0021257,0.0022263,0.0023845,0.0022105,0.0020937,0.0021939,0.0023519,0.00218,0.0020654,0.0021656,0.0023232,0.0021521,0.0020379,0.0021363,0.0022909,0.0021184,0.0020029,0.0020993,0.0022525,0.0020817,0.0019685,0.0020669,0.0022225,0.0020557,0.0019458,0.002046,0.0022033,0.0020397,0.0019338,0.0020398,0.0022102,0.0020761,0.0020225,0.002225,0.0025904,0.0027817,0.0029692,0.0039977,0.0072576
0.0075335,0.0072837,0.0072772,0.0074066,0.0078831,0.0073945,0.0072994,0.0073966,0.0078807,0.0073953,0.0072983,0.0073954,0.0078803,0.0073952,0.0072982,0.0073953,0.0078804,0.0073952,0.0072982,0.0073953,0.0078805,0.0073955,0.0072984,0.0073954,0.0078824,0.0074077,0.0073189,0.0074217,0.0078893,0.0071974,0.0069062,0.0067858,0.0068617,0.0057753,0.0049086,0.0044028,0.0039872,0.0035222,0.0031173,0.0028991,0.0027549,0.0025206,0.0023702,0.0024118,0.002486,0.0023643,0.0022664,0.0023328,0.0024213,0.0023097,0.0022173,0.0022844,0.0023725,0.0022642,0.0021753,0.002243,0.0023312,0.0022256,0.0021391,0.0022067,0.0022945,0.0021908,0.0021059,0.0021731,0.0022603,0.0021588,0.0020759,0.0021432,0.0022302,0.0021306,0.0020495,0.0021164,0.0022023,0.0021026,0.0020206,0.0020847,0.0021663,0.0020608,0.0019748,0.0020369,0.0021203,0.002013,0.0019291,0.0019959,0.0020862,0.0019834,0.0019036,0.0019733,0.0020665,0.0019672,0.0018916,0.0019679,0.0020749,0.0020053,0.0019862,0.0021699,0.0024785,0.0027304,0.0030627,0.0040296,0.0063157
0.011569,0.0077933,0.0074063,0.0079029,0.011817,0.0079009,0.007431,0.0079025,0.011818,0.0079017,0.0074304,0.0079018,0.011818,0.0079017,0.0074303,0.0079018,0.011818,0.0079017,0.0074303,0.0079019,0.011819,0.0079023,0.0074309,0.0079001,0.011813,0.0079091,0.0074576,0.0080106,0.012077,0.007758,0.0068402,0.0068544,0.0088737,0.0058846,0.0045407,0.0043068,0.0040537,0.0034518,0.003096,0.0029777,0.0029129,0.0027103,0.0025606,0.002628,0.0027051,0.0025911,0.0024794,0.0025612,0.0026442,0.0025375,0.0024307,0.0025127,0.0025951,0.0024925,0.0023895,0.0024722,0.0025543,0.0024546,0.0023537,0.0024356,0.0025166,0.0024191,0.0023201,0.0024014,0.0024816,0.0023868,0.0022903,0.0023718,0.0024517,0.002359,0.0022641,0.0023446,0.0024225,0.002328,0.0022307,0.0023068,0.00238,0.0022684,0.0021623,0.0022367,0.0023257,0.0021978,0.0020931,0.0021769,0.0022855,0.0021601,0.0020603,0.002149,0.0022634,0.0021418,0.0020466,0.0021418,0.0022702,0.0021785,0.0021363,0.0023284,0.0026515,0.0028902,0.003089,0.004093,0.0072291
0.041289,0.011913,0.0081094,0.011983,0.0414,0.011985,0.008129,0.011986,0.041407,0.011986,0.008128,0.011986,0.041407,0.011986,0.0081279,0.011986,0.041407,0.011986,0.008128,0.011986,0.041408,0.011988,0.0081318,0.011982,0.041372,0.011981,0.0081517,0.012264,0.042727,0.011917,0.007153,0.0091094,0.030751,0.0081629,0.0044923,0.0044262,0.0096997,0.0035297,0.0032615,0.003286,0.0087011,0.0030804,0.002908,0.0030374,0.0085419,0.0030035,0.0028443,0.0029782,0.008281,0.0029505,0.0027958,0.0029295,0.0080595,0.0029062,0.0027552,0.0028894,0.0078906,0.0028689,0.0027196,0.0028525,0.0077181,0.0028331,0.0026858,0.0028178,0.0075554,0.0028009,0.0026562,0.0027885,0.007429,0.0027736,0.0026301,0.0027609,0.007307,0.0027376,0.0025897,0.0027138,0.0071642,0.0026438,0.0024819,0.0025998,0.0069991,0.0025286,0.0023717,0.0025031,0.0068819,0.0024764,0.002326,0.0024653,0.0067941,0.0024554,0.0023096,0.0024539,0.0067333,0.0024916,0.0023875,0.00258,0.0069098,0.0032431,0.0031455,0.0043272,0.013993
0.011925,0.0083756,0.0080531,0.0085037,0.012245,0.0084934,0.0080749,0.0084933,0.012243,0.0084921,0.0080736,0.0084921,0.012243,0.0084919,0.0080735,0.008492,0.012243,0.0084918,0.0080735,0.0084923,0.012244,0.0084978,0.0080822,0.0085042,0.012241,0.0084705,0.0080406,0.0084325,0.012289,0.0079454,0.0068482,0.006764,0.00864,0.0056868,0.0045121,0.00429,0.0040653,0.0036486,0.003417,0.0034174,0.0035596,0.0032938,0.003171,0.0032551,0.0034675,0.0032298,0.003118,0.0032041,0.0034163,0.0031824,0.0030742,0.0031607,0.003373,0.0031425,0.0030377,0.0031249,0.0033373,0.0031087,0.0030052,0.0030915,0.0033028,0.0030761,0.0029744,0.0030603,0.0032714,0.0030471,0.0029478,0.0030343,0.0032455,0.0030225,0.0029236,0.0030075,0.0032133,0.0029839,0.0028757,0.002942,0.0031125,0.0028545,0.0027218,0.0027642,0.002907,0.0026794,0.0025654,0.0026284,0.0027908,0.0025974,0.0025008,0.0025811,0.0027548,0.002572,0.0024826,0.0025712,0.0027593,0.0026082,0.0025738,0.0027643,0.0031529,0.0033142,0.003479,0.0044798,0.007584
0.0083753,0.0080043,0.0080229,0.0082075,0.0088267,0.0081866,0.0080802,0.0081924,0.0088225,0.0081901,0.0080788,0.0081902,0.0088219,0.00819,0.0080787,0.0081901,0.0088219,0.0081899,0.0080787,0.0081899,0.0088234,0.0081985,0.0080899,0.0082106,0.0088582,0.0081553,0.0080186,0.0080715,0.0083424,0.0074421,0.0067599,0.0064827,0.005998,0.0054125,0.0047872,0.0042797,0.0038453,0.0037071,0.0036319,0.00351,0.0033939,0.0034243,0.0034508,0.003395,0.0033175,0.0033729,0.0034064,0.0033522,0.0032717,0.0033329,0.0033684,0.0033151,0.003233,0.0032989,0.0033366,0.0032845,0.0032003,0.0032698,0.0033081,0.0032558,0.0031689,0.003242,0.0032812,0.0032291,0.0031407,0.0032173,0.003258,0.0032068,0.0031174,0.0031964,0.0032364,0.0031825,0.0030856,0.0031563,0.0031889,0.0031192,0.0029776,0.0030056,0.0030396,0.0029556,0.0028358,0.0028657,0.0028957,0.0028164,0.0027314,0.002782,0.0028123,0.0027647,0.0026947,0.0027556,0.0027923,0.002757,0.0027034,0.0027941,0.0028869,0.002967,0.0031095,0.0034751,0.003818,0.0047076,0.0070355
0.014257,0.010079,0.0094205,0.010276,0.014739,0.010261,0.0094524,0.010265,0.014741,0.010264,0.0094522,0.010264,0.014741,0.010264,0.0094522,0.010264,0.014741,0.010264,0.0094513,0.010262,0.014737,0.010276,0.0094883,0.010361,0.014957,0.010271,0.0092491,0.0096325,0.013138,0.0089519,0.0073493,0.0070768,0.0070732,0.005959,0.0056529,0.0054992,0.0054764,0.005085,0.004977,0.0050239,0.005288,0.0049725,0.0048837,0.004944,0.0051843,0.004918,0.0048369,0.0048991,0.0051134,0.0048783,0.0048008,0.0048639,0.0050595,0.0048463,0.0047703,0.0048326,0.0050075,0.0048158,0.0047413,0.0048025,0.0049569,0.0047874,0.0047151,0.0047766,0.0049167,0.0047641,0.0046933,0.0047548,0.004882,0.0047455,0.0046757,0.0047368,0.0048431,0.004686,0.004596,0.0046252,0.0046248,0.0042629,0.0040701,0.0038596,0.003836,0.0035919,0.0035546,0.0034466,0.0035502,0.0033876,0.0034376,0.0033624,0.0034931,0.0033505,0.0034129,0.0033417,0.0034814,0.0033702,0.0034913,0.0035238,0.0038522,0.0040404,0.0042811,0.0053845,0.0092179
0.049612,0.018599,0.012888,0.018691,0.050333,0.018673,0.012856,0.018678,0.050353,0.018678,0.012857,0.018678,0.050353,0.018678,0.012857,0.018678,0.050353,0.018677,0.012855,0.018671,0.050324,0.018688,0.012914,0.018909,0.051293,0.018802,0.012552,0.017292,0.044763,0.016649,0.010446,0.011392,0.022082,0.010658,0.0084396,0.0097683,0.018425,0.0095846,0.008021,0.0095983,0.018552,0.0095777,0.0079775,0.0094999,0.01822,0.0094838,0.0079317,0.0094275,0.017979,0.0094153,0.0078976,0.0093742,0.017803,0.0093637,0.0078687,0.0093222,0.017624,0.0093121,0.0078403,0.0092714,0.017449,0.0092623,0.0078153,0.0092313,0.017316,0.0092239,0.0077949,0.0091964,0.017197,0.0091934,0.0077861,0.0091854,0.01711,0.0091361,0.007662,0.0089185,0.016594,0.0084666,0.0064281,0.0066595,0.012759,0.0061572,0.0052962,0.0057619,0.011906,0.0056735,0.0050592,0.0056434,0.011794,0.0056292,0.005023,0.005588,0.011664,0.0055967,0.0050357,0.0056289,0.011704,0.0062628,0.0057839,0.0082466,0.019412
