0,-1.3878e-17,0,0,0,-1.3878e-17,1.3878e-17,0,0,-1.3878e-17,1.3878e-17,0,0,-1.3878e-17,1.3878e-17,0,0,-1.3878e-17,1.3878e-17,0,0,-1.3878e-17,1.3878e-17,0,0,-1.3878e-17,0,0,0,-1.3878e-17,-1.3878e-17,0,0,0,-1.3878e-17,0,0,0,0,0,0,0,0,0,0,0,0,0,0,0,0,0,0,0,0,0,0,0,0,0,0,0,0,0,0,0,0,0,0,0,0,0,0,0,-1.3878e-17,0,0,0,0,0,0,0,0,0,0,0,0,0,0,0,0,0,0,0,0,0,0,0,0,0,0
1.3878e-17,1.7347e-18,5.2042e-18,0,0,-5.2042e-18,5.2042e-18,0,0,-5.2042e-18,5.2042e-18,0,0,-5.2042e-18,5.2042e-18,0,0,-5.2042e-18,5.2042e-18,0,0,-5.2042e-18,5.2042e-18,0,0,-5.2042e-18,5.2042e-18,0,0,-6.9389e-18,5.2042e-18,-1.3878e-17,0,-5.2042e-18,5.2042e-18,-1.3878e-17,0,-5.2042e-18,5.2042e-18,-1.3878e-17,1.3878e-17,-5.2042e-18,5.2042e-18,-1.3878e-17,1.3878e-17,-5.2042e-18,5.2042e-18,-1.3878e-17,1.3878e-17,-5.2042e-18,5.2042e-18,-1.3878e-17,1.3878e-17,-5.2042e-18,5.2042e-18,-1.3878e-17,1.3878e-17,-5.2042e-18,5.2042e-18,-1.3878e-17,1.3878e-17,-5.2042e-18,5.2042e-18,-1.3878e-17,1.3878e-17,-5.2042e-18,5.2042e-18,-1.3878e-17,1.3878e-17,-5.2042e-18,5.2042e-18,-1.3878e-17,0,-5.2042e-18,5.2042e-18,-1.3878e-17,0,0,0.00029598,0,0,0,-0.0014835,0,0,0.0015183,-0.0016957,0,0,0.0015344,-0.001689,0,0,0.0015942,-0.0013194,0,-6.9389e-18,-0.0026509,-1.7347e-18,0,6.9389e-18
0,0,-8.2258e-05,5.2042e-18,-5.2042e-18,0.00053205,-0.00055886,5.2042e-18,-5.2042e-18,0.00055268,-0.00055269,5.2042e-18,-5.2042e-18,0.00055292,-0.00055206,5.2042e-18,-5.2042e-18,0.00055272,-0.00055048,5.2042e-18,-5.2042e-18,0.00055676,-0.00053036,5.2042e-18,-5.2042e-18,0.00045133,-0.00093902,5.2042e-18,-5.2042e-18,0.0002698,-0.0014346,5.2042e-18,-5.2042e-18,0.0018433,-0.0020643,5.2042e-18,-5.2042e-18,0.0020687,-0.002101,5.2042e-18,-5.2042e-18,0.0020689,-0.0020967,5.2042e-18,-5.2042e-18,0.0020573,-0.0020776,5.2042e-18,-5.2042e-18,0.0020498,-0.0020638,5.2042e-18,-5.2042e-18,0.0020407,-0.0020541,5.2042e-18,-5.2042e-18,0.0020313,-0.0020446,5.2042e-18,-5.2042e-18,0.0020243,-0.002035,5.2042e-18,-5.2042e-18,0.002021,-0.0020151,5.2042e-18,-5.2042e-18,0.0020748,-0.001811,5.2042e-18,-5.2042e-18,0,-0.0020845,5.2042e-18,-6.9389e-18,-5.2042e-18,-0.001825,-0.0040792,1.7347e-18,0.00031493,-0.0016087,-0.0022661,0.00079468,0.00084881,-0.0012228,-0.0019005,0.0015069,0.00098316,-0.0010854,-0.0017026,0.0018792,0.0011672,-0.00080992,0,0.002996,-0.0011399,5.2042e-18,0,5.2042e-18
-1.3878e-17,1.7347e-18,5.2042e-18,-1.3878e-17,1.3878e-17,-5.2042e-18,5.2042e-18,-1.3878e-17,1.3878e-17,-5.2042e-18,5.2042e-18,-1.3878e-17,1.3878e-17,-5.2042e-18,5.2042e-18,-1.3878e-17,1.3878e-17,-5.2042e-18,5.2042e-18,-1.3878e-17,1.3878e-17,-5.2042e-18,5.2042e-18,-1.3878e-17,1.3878e-17,-5.2042e-18,5.2042e-18,-1.3878e-17,1.3878e-17,-5.2042e-18,5.2042e-18,-1.3878e-17,1.3878e-17,-5.2042e-18,5.2042e-18,-1.3878e-17,1.3878e-17,-5.2042e-18,5.2042e-18,-1.3878e-17,1.3878e-17,-5.2042e-18,5.2042e-18,-1.3878e-17,1.3878e-17,-5.2042e-18,5.2042e-18,-1.3878e-17,1.3878e-17,-5.2042e-18,5.2042e-18,-1.3878e-17,1.3878e-17,-5.2042e-18,5.2042e-18,-1.3878e-17,1.3878e-17,-5.2042e-18,5.2042e-18,-1.3878e-17,1.3878e-17,-5.2042e-18,5.2042e-18,-1.3878e-17,1.3878e-17,-5.2042e-18,5.2042e-18,-1.3878e-17,1.3878e-17,-5.2042e-18,5.2042e-18,-1.3878e-17,0,-6.9389e-18,0,6.9389e-18,1.3878e-17,0,-0.00138,0,0,0,-0.0016313,0,0,0.001279,-0.0017241,0,0,0.0015173,-0.0016968,0,0,0.0016243,-0.0010933,0,-6.9389e-18,-0.0012222,0,0,0
0,0,-1.3878e-17,0,0,1.3878e-17,-1.3878e-17,0,0,1.3878e-17,-1.3878e-17,0,0,1.3878e-17,-1.3878e-17,0,0,1.3878e-17,-1.3878e-17,0,0,1.3878e-17,-1.3878e-17,0,0,1.3878e-17,-1.3878e-17,0,0,1.3878e-17,-1.3878e-17,0,0,1.3878e-17,-1.3878e-17,0,0,1.3878e-17,-1.3878e-17,0,0,1.3878e-17,-1.3878e-17,0,0,1.3878e-17,-1.3878e-17,0,0,1.3878e-17,-1.3878e-17,0,0,1.3878e-17,-1.3878e-17,0,0,1.3878e-17,-1.3878e-17,0,0,1.3878e-17,-1.3878e-17,0,0,1.3878e-17,-1.3878e-17,0,0,1.3878e-17,0,0,0,0,6.9389e-18,0,0,1.3878e-17,6.9389e-18,0,0,0,0,0,0,0,0,0,0,0,0,0,0,0,0,0,-2.7756e-17,-6.9389e-18,0,0,0
0,1.7347e-18,5.2042e-18,-1.3878e-17,1.3878e-17,-5.2042e-18,5.2042e-18,-1.3878e-17,1.3878e-17,-5.2042e-18,5.2042e-18,-1.3878e-17,1.3878e-17,-5.2042e-18,5.2042e-18,-1.3878e-17,1.3878e-17,-5.2042e-18,5.2042e-18,-1.3878e-17,1.3878e-17,-5.2042e-18,5.2042e-18,-1.3878e-17,1.3878e-17,-5.2042e-18,5.2042e-18,-1.3878e-17,1.3878e-17,-5.2042e-18,5.2042e-18,-1.3878e-17,1.3878e-17,-5.2042e-18,5.2042e-18,-1.3878e-17,1.3878e-17,-5.2042e-18,5.2042e-18,-1.3878e-17,1.3878e-17,-5.2042e-18,5.2042e-18,-1.3878e-17,1.3878e-17,-5.2042e-18,5.2042e-18,-1.3878e-17,1.3878e-17,-5.2042e-18,5.2042e-18,-1.3878e-17,1.3878e-17,-5.2042e-18,5.2042e-18,-1.3878e-17,1.3878e-17,-5.2042e-18,5.2042e-18,-1.3878e-17,1.3878e-17,-5.2042e-18,5.2042e-18,-1.3878e-17,1.3878e-17,-5.2042e-18,5.2042e-18,-1.3878e-17,1.3878e-17,-5.2042e-18,5.2042e-18,-1.3878e-17,0,0,0,6.9389e-18,1.3878e-17,0,-0.00027505,0,0,0.00090836,-0.0016599,0,0,0.0014062,-0.0017625,0,0,0.0016799,-0.0018074,0,0,0.0018537,-0.0013844,0,-6.9389e-18,-0.0013797,0,0,0
0,0,-0.00070226,5.2042e-18,-5.2042e-18,0.0019762,-0.0019663,5.2042e-18,-5.2042e-18,0.0020141,-0.0020141,5.2042e-18,-5.2042e-18,0.0020134,-0.0020135,5.2042e-18,-5.2042e-18,0.0020131,-0.0020135,5.2042e-18,-5.2042e-18,0.0020124,-0.0020129,5.2042e-18,-5.2042e-18,0.0020241,-0.0020205,5.2042e-18,-5.2042e-18,0.0020683,-0.0020553,5.2042e-18,-5.2042e-18,0.0021024,-0.002099,5.2042e-18,-5.2042e-18,0.0021077,-0.0021087,5.2042e-18,-5.2042e-18,0.0021082,-0.0021096,5.2042e-18,-5.2042e-18,0.0021093,-0.0021102,5.2042e-18,-5.2042e-18,0.0021103,-0.0021105,5.2042e-18,-5.2042e-18,0.0021109,-0.002111,5.2042e-18,-5.2042e-18,0.0021115,-0.0021114,5.2042e-18,-5.2042e-18,0.0021121,-0.0021118,5.2042e-18,-5.2042e-18,0.0021173,-0.002106,5.2042e-18,-5.2042e-18,0.0021771,-0.0019177,5.2042e-18,-6.9389e-18,-5.2042e-18,-0.0017423,-0.00024996,-5.2042e-18,-5.2042e-18,-0.0018076,-0.003767,0,0.00069373,-0.0013462,-0.0019653,0.0012746,0.00090092,-0.0011517,-0.0019463,0.0015257,0.00095686,-0.0010379,-0.0017563,0.0019462,0.0011759,-0.00083064,0,0.0033353,-0.00068755,5.2042e-18,0,5.2042e-18
1.3878e-17,-5.2042e-18,5.2042e-18,-1.3878e-17,1.3878e-17,-5.2042e-18,5.2042e-18,-1.3878e-17,1.3878e-17,-5.2042e-18,5.2042e-18,-1.3878e-17,1.3878e-17,-5.2042e-18,5.2042e-18,-1.3878e-17,1.3878e-17,-5.2042e-18,5.2042e-18,-1.3878e-17,1.3878e-17,-5.2042e-18,5.2042e-18,-1.3878e-17,1.3878e-17,-5.2042e-18,5.2042e-18,-1.3878e-17,1.3878e-17,-5.2042e-18,5.2042e-18,-1.3878e-17,1.3878e-17,-5.2042e-18,5.2042e-18,-1.3878e-17,1.3878e-17,-5.2042e-18,5.2042e-18,-1.3878e-17,1.3878e-17,-5.2042e-18,5.2042e-18,-1.3878e-17,1.3878e-17,-5.2042e-18,5.2042e-18,-1.3878e-17,1.3878e-17,-5.2042e-18,5.2042e-18,-1.3878e-17,1.3878e-17,-5.2042e-18,5.2042e-18,-1.3878e-17,1.3878e-17,-5.2042e-18,5.2042e-18,-1.3878e-17,1.3878e-17,-5.2042e-18,5.2042e-18,-1.3878e-17,1.3878e-17,-5.2042e-18,5.2042e-18,-1.3878e-17,1.3878e-17,-5.2042e-18,5.2042e-18,-1.3878e-17,0,0,-0.00028798,0,-6.9389e-18,-5.2042e-18,-0.0015811,0,0,0.0011179,-0.001861,0,0,0.0014428,-0.0017885,0,0,0.001648,-0.0017733,0,0,0.0017499,-0.0012422,0,-6.9389e-18,-0.0010702,0,0,0
0,0,-1.3878e-17,0,0,1.3878e-17,-1.3878e-17,0,0,1.3878e-17,-1.3878e-17,0,0,1.3878e-17,-1.3878e-17,0,0,1.3878e-17,-1.3878e-17,0,0,1.3878e-17,-1.3878e-17,0,0,1.3878e-17,-1.3878e-17,0,0,1.3878e-17,-1.3878e-17,0,0,1.3878e-17,-1.3878e-17,0,0,1.3878e-17,-1.3878e-17,0,0,1.3878e-17,-1.3878e-17,0,0,1.3878e-17,-1.3878e-17,0,0,1.3878e-17,-1.3878e-17,0,0,1.3878e-17,-1.3878e-17,0,0,1.3878e-17,-1.3878e-17,0,0,1.3878e-17,-1.3878e-17,0,0,1.3878e-17,-1.3878e-17,0,0,1.3878e-17,-1.3878e-17,0,0,0,0,0,0,-6.9389e-18,6.9389e-18,0,0,0,0,0,0,0,0,0,0,0,0,0,0,0,0,0,0,-6.9389e-18,0,0,0
-1.3878e-17,1.7347e-18,5.2042e-18,-1.3878e-17,1.3878e-17,-5.2042e-18,5.2042e-18,-1.3878e-17,1.3878e-17,-5.2042e-18,5.2042e-18,-1.3878e-17,1.3878e-17,-5.2042e-18,5.2042e-18,-1.3878e-17,1.3878e-17,-5.2042e-18,5.2042e-18,-1.3878e-17,1.3878e-17,-5.2042e-18,5.2042e-18,-1.3878e-17,1.3878e-17,-5.2042e-18,5.2042e-18,-1.3878e-17,1.3878e-17,-5.2042e-18,5.2042e-18,-1.3878e-17,1.3878e-17,-5.2042e-18,5.2042e-18,-1.3878e-17,1.3878e-17,-5.2042e-18,5.2042e-18,-1.3878e-17,1.3878e-17,-5.2042e-18,5.2042e-18,-1.3878e-17,1.3878e-17,-5.2042e-18,5.2042e-18,-1.3878e-17,1.3878e-17,-5.2042e-18,5.2042e-18,-1.3878e-17,1.3878e-17,-5.2042e-18,5.2042e-18,-1.3878e-17,1.3878e-17,-5.2042e-18,5.2042e-18,-1.3878e-17,1.3878e-17,-5.2042e-18,5.2042e-18,-1.3878e-17,1.3878e-17,-5.2042e-18,5.2042e-18,-1.3878e-17,1.3878e-17,-5.2042e-18,5.2042e-18,-1.3878e-17,0,0,0.0010717,0,-6.9389e-18,-5.2042e-18,-0.0008617,0,0,0.0015556,-0.0018817,0,0,0.0014602,-0.0017944,0,0,0.0016884,-0.0018052,0,0,0.0017812,-0.0012838,0,0,-0.0011713,0,0,0
0,0,-0.00077854,5.2042e-18,-5.2042e-18,0.0020778,-0.0020719,5.2042e-18,-5.2042e-18,0.0021181,-0.0021189,5.2042e-18,-5.2042e-18,0.0021174,-0.002118,5.2042e-18,-5.2042e-18,0.0021173,-0.0021179,5.2042e-18,-5.2042e-18,0.0021172,-0.0021182,5.2042e-18,-5.2042e-18,0.0021176,-0.0021187,5.2042e-18,-5.2042e-18,0.0021191,-0.0021197,5.2042e-18,-5.2042e-18,0.0021201,-0.0021211,5.2042e-18,-5.2042e-18,0.0021201,-0.0021214,5.2042e-18,-5.2042e-18,0.00212,-0.0021212,5.2042e-18,-5.2042e-18,0.00212,-0.0021208,5.2042e-18,-5.2042e-18,0.0021205,-0.0021207,5.2042e-18,-5.2042e-18,0.0021207,-0.0021206,5.2042e-18,-5.2042e-18,0.0021208,-0.0021205,5.2042e-18,-5.2042e-18,0.0021215,-0.0021199,5.2042e-18,-5.2042e-18,0.0021444,-0.0021253,5.2042e-18,-5.2042e-18,0.001737,-0.0019619,5.2042e-18,-6.9389e-18,-5.2042e-18,-0.001673,-0.0029357,-5.2042e-18,0,-0.0016088,-0.0031215,0,0.00084377,-0.0011997,-0.0019207,0.0014422,0.00090653,-0.0011148,-0.001947,0.0015483,0.00093972,-0.0010349,-0.0017464,0.0019265,0.0011575,-0.00081031,0,0.0033542,-0.00068218,5.2042e-18,0,5.2042e-18
0,-5.2042e-18,5.2042e-18,-1.3878e-17,1.3878e-17,-5.2042e-18,5.2042e-18,-1.3878e-17,1.3878e-17,-5.2042e-18,5.2042e-18,-1.3878e-17,1.3878e-17,-5.2042e-18,5.2042e-18,-1.3878e-17,1.3878e-17,-5.2042e-18,5.2042e-18,-1.3878e-17,1.3878e-17,-5.2042e-18,5.2042e-18,-1.3878e-17,1.3878e-17,-5.2042e-18,5.2042e-18,-1.3878e-17,1.3878e-17,-5.2042e-18,5.2042e-18,-1.3878e-17,1.3878e-17,-5.2042e-18,5.2042e-18,-1.3878e-17,1.3878e-17,-5.2042e-18,5.2042e-18,-1.3878e-17,1.3878e-17,-5.2042e-18,5.2042e-18,-1.3878e-17,1.3878e-17,-5.2042e-18,5.2042e-18,-1.3878e-17,1.3878e-17,-5.2042e-18,5.2042e-18,-1.3878e-17,1.3878e-17,-5.2042e-18,5.2042e-18,-1.3878e-17,1.3878e-17,-5.2042e-18,5.2042e-18,-1.3878e-17,1.3878e-17,-5.2042e-18,5.2042e-18,-1.3878e-17,1.3878e-17,-5.2042e-18,5.2042e-18,-1.3878e-17,1.3878e-17,-5.2042e-18,5.2042e-18,-1.3878e-17,0,0,-0.0011302,0,0,-3.4694e-18,-0.0017252,0,0,0.0013492,-0.0018381,0,0,0.0015133,-0.0017902,0,0,0.0016655,-0.0017792,0,0,0.001754,-0.001259,0,-6.9389e-18,-0.0010522,0,0,0
0,0,-1.3878e-17,0,0,1.3878e-17,-1.3878e-17,0,0,1.3878e-17,-1.3878e-17,0,0,1.3878e-17,-1.3878e-17,0,0,1.3878e-17,-1.3878e-17,0,0,1.3878e-17,-1.3878e-17,0,0,1.3878e-17,-1.3878e-17,0,0,1.3878e-17,-1.3878e-17,0,0,1.3878e-17,-1.3878e-17,0,0,1.3878e-17,-1.3878e-17,0,0,1.3878e-17,-1.3878e-17,0,0,1.3878e-17,-1.3878e-17,0,0,1.3878e-17,-1.3878e-17,0,0,1.3878e-17,-1.3878e-17,0,0,1.3878e-17,-1.3878e-17,0,0,1.3878e-17,-1.3878e-17,0,0,1.3878e-17,-1.3878e-17,0,0,1.3878e-17,-1.3878e-17,0,0,0,0,0,0,0,0,0,0,0,0,0,0,0,0,0,0,0,0,0,0,0,0,0,2.7756e-17,-6.9389e-18,0,0,0
0,-5.2042e-18,5.2042e-18,-1.3878e-17,1.3878e-17,-5.2042e-18,5.2042e-18,-1.3878e-17,1.3878e-17,-5.2042e-18,5.2042e-18,-1.3878e-17,1.3878e-17,-5.2042e-18,5.2042e-18,-1.3878e-17,1.3878e-17,-5.2042e-18,5.2042e-18,-1.3878e-17,1.3878e-17,-5.2042e-18,5.2042e-18,-1.3878e-17,1.3878e-17,-5.2042e-18,5.2042e-18,-1.3878e-17,1.3878e-17,-5.2042e-18,5.2042e-18,-1.3878e-17,1.3878e-17,-5.2042e-18,5.2042e-18,-1.3878e-17,1.3878e-17,-5.2042e-18,5.2042e-18,-1.3878e-17,1.3878e-17,-5.2042e-18,5.2042e-18,-1.3878e-17,1.3878e-17,-5.2042e-18,5.2042e-18,-1.3878e-17,1.3878e-17,-5.2042e-18,5.2042e-18,-1.3878e-17,1.3878e-17,-5.2042e-18,5.2042e-18,-1.3878e-17,1.3878e-17,-5.2042e-18,5.2042e-18,-1.3878e-17,1.3878e-17,-5.2042e-18,5.2042e-18,-1.3878e-17,1.3878e-17,-5.2042e-18,5.2042e-18,-1.3878e-17,1.3878e-17,-5.2042e-18,5.2042e-18,-1.3878e-17,0,0,0.00046417,0,0,0,-0.0011761,0,0,0.0014937,-0.001835,0,0,0.0015337,-0.0018134,0,0,0.0016973,-0.0018019,0,0,0.0017785,-0.0012911,0,0,-0.0011168,0,0,0
0,0,-0.00079903,5.2042e-18,-5.2042e-18,0.0021439,-0.0021015,5.2042e-18,-5.2042e-18,0.0021221,-0.0021245,5.2042e-18,-5.2042e-18,0.002122,-0.0021233,5.2042e-18,-5.2042e-18,0.002122,-0.0021232,5.2042e-18,-5.2042e-18,0.0021218,-0.0021235,5.2042e-18,-5.2042e-18,0.002122,-0.0021237,5.2042e-18,-5.2042e-18,0.0021223,-0.0021236,5.2042e-18,-5.2042e-18,0.0021222,-0.0021239,5.2042e-18,-5.2042e-18,0.0021223,-0.0021236,5.2042e-18,-5.2042e-18,0.0021221,-0.0021231,5.2042e-18,-5.2042e-18,0.0021221,-0.0021228,5.2042e-18,-5.2042e-18,0.0021225,-0.0021227,5.2042e-18,-5.2042e-18,0.002123,-0.0021224,5.2042e-18,-5.2042e-18,0.0021232,-0.0021222,5.2042e-18,-5.2042e-18,0.0021259,-0.0021191,5.2042e-18,-5.2042e-18,0.0022069,-0.0021122,5.2042e-18,-5.2042e-18,0,-0.0018159,5.2042e-18,-6.9389e-18,-5.2042e-18,-0.0018965,-0.0038027,-5.2042e-18,0.00018154,-0.0017237,-0.0024499,0.0003552,0.00084114,-0.0011637,-0.0019453,0.0014495,0.00090476,-0.0011068,-0.001947,0.0015695,0.0009377,-0.0010332,-0.0017423,0.0019205,0.0011554,-0.00081212,0,0.0033683,-0.00067161,5.2042e-18,0,-1.7347e-18
0,1.7347e-18,5.2042e-18,-1.3878e-17,1.3878e-17,-5.2042e-18,5.2042e-18,-1.3878e-17,1.3878e-17,-5.2042e-18,5.2042e-18,-1.3878e-17,1.3878e-17,-5.2042e-18,5.2042e-18,-1.3878e-17,1.3878e-17,-5.2042e-18,5.2042e-18,-1.3878e-17,1.3878e-17,-5.2042e-18,5.2042e-18,-1.3878e-17,1.3878e-17,-5.2042e-18,5.2042e-18,-1.3878e-17,1.3878e-17,-5.2042e-18,5.2042e-18,-1.3878e-17,1.3878e-17,-5.2042e-18,5.2042e-18,-1.3878e-17,1.3878e-17,-5.2042e-18,5.2042e-18,-1.3878e-17,1.3878e-17,-5.2042e-18,5.2042e-18,-1.3878e-17,1.3878e-17,-5.2042e-18,5.2042e-18,-1.3878e-17,1.3878e-17,-5.2042e-18,5.2042e-18,-1.3878e-17,1.3878e-17,-5.2042e-18,5.2042e-18,-1.3878e-17,1.3878e-17,-5.2042e-18,5.2042e-18,-1.3878e-17,1.3878e-17,-5.2042e-18,5.2042e-18,-1.3878e-17,1.3878e-17,-5.2042e-18,5.2042e-18,-1.3878e-17,1.3878e-17,-5.2042e-18,0,6.9389e-18,1.3878e-17,0,-0.0013272,0,0,0,-0.001716,0,0,0.001337,-0.0018004,0,0,0.0015559,-0.0017955,0,0,0.0016779,-0.0017801,0,0,0.0017567,-0.0012737,0,-6.9389e-18,-0.0010049,-1.7347e-18,0,0
0,0,-1.3878e-17,0,0,1.3878e-17,-1.3878e-17,0,0,1.3878e-17,-1.3878e-17,0,0,1.3878e-17,-1.3878e-17,0,0,1.3878e-17,-1.3878e-17,0,0,1.3878e-17,-1.3878e-17,0,0,1.3878e-17,-1.3878e-17,0,0,1.3878e-17,-1.3878e-17,0,0,1.3878e-17,-1.3878e-17,0,0,1.3878e-17,-1.3878e-17,0,0,1.3878e-17,-1.3878e-17,0,0,1.3878e-17,-1.3878e-17,0,0,1.3878e-17,-1.3878e-17,0,0,1.3878e-17,-1.3878e-17,0,0,1.3878e-17,-1.3878e-17,0,0,1.3878e-17,-1.3878e-17,0,0,1.3878e-17,-1.3878e-17,0,0,0,6.9389e-18,0,0,1.3878e-17,6.9389e-18,0,0,0,0,0,0,0,0,0,0,0,0,0,0,0,0,0,0,0,0,0,0,-6.9389e-18,0,0,0
-1.3878e-17,-5.2042e-18,5.2042e-18,-1.3878e-17,1.3878e-17,-5.2042e-18,5.2042e-18,-1.3878e-17,1.3878e-17,-5.2042e-18,5.2042e-18,-1.3878e-17,1.3878e-17,-5.2042e-18,5.2042e-18,-1.3878e-17,1.3878e-17,-5.2042e-18,5.2042e-18,-1.3878e-17,1.3878e-17,-5.2042e-18,5.2042e-18,-1.3878e-17,1.3878e-17,-5.2042e-18,5.2042e-18,-1.3878e-17,1.3878e-17,-5.2042e-18,5.2042e-18,-1.3878e-17,1.3878e-17,-5.2042e-18,5.2042e-18,-1.3878e-17,1.3878e-17,-5.2042e-18,5.2042e-18,-1.3878e-17,1.3878e-17,-5.2042e-18,5.2042e-18,-1.3878e-17,1.3878e-17,-5.2042e-18,5.2042e-18,-1.3878e-17,1.3878e-17,-5.2042e-18,5.2042e-18,-1.3878e-17,1.3878e-17,-5.2042e-18,5.2042e-18,-1.3878e-17,1.3878e-17,-5.2042e-18,5.2042e-18,-1.3878e-17,1.3878e-17,-5.2042e-18,5.2042e-18,-1.3878e-17,1.3878e-17,-5.2042e-18,5.2042e-18,-1.3878e-17,1.3878e-17,-6.9389e-18,5.2042e-18,6.9389e-18,1.3878e-17,0,-0.00015751,0,0,0.00037744,-0.0015651,0,0,0.0013749,-0.0017722,0,0,0.001592,-0.0018223,0,0,0.0017061,-0.0018021,0,0,0.0017801,-0.0013038,0,0,-0.0010653,-1.7347e-18,0,0
0,0,-0.00081482,5.2042e-18,-5.2042e-18,0.0021849,-0.0021203,5.2042e-18,-5.2042e-18,0.0021243,-0.0021272,5.2042e-18,-5.2042e-18,0.0021249,-0.0021259,5.2042e-18,-5.2042e-18,0.0021248,-0.0021259,5.2042e-18,-5.2042e-18,0.0021244,-0.0021262,5.2042e-18,-5.2042e-18,0.0021247,-0.0021265,5.2042e-18,-5.2042e-18,0.002125,-0.0021264,5.2042e-18,-5.2042e-18,0.0021249,-0.0021266,5.2042e-18,-5.2042e-18,0.0021248,-0.0021262,5.2042e-18,-5.2042e-18,0.0021248,-0.0021259,5.2042e-18,-5.2042e-18,0.0021248,-0.0021258,5.2042e-18,-5.2042e-18,0.0021251,-0.0021256,5.2042e-18,-5.2042e-18,0.0021257,-0.0021252,5.2042e-18,-5.2042e-18,0.0021258,-0.002125,5.2042e-18,-5.2042e-18,0.0021297,-0.0021201,5.2042e-18,-5.2042e-18,0.0022099,-0.0020413,5.2042e-18,-5.2042e-18,0,-0.0017064,0,1.7347e-18,-5.2042e-18,-0.001884,-0.0036422,0,0.00068808,-0.0013678,-0.0020084,0.0011491,0.00086914,-0.0011461,-0.0019496,0.001464,0.0009021,-0.0011068,-0.0019422,0.0015875,0.00093535,-0.0010328,-0.0017386,0.0019163,0.0011544,-0.00081426,0,0.00338,-0.00065627,-1.7347e-18,0,-1.7347e-18
0,-5.2042e-18,5.2042e-18,-1.3878e-17,1.3878e-17,-5.2042e-18,5.2042e-18,-1.3878e-17,1.3878e-17,-5.2042e-18,5.2042e-18,-1.3878e-17,1.3878e-17,-5.2042e-18,5.2042e-18,-1.3878e-17,1.3878e-17,-5.2042e-18,5.2042e-18,-1.3878e-17,1.3878e-17,-5.2042e-18,5.2042e-18,-1.3878e-17,1.3878e-17,-5.2042e-18,5.2042e-18,-1.3878e-17,1.3878e-17,-5.2042e-18,5.2042e-18,-1.3878e-17,1.3878e-17,-5.2042e-18,5.2042e-18,-1.3878e-17,1.3878e-17,-5.2042e-18,5.2042e-18,-1.3878e-17,1.3878e-17,-5.2042e-18,5.2042e-18,-1.3878e-17,1.3878e-17,-5.2042e-18,5.2042e-18,-1.3878e-17,1.3878e-17,-5.2042e-18,5.2042e-18,-1.3878e-17,1.3878e-17,-5.2042e-18,5.2042e-18,-1.3878e-17,1.3878e-17,-5.2042e-18,5.2042e-18,-1.3878e-17,1.3878e-17,-5.2042e-18,5.2042e-18,-1.3878e-17,1.3878e-17,-5.2042e-18,5.2042e-18,-1.3878e-17,1.3878e-17,-6.9389e-18,-0.00052144,0,-6.9389e-18,-5.2042e-18,-0.0016291,0,0,0.00095563,-0.001844,0,0,0.0014024,-0.0017886,0,0,0.0015889,-0.001802,0,0,0.0016875,-0.0017808,0,0,0.0017582,-0.0012835,0,-6.9389e-18,-0.00095866,-1.7347e-18,0,0
0,0,-1.3878e-17,0,-5.5511e-17,1.3878e-17,-1.3878e-17,0,0,1.3878e-17,-1.3878e-17,0,0,1.3878e-17,-1.3878e-17,0,0,1.3878e-17,-1.3878e-17,0,0,1.3878e-17,-1.3878e-17,0,0,1.3878e-17,-1.3878e-17,0,0,1.3878e-17,-1.3878e-17,5.5511e-17,0,1.3878e-17,-1.3878e-17,0,5.5511e-17,1.3878e-17,-1.3878e-17,0,-5.5511e-17,1.3878e-17,-1.3878e-17,0,0,1.3878e-17,-1.3878e-17,0,0,1.3878e-17,-1.3878e-17,0,0,1.3878e-17,-1.3878e-17,5.5511e-17,0,1.3878e-17,-1.3878e-17,-5.5511e-17,5.5511e-17,1.3878e-17,-1.3878e-17,0,0,1.3878e-17,-1.3878e-17,0,0,0,0,0,0,-6.9389e-18,0,0,0,0,0,0,0,0,0,0,0,0,0,0,0,0,0,0,0,0,0,0,2.7756e-17,-6.9389e-18,0,0,0
0,-5.2042e-18,5.2042e-18,-1.3878e-17,1.3878e-17,-5.2042e-18,5.2042e-18,-1.3878e-17,1.3878e-17,-5.2042e-18,5.2042e-18,-1.3878e-17,1.3878e-17,-5.2042e-18,5.2042e-18,-1.3878e-17,1.3878e-17,-5.2042e-18,5.2042e-18,-1.3878e-17,1.3878e-17,-5.2042e-18,5.2042e-18,-1.3878e-17,1.3878e-17,-5.2042e-18,5.2042e-18,-1.3878e-17,1.3878e-17,-5.2042e-18,5.2042e-18,-1.3878e-17,1.3878e-17,-5.2042e-18,5.2042e-18,-1.3878e-17,1.3878e-17,-5.2042e-18,5.2042e-18,-1.3878e-17,1.3878e-17,-5.2042e-18,5.2042e-18,-1.3878e-17,1.3878e-17,-5.2042e-18,5.2042e-18,-1.3878e-17,1.3878e-17,-5.2042e-18,5.2042e-18,-1.3878e-17,1.3878e-17,-5.2042e-18,5.2042e-18,-1.3878e-17,1.3878e-17,-5.2042e-18,5.2042e-18,-1.3878e-17,1.3878e-17,-5.2042e-18,5.2042e-18,-1.3878e-17,1.3878e-17,-5.2042e-18,5.2042e-18,-1.3878e-17,1.3878e-17,0,0.00063721,0,-6.9389e-18,1.7347e-18,-0.00083918,0,0,0.0014716,-0.0018334,0,0,0.001409,-0.001778,0,0,0.0016268,-0.001826,0,0,0.001715,-0.0018024,0,0,0.0017805,-0.0013095,0,0,-0.0010154,-1.7347e-18,0,0
0,0,-0.00082817,5.2042e-18,-5.2042e-18,0.0021851,-0.0021228,5.2042e-18,-5.2042e-18,0.0021259,-0.0021286,5.2042e-18,-5.2042e-18,0.0021267,-0.0021272,5.2042e-18,-5.2042e-18,0.0021265,-0.0021273,5.2042e-18,-5.2042e-18,0.0021263,-0.0021277,5.2042e-18,-5.2042e-18,0.0021265,-0.0021279,5.2042e-18,-5.2042e-18,0.0021268,-0.0021279,5.2042e-18,-5.2042e-18,0.0021268,-0.002128,5.2042e-18,-5.2042e-18,0.0021269,-0.0021276,5.2042e-18,-5.2042e-18,0.0021268,-0.0021275,5.2042e-18,-5.2042e-18,0.0021267,-0.0021273,5.2042e-18,-5.2042e-18,0.002127,-0.0021272,5.2042e-18,-5.2042e-18,0.0021274,-0.002127,5.2042e-18,-5.2042e-18,0.002128,-0.0021267,5.2042e-18,-5.2042e-18,0.0021473,-0.0021355,5.2042e-18,-5.2042e-18,0.001907,-0.0020371,5.2042e-18,-6.9389e-18,-5.2042e-18,-0.0017173,-0.002792,-5.2042e-18,0,-0.0016592,-0.0030077,0,0.00082975,-0.001217,-0.0019202,0.0013819,0.00090418,-0.0011245,-0.0019488,0.0014982,0.00090262,-0.0011056,-0.0019398,0.0016017,0.00093318,-0.0010319,-0.0017332,0.0019147,0.0011547,-0.00081346,0,0.0033889,-0.00064003,5.2042e-18,0,-1.7347e-18
0,-5.2042e-18,5.2042e-18,-1.3878e-17,1.3878e-17,-5.2042e-18,5.2042e-18,-1.3878e-17,1.3878e-17,-5.2042e-18,5.2042e-18,-1.3878e-17,1.3878e-17,-5.2042e-18,5.2042e-18,-1.3878e-17,1.3878e-17,-5.2042e-18,5.2042e-18,-1.3878e-17,1.3878e-17,-5.2042e-18,5.2042e-18,-1.3878e-17,1.3878e-17,-5.2042e-18,5.2042e-18,-1.3878e-17,1.3878e-17,-5.2042e-18,5.2042e-18,-1.3878e-17,1.3878e-17,-5.2042e-18,5.2042e-18,-1.3878e-17,1.3878e-17,-5.2042e-18,5.2042e-18,-1.3878e-17,1.3878e-17,-5.2042e-18,5.2042e-18,-1.3878e-17,1.3878e-17,-5.2042e-18,5.2042e-18,-1.3878e-17,1.3878e-17,-5.2042e-18,5.2042e-18,-1.3878e-17,1.3878e-17,-5.2042e-18,5.2042e-18,-1.3878e-17,1.3878e-17,-5.2042e-18,5.2042e-18,-1.3878e-17,1.3878e-17,-5.2042e-18,5.2042e-18,-1.3878e-17,1.3878e-17,-5.2042e-18,5.2042e-18,-1.3878e-17,1.3878e-17,0,-0.0012138,0,0,-3.4694e-18,-0.0017205,0,0,0.0013069,-0.0018338,0,0,0.0014809,-0.0017894,0,0,0.001612,-0.0018053,0,0,0.0016979,-0.0017816,0,0,0.0017591,-0.0012871,0,-6.9389e-18,-0.00091319,-1.7347e-18,0,0
0,1.3878e-17,-1.3878e-17,0,0,1.3878e-17,-1.3878e-17,5.5511e-17,0,1.3878e-17,-1.3878e-17,0,0,1.3878e-17,-1.3878e-17,0,-5.5511e-17,1.3878e-17,-1.3878e-17,0,5.5511e-17,1.3878e-17,-1.3878e-17,0,-5.5511e-17,1.3878e-17,-1.3878e-17,0,0,1.3878e-17,-1.3878e-17,0,-5.5511e-17,1.3878e-17,-1.3878e-17,0,0,1.3878e-17,-1.3878e-17,0,0,1.3878e-17,-1.3878e-17,-5.5511e-17,0,1.3878e-17,-1.3878e-17,0,5.5511e-17,1.3878e-17,-1.3878e-17,0,0,1.3878e-17,-1.3878e-17,0,0,1.3878e-17,-1.3878e-17,0,-5.5511e-17,1.3878e-17,-1.3878e-17,5.5511e-17,0,1.3878e-17,-1.3878e-17,0,-5.5511e-17,0,0,0,0,0,0,0,0,0,0,0,0,0,0,0,0,0,0,0,0,0,0,0,0,0,0,0,0,-6.9389e-18,0,0,0
0,-5.2042e-18,5.2042e-18,-1.3878e-17,1.3878e-17,-5.2042e-18,5.2042e-18,-1.3878e-17,1.3878e-17,-5.2042e-18,5.2042e-18,-1.3878e-17,1.3878e-17,-5.2042e-18,5.2042e-18,-1.3878e-17,1.3878e-17,-5.2042e-18,5.2042e-18,-1.3878e-17,1.3878e-17,-5.2042e-18,5.2042e-18,-1.3878e-17,1.3878e-17,-5.2042e-18,5.2042e-18,-1.3878e-17,1.3878e-17,-5.2042e-18,5.2042e-18,-1.3878e-17,1.3878e-17,-5.2042e-18,5.2042e-18,-1.3878e-17,1.3878e-17,-5.2042e-18,5.2042e-18,-1.3878e-17,1.3878e-17,-5.2042e-18,5.2042e-18,-1.3878e-17,1.3878e-17,-5.2042e-18,5.2042e-18,-1.3878e-17,1.3878e-17,-5.2042e-18,5.2042e-18,-1.3878e-17,1.3878e-17,-5.2042e-18,5.2042e-18,-1.3878e-17,1.3878e-17,-5.2042e-18,5.2042e-18,-1.3878e-17,1.3878e-17,-5.2042e-18,5.2042e-18,-1.3878e-17,1.3878e-17,-5.2042e-18,5.2042e-18,-1.3878e-17,1.3878e-17,0,0.00040589,0,0,0,-0.0011876,0,0,0.0014518,-0.0018038,0,0,0.0014867,-0.0017993,0,0,0.0016432,-0.001828,0,0,0.001725,-0.0018027,0,0,0.0017805,-0.0013094,0,-6.9389e-18,-0.00096689,-1.7347e-18,0,0
0,0,-0.00084105,5.2042e-18,-5.2042e-18,0.002166,-0.0021059,5.2042e-18,-5.2042e-18,0.0021257,-0.002128,5.2042e-18,-5.2042e-18,0.002127,-0.0021272,5.2042e-18,-5.2042e-18,0.0021268,-0.0021273,5.2042e-18,-5.2042e-18,0.0021266,-0.0021274,5.2042e-18,-5.2042e-18,0.0021269,-0.0021277,5.2042e-18,-5.2042e-18,0.0021271,-0.0021278,5.2042e-18,-5.2042e-18,0.0021272,-0.002128,5.2042e-18,-5.2042e-18,0.0021273,-0.0021277,5.2042e-18,-5.2042e-18,0.0021271,-0.0021276,5.2042e-18,-5.2042e-18,0.0021269,-0.0021277,5.2042e-18,-5.2042e-18,0.0021274,-0.0021277,5.2042e-18,-5.2042e-18,0.0021277,-0.0021274,5.2042e-18,-5.2042e-18,0.0021289,-0.0021239,5.2042e-18,-5.2042e-18,0.0021779,-0.0021024,5.2042e-18,-5.2042e-18,0,-0.0018815,5.2042e-18,-6.9389e-18,-5.2042e-18,-0.0019346,-0.0036531,1.7347e-18,0.00024737,-0.0016892,-0.0024008,0.00039604,0.00084229,-0.0011737,-0.0019369,0.0014075,0.00090696,-0.0011132,-0.0019485,0.0015242,0.00090207,-0.0011055,-0.0019402,0.0016119,0.00093142,-0.0010304,-0.001726,0.0019151,0.0011561,-0.00081036,0,0.0033951,-0.00062339,-1.7347e-18,0,-1.7347e-18
0,-5.2042e-18,5.2042e-18,-1.3878e-17,1.3878e-17,-5.2042e-18,5.2042e-18,-1.3878e-17,1.3878e-17,-5.2042e-18,5.2042e-18,-1.3878e-17,1.3878e-17,-5.2042e-18,5.2042e-18,-1.3878e-17,1.3878e-17,-5.2042e-18,5.2042e-18,-1.3878e-17,1.3878e-17,-5.2042e-18,5.2042e-18,-1.3878e-17,1.3878e-17,-5.2042e-18,5.2042e-18,-1.3878e-17,1.3878e-17,-5.2042e-18,5.2042e-18,-1.3878e-17,1.3878e-17,-5.2042e-18,5.2042e-18,-1.3878e-17,1.3878e-17,-5.2042e-18,5.2042e-18,-1.3878e-17,1.3878e-17,-5.2042e-18,5.2042e-18,-1.3878e-17,1.3878e-17,-5.2042e-18,5.2042e-18,-1.3878e-17,1.3878e-17,-5.2042e-18,5.2042e-18,-1.3878e-17,1.3878e-17,-5.2042e-18,5.2042e-18,-1.3878e-17,1.3878e-17,-5.2042e-18,5.2042e-18,-1.3878e-17,1.3878e-17,-5.2042e-18,5.2042e-18,-1.3878e-17,1.3878e-17,-5.2042e-18,0,6.9389e-18,0,-6.9389e-18,-0.0013733,0,0,0,-0.0017188,0,0,0.0013074,-0.0017974,0,0,0.0015291,-0.001794,0,0,0.0016261,-0.0018073,0,0,0.0017088,-0.0017826,0,0,0.0017595,-0.0012861,0,-6.9389e-18,-0.00086859,-1.7347e-18,0,0
0,1.3878e-17,-1.3878e-17,0,0,1.3878e-17,-1.3878e-17,0,0,1.3878e-17,-1.3878e-17,0,0,1.3878e-17,-1.3878e-17,0,0,1.3878e-17,-1.3878e-17,0,0,1.3878e-17,-1.3878e-17,0,0,1.3878e-17,-1.3878e-17,0,0,1.3878e-17,-1.3878e-17,0,0,1.3878e-17,-1.3878e-17,0,0,1.3878e-17,-1.3878e-17,0,0,1.3878e-17,-1.3878e-17,0,0,1.3878e-17,-1.3878e-17,0,0,1.3878e-17,-1.3878e-17,0,0,1.3878e-17,-1.3878e-17,0,0,1.3878e-17,-1.3878e-17,0,0,1.3878e-17,-1.3878e-17,0,0,1.3878e-17,6.9389e-18,0,0,1.3878e-17,6.9389e-18,0,0,0,0,0,0,0,0,0,0,0,0,0,0,0,0,0,0,0,0,0,0,0,0,0,0,-6.9389e-18,0,0,0
0,-5.2042e-18,5.2042e-18,-1.3878e-17,1.3878e-17,-5.2042e-18,5.2042e-18,-1.3878e-17,1.3878e-17,-5.2042e-18,5.2042e-18,-1.3878e-17,1.3878e-17,-5.2042e-18,5.2042e-18,-1.3878e-17,1.3878e-17,-5.2042e-18,5.2042e-18,-1.3878e-17,1.3878e-17,-5.2042e-18,5.2042e-18,-1.3878e-17,1.3878e-17,-5.2042e-18,5.2042e-18,-1.3878e-17,1.3878e-17,-5.2042e-18,5.2042e-18,-1.3878e-17,1.3878e-17,-5.2042e-18,5.2042e-18,-1.3878e-17,1.3878e-17,-5.2042e-18,5.2042e-18,-1.3878e-17,1.3878e-17,-5.2042e-18,5.2042e-18,-1.3878e-17,1.3878e-17,-5.2042e-18,5.2042e-18,-1.3878e-17,1.3878e-17,-5.2042e-18,5.2042e-18,-1.3878e-17,1.3878e-17,-5.2042e-18,5.2042e-18,-1.3878e-17,1.3878e-17,-5.2042e-18,5.2042e-18,-1.3878e-17,1.3878e-17,-5.2042e-18,5.2042e-18,-1.3878e-17,1.3878e-17,-5.2042e-18,-1.7347e-18,6.9389e-18,0,-6.9389e-18,-0.00027099,0,0,0.00036178,-0.0015471,0,0,0.0013319,-0.0017527,0,0,0.0015548,-0.0018171,0,0,0.0016548,-0.0018295,0,0,0.0017371,-0.001803,0,0,0.0017803,-0.0013063,0,-6.9389e-18,-0.00092006,-1.7347e-18,0,0
0,0,-0.00085466,5.2042e-18,-5.2042e-18,0.0021389,-0.0020813,5.2042e-18,-5.2042e-18,0.0021005,-0.0021027,5.2042e-18,-5.2042e-18,0.0021015,-0.0021021,5.2042e-18,-5.2042e-18,0.0021013,-0.002102,5.2042e-18,-5.2042e-18,0.0021014,-0.002102,5.2042e-18,-5.2042e-18,0.0021017,-0.0021023,5.2042e-18,-5.2042e-18,0.002102,-0.0021023,5.2042e-18,-5.2042e-18,0.0021019,-0.0021025,5.2042e-18,-5.2042e-18,0.002102,-0.0021023,5.2042e-18,-5.2042e-18,0.0021018,-0.0021022,5.2042e-18,-5.2042e-18,0.0021017,-0.0021024,5.2042e-18,-5.2042e-18,0.0021022,-0.0021022,5.2042e-18,-5.2042e-18,0.0021025,-0.0021017,5.2042e-18,-5.2042e-18,0.0021048,-0.0020964,5.2042e-18,-5.2042e-18,0.0021924,-0.0020556,5.2042e-18,-5.2042e-18,0,-0.0017757,0,-5.2042e-18,-5.2042e-18,-0.0018101,-0.0034787,0,0.0007089,-0.0013635,-0.001997,0.0011153,0.00087454,-0.0011535,-0.0019431,0.0014303,0.00090576,-0.0011077,-0.0019478,0.0015439,0.00089997,-0.0011062,-0.0019422,0.0016214,0.00093043,-0.0010284,-0.001718,0.001917,0.0011582,-0.00080633,0,0.0033996,-0.00060635,5.2042e-18,0,-1.7347e-18
0,-5.2042e-18,5.2042e-18,-1.3878e-17,1.3878e-17,-5.2042e-18,5.2042e-18,-1.3878e-17,1.3878e-17,-5.2042e-18,5.2042e-18,-1.3878e-17,1.3878e-17,-5.2042e-18,5.2042e-18,-1.3878e-17,1.3878e-17,-5.2042e-18,5.2042e-18,-1.3878e-17,1.3878e-17,-5.2042e-18,5.2042e-18,-1.3878e-17,1.3878e-17,-5.2042e-18,5.2042e-18,-1.3878e-17,1.3878e-17,-5.2042e-18,5.2042e-18,-1.3878e-17,1.3878e-17,-5.2042e-18,5.2042e-18,-1.3878e-17,1.3878e-17,-5.2042e-18,5.2042e-18,-1.3878e-17,1.3878e-17,-5.2042e-18,5.2042e-18,-1.3878e-17,1.3878e-17,-5.2042e-18,5.2042e-18,-1.3878e-17,1.3878e-17,-5.2042e-18,5.2042e-18,-1.3878e-17,1.3878e-17,-5.2042e-18,5.2042e-18,-1.3878e-17,1.3878e-17,-5.2042e-18,5.2042e-18,-1.3878e-17,1.3878e-17,-5.2042e-18,5.2042e-18,-1.3878e-17,1.3878e-17,-6.9389e-18,-0.00064757,0,-6.9389e-18,1.7347e-18,-0.0016244,0,0,0.00093728,-0.0018341,0,0,0.0013776,-0.0017857,0,0,0.0015657,-0.0017987,0,0,0.0016363,-0.0018087,0,0,0.0017201,-0.0017834,0,0,0.0017602,-0.0012841,0,0,-0.00082348,5.2042e-18,0,0
0,1.3878e-17,0,0,0,1.3878e-17,-1.3878e-17,0,0,1.3878e-17,-1.3878e-17,0,0,1.3878e-17,-1.3878e-17,0,0,1.3878e-17,-1.3878e-17,0,0,1.3878e-17,-1.3878e-17,0,0,1.3878e-17,-1.3878e-17,0,0,1.3878e-17,-1.3878e-17,0,0,1.3878e-17,-1.3878e-17,0,0,1.3878e-17,-1.3878e-17,0,0,1.3878e-17,-1.3878e-17,0,0,1.3878e-17,-1.3878e-17,0,0,1.3878e-17,-1.3878e-17,0,0,1.3878e-17,-1.3878e-17,0,0,1.3878e-17,-1.3878e-17,0,0,1.3878e-17,-1.3878e-17,0,5.5511e-17,1.3878e-17,0,0,0,-6.9389e-18,0,0,0,0,0,0,0,0,0,0,0,0,0,0,0,0,0,0,0,0,0,0,0,0,0,0,0,-6.9389e-18,0,0,0
0,-5.2042e-18,5.2042e-18,-1.3878e-17,1.3878e-17,-5.2042e-18,5.2042e-18,-1.3878e-17,1.3878e-17,-5.2042e-18,5.2042e-18,-1.3878e-17,1.3878e-17,-5.2042e-18,5.2042e-18,-1.3878e-17,1.3878e-17,-5.2042e-18,5.2042e-18,-1.3878e-17,1.3878e-17,-5.2042e-18,5.2042e-18,-1.3878e-17,1.3878e-17,-5.2042e-18,5.2042e-18,-1.3878e-17,1.3878e-17,-5.2042e-18,5.2042e-18,-1.3878e-17,1.3878e-17,-5.2042e-18,5.2042e-18,-1.3878e-17,1.3878e-17,-5.2042e-18,5.2042e-18,-1.3878e-17,1.3878e-17,-5.2042e-18,5.2042e-18,-1.3878e-17,1.3878e-17,-5.2042e-18,5.2042e-18,-1.3878e-17,1.3878e-17,-5.2042e-18,5.2042e-18,-1.3878e-17,1.3878e-17,-5.2042e-18,5.2042e-18,-1.3878e-17,1.3878e-17,-5.2042e-18,5.2042e-18,-1.3878e-17,1.3878e-17,-5.2042e-18,5.2042e-18,-1.3878e-17,1.3878e-17,-6.9389e-18,0.00056836,0,-6.9389e-18,-5.2042e-18,-0.00091111,0,0,0.0014004,-0.0017873,0,0,0.0013661,-0.001758,0,0,0.0016048,-0.0018239,0,0,0.0016636,-0.00183,0,0,0.0017387,-0.0017981,0,0,0.0017798,-0.0013048,0,0,-0.0008743,-1.7347e-18,0,0
1.7347e-18,0,-0.00086762,5.2042e-18,-5.2042e-18,0.0021122,-0.0020571,5.2042e-18,-5.2042e-18,0.0020755,-0.0020777,5.2042e-18,-5.2042e-18,0.0020763,-0.0020771,5.2042e-18,-5.2042e-18,0.0020764,-0.0020767,5.2042e-18,-5.2042e-18,0.0020765,-0.0020768,5.2042e-18,-5.2042e-18,0.0020766,-0.0020771,5.2042e-18,-5.2042e-18,0.0020768,-0.0020772,5.2042e-18,-5.2042e-18,0.0020771,-0.0020772,5.2042e-18,-5.2042e-18,0.002077,-0.0020772,5.2042e-18,-5.2042e-18,0.0020766,-0.0020773,5.2042e-18,-5.2042e-18,0.0020766,-0.0020772,5.2042e-18,-5.2042e-18,0.002077,-0.0020769,5.2042e-18,-5.2042e-18,0.0020773,-0.0020765,5.2042e-18,-5.2042e-18,0.0020829,-0.0020747,5.2042e-18,-5.2042e-18,0.0020226,-0.0020559,5.2042e-18,-5.2042e-18,-5.2042e-18,-0.001941,-0.002625,-5.2042e-18,0,-0.0016297,-0.0029955,0,0.00082099,-0.0012282,-0.0019059,0.0013447,0.00090748,-0.0011323,-0.0019404,0.0014756,0.00090311,-0.0011071,-0.0019442,0.00156,0.00089768,-0.0011051,-0.0019368,0.0016196,0.00093128,-0.001023,-0.0017078,0.0019198,0.0011603,-0.00080393,0,0.003404,-0.00058843,5.2042e-18,0,-1.7347e-18
0,-5.2042e-18,5.2042e-18,0,1.3878e-17,-5.2042e-18,5.2042e-18,-1.3878e-17,1.3878e-17,-5.2042e-18,5.2042e-18,-1.3878e-17,1.3878e-17,-5.2042e-18,5.2042e-18,-1.3878e-17,1.3878e-17,-5.2042e-18,5.2042e-18,-1.3878e-17,1.3878e-17,-5.2042e-18,5.2042e-18,-1.3878e-17,1.3878e-17,-5.2042e-18,5.2042e-18,-1.3878e-17,1.3878e-17,-5.2042e-18,5.2042e-18,-1.3878e-17,1.3878e-17,-5.2042e-18,5.2042e-18,-1.3878e-17,1.3878e-17,-5.2042e-18,5.2042e-18,-1.3878e-17,1.3878e-17,-5.2042e-18,5.2042e-18,-1.3878e-17,1.3878e-17,-5.2042e-18,5.2042e-18,-1.3878e-17,1.3878e-17,-5.2042e-18,5.2042e-18,-1.3878e-17,1.3878e-17,-5.2042e-18,5.2042e-18,-1.3878e-17,1.3878e-17,-5.2042e-18,5.2042e-18,-1.3878e-17,1.3878e-17,-5.2042e-18,5.2042e-18,0,1.3878e-17,0,-0.0010629,0,0,-3.4694e-18,-0.0017175,0,0,0.0013033,-0.0018362,0,0,0.0014523,-0.001786,0,0,0.0015952,-0.0018038,0,0,0.0016457,-0.0018094,0,0,0.001718,-0.0017784,0,0,0.0017627,-0.0012871,0,-6.9389e-18,-0.00077666,-1.7347e-18,0,0
0,1.3878e-17,0,0,0,1.3878e-17,-1.3878e-17,0,0,1.3878e-17,-1.3878e-17,0,0,1.3878e-17,-1.3878e-17,0,0,1.3878e-17,-1.3878e-17,0,0,1.3878e-17,-1.3878e-17,0,0,1.3878e-17,-1.3878e-17,0,0,1.3878e-17,-1.3878e-17,0,0,1.3878e-17,-1.3878e-17,0,0,1.3878e-17,-1.3878e-17,0,0,1.3878e-17,-1.3878e-17,0,0,1.3878e-17,-1.3878e-17,0,0,1.3878e-17,-1.3878e-17,0,0,1.3878e-17,-1.3878e-17,0,0,1.3878e-17,-1.3878e-17,0,0,1.3878e-17,-1.3878e-17,0,0,0,0,0,0,0,0,0,0,0,0,0,0,0,0,0,0,0,0,0,0,0,0,0,0,0,0,0,0,0,0,0,0,-6.9389e-18,0,0,0
0,-5.2042e-18,5.2042e-18,0,1.3878e-17,-5.2042e-18,5.2042e-18,-1.3878e-17,1.3878e-17,-5.2042e-18,5.2042e-18,-1.3878e-17,1.3878e-17,-5.2042e-18,5.2042e-18,-1.3878e-17,1.3878e-17,-5.2042e-18,5.2042e-18,-1.3878e-17,1.3878e-17,-5.2042e-18,5.2042e-18,-1.3878e-17,1.3878e-17,-5.2042e-18,5.2042e-18,-1.3878e-17,1.3878e-17,-5.2042e-18,5.2042e-18,-1.3878e-17,1.3878e-17,-5.2042e-18,5.2042e-18,-1.3878e-17,1.3878e-17,-5.2042e-18,5.2042e-18,-1.3878e-17,1.3878e-17,-5.2042e-18,5.2042e-18,-1.3878e-17,1.3878e-17,-5.2042e-18,5.2042e-18,-1.3878e-17,1.3878e-17,-5.2042e-18,5.2042e-18,-1.3878e-17,1.3878e-17,-5.2042e-18,5.2042e-18,-1.3878e-17,1.3878e-17,-5.2042e-18,5.2042e-18,-1.3878e-17,1.3878e-17,-5.2042e-18,5.2042e-18,0,1.3878e-17,0,0.00045741,0,0,0,-0.0011876,0,0,0.0014384,-0.0017909,0,0,0.0014425,-0.0017814,0,0,0.0016294,-0.0018268,0,0,0.0016729,-0.00183,0,0,0.0017367,-0.00179,0,0,0.0017803,-0.0013087,0,0,-0.00082214,5.2042e-18,0,0
-5.2042e-18,0,-0.00087937,5.2042e-18,-5.2042e-18,0.0020852,-0.0020337,5.2042e-18,-5.2042e-18,0.0020506,-0.0020532,5.2042e-18,-5.2042e-18,0.0020517,-0.0020524,5.2042e-18,-5.2042e-18,0.0020518,-0.0020521,5.2042e-18,-5.2042e-18,0.0020519,-0.0020522,5.2042e-18,-5.2042e-18,0.002052,-0.0020524,5.2042e-18,-5.2042e-18,0.0020524,-0.0020525,5.2042e-18,-5.2042e-18,0.0020525,-0.0020524,5.2042e-18,-5.2042e-18,0.0020524,-0.0020524,5.2042e-18,-5.2042e-18,0.002052,-0.0020524,5.2042e-18,-5.2042e-18,0.0020522,-0.0020522,5.2042e-18,-5.2042e-18,0.0020524,-0.0020521,5.2042e-18,-5.2042e-18,0.0020535,-0.0020499,5.2042e-18,-5.2042e-18,0.0020842,-0.0020427,5.2042e-18,-5.2042e-18,0.00094883,-0.0020552,5.2042e-18,-5.2042e-18,-5.2042e-18,-0.001959,-0.0034812,1.7347e-18,6.1528e-05,-0.001774,-0.0024911,0.00024452,0.00083824,-0.0011842,-0.0019219,0.0013814,0.00091047,-0.0011193,-0.0019426,0.001508,0.00090355,-0.0011065,-0.0019438,0.0015727,0.00089606,-0.0011034,-0.0019287,0.0016227,0.00093459,-0.0010163,-0.0016965,0.0019258,0.0011646,-0.00080763,0,0.0034129,-0.00056884,5.2042e-18,0,0
0,-5.2042e-18,5.2042e-18,0,0,-5.2042e-18,5.2042e-18,0,0,-5.2042e-18,5.2042e-18,0,0,-5.2042e-18,5.2042e-18,0,0,-5.2042e-18,5.2042e-18,0,0,-5.2042e-18,5.2042e-18,0,0,-5.2042e-18,5.2042e-18,0,0,-5.2042e-18,5.2042e-18,0,0,-5.2042e-18,5.2042e-18,0,0,-5.2042e-18,5.2042e-18,0,0,-5.2042e-18,5.2042e-18,0,0,-5.2042e-18,5.2042e-18,0,0,-5.2042e-18,5.2042e-18,0,0,-5.2042e-18,5.2042e-18,0,0,-5.2042e-18,5.2042e-18,0,1.3878e-17,-5.2042e-18,-1.7347e-18,6.9389e-18,0,-6.9389e-18,-0.0013753,0,0,0,-0.0017364,0,0,0.0012992,-0.0017948,0,0,0.0015027,-0.0017913,0,0,0.0016137,-0.0018067,0,0,0.0016568,-0.0018106,0,0,0.0017202,-0.0017761,0,0,0.0017777,-0.001313,0,-6.9389e-18,-0.00073014,5.2042e-18,-1.3878e-17,0
0,1.3878e-17,0,0,0,0,0,0,0,0,0,0,0,0,0,0,0,0,0,0,0,0,0,0,0,0,0,0,0,0,0,0,0,0,0,0,0,0,0,0,0,0,0,0,0,0,0,0,0,0,0,0,0,0,0,0,0,0,-1.3878e-17,0,0,1.3878e-17,6.9389e-18,0,0,1.3878e-17,0,0,0,0,0,0,0,0,0,0,0,0,0,0,0,0,0,0,0,0,0,0,0,0,0,0,0,0,0,0,0,-6.9389e-18,0,0,0
0,-5.2042e-18,5.2042e-18,0,0,-5.2042e-18,5.2042e-18,0,0,-5.2042e-18,5.2042e-18,0,0,-5.2042e-18,5.2042e-18,0,0,-5.2042e-18,5.2042e-18,0,0,-5.2042e-18,5.2042e-18,0,0,-5.2042e-18,5.2042e-18,0,0,-5.2042e-18,5.2042e-18,0,0,-5.2042e-18,5.2042e-18,0,0,-5.2042e-18,5.2042e-18,0,0,-5.2042e-18,5.2042e-18,0,0,-5.2042e-18,5.2042e-18,0,0,-5.2042e-18,5.2042e-18,0,0,-5.2042e-18,5.2042e-18,0,0,-5.2042e-18,5.2042e-18,0,1.3878e-17,-5.2042e-18,5.2042e-18,6.9389e-18,0,0,-0.00019549,0,0,0,-0.0014592,0,0,0.0013254,-0.0017429,0,0,0.0015117,-0.0018024,0,0,0.0016421,-0.0018285,0,0,0.0016832,-0.0018306,0,0,0.00174,-0.0017628,0,0,0.0017558,-0.0012392,0,-6.9389e-18,-0.00080038,-1.7347e-18,-1.3878e-17,0
-5.2042e-18,0,-0.00086281,5.2042e-18,-5.2042e-18,0.0020586,-0.0020101,5.2042e-18,-5.2042e-18,0.0020264,-0.0020288,5.2042e-18,-5.2042e-18,0.0020275,-0.0020282,5.2042e-18,-5.2042e-18,0.0020275,-0.0020279,5.2042e-18,-5.2042e-18,0.0020276,-0.002028,5.2042e-18,-5.2042e-18,0.0020278,-0.0020281,5.2042e-18,-5.2042e-18,0.0020281,-0.0020281,5.2042e-18,-5.2042e-18,0.0020283,-0.0020279,5.2042e-18,-5.2042e-18,0.0020281,-0.002028,5.2042e-18,-5.2042e-18,0.0020277,-0.0020281,5.2042e-18,-5.2042e-18,0.0020279,-0.002028,5.2042e-18,-5.2042e-18,0.0020283,-0.0020277,5.2042e-18,-5.2042e-18,0.0020302,-0.0020231,5.2042e-18,-5.2042e-18,0.0021043,-0.0019875,5.2042e-18,-5.2042e-18,0,-0.001929,0,-5.2042e-18,-5.2042e-18,-0.0018133,-0.0034187,0,0.00070056,-0.0013998,-0.0020438,0.00098973,0.00087281,-0.0011632,-0.001936,0.0014013,0.00091139,-0.00111,-0.0019431,0.0015329,0.00090285,-0.0011086,-0.0019472,0.0015852,0.00089553,-0.0011034,-0.0019183,0.0016255,0.0009415,-0.00097432,-0.0016591,0.0018903,0.0011192,-0.00068527,0,0.0032061,-0.0006458,5.2042e-18,0,0
0,-5.2042e-18,5.2042e-18,0,0,-5.2042e-18,5.2042e-18,0,0,-5.2042e-18,5.2042e-18,0,0,-5.2042e-18,5.2042e-18,0,0,-5.2042e-18,5.2042e-18,0,0,-5.2042e-18,5.2042e-18,0,0,-5.2042e-18,5.2042e-18,0,0,-5.2042e-18,5.2042e-18,0,0,-5.2042e-18,5.2042e-18,0,0,-5.2042e-18,5.2042e-18,0,0,-5.2042e-18,5.2042e-18,0,0,-5.2042e-18,5.2042e-18,0,0,-5.2042e-18,5.2042e-18,0,0,-5.2042e-18,5.2042e-18,0,0,-5.2042e-18,5.2042e-18,0,1.3878e-17,-5.2042e-18,0,0,-6.9389e-18,-5.2042e-18,-0.0016054,0,0,0.00073183,-0.001808,0,0,0.0013393,-0.0017876,0,0,0.001546,-0.0017969,0,0,0.0016316,-0.0018143,0,0,0.0016762,-0.0018214,0,0,0.0016849,-0.0016873,0,0,0.0015072,-0.00074986,0,0,-0.00088465,-1.7347e-18,-1.3878e-17,0
0,1.3878e-17,0,0,0,0,0,0,0,0,0,0,0,0,0,0,0,0,0,0,0,0,0,0,0,0,0,0,0,0,0,0,0,0,0,0,0,0,0,0,0,0,0,0,0,0,0,0,0,0,0,0,0,0,0,0,0,0,0,0,0,1.3878e-17,0,0,0,-6.9389e-18,0,0,0,0,0,0,0,0,0,0,0,0,0,0,0,0,0,0,0,0,0,0,0,0,0,0,0,0,0,0,0,0,0,0,0
1.3878e-17,-5.2042e-18,5.2042e-18,0,0,-5.2042e-18,5.2042e-18,0,0,-5.2042e-18,5.2042e-18,0,0,-5.2042e-18,5.2042e-18,0,0,-5.2042e-18,5.2042e-18,0,0,-5.2042e-18,5.2042e-18,0,0,-5.2042e-18,5.2042e-18,0,0,-5.2042e-18,5.2042e-18,0,0,-5.2042e-18,5.2042e-18,0,0,-5.2042e-18,5.2042e-18,0,0,-5.2042e-18,5.2042e-18,0,0,-5.2042e-18,5.2042e-18,0,0,-5.2042e-18,5.2042e-18,0,0,-5.2042e-18,5.2042e-18,0,0,-5.2042e-18,5.2042e-18,0,1.3878e-17,-6.9389e-18,0,0,-6.9389e-18,-5.2042e-18,-0.00083476,0,0,0.0012845,-0.0017363,0,0,0.0013225,-0.0017417,0,0,0.0015765,-0.0018208,0,0,0.0016717,-0.0018155,0,0,0.0016606,-0.0018126,0,0,0.001375,-0.0016122,0,0,0.00083079,-0.00065829,0,0,-0.0024065,-1.7347e-18,-1.3878e-17,0
-5.2042e-18,0.0015823,-0.00077926,5.2042e-18,-5.2042e-18,0.0020397,-0.0019845,5.2042e-18,-5.2042e-18,0.0020029,-0.0020045,5.2042e-18,-5.2042e-18,0.0020031,-0.0020042,5.2042e-18,-5.2042e-18,0.0020033,-0.0020038,5.2042e-18,-5.2042e-18,0.0020034,-0.0020039,5.2042e-18,-5.2042e-18,0.0020037,-0.0020037,5.2042e-18,-5.2042e-18,0.0020041,-0.0020037,5.2042e-18,-5.2042e-18,0.0020041,-0.0020037,5.2042e-18,-5.2042e-18,0.0020038,-0.0020039,5.2042e-18,-5.2042e-18,0.0020034,-0.0020039,5.2042e-18,-5.2042e-18,0.0020036,-0.0020038,5.2042e-18,-5.2042e-18,0.0020043,-0.0020031,5.2042e-18,-5.2042e-18,0.0020093,-0.0020008,5.2042e-18,-5.2042e-18,0.0020188,-0.0020286,5.2042e-18,-5.2042e-18,-5.2042e-18,-0.001728,-0.0023783,-5.2042e-18,1.7347e-18,-0.0016673,-0.0029351,0,0.0007963,-0.0012525,-0.0019118,0.001284,0.00090713,-0.0011423,-0.0019373,0.0014515,0.0009111,-0.0011087,-0.001947,0.0015661,0.000909,-0.0010762,-0.0019142,0.0015038,0.00083319,-0.001045,-0.0019374,0.00070051,0.00031558,-0.0014835,-0.0019787,0,0.00049257,-0.0015319,0,0.0014049,-0.00034959,5.2042e-18,0,5.2042e-18
1.3878e-17,-5.2042e-18,5.2042e-18,0,0,-5.2042e-18,5.2042e-18,0,0,-5.2042e-18,5.2042e-18,0,0,-5.2042e-18,5.2042e-18,0,0,-5.2042e-18,5.2042e-18,0,0,-5.2042e-18,5.2042e-18,0,0,-5.2042e-18,5.2042e-18,0,0,-5.2042e-18,5.2042e-18,0,0,-5.2042e-18,5.2042e-18,0,0,-5.2042e-18,5.2042e-18,0,0,-5.2042e-18,5.2042e-18,0,0,-5.2042e-18,5.2042e-18,0,0,-5.2042e-18,5.2042e-18,0,0,-5.2042e-18,5.2042e-18,0,0,-5.2042e-18,5.2042e-18,0,1.3878e-17,-6.9389e-18,-0.0012342,0,0,-3.4694e-18,-0.0017138,0,0,0.0012316,-0.0018332,0,0,0.0014251,-0.0017894,0,0,0.0015895,-0.0018115,0,0,0.0016453,-0.0017431,0,0,0.0013886,-0.0015027,0,0,0,-0.00097763,0,0,0,-0.00036402,-1.7347e-18,-5.2042e-18,-0.0020302,5.2042e-18,0,6.9389e-18
0,0,0,0,0,0,0,0,0,0,0,0,0,0,0,0,0,0,0,0,0,0,0,0,0,0,0,0,0,0,0,0,0,0,0,0,0,0,0,0,0,0,0,0,0,0,0,0,0,0,0,0,0,0,0,0,0,0,0,0,0,1.3878e-17,0,0,0,0,0,0,0,0,0,0,0,0,0,0,0,0,0,0,0,0,0,0,0,0,0,0,0,0,0,0,0,0,5.2042e-18,0,0,-5.2042e-18,-1.7347e-18,0,0
0,-5.2042e-18,5.2042e-18,0,0,-5.2042e-18,5.2042e-18,0,0,-5.2042e-18,5.2042e-18,0,0,-5.2042e-18,5.2042e-18,0,0,-5.2042e-18,5.2042e-18,0,0,-5.2042e-18,5.2042e-18,0,0,-5.2042e-18,5.2042e-18,0,0,-5.2042e-18,5.2042e-18,0,0,-5.2042e-18,5.2042e-18,0,0,-5.2042e-18,5.2042e-18,0,0,-5.2042e-18,5.2042e-18,0,0,-5.2042e-18,5.2042e-18,0,0,-5.2042e-18,5.2042e-18,0,0,-5.2042e-18,5.2042e-18,0,0,-5.2042e-18,5.2042e-18,6.9389e-18,1.3878e-17,0,0.00041038,0,0,0,-0.0011523,0,0,0.0013971,-0.0017614,0,0,0.0014248,-0.0017782,0,0,0.0015811,-0.0018018,0,0,0.0011272,-0.0015292,0,0,0,-0.00033392,0,0,0,-0.00039083,0,0,0,-0.00087195,5.2042e-18,-5.2042e-18,-0.00159,5.2042e-18,0,0
-3.4694e-18,0.0035463,-0.0010841,5.2042e-18,-5.2042e-18,0.0020241,-0.0019573,5.2042e-18,-5.2042e-18,0.0019802,-0.00198,5.2042e-18,-5.2042e-18,0.0019794,-0.0019801,5.2042e-18,-5.2042e-18,0.0019797,-0.0019798,5.2042e-18,-5.2042e-18,0.0019798,-0.0019797,5.2042e-18,-5.2042e-18,0.0019801,-0.0019795,5.2042e-18,-5.2042e-18,0.0019805,-0.0019795,5.2042e-18,-5.2042e-18,0.0019803,-0.0019798,5.2042e-18,-5.2042e-18,0.00198,-0.00198,5.2042e-18,-5.2042e-18,0.0019796,-0.0019801,5.2042e-18,-5.2042e-18,0.0019798,-0.0019799,5.2042e-18,-5.2042e-18,0.001981,-0.0019778,5.2042e-18,-5.2042e-18,0.0020065,-0.001977,5.2042e-18,-5.2042e-18,0.0013331,-0.0021579,0,-5.2042e-18,-5.2042e-18,-0.0019941,-0.0032716,1.7347e-18,0.00016681,-0.0017461,-0.0024346,0.00025617,0.00083839,-0.0011968,-0.0019089,0.0013649,0.00093001,-0.0010782,-0.0019199,0.0013998,0.00083972,-0.0010564,-0.0019195,0.00049245,0.00025857,-0.0016517,-0.002159,0,-0.00061176,-0.0027742,-0.0021749,1.7347e-18,-0.0016682,-0.0027396,-0.0023161,-0.0015021,0.0001286,-0.00061866,0.0010626,0.0023986,0.0014026,5.2042e-18,0,6.9389e-18
-6.9389e-18,-5.2042e-18,5.2042e-18,0,0,-5.2042e-18,5.2042e-18,0,0,-5.2042e-18,5.2042e-18,0,0,-5.2042e-18,5.2042e-18,0,0,-5.2042e-18,5.2042e-18,0,0,-5.2042e-18,5.2042e-18,0,0,-5.2042e-18,5.2042e-18,0,0,-5.2042e-18,5.2042e-18,0,0,-5.2042e-18,5.2042e-18,0,0,-5.2042e-18,5.2042e-18,0,0,-5.2042e-18,5.2042e-18,0,0,-5.2042e-18,5.2042e-18,0,0,-5.2042e-18,5.2042e-18,0,0,-5.2042e-18,5.2042e-18,0,0,-5.2042e-18,0,6.9389e-18,-6.9389e-18,-5.2042e-18,-0.0014323,0,0,0,-0.0017339,0,0,0.0012563,-0.0017829,0,0,0.0014964,-0.0017203,0,0,0.0012893,-0.0013691,0,0,0,-0.0010192,0,0,0,-0.0004609,5.2042e-18,-5.2042e-18,0,-0.00047708,-0.00082673,0,-4.5584e-06,-0.00050042,0,0.0012119,-0.0012518,5.2042e-18,0,0
0,-6.9389e-18,0,0,0,0,0,0,0,0,0,0,0,0,0,0,0,0,0,0,0,0,0,0,0,0,0,0,0,0,0,0,0,0,0,0,0,0,0,0,0,0,0,0,0,0,0,0,0,0,0,0,0,-6.9389e-18,0,0,0,0,6.9389e-18,0,0,1.3878e-17,0,0,0,0,0,0,0,0,0,0,0,0,0,0,0,0,0,0,0,0,0,0,0,0,5.2042e-18,0,0,-5.2042e-18,0.0010862,0,0,0,-5.0695e-06,-1.3878e-17,0,-0.0028844,-1.7347e-18,0,0
-6.9389e-18,-5.2042e-18,5.2042e-18,0,0,-5.2042e-18,5.2042e-18,0,0,-5.2042e-18,5.2042e-18,0,0,-5.2042e-18,5.2042e-18,0,0,-5.2042e-18,5.2042e-18,0,0,-5.2042e-18,5.2042e-18,0,0,-5.2042e-18,5.2042e-18,0,0,-5.2042e-18,5.2042e-18,0,0,-5.2042e-18,5.2042e-18,0,0,-5.2042e-18,5.2042e-18,0,0,-5.2042e-18,5.2042e-18,0,0,-5.2042e-18,5.2042e-18,0,0,-5.2042e-18,5.2042e-18,0,0,-5.2042e-18,5.2042e-18,0,0,-5.2042e-18,0,6.9389e-18,0,-6.9389e-18,-0.00033053,0,0,0,-0.0014597,0,0,0.0012794,-0.0017573,0,0,0.00090518,-0.0014298,0,0,0,-0.00026277,0,0,0,-0.00037133,0,0,0,-0.00098278,5.2042e-18,-6.9389e-18,0,-0.0019861,0.00017559,0,0.0017232,-0.00038991,0,0.0019948,-0.00048065,5.2042e-18,0,0
-3.4694e-18,0.0035333,-0.0010285,5.2042e-18,-5.2042e-18,0.0020057,-0.001932,5.2042e-18,-5.2042e-18,0.0019568,-0.0019567,5.2042e-18,-5.2042e-18,0.001956,-0.0019568,5.2042e-18,-5.2042e-18,0.0019562,-0.0019564,5.2042e-18,-5.2042e-18,0.0019564,-0.0019563,5.2042e-18,-5.2042e-18,0.0019567,-0.001956,5.2042e-18,-5.2042e-18,0.0019571,-0.0019561,5.2042e-18,-5.2042e-18,0.001957,-0.0019562,5.2042e-18,-5.2042e-18,0.0019568,-0.0019566,5.2042e-18,-5.2042e-18,0.0019564,-0.0019565,5.2042e-18,-5.2042e-18,0.0019565,-0.0019563,5.2042e-18,-5.2042e-18,0.0019586,-0.0019522,5.2042e-18,-5.2042e-18,0.0020217,-0.0019264,5.2042e-18,-5.2042e-18,0,-0.0019939,0,-5.2042e-18,-5.2042e-18,-0.0017331,-0.0032624,0,0.00072922,-0.0013837,-0.0020317,0.00093594,0.0008384,-0.0011538,-0.0019309,0.00031267,0.00031034,-0.0016966,-0.0021272,0,-0.00069144,-0.002777,-0.0021637,0,-0.0014485,-0.0029213,-0.0027496,-0.00056811,-0.0010332,-0.0022982,-0.0022112,-0.0010941,0.00059817,-0.0010473,-0.0020488,0.00055921,0.00064982,0.00082927,0.0022467,0.0019715,-0.00058044,5.2042e-18,0,6.9389e-18
-6.9389e-18,-5.2042e-18,5.2042e-18,6.9389e-18,-6.9389e-18,-5.2042e-18,5.2042e-18,6.9389e-18,-6.9389e-18,-5.2042e-18,5.2042e-18,6.9389e-18,-6.9389e-18,-5.2042e-18,5.2042e-18,6.9389e-18,-6.9389e-18,-5.2042e-18,5.2042e-18,6.9389e-18,-6.9389e-18,-5.2042e-18,5.2042e-18,6.9389e-18,-6.9389e-18,-5.2042e-18,5.2042e-18,6.9389e-18,-6.9389e-18,-5.2042e-18,5.2042e-18,6.9389e-18,-6.9389e-18,-5.2042e-18,5.2042e-18,6.9389e-18,-6.9389e-18,-5.2042e-18,5.2042e-18,6.9389e-18,-6.9389e-18,-5.2042e-18,5.2042e-18,6.9389e-18,-6.9389e-18,-5.2042e-18,5.2042e-18,6.9389e-18,-6.9389e-18,-5.2042e-18,5.2042e-18,6.9389e-18,-6.9389e-18,-5.2042e-18,5.2042e-18,6.9389e-18,0,1.7347e-18,-8.7367e-05,0,0,-5.2042e-18,-0.0016057,0,0,0.00075684,-0.0017951,0,0,0.0011864,-0.0014274,0,0,0,-0.0010761,0,0,0,-0.00047426,5.2042e-18,1.7347e-18,0,-0.00055272,-0.0010981,1.7347e-18,-0.00090262,-0.0012265,-0.0013096,0,-1.3244e-05,-0.00074565,-0.0011613,0.00016973,0.00042612,4.429e-05,0,0.0018365,-0.0013266,5.2042e-18,0,0
0,-6.9389e-18,6.9389e-18,0,0,-6.9389e-18,6.9389e-18,0,0,-6.9389e-18,6.9389e-18,0,0,-6.9389e-18,6.9389e-18,0,0,-6.9389e-18,6.9389e-18,0,0,-6.9389e-18,6.9389e-18,0,0,-6.9389e-18,6.9389e-18,0,0,-6.9389e-18,6.9389e-18,0,0,-6.9389e-18,6.9389e-18,0,0,-6.9389e-18,6.9389e-18,0,0,-6.9389e-18,6.9389e-18,0,0,-6.9389e-18,6.9389e-18,0,0,-6.9389e-18,6.9389e-18,0,0,-6.9389e-18,0,0,0,1.3878e-17,0,0,0,-6.9389e-18,0,0,0,0,0,0,0,0,0,0,0,0,0,0,0,0,5.2042e-18,0,0,0,0.0010368,0,0,0,-6.2042e-05,-1.3878e-17,1.3878e-17,0.0001188,-0.0008573,0,1.3878e-17,0.00076993,-0.0001731,-1.3878e-17,0,-0.0024924,-1.7347e-18,0,0
-6.9389e-18,-5.2042e-18,5.2042e-18,6.9389e-18,-6.9389e-18,-5.2042e-18,5.2042e-18,6.9389e-18,-6.9389e-18,-5.2042e-18,5.2042e-18,6.9389e-18,-6.9389e-18,-5.2042e-18,5.2042e-18,6.9389e-18,-6.9389e-18,-5.2042e-18,5.2042e-18,6.9389e-18,-6.9389e-18,-5.2042e-18,5.2042e-18,6.9389e-18,-6.9389e-18,-5.2042e-18,5.2042e-18,6.9389e-18,-6.9389e-18,-5.2042e-18,5.2042e-18,6.9389e-18,-6.9389e-18,-5.2042e-18,5.2042e-18,6.9389e-18,-6.9389e-18,-5.2042e-18,5.2042e-18,6.9389e-18,-6.9389e-18,-5.2042e-18,5.2042e-18,6.9389e-18,-6.9389e-18,-5.2042e-18,5.2042e-18,6.9389e-18,-6.9389e-18,-5.2042e-18,5.2042e-18,6.9389e-18,-6.9389e-18,-5.2042e-18,5.2042e-18,6.9389e-18,0,-5.2042e-18,0,0,0,-5.2042e-18,-0.00091101,0,0,0.0010879,-0.0016853,0,0,0,-0.00036626,0,0,0,-0.0002782,0,0,0,-0.00097336,5.2042e-18,-6.9389e-18,0,-0.0020675,6.3527e-06,0,0.00084218,-0.0014859,-0.0015402,0.00026909,0.00032128,-0.00066368,-0.00083824,0.0011178,0.00084947,0.00027145,0,0.0018879,-0.00094666,5.2042e-18,0,0
0,0.003496,-0.001009,5.2042e-18,-5.2042e-18,0.0019826,-0.0019089,5.2042e-18,-5.2042e-18,0.0019337,-0.0019336,5.2042e-18,-5.2042e-18,0.0019329,-0.0019337,5.2042e-18,-5.2042e-18,0.0019331,-0.0019334,5.2042e-18,-5.2042e-18,0.0019333,-0.0019332,5.2042e-18,-5.2042e-18,0.0019336,-0.0019331,5.2042e-18,-5.2042e-18,0.0019339,-0.0019332,5.2042e-18,-5.2042e-18,0.0019339,-0.0019334,5.2042e-18,-5.2042e-18,0.0019338,-0.0019335,5.2042e-18,-5.2042e-18,0.0019334,-0.0019334,5.2042e-18,-5.2042e-18,0.0019337,-0.001933,5.2042e-18,-5.2042e-18,0.0019384,-0.0019314,5.2042e-18,-5.2042e-18,0.0019431,-0.0019608,5.2042e-18,-5.2042e-18,0,-0.0017995,-0.002348,-5.2042e-18,0,-0.001671,-0.0028605,1.7347e-18,0.00058935,-0.0014168,-0.0021664,0,-0.00029284,-0.0029824,-0.0025248,1.7347e-18,-0.00026935,-0.0033021,-0.0030803,-0.00024194,-0.0012116,-0.0023263,-0.0022661,-0.001209,0.00052696,-0.0012286,-0.0024667,-0.00027928,-0.00035827,-0.00075753,-0.00093199,-0.00013622,-0.00014855,-0.00015877,-0.00015674,0.00061295,0.00078469,0.0013666,0.0017715,0.0021199,-0.00052122,5.2042e-18,0,6.9389e-18
-6.9389e-18,-3.4694e-18,5.2042e-18,6.9389e-18,-6.9389e-18,-5.2042e-18,5.2042e-18,6.9389e-18,-6.9389e-18,-5.2042e-18,5.2042e-18,6.9389e-18,-6.9389e-18,-5.2042e-18,5.2042e-18,6.9389e-18,-6.9389e-18,-5.2042e-18,5.2042e-18,6.9389e-18,-6.9389e-18,-5.2042e-18,5.2042e-18,6.9389e-18,-6.9389e-18,-5.2042e-18,5.2042e-18,6.9389e-18,-6.9389e-18,-5.2042e-18,5.2042e-18,6.9389e-18,-6.9389e-18,-5.2042e-18,5.2042e-18,6.9389e-18,-6.9389e-18,-5.2042e-18,5.2042e-18,6.9389e-18,-6.9389e-18,-5.2042e-18,5.2042e-18,6.9389e-18,-6.9389e-18,-5.2042e-18,5.2042e-18,6.9389e-18,-6.9389e-18,-5.2042e-18,5.2042e-18,6.9389e-18,-6.9389e-18,-5.2042e-18,5.2042e-18,6.9389e-18,0,-5.2042e-18,-0.0013042,0,0,0,-0.0016655,0,0,0.0006201,-0.0013898,0,0,0,-0.00075495,5.2042e-18,-6.9389e-18,0,-0.00038608,-0.0012995,1.7347e-18,-0.00096235,-0.0012617,-0.0013254,0,-9.4578e-05,-0.00089059,-0.0014044,0,-0.00018589,-0.00064009,-0.0010998,0.00024759,2.3272e-05,-0.00021859,-0.00051446,0.0010348,0.00074817,0.0004034,0,0.0020699,-0.0011862,-1.7347e-18,0,0
0,-6.9389e-18,6.9389e-18,0,0,-6.9389e-18,6.9389e-18,0,0,-6.9389e-18,6.9389e-18,0,0,-6.9389e-18,6.9389e-18,0,0,-6.9389e-18,6.9389e-18,0,0,-6.9389e-18,6.9389e-18,0,0,-6.9389e-18,6.9389e-18,0,0,-6.9389e-18,6.9389e-18,0,0,-6.9389e-18,6.9389e-18,0,0,-6.9389e-18,6.9389e-18,0,0,-6.9389e-18,6.9389e-18,0,0,-6.9389e-18,6.9389e-18,0,0,-6.9389e-18,6.9389e-18,0,0,-6.9389e-18,6.9389e-18,0,0,1.3878e-17,0,0,0,0,0,0,0,0,0,0,0,0,5.2042e-18,0,0,0,0.0011686,0,0,0,-7.0656e-05,-1.3878e-17,0,0,-0.00090701,-1.3878e-17,1.3878e-17,0.00038159,-0.00091802,-1.3878e-17,0,0.00065268,-0.00071788,0,1.3878e-17,0.0010551,-9.698e-05,-1.3878e-17,0,-0.0022816,-1.7347e-18,0,0
-6.9389e-18,-5.2042e-18,5.2042e-18,6.9389e-18,-6.9389e-18,-5.2042e-18,5.2042e-18,6.9389e-18,-6.9389e-18,-5.2042e-18,5.2042e-18,6.9389e-18,-6.9389e-18,-5.2042e-18,5.2042e-18,6.9389e-18,-6.9389e-18,-5.2042e-18,5.2042e-18,6.9389e-18,-6.9389e-18,-5.2042e-18,5.2042e-18,6.9389e-18,-6.9389e-18,-5.2042e-18,5.2042e-18,6.9389e-18,-6.9389e-18,-5.2042e-18,5.2042e-18,6.9389e-18,-6.9389e-18,-5.2042e-18,5.2042e-18,6.9389e-18,-6.9389e-18,-5.2042e-18,5.2042e-18,6.9389e-18,-6.9389e-18,-5.2042e-18,5.2042e-18,6.9389e-18,-6.9389e-18,-5.2042e-18,5.2042e-18,6.9389e-18,-6.9389e-18,-5.2042e-18,5.2042e-18,6.9389e-18,-6.9389e-18,-5.2042e-18,5.2042e-18,6.9389e-18,0,-6.9389e-18,0.00020932,0,0,0,-0.00084945,0,0,0,-1.158e-05,0,0,1.7347e-18,-0.00069727,5.2042e-18,0,0,-0.0018608,-0.00014663,0,0.00078676,-0.001564,-0.0015716,0.00018287,0.00023012,-0.00085821,-0.0011676,0.00049019,0.00012731,-0.00043703,-0.00094215,0.00062337,0.00012827,-0.00015795,-0.00057297,0.001187,0.00078575,0.00041471,0,0.0020943,-0.00096232,5.2042e-18,0,0
0,0.0034592,-0.00099197,5.2042e-18,-5.2042e-18,0.0019598,-0.0018855,5.2042e-18,-5.2042e-18,0.0019108,-0.0019103,5.2042e-18,-5.2042e-18,0.0019099,-0.0019104,5.2042e-18,-5.2042e-18,0.00191,-0.0019101,5.2042e-18,-5.2042e-18,0.0019103,-0.0019099,5.2042e-18,-5.2042e-18,0.0019106,-0.0019098,5.2042e-18,-5.2042e-18,0.0019108,-0.00191,5.2042e-18,-5.2042e-18,0.0019108,-0.0019101,5.2042e-18,-5.2042e-18,0.0019106,-0.0019102,5.2042e-18,-5.2042e-18,0.0019102,-0.0019102,5.2042e-18,-5.2042e-18,0.0019112,-0.0019085,5.2042e-18,-5.2042e-18,0.0019325,-0.001912,5.2042e-18,-5.2042e-18,0.0015964,-0.002229,0,-5.2042e-18,-5.2042e-18,-0.0019212,-0.0031988,1.7347e-18,1.7347e-18,-0.002283,-0.0027291,0,0,-0.0031133,-0.0023863,1.7347e-18,-0.00030379,-0.0032626,-0.0031665,-0.0015231,1.8583e-06,-0.0014912,-0.0027547,-0.00055144,-0.00047,-0.00082729,-0.00099976,-0.00019502,-0.00024864,-0.00035552,-0.00052727,9.2289e-06,-0.00014028,-0.00016087,-0.00034798,9.3265e-05,-4.657e-05,5.6703e-05,4.5198e-05,0.00062786,0.00078981,0.001409,0.0019305,0.0021985,-0.00045144,5.2042e-18,0,6.9389e-18
-6.9389e-18,-3.4694e-18,5.2042e-18,6.9389e-18,-6.9389e-18,-5.2042e-18,5.2042e-18,6.9389e-18,-6.9389e-18,-5.2042e-18,5.2042e-18,6.9389e-18,-6.9389e-18,-5.2042e-18,5.2042e-18,6.9389e-18,-6.9389e-18,-5.2042e-18,5.2042e-18,6.9389e-18,-6.9389e-18,-5.2042e-18,5.2042e-18,6.9389e-18,-6.9389e-18,-5.2042e-18,5.2042e-18,6.9389e-18,-6.9389e-18,-5.2042e-18,5.2042e-18,6.9389e-18,-6.9389e-18,-5.2042e-18,5.2042e-18,6.9389e-18,-6.9389e-18,-5.2042e-18,5.2042e-18,6.9389e-18,-6.9389e-18,-5.2042e-18,5.2042e-18,6.9389e-18,-6.9389e-18,-5.2042e-18,5.2042e-18,6.9389e-18,-6.9389e-18,-5.2042e-18,5.2042e-18,6.9389e-18,-6.9389e-18,-5.2042e-18,0,6.9389e-18,-6.9389e-18,-5.2042e-18,-0.0014195,0,0,0,-0.0013119,0,0,-5.2042e-18,-0.00051668,0,-5.2042e-18,0,-0.0010763,-0.0016416,0,-0.00031401,-0.0011026,-0.0016264,1.7347e-18,-0.00023648,-0.000683,-0.0011345,0.0001384,-5.4978e-05,-0.00039204,-0.00086678,0.00044374,2.8344e-05,-0.00027443,-0.00073843,0.00050981,0.00011851,-9.2188e-05,-0.00038413,0.0010459,0.00077159,0.00047229,0,0.0021555,-0.0010871,5.2042e-18,0,0
0,-6.9389e-18,6.9389e-18,0,0,-6.9389e-18,6.9389e-18,0,0,-6.9389e-18,6.9389e-18,0,0,-6.9389e-18,6.9389e-18,0,0,-6.9389e-18,6.9389e-18,0,0,-6.9389e-18,6.9389e-18,0,0,-6.9389e-18,6.9389e-18,0,0,-6.9389e-18,6.9389e-18,0,0,-6.9389e-18,6.9389e-18,0,0,-6.9389e-18,6.9389e-18,0,0,-6.9389e-18,6.9389e-18,0,0,-6.9389e-18,6.9389e-18,0,0,-6.9389e-18,6.9389e-18,0,0,-6.9389e-18,6.9389e-18,0,0,0,0,0,0,0,0,0,0,0,0,2.7756e-17,0,-5.2042e-18,0.00056765,0,0,1.7347e-18,-0.00079928,-1.3878e-17,1.3878e-17,0.00033642,-0.00093506,0,1.3878e-17,0.00056997,-0.00082332,-1.3878e-17,1.3878e-17,0.00060972,-0.00073904,-1.3878e-17,0,0.00065811,-0.00061733,0,1.3878e-17,0.0010953,-0.00020809,-1.3878e-17,1.3878e-17,-0.0021544,-1.7347e-18,0,0
-6.9389e-18,-3.4694e-18,5.2042e-18,6.9389e-18,-6.9389e-18,-5.2042e-18,5.2042e-18,6.9389e-18,-6.9389e-18,-5.2042e-18,5.2042e-18,6.9389e-18,-6.9389e-18,-5.2042e-18,5.2042e-18,6.9389e-18,-6.9389e-18,-5.2042e-18,5.2042e-18,6.9389e-18,-6.9389e-18,-5.2042e-18,5.2042e-18,6.9389e-18,-6.9389e-18,-5.2042e-18,5.2042e-18,6.9389e-18,-6.9389e-18,-5.2042e-18,5.2042e-18,6.9389e-18,-6.9389e-18,-5.2042e-18,5.2042e-18,6.9389e-18,-6.9389e-18,-5.2042e-18,5.2042e-18,6.9389e-18,-6.9389e-18,-5.2042e-18,5.2042e-18,6.9389e-18,-6.9389e-18,-5.2042e-18,5.2042e-18,6.9389e-18,-6.9389e-18,-5.2042e-18,5.2042e-18,6.9389e-18,-6.9389e-18,-5.2042e-18,0,0,-6.9389e-18,-6.9389e-18,0.00020584,0,0,0,-2.3033e-05,0,0,-5.2042e-18,-0.0012834,0,-5.2042e-18,0.00023294,-0.0021081,-0.0013946,0,0.0002134,-0.0010439,-0.0013092,0.00038138,7.0391e-05,-0.00048993,-0.00095988,0.00054155,5.1235e-05,-0.00032528,-0.00091698,0.00060301,7.0816e-05,-0.00027213,-0.00083049,0.00064023,0.00015353,-9.9586e-05,-0.00048073,0.0011635,0.00080377,0.00048001,0,0.0022363,-0.00097959,5.2042e-18,0,0
0,0.0034206,-0.00097696,5.2042e-18,-5.2042e-18,0.0019373,-0.0018624,5.2042e-18,-5.2042e-18,0.0018884,-0.0018871,5.2042e-18,-5.2042e-18,0.0018875,-0.0018872,5.2042e-18,-5.2042e-18,0.0018875,-0.0018871,5.2042e-18,-5.2042e-18,0.0018878,-0.001887,5.2042e-18,-5.2042e-18,0.001888,-0.001887,5.2042e-18,-5.2042e-18,0.0018882,-0.0018871,5.2042e-18,-5.2042e-18,0.0018881,-0.0018873,5.2042e-18,-5.2042e-18,0.0018879,-0.0018873,5.2042e-18,-5.2042e-18,0.0018876,-0.0018874,5.2042e-18,-5.2042e-18,0.0018893,-0.0018843,5.2042e-18,-5.2042e-18,0.0019445,-0.0018675,5.2042e-18,-5.2042e-18,5.8065e-05,-0.0022377,0,-5.2042e-18,-5.2042e-18,-0.0024601,-0.0037456,-5.2042e-18,1.7347e-18,-0.0032306,-0.0033362,0,-0.0010232,-0.0028388,-0.0029391,-0.001369,-0.00032235,-0.0011982,-0.0016477,-0.00049043,-0.00043127,-0.00052583,-0.00066868,-6.8767e-05,-0.00019276,-0.00020477,-0.00040509,5.4023e-05,-0.00013699,-0.0001241,-0.00030229,3.0438e-05,-0.00012289,-8.8845e-05,-0.0002495,8.3708e-05,-2.9035e-05,9.0637e-05,8.6946e-05,0.0006331,0.00080335,0.0014294,0.0020566,0.0022452,-0.00040076,-1.7347e-18,0,6.9389e-18
-6.9389e-18,-3.4694e-18,5.2042e-18,6.9389e-18,-6.9389e-18,-5.2042e-18,5.2042e-18,6.9389e-18,-6.9389e-18,-5.2042e-18,5.2042e-18,6.9389e-18,-6.9389e-18,-5.2042e-18,5.2042e-18,6.9389e-18,-6.9389e-18,-5.2042e-18,5.2042e-18,6.9389e-18,-6.9389e-18,-5.2042e-18,5.2042e-18,6.9389e-18,-6.9389e-18,-5.2042e-18,5.2042e-18,6.9389e-18,-6.9389e-18,-5.2042e-18,5.2042e-18,6.9389e-18,-6.9389e-18,-5.2042e-18,5.2042e-18,6.9389e-18,-6.9389e-18,-5.2042e-18,5.2042e-18,6.9389e-18,-6.9389e-18,-5.2042e-18,5.2042e-18,6.9389e-18,-6.9389e-18,-5.2042e-18,5.2042e-18,6.9389e-18,-6.9389e-18,-5.2042e-18,5.2042e-18,6.9389e-18,-6.9389e-18,-5.2042e-18,0,0,-6.9389e-18,1.7347e-18,-0.0015958,5.2042e-18,0,-5.2042e-18,-0.00028676,-0.0017068,-5.2042e-18,0,-0.0016264,-0.0019054,0,-0.00031759,-0.00092512,-0.0013518,0,-0.0001655,-0.00050786,-0.000962,0.00037613,-1.1482e-05,-0.0003083,-0.00077933,0.00045647,3.1068e-05,-0.00025763,-0.00072085,0.00045713,4.1338e-05,-0.00022526,-0.00066601,0.0005008,0.00012386,-5.874e-05,-0.00033177,0.0010369,0.00078679,0.00053676,0,0.0022159,-0.0010043,5.2042e-18,0,0
0,-6.9389e-18,6.9389e-18,0,0,-6.9389e-18,6.9389e-18,0,0,-6.9389e-18,6.9389e-18,0,0,-6.9389e-18,6.9389e-18,0,0,-6.9389e-18,6.9389e-18,0,0,-6.9389e-18,6.9389e-18,0,0,-6.9389e-18,6.9389e-18,0,0,-6.9389e-18,6.9389e-18,0,0,-6.9389e-18,6.9389e-18,0,0,-6.9389e-18,6.9389e-18,0,0,-6.9389e-18,6.9389e-18,0,0,-6.9389e-18,6.9389e-18,0,0,-6.9389e-18,6.9389e-18,0,0,0,0,0,0,-6.9389e-18,6.9389e-18,0,0,0,0.0012678,0,-1.3878e-17,1.7347e-18,-0.00012427,-1.3878e-17,0,0.00021177,-0.0010302,0,0,0.00044246,-0.000884,-1.3878e-17,1.3878e-17,0.00059587,-0.00076253,-1.3878e-17,0,0.00059231,-0.00071587,0,1.3878e-17,0.00058037,-0.00067876,0,1.3878e-17,0.00062793,-0.00056621,-1.3878e-17,1.3878e-17,0.0011032,-0.0002369,0,1.3878e-17,-0.0020688,-1.7347e-18,-1.3878e-17,0
-6.9389e-18,-3.4694e-18,5.2042e-18,6.9389e-18,-6.9389e-18,-5.2042e-18,5.2042e-18,6.9389e-18,-6.9389e-18,-5.2042e-18,5.2042e-18,6.9389e-18,-6.9389e-18,-5.2042e-18,5.2042e-18,6.9389e-18,-6.9389e-18,-5.2042e-18,5.2042e-18,6.9389e-18,-6.9389e-18,-5.2042e-18,5.2042e-18,6.9389e-18,-6.9389e-18,-5.2042e-18,5.2042e-18,6.9389e-18,-6.9389e-18,-5.2042e-18,5.2042e-18,6.9389e-18,-6.9389e-18,-5.2042e-18,5.2042e-18,6.9389e-18,-6.9389e-18,-5.2042e-18,5.2042e-18,6.9389e-18,-6.9389e-18,-5.2042e-18,5.2042e-18,6.9389e-18,-6.9389e-18,-5.2042e-18,5.2042e-18,6.9389e-18,-6.9389e-18,-5.2042e-18,5.2042e-18,6.9389e-18,-6.9389e-18,-5.2042e-18,0,0,-6.9389e-18,-6.9389e-18,0.00012236,6.9389e-18,0,-5.2042e-18,-0.0015338,-0.00014687,1.7347e-18,0.00064798,-0.0015955,-0.0018573,0.0001759,1.2168e-05,-0.00072571,-0.0010766,0.00047725,4.7435e-05,-0.00035888,-0.00096811,0.00058838,5.43e-05,-0.00029632,-0.00087088,0.00059213,6.7554e-05,-0.00026436,-0.000819,0.00058077,7.3175e-05,-0.00023422,-0.00075847,0.00061144,0.00015151,-6.7906e-05,-0.00041773,0.0011384,0.00081569,0.00054774,-1.7347e-18,0.0023439,-0.00098362,5.2042e-18,0,0
0,0.0033815,-0.0009633,5.2042e-18,-5.2042e-18,0.0019145,-0.0018397,5.2042e-18,-5.2042e-18,0.0018658,-0.0018643,5.2042e-18,-5.2042e-18,0.0018648,-0.0018645,5.2042e-18,-5.2042e-18,0.0018649,-0.0018644,5.2042e-18,-5.2042e-18,0.0018653,-0.0018643,5.2042e-18,-5.2042e-18,0.0018654,-0.0018642,5.2042e-18,-5.2042e-18,0.0018655,-0.0018643,5.2042e-18,-5.2042e-18,0.0018655,-0.0018645,5.2042e-18,-5.2042e-18,0.0018652,-0.0018645,5.2042e-18,-5.2042e-18,0.0018641,-0.001866,5.2042e-18,-5.2042e-18,0.0018841,-0.0018411,5.2042e-18,-5.2042e-18,0.0019126,-0.0018208,5.2042e-18,-5.2042e-18,-5.2042e-18,-0.0021327,-0.0025477,-5.2042e-18,-5.2042e-18,-0.0026429,-0.0038731,1.7347e-18,-0.00013805,-0.0025053,-0.0034811,-0.0011736,-0.00076034,-0.00098392,-0.001042,-0.00039737,-0.00034022,-0.00032797,-0.00049386,2.2465e-05,-0.00015469,-0.000145,-0.00032653,1.3611e-05,-0.00013983,-0.00011056,-0.00028281,3.1146e-05,-0.00012258,-8.7615e-05,-0.00025587,3.859e-05,-0.00011025,-6.2868e-05,-0.00021449,8.5631e-05,-2.0468e-05,0.00011256,0.00011753,0.0006343,0.00081475,0.0014535,0.0021638,0.0022847,-0.00035397,5.2042e-18,0,6.9389e-18
-6.9389e-18,0,5.2042e-18,6.9389e-18,-6.9389e-18,-5.2042e-18,5.2042e-18,6.9389e-18,-6.9389e-18,-5.2042e-18,5.2042e-18,6.9389e-18,-6.9389e-18,-5.2042e-18,5.2042e-18,6.9389e-18,-6.9389e-18,-5.2042e-18,5.2042e-18,6.9389e-18,-6.9389e-18,-5.2042e-18,5.2042e-18,6.9389e-18,-6.9389e-18,-5.2042e-18,5.2042e-18,6.9389e-18,-6.9389e-18,-5.2042e-18,5.2042e-18,6.9389e-18,-6.9389e-18,-5.2042e-18,5.2042e-18,6.9389e-18,-6.9389e-18,-5.2042e-18,5.2042e-18,6.9389e-18,-6.9389e-18,-5.2042e-18,5.2042e-18,6.9389e-18,-6.9389e-18,-5.2042e-18,5.2042e-18,6.9389e-18,-6.9389e-18,-5.2042e-18,5.2042e-18,6.9389e-18,0,0,-0.0017734,0,0,-5.2042e-18,-0.00044281,-0.002292,-5.2042e-18,0,-0.0017265,-0.0022134,0,-0.00043389,-0.00082918,-0.0012246,8.9688e-05,-0.00011157,-0.00038142,-0.00083254,0.00043222,1.6869e-05,-0.00027266,-0.00073737,0.0004419,2.7568e-05,-0.00024406,-0.00069644,0.00044657,3.6391e-05,-0.00022151,-0.00066387,0.00044599,4.3574e-05,-0.00019579,-0.00061612,0.0004858,0.00012384,-3.2478e-05,-0.00028587,0.0010231,0.00079669,0.00060888,-1.7347e-18,0.0022743,-0.00092996,-1.7347e-18,0,0
0,-6.9389e-18,6.9389e-18,0,0,-6.9389e-18,6.9389e-18,0,0,-6.9389e-18,6.9389e-18,0,0,-6.9389e-18,6.9389e-18,0,0,-6.9389e-18,6.9389e-18,0,0,-6.9389e-18,6.9389e-18,0,0,-6.9389e-18,6.9389e-18,0,0,-6.9389e-18,6.9389e-18,0,0,-6.9389e-18,6.9389e-18,0,0,-6.9389e-18,6.9389e-18,0,0,-6.9389e-18,6.9389e-18,0,0,-6.9389e-18,6.9389e-18,0,0,-6.9389e-18,6.9389e-18,0,0,1.3878e-17,6.9389e-18,0,0,0,0.0010622,0,0,0,-0.00045417,0,1.3878e-17,0.00032681,-0.0010365,0,1.3878e-17,0.00055575,-0.00080518,-1.3878e-17,1.3878e-17,0.000589,-0.0007277,-1.3878e-17,1.3878e-17,0.00057466,-0.00069251,-1.3878e-17,1.3878e-17,0.00056061,-0.00066297,0,1.3878e-17,0.0005503,-0.00063127,0,0,0.00059875,-0.00052308,-1.3878e-17,1.3878e-17,0.0010819,-0.00018661,0,0,-0.0020581,-1.7347e-18,1.3878e-17,0
-6.9389e-18,-3.4694e-18,5.2042e-18,6.9389e-18,-6.9389e-18,-5.2042e-18,5.2042e-18,6.9389e-18,-6.9389e-18,-5.2042e-18,5.2042e-18,6.9389e-18,-6.9389e-18,-5.2042e-18,5.2042e-18,6.9389e-18,-6.9389e-18,-5.2042e-18,5.2042e-18,6.9389e-18,-6.9389e-18,-5.2042e-18,5.2042e-18,6.9389e-18,-6.9389e-18,-5.2042e-18,5.2042e-18,6.9389e-18,-6.9389e-18,-5.2042e-18,5.2042e-18,6.9389e-18,-6.9389e-18,-5.2042e-18,5.2042e-18,6.9389e-18,-6.9389e-18,-5.2042e-18,5.2042e-18,6.9389e-18,-6.9389e-18,-5.2042e-18,5.2042e-18,6.9389e-18,-6.9389e-18,-5.2042e-18,5.2042e-18,6.9389e-18,-6.9389e-18,-5.2042e-18,5.2042e-18,6.9389e-18,0,0,0.00033425,0,0,-5.2042e-18,-0.001685,-0.00075165,1.7347e-18,0.00031718,-0.0014418,-0.0018422,0.00019611,-0.00015366,-0.00055549,-0.0010432,0.00054482,2.5012e-05,-0.00032354,-0.00090015,0.00058564,5.9595e-05,-0.00027632,-0.00083716,0.00057473,6.3488e-05,-0.00025172,-0.00079195,0.00056139,6.4575e-05,-0.00023195,-0.00075442,0.00055177,6.9591e-05,-0.00020521,-0.00069979,0.00058318,0.00014705,-4.242e-05,-0.0003656,0.0011133,0.00082118,0.00061777,0,0.0023892,-0.00092081,-1.7347e-18,0,0
0,0.003343,-0.00094997,5.2042e-18,-5.2042e-18,0.0018921,-0.0018175,5.2042e-18,-5.2042e-18,0.0018438,-0.0018418,5.2042e-18,-5.2042e-18,0.001843,-0.001842,5.2042e-18,-5.2042e-18,0.001843,-0.0018419,5.2042e-18,-5.2042e-18,0.0018433,-0.0018417,5.2042e-18,-5.2042e-18,0.0018434,-0.0018417,5.2042e-18,-5.2042e-18,0.0018436,-0.0018418,5.2042e-18,-5.2042e-18,0.0018434,-0.0018422,5.2042e-18,-5.2042e-18,0.001841,-0.0018438,5.2042e-18,-5.2042e-18,0.0018814,-0.0017989,5.2042e-18,-5.2042e-18,0.0017093,-0.0019224,0,-5.2042e-18,1.7347e-18,-0.001474,-0.001217,-6.9389e-18,-5.2042e-18,-0.0027924,-0.0038392,1.7347e-18,-6.8913e-05,-0.0019652,-0.0032552,-0.0013306,-0.00090058,-0.00097767,-0.0010127,-0.00038038,-0.00035557,-0.00026684,-0.00040693,1.1868e-06,-0.00015707,-0.00012764,-0.00029904,2.0429e-05,-0.00013217,-9.7741e-05,-0.00026697,2.9107e-05,-0.00012167,-8.0256e-05,-0.0002446,3.2723e-05,-0.00011482,-6.5923e-05,-0.00022455,3.8656e-05,-0.00010331,-4.2802e-05,-0.0001859,8.4804e-05,-1.5494e-05,0.00012918,0.00014157,0.00063153,0.00082171,0.0014741,0.002269,0.0023096,-0.00029916,5.2042e-18,0,6.9389e-18
0,0,5.2042e-18,6.9389e-18,-6.9389e-18,-5.2042e-18,5.2042e-18,6.9389e-18,-6.9389e-18,-5.2042e-18,5.2042e-18,6.9389e-18,-6.9389e-18,-5.2042e-18,5.2042e-18,6.9389e-18,-6.9389e-18,-5.2042e-18,5.2042e-18,6.9389e-18,-6.9389e-18,-5.2042e-18,5.2042e-18,6.9389e-18,-6.9389e-18,-5.2042e-18,5.2042e-18,6.9389e-18,-6.9389e-18,-5.2042e-18,5.2042e-18,6.9389e-18,-6.9389e-18,-5.2042e-18,5.2042e-18,6.9389e-18,-6.9389e-18,-5.2042e-18,5.2042e-18,6.9389e-18,-6.9389e-18,-5.2042e-18,5.2042e-18,6.9389e-18,-6.9389e-18,-5.2042e-18,-1.7347e-18,6.9389e-18,-6.9389e-18,-5.2042e-18,-0.0012072,6.9389e-18,0,0,-0.00065308,-0.0021779,-5.2042e-18,-0.00061798,-0.0016492,-0.0021245,0,-0.00048963,-0.00084625,-0.0012296,0.00015217,-0.00012584,-0.00035549,-0.00079285,0.0004226,1.4168e-05,-0.00025752,-0.00070943,0.00043486,2.8138e-05,-0.00022993,-0.0006725,0.00043515,3.2954e-05,-0.00021145,-0.00064401,0.00043008,3.5046e-05,-0.00019514,-0.00061625,0.00042921,4.2501e-05,-0.00017091,-0.00057241,0.00046965,0.00012111,-1.1584e-05,-0.0002474,0.0010041,0.0008029,0.00067858,0,0.0023259,-0.00086109,-1.7347e-18,0,0
0,-6.9389e-18,6.9389e-18,0,0,-6.9389e-18,6.9389e-18,0,0,-6.9389e-18,6.9389e-18,0,0,-6.9389e-18,6.9389e-18,0,0,-6.9389e-18,6.9389e-18,0,0,-6.9389e-18,6.9389e-18,0,0,-6.9389e-18,6.9389e-18,0,0,-6.9389e-18,6.9389e-18,0,0,-6.9389e-18,6.9389e-18,0,0,-6.9389e-18,6.9389e-18,0,0,-6.9389e-18,6.9389e-18,0,0,-6.9389e-18,6.9389e-18,0,0,1.3878e-17,6.9389e-18,0,0,0,0.00088939,-1.3878e-17,0,0,-0.00075512,-1.3878e-17,1.3878e-17,0.00029954,-0.0010739,-1.3878e-17,1.3878e-17,0.00053679,-0.00078017,0,0,0.00056898,-0.00070517,0,0,0.0005581,-0.0006702,-1.3878e-17,0,0.00054373,-0.0006431,0,1.3878e-17,0.00053029,-0.00061785,0,0,0.00052127,-0.00059023,-1.3878e-17,1.3878e-17,0.0005704,-0.00048609,0,0,0.0010613,-0.00013921,0,0,-0.0020545,-1.7347e-18,-1.3878e-17,0
0,0,5.2042e-18,6.9389e-18,-6.9389e-18,-5.2042e-18,5.2042e-18,6.9389e-18,-6.9389e-18,-5.2042e-18,5.2042e-18,6.9389e-18,-6.9389e-18,-5.2042e-18,5.2042e-18,6.9389e-18,-6.9389e-18,-5.2042e-18,5.2042e-18,6.9389e-18,-6.9389e-18,-5.2042e-18,5.2042e-18,6.9389e-18,-6.9389e-18,-5.2042e-18,5.2042e-18,6.9389e-18,-6.9389e-18,-5.2042e-18,5.2042e-18,6.9389e-18,-6.9389e-18,-5.2042e-18,5.2042e-18,6.9389e-18,-6.9389e-18,-5.2042e-18,5.2042e-18,6.9389e-18,-6.9389e-18,-5.2042e-18,5.2042e-18,6.9389e-18,-6.9389e-18,-5.2042e-18,-1.7347e-18,6.9389e-18,0,0,5.5218e-05,6.9389e-18,0,-5.2042e-18,-0.001945,-0.0015398,0,8.9242e-05,-0.0014378,-0.0017683,0.00023891,-0.00014882,-0.00050223,-0.0010886,0.00050223,3.0843e-06,-0.00032272,-0.00087781,0.00055351,4.8113e-05,-0.00026777,-0.0008104,0.00055462,5.8163e-05,-0.00024073,-0.0007672,0.00054449,5.9158e-05,-0.00022283,-0.00073342,0.00053283,6.0326e-05,-0.00020463,-0.00069819,0.0005242,6.524e-05,-0.00018075,-0.00065036,0.00055609,0.00013957,-2.3916e-05,-0.00032522,0.0010882,0.00082529,0.00068635,0,0.0024353,-0.0008533,-1.7347e-18,0,0
0,0.0033047,-0.00093731,5.2042e-18,-5.2042e-18,0.00187,-0.0017957,5.2042e-18,-5.2042e-18,0.0018221,-0.0018197,5.2042e-18,-5.2042e-18,0.0018212,-0.00182,5.2042e-18,-5.2042e-18,0.0018212,-0.00182,5.2042e-18,-5.2042e-18,0.0018216,-0.0018199,5.2042e-18,-5.2042e-18,0.0018217,-0.0018199,5.2042e-18,-5.2042e-18,0.0018217,-0.0018202,5.2042e-18,-5.2042e-18,0.0018201,-0.0018213,5.2042e-18,-5.2042e-18,0.0018595,-0.0017929,5.2042e-18,-5.2042e-18,0.0014582,-0.0020955,0,-5.2042e-18,-5.2042e-18,-0.00173,-0.0011481,1.7347e-18,-5.2042e-18,-0.0029284,-0.0037843,0,-0.00066533,-0.001414,-0.0027935,-0.0012473,-0.00087452,-0.00089658,-0.00092267,-0.00032427,-0.00033543,-0.00025526,-0.00040721,-4.5494e-05,-0.00018192,-0.00014047,-0.00030459,5.0926e-06,-0.00014008,-9.7175e-05,-0.00026082,2.2643e-05,-0.00012328,-7.5116e-05,-0.00023542,2.7678e-05,-0.00011635,-6.1327e-05,-0.00021631,3.1795e-05,-0.00010857,-4.6777e-05,-0.00019718,3.7665e-05,-9.856e-05,-2.6835e-05,-0.00016328,7.9452e-05,-1.5633e-05,0.00013994,0.00015977,0.00062642,0.00082676,0.0014922,0.0023716,0.0023326,-0.00024645,-1.7347e-18,0,6.9389e-18
0,0,5.2042e-18,6.9389e-18,-6.9389e-18,-5.2042e-18,5.2042e-18,6.9389e-18,-6.9389e-18,-5.2042e-18,5.2042e-18,6.9389e-18,-6.9389e-18,-5.2042e-18,5.2042e-18,6.9389e-18,-6.9389e-18,-5.2042e-18,5.2042e-18,6.9389e-18,-6.9389e-18,-5.2042e-18,5.2042e-18,6.9389e-18,-6.9389e-18,-5.2042e-18,5.2042e-18,6.9389e-18,-6.9389e-18,-5.2042e-18,5.2042e-18,6.9389e-18,-6.9389e-18,-5.2042e-18,5.2042e-18,6.9389e-18,-6.9389e-18,0,5.2042e-18,6.9389e-18,-6.9389e-18,-5.2042e-18,0,0,-6.9389e-18,-5.2042e-18,-0.00056252,5.2042e-18,0,-5.2042e-18,-0.00090672,-0.0019879,1.7347e-18,-0.00061879,-0.0014022,-0.0018735,0,-0.00043295,-0.00076743,-0.0011666,0.0002025,-0.0001109,-0.00035376,-0.00080608,0.00039479,-8.0496e-06,-0.00026972,-0.00071949,0.00041522,1.6865e-05,-0.00022892,-0.00066479,0.00042063,2.6693e-05,-0.00020484,-0.00062852,0.00041508,2.9157e-05,-0.00018775,-0.00059893,0.00041268,3.3633e-05,-0.00017121,-0.00057411,0.00041324,3.9493e-05,-0.00015101,-0.00053533,0.00044658,0.00011372,4.76e-06,-0.00021198,0.00098361,0.00080752,0.00074115,-1.7347e-18,0.002374,-0.00079534,-1.7347e-18,0,0
0,-6.9389e-18,6.9389e-18,0,0,-6.9389e-18,6.9389e-18,0,0,-6.9389e-18,6.9389e-18,0,0,-6.9389e-18,6.9389e-18,0,0,-6.9389e-18,6.9389e-18,0,0,-6.9389e-18,6.9389e-18,0,0,-6.9389e-18,6.9389e-18,0,0,-6.9389e-18,6.9389e-18,0,0,-6.9389e-18,6.9389e-18,0,0,-6.9389e-18,6.9389e-18,0,0,-6.9389e-18,0,0,0,0,-1.7347e-18,0,0,0,0.00084088,-1.3878e-17,0,0,-0.0012443,0,1.3878e-17,0.0003273,-0.0010209,-1.3878e-17,0,0.00053241,-0.00077151,0,1.3878e-17,0.00054705,-0.00070065,-1.3878e-17,0,0.00053703,-0.00065826,0,1.3878e-17,0.00052445,-0.00062718,-1.3878e-17,1.3878e-17,0.00051183,-0.00060092,-1.3878e-17,0,0.00050102,-0.00057846,0,1.3878e-17,0.00049303,-0.00055471,0,0,0.00054232,-0.00045153,-1.3878e-17,0,0.0010406,-9.5574e-05,0,0,-0.0020456,5.2042e-18,1.3878e-17,0
0,0,5.2042e-18,6.9389e-18,-6.9389e-18,-5.2042e-18,5.2042e-18,6.9389e-18,-6.9389e-18,-5.2042e-18,5.2042e-18,6.9389e-18,-6.9389e-18,-5.2042e-18,5.2042e-18,6.9389e-18,-6.9389e-18,-5.2042e-18,5.2042e-18,6.9389e-18,-6.9389e-18,-5.2042e-18,5.2042e-18,6.9389e-18,-6.9389e-18,-5.2042e-18,5.2042e-18,6.9389e-18,-6.9389e-18,-5.2042e-18,5.2042e-18,6.9389e-18,-6.9389e-18,-5.2042e-18,5.2042e-18,6.9389e-18,-6.9389e-18,-5.2042e-18,5.2042e-18,6.9389e-18,-6.9389e-18,-5.2042e-18,-1.7347e-18,0,-6.9389e-18,0,-0.00061495,5.2042e-18,0,0,-0.0019376,-0.0024259,0,-8.511e-05,-0.0012482,-0.0015108,0.00035421,-7.335e-05,-0.00045695,-0.0010482,0.00049047,-4.2905e-06,-0.00032575,-0.00087699,0.00051726,2.6371e-05,-0.00027601,-0.0008048,0.0005145,3.8906e-05,-0.00024283,-0.00075311,0.00051278,4.512e-05,-0.00022056,-0.00071679,0.00050833,5.0215e-05,-0.00019962,-0.00068043,0.00050353,5.4753e-05,-0.00018194,-0.0006514,0.00049692,5.6729e-05,-0.00016404,-0.00061248,0.00052886,0.00013177,-6.0228e-06,-0.00028451,0.0010642,0.00082938,0.00074858,0,0.0024743,-0.0007914,5.2042e-18,0,0
0,0.0032676,-0.00092461,-1.7347e-18,-5.2042e-18,0.0018481,-0.0017741,5.2042e-18,1.7347e-18,0.0018006,-0.001798,5.2042e-18,-5.2042e-18,0.0017998,-0.0017982,5.2042e-18,-5.2042e-18,0.0018,-0.0017983,5.2042e-18,-5.2042e-18,0.0018002,-0.0017982,5.2042e-18,-5.2042e-18,0.0018002,-0.0017985,5.2042e-18,-5.2042e-18,0.0017998,-0.0017981,5.2042e-18,-5.2042e-18,0.0018303,-0.0017832,5.2042e-18,-5.2042e-18,0.0015247,-0.0020539,0,-5.2042e-18,-5.2042e-18,-0.0023736,-0.0023541,-5.2042e-18,1.7347e-18,-0.0027548,-0.0039743,-0.0003536,-0.00056397,-0.0015091,-0.0018587,-0.0011989,-0.00072343,-0.00065915,-0.00070251,-0.00019192,-0.00026779,-0.00022273,-0.00039063,-4.875e-05,-0.0001884,-0.00014772,-0.00031353,-1.3937e-05,-0.00015718,-0.00011085,-0.00027242,2.3639e-06,-0.00013856,-8.4738e-05,-0.00024156,1.1978e-05,-0.00012714,-6.6246e-05,-0.00021743,2.0601e-05,-0.00011535,-4.767e-05,-0.00019433,2.8613e-05,-0.00010569,-3.331e-05,-0.00017753,3.0965e-05,-0.00010021,-1.7848e-05,-0.0001467,7.334e-05,-1.5153e-05,0.00015141,0.00017857,0.00062373,0.00083274,0.001509,0.0024677,0.00235,-0.00020345,-1.7347e-18,0,6.9389e-18
0,0,-1.7347e-18,6.9389e-18,-6.9389e-18,0,0,6.9389e-18,-6.9389e-18,0,0,6.9389e-18,-6.9389e-18,0,0,6.9389e-18,-6.9389e-18,0,0,6.9389e-18,-6.9389e-18,0,0,6.9389e-18,-6.9389e-18,0,0,6.9389e-18,-6.9389e-18,0,0,6.9389e-18,-6.9389e-18,0,5.2042e-18,6.9389e-18,-6.9389e-18,-5.2042e-18,0,0,-6.9389e-18,-6.9389e-18,-0.00018132,-0.00021035,-6.9389e-18,-5.2042e-18,-0.0011405,-0.0022518,0,-0.00058793,-0.0012847,-0.0016744,1.7347e-18,-0.00031824,-0.00058722,-0.0010073,0.00030433,-6.2671e-05,-0.00032922,-0.00079211,0.00038886,-1.4404e-05,-0.00027489,-0.00072677,0.0004003,2.8674e-06,-0.00023995,-0.00067918,0.0004042,1.2608e-05,-0.00021361,-0.00063812,0.00039817,1.7098e-05,-0.00019162,-0.00060023,0.00039663,2.41e-05,-0.00017046,-0.00056783,0.00039681,2.8966e-05,-0.00015479,-0.00054301,0.0003895,3.0758e-05,-0.00013664,-0.00050275,0.00042556,0.00010831,2.163e-05,-0.00017909,0.00096908,0.00081328,0.00080018,0,0.0024144,-0.00074402,-1.7347e-18,0,0
0,0,6.9389e-18,0,0,-6.9389e-18,6.9389e-18,0,0,-6.9389e-18,6.9389e-18,0,0,-6.9389e-18,6.9389e-18,0,0,-6.9389e-18,6.9389e-18,0,0,-6.9389e-18,6.9389e-18,0,0,-6.9389e-18,6.9389e-18,0,0,-6.9389e-18,6.9389e-18,0,0,-6.9389e-18,6.9389e-18,0,0,-6.9389e-18,0,0,0,0,0.0020372,0,0,-6.9389e-18,0.00054537,-1.3878e-17,1.3878e-17,3.9164e-05,-0.001217,-1.3878e-17,1.3878e-17,0.00037257,-0.00089717,0,1.3878e-17,0.00054463,-0.00075341,-1.3878e-17,0,0.00053967,-0.00069737,-1.3878e-17,1.3878e-17,0.00052427,-0.00065652,0,0,0.0005087,-0.00062322,0,0,0.0004943,-0.00059272,-1.3878e-17,0,0.00048276,-0.00056683,0,0,0.00047218,-0.00054633,-1.3878e-17,0,0.00046392,-0.00052257,-1.3878e-17,0,0.00051572,-0.00041929,0,1.3878e-17,0.0010214,-5.5181e-05,0,0,-0.0020067,-1.7347e-18,1.3878e-17,0
0,0,5.2042e-18,6.9389e-18,-6.9389e-18,1.7347e-18,-1.7347e-18,6.9389e-18,-6.9389e-18,1.7347e-18,-1.7347e-18,6.9389e-18,-6.9389e-18,1.7347e-18,-1.7347e-18,6.9389e-18,-6.9389e-18,1.7347e-18,-1.7347e-18,6.9389e-18,-6.9389e-18,1.7347e-18,-1.7347e-18,6.9389e-18,-6.9389e-18,1.7347e-18,-1.7347e-18,6.9389e-18,-6.9389e-18,1.7347e-18,-1.7347e-18,6.9389e-18,-6.9389e-18,1.7347e-18,5.2042e-18,6.9389e-18,-6.9389e-18,-5.2042e-18,0,0,-6.9389e-18,0,-0.00058033,0,-6.9389e-18,0,-0.0019495,-0.0025572,-5.1175e-05,-0.00031023,-0.00096388,-0.0012601,0.00040283,-7.615e-05,-0.00040827,-0.00098187,0.00050592,6.9541e-06,-0.00031477,-0.00086658,0.00051177,2.3206e-05,-0.00027554,-0.00080105,0.00049933,2.9792e-05,-0.00024554,-0.00074994,0.00048635,3.0282e-05,-0.00022561,-0.00071174,0.00047638,3.425e-05,-0.00020255,-0.0006706,0.00047203,4.0109e-05,-0.00018212,-0.00063811,0.00046726,4.1074e-05,-0.00016988,-0.00061685,0.00046218,4.4988e-05,-0.00014908,-0.00057301,0.00050059,0.00012509,1.1685e-05,-0.00024572,0.0010399,0.00083039,0.00080475,0,0.0025134,-0.00072465,-1.7347e-18,0,0
0,0.0032302,-0.00091239,0,0,0.0018261,-0.0017531,0,0,0.0017787,-0.0017769,0,0,0.0017783,-0.0017769,0,0,0.0017784,-0.0017769,0,0,0.0017785,-0.0017771,0,0,0.0017784,-0.0017768,0,0,0.0017906,-0.001771,0,1.7347e-18,0.0017121,-0.0018608,0,-5.2042e-18,-5.2042e-18,-0.0020303,-0.0020903,-5.2042e-18,-5.2042e-18,-0.0026373,-0.0046012,-0.00034777,-0.0011849,-0.0016005,-0.0016957,-0.00089485,-0.00060709,-0.00049016,-0.00058407,-8.5512e-05,-0.00023276,-0.00019772,-0.00036732,-3.7294e-05,-0.00018011,-0.00014129,-0.00030907,-1.4321e-05,-0.00015816,-0.00011179,-0.00027371,-3.648e-06,-0.00014402,-8.9338e-05,-0.00024682,-1.687e-07,-0.00013812,-7.5294e-05,-0.00022566,5.5695e-06,-0.00012729,-5.6316e-05,-0.00020118,1.4532e-05,-0.00011635,-4.0077e-05,-0.00018241,1.7167e-05,-0.00011242,-3.0839e-05,-0.00016874,2.0394e-05,-0.00010375,-1.097e-05,-0.00013263,6.8813e-05,-1.3888e-05,0.00016114,0.00019274,0.00061758,0.00083363,0.0015189,0.0025719,0.002364,-0.00016178,-1.7347e-18,0,6.9389e-18
0,0,-1.7347e-18,6.9389e-18,-6.9389e-18,0,0,6.9389e-18,-6.9389e-18,0,0,6.9389e-18,-6.9389e-18,0,0,6.9389e-18,-6.9389e-18,0,0,6.9389e-18,-6.9389e-18,0,0,6.9389e-18,-6.9389e-18,0,0,6.9389e-18,-6.9389e-18,0,0,6.9389e-18,-6.9389e-18,0,0,0,-6.9389e-18,-5.2042e-18,-0.00098926,5.2042e-18,0,-5.2042e-18,-0.00098885,-0.002878,1.7347e-18,-0.00072074,-0.0013269,-0.0016751,0,-0.0002425,-0.0004861,-0.00092126,0.00036505,-3.7534e-05,-0.0003154,-0.00078347,0.00039466,-1.027e-05,-0.00027032,-0.00072384,0.00040043,1.7611e-06,-0.00024015,-0.00068036,0.00040078,8.4945e-06,-0.00021674,-0.00064455,0.00039123,8.656e-06,-0.00019931,-0.000612,0.00038744,1.4269e-05,-0.00017836,-0.00057999,0.00038739,1.9144e-05,-0.00016142,-0.00055313,0.00037742,1.8052e-05,-0.0001489,-0.00052733,0.00037127,2.3424e-05,-0.00012611,-0.00048243,0.00041406,0.00010455,3.3663e-05,-0.00015866,0.00095292,0.00081529,0.00085521,0,0.0024568,-0.00069434,-1.7347e-18,0,6.9389e-18
0,0,6.9389e-18,0,0,-6.9389e-18,6.9389e-18,0,0,-6.9389e-18,6.9389e-18,0,0,-6.9389e-18,6.9389e-18,0,0,-6.9389e-18,6.9389e-18,0,0,-6.9389e-18,6.9389e-18,0,0,-6.9389e-18,6.9389e-18,0,0,0,6.9389e-18,0,0,-6.9389e-18,6.9389e-18,0,0,1.3878e-17,-1.7347e-18,0,0,0,0.00078189,-1.3878e-17,1.3878e-17,0.0001362,-0.001291,-1.3878e-17,1.3878e-17,0.00045579,-0.00085714,-1.3878e-17,1.3878e-17,0.00055049,-0.00074304,0,0,0.00053808,-0.00069174,-1.3878e-17,0,0.00052051,-0.00065321,-1.3878e-17,1.3878e-17,0.00050331,-0.00062098,-1.3878e-17,1.3878e-17,0.00048621,-0.00059215,-1.3878e-17,0,0.00047228,-0.0005654,0,1.3878e-17,0.00045911,-0.00054344,0,1.3878e-17,0.00044607,-0.00052265,0,0,0.00043981,-0.00049607,0,0,0.00049284,-0.00039331,0,1.3878e-17,0.0010026,-1.9613e-05,0,-6.9389e-18,-0.0019686,5.2042e-18,-1.3878e-17,0
0,0,-1.7347e-18,6.9389e-18,-6.9389e-18,0,0,6.9389e-18,-6.9389e-18,0,0,6.9389e-18,-6.9389e-18,0,0,6.9389e-18,-6.9389e-18,0,0,6.9389e-18,-6.9389e-18,0,0,6.9389e-18,-6.9389e-18,0,0,6.9389e-18,-6.9389e-18,0,0,0,-6.9389e-18,-5.2042e-18,0,0,-6.9389e-18,0,-0.00019995,5.2042e-18,0,1.7347e-18,-0.0018279,-0.002596,0,-0.00047416,-0.00092128,-0.0012917,0.00039822,-6.9026e-05,-0.00038822,-0.00094659,0.00051341,1.3612e-05,-0.00031064,-0.00085792,0.0005064,2.4153e-05,-0.00027361,-0.0007938,0.00049322,2.9043e-05,-0.00024573,-0.00074434,0.00047928,2.894e-05,-0.00022612,-0.00070693,0.00046445,2.9113e-05,-0.00020627,-0.00066753,0.00045332,3.1559e-05,-0.00018738,-0.00063523,0.00044167,2.8505e-05,-0.00017632,-0.00061364,0.00043061,2.7019e-05,-0.00016228,-0.00058561,0.00042958,3.6622e-05,-0.00013532,-0.00053592,0.00047013,0.00011552,2.1596e-05,-0.00021584,0.0010077,0.00082754,0.00085691,0,0.0025466,-0.00066041,-1.7347e-18,0,6.9389e-18
0,0.0031938,-0.00090486,0,0,0.0018079,-0.0017356,0,0,0.0017611,-0.001759,0,0,0.0017606,-0.0017589,0,0,0.0017606,-0.001759,0,0,0.0017605,-0.001759,0,0,0.0017624,-0.0017588,0,0,0.0017913,-0.0017488,0,-5.2042e-18,0,-0.0019066,-0.0019823,-5.2042e-18,-5.2042e-18,-0.0020892,-0.0046904,0,-0.00081694,-0.0018102,-0.0020336,-0.001381,-0.00081795,-0.00056493,-0.00060674,-0.00010471,-0.00023063,-0.00019877,-0.00037315,-1.3648e-05,-0.00016846,-0.00014621,-0.00032403,3.2122e-06,-0.00014949,-0.00011799,-0.00028948,1.2699e-05,-0.00013713,-9.7288e-05,-0.00026371,1.5785e-05,-0.00013116,-8.3196e-05,-0.00024364,1.8476e-05,-0.00012407,-6.8149e-05,-0.00022299,2.234e-05,-0.00011716,-5.5467e-05,-0.00020827,1.6241e-05,-0.00011945,-4.8672e-05,-0.00019482,1.1406e-05,-0.00011712,-3.4944e-05,-0.00017165,2.2139e-05,-0.00010086,-7.9919e-06,-0.00013045,7.1434e-05,-1.3367e-05,0.0001597,0.0001894,0.00061642,0.0008343,0.0015194,0.0026755,0.0023859,-0.00011862,5.2042e-18,0,6.9389e-18
0,0,0,0,0,0,0,0,0,0,0,0,0,0,0,0,0,0,0,0,0,0,0,0,0,0,0,0,0,0,0,6.9389e-18,-6.9389e-18,-5.2042e-18,-0.0015663,6.9389e-18,0,-6.9389e-18,-0.0009532,-0.0029732,1.7347e-18,-0.00079609,-0.0016195,-0.0020116,0,-0.00033402,-0.00057335,-0.0010334,0.00043644,-1.9726e-05,-0.00033695,-0.0008677,0.00048645,1.5146e-05,-0.00029145,-0.00081107,0.00049044,2.586e-05,-0.00026213,-0.00076848,0.00048902,3.1062e-05,-0.00024005,-0.0007332,0.00047942,3.1355e-05,-0.00022241,-0.00070163,0.0004731,3.3767e-05,-0.0002054,-0.00067417,0.00046613,3.2776e-05,-0.00019373,-0.00065217,0.00043551,2.0714e-05,-0.00018313,-0.00061614,0.00040729,1.7867e-05,-0.00016135,-0.00056924,0.00040951,3.1834e-05,-0.0001307,-0.00051777,0.00045262,0.00011117,2.5882e-05,-0.0001978,0.00098847,0.00082913,0.00088904,0,0.0025544,-0.00063155,5.2042e-18,0,6.9389e-18
0,0,0,0,0,0,0,0,0,0,0,0,0,0,0,0,0,0,0,0,0,0,0,0,0,0,0,0,0,0,6.9389e-18,0,0,0,6.9389e-18,0,0,0,0.00082966,-1.3878e-17,1.3878e-17,0,-0.0015307,-1.3878e-17,1.3878e-17,0.00045417,-0.00093376,-1.3878e-17,0,0.00057811,-0.00077122,-1.3878e-17,1.3878e-17,0.00056897,-0.00071928,0,1.3878e-17,0.00055061,-0.00068135,0,0,0.00053276,-0.00064969,0,1.3878e-17,0.00051532,-0.00062076,-1.3878e-17,0,0.00049901,-0.00059699,0,1.3878e-17,0.00047639,-0.00058321,0,0,0.00044658,-0.00056523,-1.3878e-17,0,0.00043331,-0.00053123,-1.3878e-17,0,0.00043642,-0.00049537,-1.3878e-17,0,0.00049142,-0.00039152,0,0,0.0010074,-8.4178e-06,0,-6.9389e-18,-0.0019113,5.2042e-18,-1.3878e-17,0
0,0,0,0,0,0,0,0,0,0,0,0,0,0,0,0,0,0,0,0,0,0,0,0,0,0,0,0,-6.9389e-18,-5.2042e-18,-1.7347e-18,0,-6.9389e-18,-6.9389e-18,0.00034814,0,0,-5.2042e-18,-0.0018975,-0.0028399,0,-0.00048627,-0.0011056,-0.0016377,0.00021753,-8.1578e-05,-0.00046092,-0.00091019,0.00046258,5.7827e-05,-0.00034781,-0.00079894,0.00045355,6.6948e-05,-0.00031012,-0.00073555,0.00044036,7.0019e-05,-0.00028312,-0.00068935,0.00042583,6.8413e-05,-0.00026362,-0.00065258,0.00041217,6.8278e-05,-0.00024316,-0.00061417,0.00039904,6.6759e-05,-0.00023008,-0.00059251,0.00037378,4.4621e-05,-0.00024341,-0.00061623,0.00032622,7.1332e-06,-0.00023965,-0.00061362,0.00032994,9.0399e-06,-0.00019455,-0.00055485,0.00037193,4.0704e-05,-0.00014796,-0.00049406,0.00042621,0.00012463,1.2419e-05,-0.00017242,0.00096861,0.00085137,0.00088649,0,0.0025257,-0.00061396,-1.7347e-18,0,6.9389e-18
0.00026036,0.0032601,-0.00098013,0,0,0.0018879,-0.001812,0,0,0.0018388,-0.0018363,0,0,0.0018382,-0.0018362,0,0,0.0018381,-0.0018363,0,0,0.0018391,-0.0018383,0,0,0.0018891,-0.0017979,0,-5.2042e-18,0,-0.0019257,-0.0020521,-5.2042e-18,-5.2042e-18,-0.0028149,-0.0044654,1.7347e-18,0,-0.0021608,-0.0027143,-0.0017122,-0.00090083,-0.0010561,-0.0010242,-4.8981e-06,-1.5686e-05,-0.00047055,-0.00056232,0.00017309,8.8437e-05,-0.00038228,-0.00046575,0.0001563,9.6198e-05,-0.00035143,-0.00043617,0.00016991,0.00010371,-0.00032829,-0.00041765,0.00017633,0.00010398,-0.00031072,-0.00040248,0.00018383,0.00010754,-0.00029262,-0.00038575,0.00018946,0.00010779,-0.00028516,-0.0003886,0.00016759,7.2817e-05,-0.00030525,-0.00043649,9.4281e-05,-3.2236e-06,-0.00025859,-0.000419,8.3843e-05,-4.4909e-05,-0.00017317,-0.00033726,0.00014,-1.3491e-05,-0.00010838,-0.00027213,0.00020812,7.9761e-05,7.0933e-05,5.1569e-05,0.00076728,0.00095114,0.0014703,0.0024738,0.0024895,2.071e-05,-1.7347e-18,0,6.9389e-18
0,0,0,0,0,0,0,0,0,0,0,0,0,0,0,0,0,0,0,0,0,0,0,0,0,0,-1.7347e-18,0,-6.9389e-18,-5.2042e-18,-0.0013782,0,0,-6.9389e-18,-0.0012224,-0.0037772,-5.2042e-18,-0.00047252,-0.0029192,-0.0034476,0,0.00030989,-0.0019854,-0.0014215,0.00060815,0.001153,-0.0015231,-0.0012051,0.00084092,0.0011864,-0.0014323,-0.0012288,0.00093466,0.0011709,-0.0013768,-0.0012172,0.00096438,0.0011495,-0.0013261,-0.0012181,0.00098612,0.0011173,-0.0012798,-0.0012188,0.0010098,0.0010927,-0.0012427,-0.0012147,0.0010254,0.0010701,-0.0012188,-0.0012354,0.0010012,0.00098384,-0.0011853,-0.0013061,0.00091689,0.00073877,-0.00088421,-0.0013105,0.00093855,0.00043816,-0.00062124,-0.0012282,0.0010079,0.0003892,-0.00049448,-0.0011564,0.0010881,0.00045653,-0.00029605,-0.00084867,0.0016592,0.0012197,0.00085507,0,0.0030816,-5.2106e-05,-1.7347e-18,0,6.9389e-18
0,0,0,0,0,0,0,0,0,0,0,0,0,0,0,0,0,0,0,0,0,0,0,0,0,0,6.9389e-18,0,0,-6.9389e-18,0,0,0,0,-0.00049323,0,1.3878e-17,0,-0.0010142,-1.3878e-17,1.3878e-17,-6.2527e-05,-0.00035758,0,0,-3.8623e-05,-0.00018531,-1.3878e-17,1.3878e-17,9.4854e-06,-0.00017487,-1.3878e-17,1.3878e-17,2.8116e-05,-0.00016683,0,1.3878e-17,3.2203e-05,-0.00017155,0,1.3878e-17,4.5579e-05,-0.00017383,0,0,6.0771e-05,-0.00016723,-1.3878e-17,0,5.5599e-05,-0.00018275,0,6.9389e-18,1.3887e-05,-0.00028561,-6.9389e-18,6.9389e-18,0.00010374,-0.00049393,0,0,0.0003151,-0.00060637,-6.9389e-18,-6.9389e-18,0.00044319,-0.00056287,0,-6.9389e-18,0.00054006,-0.00047038,0,-6.9389e-18,0.0010537,-0.00022641,6.9389e-18,0,-0.0020705,5.2042e-18,0,0
0,0.00013164,0,0,0,0,0,0,0,0,0,0,0,0,0,0,0,0,0,0,0,0,0,0,0,0,0,0,-6.9389e-18,-5.2042e-18,-0.0015271,0,0,-5.2042e-18,-0.0014359,-0.0040956,1.7347e-18,-0.00051841,-0.0013118,-0.0012118,0,8.8882e-05,-0.00041472,-9.8034e-05,0,0.00016756,-0.000279,-0.00012527,0,0.00013683,-0.00026995,-0.00011027,0,9.5502e-05,-0.00026159,-8.4003e-05,-5.1272e-05,7.0317e-05,-0.00025671,-4.6584e-05,-0.00019299,7.1693e-05,-0.00024262,-7.3256e-07,-0.00020758,7.9936e-05,-0.00022451,3.7081e-05,-0.00023202,6.0188e-05,-0.00025565,-1.386e-05,-0.00034541,-4.7824e-05,-0.00043205,-0.00033059,0,-7.4715e-06,-0.00036422,-0.00039317,-0.00045163,-9.7947e-05,-0.00039877,-0.00027289,-0.00013558,7.6501e-05,-0.00028571,-0.00012414,1.1252e-05,0.00021971,-9.4616e-05,0.00022561,0.00055587,0.00091177,0.00058983,0,0.0017649,-0.00082376,-1.7347e-18,0,6.9389e-18
0.0016317,0.0031386,0.00041549,3.4694e-18,-3.4694e-18,0.0010399,-0.00090881,3.4694e-18,-3.4694e-18,0.00095195,-0.0009478,3.4694e-18,-3.4694e-18,0.00095007,-0.00094831,3.4694e-18,-3.4694e-18,0.00094992,-0.00094967,3.4694e-18,-3.4694e-18,0.00096364,-0.00090367,3.4694e-18,-5.2042e-18,0.00083081,-0.0014485,0,-5.2042e-18,-5.2042e-18,-0.0030059,-0.006992,-5.2042e-18,1.7347e-18,-0.0034675,-0.0056354,-0.0024345,-0.00094607,-0.0022195,-0.0022631,0.00045715,0.00059873,-0.0011321,-0.0014132,0.00097221,0.00078544,-0.0010373,-0.0013755,0.0010399,0.00080112,-0.0010201,-0.0013514,0.0010868,0.00081385,-0.0010023,-0.0013347,0.0011052,0.00081288,-0.0009967,-0.0013256,0.0011088,0.00081557,-0.00098658,-0.0013078,0.0011201,0.00082749,-0.00097104,-0.0012945,0.001115,0.00080464,-0.0010149,-0.00137,0.0010153,0.00072682,-0.0011468,-0.0016872,0.0007509,0.00099047,-0.00041255,-0.0012473,0.0005759,0.00031472,-0.00063993,-0.0012163,0.00084431,0.00045419,-0.00068758,-0.0010875,0.00098147,0.00063016,-0.00047616,-0.00072785,0.0015205,0.0014927,0.00080935,0.0017831,0.0027102,0.00041131,5.2042e-18,0,6.9389e-18
0,-3.4694e-18,5.2042e-18,0,0,-5.2042e-18,5.2042e-18,0,0,-5.2042e-18,5.2042e-18,0,0,-5.2042e-18,5.2042e-18,0,0,-5.2042e-18,5.2042e-18,0,0,-5.2042e-18,5.2042e-18,0,-6.9389e-18,-5.2042e-18,0,0,0,0,-0.0031749,-0.0076023,-5.2042e-18,1.7347e-18,-0.0027721,-0.0071341,0.0007273,0.0017882,-0.0025534,-0.0031331,0.0020322,0.0020169,-0.0023068,-0.0032767,0.0027825,0.0020908,-0.0022283,-0.0035802,0.0032089,0.0020966,-0.0021996,-0.0038077,0.0034983,0.0020879,-0.002187,-0.004071,0.0037796,0.0020795,-0.0021748,-0.0043319,0.0040684,0.0020782,-0.0021563,-0.0045083,0.0042877,0.0020742,-0.0021448,-0.0046715,0.0044942,0.002059,-0.0021495,-0.0049777,0.0041731,0.0019629,-0.0021734,-0.0061535,0.00087168,0.0014755,-0.0028899,-0.0043363,0.00090977,0.0010795,-0.0020191,-0.0031353,0.0024112,0.0012363,-0.0015857,-0.0028027,0.0026446,0.0014123,-0.0013817,-0.0025031,0.0030939,0.0020938,-0.00071922,0,0.0033638,0.00030011,5.2042e-18,0,0
0,6.9389e-18,-1.3878e-17,0,0,1.3878e-17,-1.3878e-17,0,0,1.3878e-17,-1.3878e-17,0,0,1.3878e-17,-1.3878e-17,0,0,1.3878e-17,-1.3878e-17,0,0,1.3878e-17,-1.3878e-17,0,0,0,0,0,0,1.3878e-17,5.2042e-18,-1.3878e-17,1.3878e-17,0,-1.7347e-18,-1.3878e-17,0,1.7347e-18,-1.7347e-18,-1.3878e-17,1.3878e-17,1.7347e-18,-1.7347e-18,1.3878e-17,0,1.7347e-18,-1.7347e-18,0,1.3878e-17,1.7347e-18,-1.7347e-18,0,1.3878e-17,1.7347e-18,-1.7347e-18,0,1.3878e-17,1.7347e-18,-1.7347e-18,1.3878e-17,0,1.7347e-18,-1.7347e-18,1.3878e-17,-1.3878e-17,1.7347e-18,-1.7347e-18,-1.3878e-17,-1.3878e-17,1.7347e-18,-1.7347e-18,1.3878e-17,-1.3878e-17,1.7347e-18,5.2042e-18,0,-1.3878e-17,0,-0.00043627,0,0,1.7347e-18,0,0,0,-3.4694e-18,3.4694e-18,0,1.3878e-17,-3.4694e-18,3.4694e-18,-1.3878e-17,1.3878e-17,0,3.4694e-18,0,6.9389e-18,-0.00040442,-1.7347e-18,0,0
