-0.001,-0.001,-0.001,-0.001,-0.001,-0.001,-0.001,-0.001,-0.001,-0.001,-0.001,-0.001,-0.001,-0.001,-0.001,-0.001,-0.001,-0.001,-0.001,-0.001,-0.001,-0.001,-0.001,-0.001,-0.001,-0.001,-0.001,-0.001,-0.001,-0.001,-0.001,-0.001,-0.001,-0.001,-0.001,-0.001,-0.001,-0.001,-0.001,-0.001,-0.001,-0.001,-0.001,-0.001,-0.001,-0.001,-0.001,-0.001,-0.001,-0.001,-0.001,-0.001,-0.001,-0.001,-0.001,-0.001,-0.001,-0.001,-0.001,-0.001,-0.001,-0.001,-0.001,-0.001,-0.001,-0.001,-0.001,-0.001,-0.001,-0.001,-0.001,-0.001,-0.001,-0.001,-0.001,-0.001,-0.001,-0.001,-0.001,-0.001,-0.001,-0.001,-0.001,-0.001,-0.001,-0.001,-0.00096353,-0.001,-0.001,-0.001,-0.00096387,-0.001,-0.001,-0.001,-0.00092915,-0.001,-0.001,-0.001,-0.001,-0.001,-0.001
-0.001,-0.001,-0.001,-0.001,-0.001,-0.001,-0.001,-0.001,-0.001,-0.001,-0.001,-0.001,-0.001,-0.001,-0.001,-0.001,-0.001,-0.001,-0.001,-0.001,-0.001,-0.001,-0.001,-0.001,-0.001,-0.001,-0.001,-0.001,-0.001,-0.001,-0.001,-0.001,-0.001,-0.001,-0.001,-0.001,-0.001,-0.001,-0.00095161,-0.001,-0.001,-0.001,-0.00094618,-0.001,-0.001,-0.001,-0.00093714,-0.001,-0.001,-0.001,-0.00093049,-0.001,-0.001,-0.001,-0.00092486,-0.001,-0.001,-0.001,-0.00091925,-0.001,-0.001,-0.001,-0.00091433,-0.001,-0.001,-0.001,-0.00090984,-0.001,-0.001,-0.001,-0.00089847,-0.001,-0.001,-0.001,-0.001,-0.001,-0.001,-0.001,-0.001,-0.001,-0.001,-0.001,-0.00074994,-0.001,-0.001,-0.001,-0.00067331,-0.001,-0.001,-0.001,-0.00067812,-0.001,-0.001,-0.001,-0.00065295,-0.00094086,-0.001,-0.001,-0.00063726,-0.001,-0.001
0.001,0.001,0.00065456,0.001,0.001,0.001,0.00054144,0.001,0.001,0.001,0.00054572,0.001,0.001,0.001,0.00054583,0.001,0.001,0.001,0.00054582,0.001,0.001,0.001,0.00054178,0.001,0.001,0.001,0.00058125,0.001,0.001,0.001,0.00078151,0.001,0.001,0.001,0.00093483,0.001,0.001,0.001,0.00097264,0.001,0.001,0.001,0.00097704,0.001,0.001,0.001,0.00098278,0.001,0.001,0.001,0.00098719,0.001,0.001,0.001,0.0009908,0.001,0.001,0.001,0.00099438,0.001,0.001,0.001,0.00099754,0.001,0.001,0.001,0.001,0.001,0.001,0.001,0.001,0.001,0.001,0.001,0.00084857,0.001,0.001,0.001,0.00046716,0.00090894,0.001,0.00079758,0.00050578,0.00094038,0.001,0.00095936,0.0005872,0.00095061,0.001,0.0009421,0.00057511,0.00093799,0.001,0.00093502,0.00055637,0.00086798,0.001,0.00098059,0.00046721,0.001,0.001
0.001,0.001,0.001,0.001,0.001,0.001,0.001,0.001,0.001,0.001,0.001,0.001,0.001,0.001,0.001,0.001,0.001,0.001,0.001,0.001,0.001,0.001,0.001,0.001,0.001,0.001,0.001,0.001,0.001,0.001,0.001,0.001,0.001,0.001,0.001,0.001,0.001,0.001,0.001,0.001,0.001,0.001,0.001,0.001,0.001,0.001,0.001,0.001,0.001,0.001,0.001,0.001,0.001,0.001,0.001,0.001,0.001,0.001,0.001,0.001,0.001,0.001,0.001,0.001,0.001,0.001,0.001,0.001,0.001,0.001,0.001,0.001,0.001,0.001,0.001,0.001,0.001,0.001,0.001,0.001,0.001,0.001,0.00086595,0.001,0.001,0.001,0.00094376,0.001,0.001,0.001,0.00093155,0.001,0.001,0.001,0.00090225,0.001,0.001,0.001,0.001,0.001,0.001
-0.001,-0.001,-0.001,-0.001,-0.001,-0.001,-0.001,-0.001,-0.001,-0.001,-0.001,-0.001,-0.001,-0.001,-0.001,-0.001,-0.001,-0.001,-0.001,-0.001,-0.001,-0.001,-0.001,-0.001,-0.001,-0.001,-0.001,-0.001,-0.001,-0.001,-0.001,-0.001,-0.001,-0.001,-0.001,-0.001,-0.001,-0.001,-0.001,-0.001,-0.001,-0.001,-0.001,-0.001,-0.001,-0.001,-0.001,-0.001,-0.001,-0.001,-0.001,-0.001,-0.001,-0.001,-0.001,-0.001,-0.001,-0.001,-0.001,-0.001,-0.001,-0.001,-0.001,-0.001,-0.001,-0.001,-0.001,-0.001,-0.001,-0.001,-0.001,-0.001,-0.001,-0.001,-0.001,-0.001,-0.001,-0.001,-0.001,-0.001,-0.001,-0.001,-0.001,-0.001,-0.001,-0.001,-0.001,-0.001,-0.001,-0.001,-0.001,-0.001,-0.001,-0.001,-0.00099961,-0.001,-0.001,-0.001,-0.001,-0.001,-0.001
-0.001,-0.001,-0.001,-0.001,-0.001,-0.001,-0.001,-0.001,-0.001,-0.001,-0.001,-0.001,-0.001,-0.001,-0.001,-0.001,-0.001,-0.001,-0.001,-0.001,-0.001,-0.001,-0.001,-0.001,-0.001,-0.001,-0.001,-0.001,-0.001,-0.001,-0.001,-0.001,-0.001,-0.001,-0.001,-0.001,-0.001,-0.001,-0.001,-0.001,-0.001,-0.001,-0.001,-0.001,-0.001,-0.001,-0.001,-0.001,-0.001,-0.001,-0.001,-0.001,-0.001,-0.001,-0.001,-0.001,-0.001,-0.001,-0.001,-0.001,-0.001,-0.001,-0.001,-0.001,-0.001,-0.001,-0.001,-0.001,-0.001,-0.001,-0.001,-0.001,-0.001,-0.001,-0.001,-0.001,-0.001,-0.001,-0.00093773,-0.001,-0.001,-0.001,-0.00068372,-0.001,-0.001,-0.001,-0.00065795,-0.001,-0.001,-0.001,-0.00065021,-0.00099827,-0.001,-0.00099474,-0.00063044,-0.00092735,-0.001,-0.001,-0.00058517,-0.001,-0.001
0.001,0.001,0.00099127,0.001,0.001,0.001,0.00091711,0.001,0.001,0.001,0.00092248,0.001,0.001,0.001,0.00092262,0.001,0.001,0.001,0.00092257,0.001,0.001,0.001,0.00092255,0.001,0.001,0.001,0.00092503,0.001,0.001,0.001,0.00093404,0.001,0.001,0.001,0.00094254,0.001,0.001,0.001,0.00094462,0.001,0.001,0.001,0.00094488,0.001,0.001,0.001,0.00094515,0.001,0.001,0.001,0.00094538,0.001,0.001,0.001,0.00094548,0.001,0.001,0.001,0.00094557,0.001,0.001,0.001,0.0009457,0.001,0.001,0.001,0.0009456,0.001,0.001,0.001,0.00095906,0.001,0.001,0.001,0.00068923,0.001,0.001,0.001,0.0004466,0.00092975,0.001,0.00089021,0.00058852,0.00098046,0.001,0.00099042,0.0006271,0.00098623,0.001,0.00098058,0.00062142,0.00097648,0.001,0.00097267,0.00060143,0.00090435,0.001,0.001,0.00052442,0.001,0.001
0.001,0.001,0.001,0.001,0.001,0.001,0.001,0.001,0.001,0.001,0.001,0.001,0.001,0.001,0.001,0.001,0.001,0.001,0.001,0.001,0.001,0.001,0.001,0.001,0.001,0.001,0.001,0.001,0.001,0.001,0.001,0.001,0.001,0.001,0.001,0.001,0.001,0.001,0.001,0.001,0.001,0.001,0.001,0.001,0.001,0.001,0.001,0.001,0.001,0.001,0.001,0.001,0.001,0.001,0.001,0.001,0.001,0.001,0.001,0.001,0.001,0.001,0.001,0.001,0.001,0.001,0.001,0.001,0.001,0.001,0.001,0.001,0.001,0.001,0.001,0.001,0.001,0.001,0.001,0.001,0.001,0.001,0.00095534,0.001,0.001,0.001,0.00098948,0.001,0.001,0.001,0.00098052,0.001,0.001,0.001,0.0009532,0.001,0.001,0.001,0.001,0.001,0.001
-0.001,-0.001,-0.001,-0.001,-0.001,-0.001,-0.001,-0.001,-0.001,-0.001,-0.001,-0.001,-0.001,-0.001,-0.001,-0.001,-0.001,-0.001,-0.001,-0.001,-0.001,-0.001,-0.001,-0.001,-0.001,-0.001,-0.001,-0.001,-0.001,-0.001,-0.001,-0.001,-0.001,-0.001,-0.001,-0.001,-0.001,-0.001,-0.001,-0.001,-0.001,-0.001,-0.001,-0.001,-0.001,-0.001,-0.001,-0.001,-0.001,-0.001,-0.001,-0.001,-0.001,-0.001,-0.001,-0.001,-0.001,-0.001,-0.001,-0.001,-0.001,-0.001,-0.001,-0.001,-0.001,-0.001,-0.001,-0.001,-0.001,-0.001,-0.001,-0.001,-0.001,-0.001,-0.001,-0.001,-0.001,-0.001,-0.001,-0.001,-0.001,-0.001,-0.001,-0.001,-0.001,-0.001,-0.001,-0.001,-0.001,-0.001,-0.00099483,-0.001,-0.001,-0.001,-0.00096797,-0.001,-0.001,-0.001,-0.001,-0.001,-0.001
-0.001,-0.001,-0.001,-0.001,-0.001,-0.001,-0.001,-0.001,-0.001,-0.001,-0.001,-0.001,-0.001,-0.001,-0.001,-0.001,-0.001,-0.001,-0.001,-0.001,-0.001,-0.001,-0.001,-0.001,-0.001,-0.001,-0.001,-0.001,-0.001,-0.001,-0.001,-0.001,-0.001,-0.001,-0.001,-0.001,-0.001,-0.001,-0.001,-0.001,-0.001,-0.001,-0.001,-0.001,-0.001,-0.001,-0.001,-0.001,-0.001,-0.001,-0.001,-0.001,-0.001,-0.001,-0.001,-0.001,-0.001,-0.001,-0.001,-0.001,-0.001,-0.001,-0.001,-0.001,-0.001,-0.001,-0.001,-0.001,-0.001,-0.001,-0.001,-0.001,-0.001,-0.001,-0.001,-0.001,-0.001,-0.001,-0.00082448,-0.001,-0.001,-0.00095482,-0.00063477,-0.001,-0.001,-0.001,-0.00064658,-0.001,-0.001,-0.00099563,-0.00063759,-0.00099049,-0.001,-0.00098675,-0.00061773,-0.00091915,-0.001,-0.001,-0.00055861,-0.001,-0.001
0.001,0.001,0.00099832,0.001,0.001,0.001,0.00093117,0.001,0.001,0.001,0.00093668,0.001,0.001,0.001,0.00093679,0.001,0.001,0.001,0.00093677,0.001,0.001,0.001,0.00093681,0.001,0.001,0.001,0.00093697,0.001,0.001,0.001,0.00093727,0.001,0.001,0.001,0.00093756,0.001,0.001,0.001,0.00093761,0.001,0.001,0.001,0.00093762,0.001,0.001,0.001,0.00093764,0.001,0.001,0.001,0.00093772,0.001,0.001,0.001,0.00093767,0.001,0.001,0.001,0.00093761,0.001,0.001,0.001,0.00093766,0.001,0.001,0.001,0.00094324,0.001,0.001,0.001,0.00089561,0.001,0.001,0.001,0.00056,0.001,0.001,0.00099385,0.00042821,0.00094341,0.001,0.00097042,0.00063109,0.00099539,0.001,0.00099094,0.00063017,0.00098787,0.001,0.00098301,0.00062557,0.00097832,0.001,0.00097462,0.00060578,0.00090686,0.001,0.001,0.00053332,0.001,0.001
0.001,0.001,0.001,0.001,0.001,0.001,0.001,0.001,0.001,0.001,0.001,0.001,0.001,0.001,0.001,0.001,0.001,0.001,0.001,0.001,0.001,0.001,0.001,0.001,0.001,0.001,0.001,0.001,0.001,0.001,0.001,0.001,0.001,0.001,0.001,0.001,0.001,0.001,0.001,0.001,0.001,0.001,0.001,0.001,0.001,0.001,0.001,0.001,0.001,0.001,0.001,0.001,0.001,0.001,0.001,0.001,0.001,0.001,0.001,0.001,0.001,0.001,0.001,0.001,0.001,0.001,0.001,0.001,0.001,0.001,0.001,0.001,0.001,0.001,0.001,0.001,0.001,0.001,0.00098335,0.001,0.001,0.001,0.00098966,0.001,0.001,0.001,0.00098996,0.001,0.001,0.001,0.00098174,0.001,0.001,0.001,0.00095477,0.001,0.001,0.001,0.001,0.001,0.001
-0.001,-0.001,-0.001,-0.001,-0.001,-0.001,-0.001,-0.001,-0.001,-0.001,-0.001,-0.001,-0.001,-0.001,-0.001,-0.001,-0.001,-0.001,-0.001,-0.001,-0.001,-0.001,-0.001,-0.001,-0.001,-0.001,-0.001,-0.001,-0.001,-0.001,-0.001,-0.001,-0.001,-0.001,-0.001,-0.001,-0.001,-0.001,-0.001,-0.001,-0.001,-0.001,-0.001,-0.001,-0.001,-0.001,-0.001,-0.001,-0.001,-0.001,-0.001,-0.001,-0.001,-0.001,-0.001,-0.001,-0.001,-0.001,-0.001,-0.001,-0.001,-0.001,-0.001,-0.001,-0.001,-0.001,-0.001,-0.001,-0.001,-0.001,-0.001,-0.001,-0.001,-0.001,-0.001,-0.001,-0.001,-0.001,-0.001,-0.001,-0.001,-0.001,-0.00099944,-0.001,-0.001,-0.001,-0.001,-0.001,-0.001,-0.001,-0.00099136,-0.001,-0.001,-0.001,-0.00096472,-0.001,-0.001,-0.001,-0.001,-0.001,-0.001
-0.001,-0.001,-0.001,-0.001,-0.001,-0.001,-0.001,-0.001,-0.001,-0.001,-0.001,-0.001,-0.001,-0.001,-0.001,-0.001,-0.001,-0.001,-0.001,-0.001,-0.001,-0.001,-0.001,-0.001,-0.001,-0.001,-0.001,-0.001,-0.001,-0.001,-0.001,-0.001,-0.001,-0.001,-0.001,-0.001,-0.001,-0.001,-0.001,-0.001,-0.001,-0.001,-0.001,-0.001,-0.001,-0.001,-0.001,-0.001,-0.001,-0.001,-0.001,-0.001,-0.001,-0.001,-0.001,-0.001,-0.001,-0.001,-0.001,-0.001,-0.001,-0.001,-0.001,-0.001,-0.001,-0.001,-0.001,-0.001,-0.001,-0.001,-0.001,-0.001,-0.001,-0.001,-0.001,-0.001,-0.001,-0.001,-0.00077362,-0.001,-0.001,-0.00097918,-0.00063599,-0.001,-0.001,-0.001,-0.00064327,-0.00099913,-0.001,-0.00099307,-0.00063563,-0.0009882,-0.001,-0.00098448,-0.00061594,-0.00091675,-0.001,-0.001,-0.00055507,-0.001,-0.001
0.001,0.001,0.0009875,0.001,0.001,0.001,0.00092349,0.001,0.001,0.001,0.00092903,0.001,0.001,0.001,0.00092913,0.001,0.001,0.001,0.00092913,0.001,0.001,0.001,0.00092917,0.001,0.001,0.001,0.00092925,0.001,0.001,0.001,0.00092927,0.001,0.001,0.001,0.00092929,0.001,0.001,0.001,0.00092927,0.001,0.001,0.001,0.00092926,0.001,0.001,0.001,0.00092928,0.001,0.001,0.001,0.00092933,0.001,0.001,0.001,0.0009293,0.001,0.001,0.001,0.00092923,0.001,0.001,0.001,0.00092922,0.001,0.001,0.001,0.00094782,0.001,0.001,0.001,0.00078738,0.001,0.001,0.001,0.0004765,0.00090199,0.001,0.00081471,0.00051705,0.00096771,0.001,0.001,0.0006403,0.00099686,0.001,0.00098842,0.0006294,0.00098662,0.001,0.00098191,0.00062488,0.00097672,0.001,0.00097291,0.00060491,0.00090515,0.001,0.001,0.00053167,0.001,0.001
0.001,0.001,0.001,0.001,0.001,0.001,0.001,0.001,0.001,0.001,0.001,0.001,0.001,0.001,0.001,0.001,0.001,0.001,0.001,0.001,0.001,0.001,0.001,0.001,0.001,0.001,0.001,0.001,0.001,0.001,0.001,0.001,0.001,0.001,0.001,0.001,0.001,0.001,0.001,0.001,0.001,0.001,0.001,0.001,0.001,0.001,0.001,0.001,0.001,0.001,0.001,0.001,0.001,0.001,0.001,0.001,0.001,0.001,0.001,0.001,0.001,0.001,0.001,0.001,0.001,0.001,0.001,0.001,0.001,0.001,0.001,0.001,0.001,0.001,0.001,0.001,0.001,0.001,0.00091307,0.001,0.001,0.001,0.0009986,0.001,0.001,0.001,0.000988,0.001,0.001,0.001,0.00098026,0.001,0.001,0.001,0.00095331,0.001,0.001,0.001,0.001,0.001,0.001
-0.001,-0.001,-0.001,-0.001,-0.001,-0.001,-0.001,-0.001,-0.001,-0.001,-0.001,-0.001,-0.001,-0.001,-0.001,-0.001,-0.001,-0.001,-0.001,-0.001,-0.001,-0.001,-0.001,-0.001,-0.001,-0.001,-0.001,-0.001,-0.001,-0.001,-0.001,-0.001,-0.001,-0.001,-0.001,-0.001,-0.001,-0.001,-0.001,-0.001,-0.001,-0.001,-0.001,-0.001,-0.001,-0.001,-0.001,-0.001,-0.001,-0.001,-0.001,-0.001,-0.001,-0.001,-0.001,-0.001,-0.001,-0.001,-0.001,-0.001,-0.001,-0.001,-0.001,-0.001,-0.001,-0.001,-0.001,-0.001,-0.001,-0.001,-0.001,-0.001,-0.001,-0.001,-0.001,-0.001,-0.001,-0.001,-0.001,-0.001,-0.001,-0.001,-0.001,-0.001,-0.001,-0.001,-0.00099907,-0.001,-0.001,-0.001,-0.00098944,-0.001,-0.001,-0.001,-0.00096275,-0.001,-0.001,-0.001,-0.001,-0.001,-0.001
-0.001,-0.001,-0.001,-0.001,-0.001,-0.001,-0.001,-0.001,-0.001,-0.001,-0.001,-0.001,-0.001,-0.001,-0.001,-0.001,-0.001,-0.001,-0.001,-0.001,-0.001,-0.001,-0.001,-0.001,-0.001,-0.001,-0.001,-0.001,-0.001,-0.001,-0.001,-0.001,-0.001,-0.001,-0.001,-0.001,-0.001,-0.001,-0.001,-0.001,-0.001,-0.001,-0.001,-0.001,-0.001,-0.001,-0.001,-0.001,-0.001,-0.001,-0.001,-0.001,-0.001,-0.001,-0.001,-0.001,-0.001,-0.001,-0.001,-0.001,-0.001,-0.001,-0.001,-0.001,-0.001,-0.001,-0.001,-0.001,-0.001,-0.001,-0.001,-0.001,-0.001,-0.001,-0.00097247,-0.001,-0.001,-0.001,-0.00069473,-0.001,-0.001,-0.001,-0.000647,-0.001,-0.001,-0.001,-0.00064115,-0.00099695,-0.001,-0.00099139,-0.00063447,-0.00098632,-0.001,-0.00098247,-0.00061449,-0.00091438,-0.001,-0.001,-0.00055262,-0.001,-0.001
0.001,0.001,0.00097607,0.001,0.001,0.001,0.00091544,0.001,0.001,0.001,0.00092103,0.001,0.001,0.001,0.00092115,0.001,0.001,0.001,0.00092114,0.001,0.001,0.001,0.00092117,0.001,0.001,0.001,0.00092124,0.001,0.001,0.001,0.00092126,0.001,0.001,0.001,0.00092128,0.001,0.001,0.001,0.00092125,0.001,0.001,0.001,0.00092125,0.001,0.001,0.001,0.00092128,0.001,0.001,0.001,0.00092131,0.001,0.001,0.001,0.00092127,0.001,0.001,0.001,0.00092125,0.001,0.001,0.001,0.00092113,0.001,0.001,0.001,0.00093497,0.001,0.001,0.001,0.0006455,0.001,0.001,0.001,0.00042441,0.0009172,0.001,0.00088298,0.00058487,0.00098358,0.001,0.000997,0.00063424,0.0009922,0.001,0.00098597,0.0006282,0.00098473,0.001,0.00098013,0.00062366,0.0009748,0.001,0.00097109,0.00060406,0.00090388,0.001,0.001,0.00053031,0.001,0.001
0.001,0.001,0.001,0.001,0.001,0.001,0.001,0.001,0.001,0.001,0.001,0.001,0.001,0.001,0.001,0.001,0.001,0.001,0.001,0.001,0.001,0.001,0.001,0.001,0.001,0.001,0.001,0.001,0.001,0.001,0.001,0.001,0.001,0.001,0.001,0.001,0.001,0.001,0.001,0.001,0.001,0.001,0.001,0.001,0.001,0.001,0.001,0.001,0.001,0.001,0.001,0.001,0.001,0.001,0.001,0.001,0.001,0.001,0.001,0.001,0.001,0.001,0.001,0.001,0.001,0.001,0.001,0.001,0.001,0.001,0.001,0.001,0.001,0.001,0.001,0.001,0.001,0.001,0.00095453,0.001,0.001,0.001,0.00099491,0.001,0.001,0.001,0.00098602,0.001,0.001,0.001,0.00097846,0.001,0.001,0.001,0.00095199,0.001,0.001,0.001,0.001,0.001,0.001
-0.001,-0.001,-0.001,-0.001,-0.001,-0.001,-0.001,-0.001,-0.001,-0.001,-0.001,-0.001,-0.001,-0.001,-0.001,-0.001,-0.001,-0.001,-0.001,-0.001,-0.001,-0.001,-0.001,-0.001,-0.001,-0.001,-0.001,-0.001,-0.001,-0.001,-0.001,-0.001,-0.001,-0.001,-0.001,-0.001,-0.001,-0.001,-0.001,-0.001,-0.001,-0.001,-0.001,-0.001,-0.001,-0.001,-0.001,-0.001,-0.001,-0.001,-0.001,-0.001,-0.001,-0.001,-0.001,-0.001,-0.001,-0.001,-0.001,-0.001,-0.001,-0.001,-0.001,-0.001,-0.001,-0.001,-0.001,-0.001,-0.001,-0.001,-0.001,-0.001,-0.001,-0.001,-0.001,-0.001,-0.001,-0.001,-0.001,-0.001,-0.001,-0.001,-0.001,-0.001,-0.001,-0.001,-0.00099628,-0.001,-0.001,-0.001,-0.00098751,-0.001,-0.001,-0.001,-0.00096079,-0.001,-0.001,-0.001,-0.001,-0.001,-0.001
-0.001,-0.001,-0.001,-0.001,-0.001,-0.001,-0.001,-0.001,-0.001,-0.001,-0.001,-0.001,-0.001,-0.001,-0.001,-0.001,-0.001,-0.001,-0.001,-0.001,-0.001,-0.001,-0.001,-0.001,-0.001,-0.001,-0.001,-0.001,-0.001,-0.001,-0.001,-0.001,-0.001,-0.001,-0.001,-0.001,-0.001,-0.001,-0.001,-0.001,-0.001,-0.001,-0.001,-0.001,-0.001,-0.001,-0.001,-0.001,-0.001,-0.001,-0.001,-0.001,-0.001,-0.001,-0.001,-0.001,-0.001,-0.001,-0.001,-0.001,-0.001,-0.001,-0.001,-0.001,-0.001,-0.001,-0.001,-0.001,-0.001,-0.001,-0.001,-0.001,-0.001,-0.001,-0.00083244,-0.001,-0.001,-0.00096668,-0.00064123,-0.001,-0.001,-0.001,-0.00064783,-0.001,-0.001,-0.00099764,-0.00063908,-0.00099477,-0.001,-0.00098969,-0.0006333,-0.00098441,-0.001,-0.00098051,-0.00061312,-0.00091234,-0.001,-0.001,-0.00055036,-0.001,-0.001
0.001,0.001,0.00096453,0.001,0.001,0.001,0.00090724,0.001,0.001,0.001,0.00091284,0.001,0.001,0.001,0.00091296,0.001,0.001,0.001,0.00091297,0.001,0.001,0.001,0.00091299,0.001,0.001,0.001,0.00091305,0.001,0.001,0.001,0.00091305,0.001,0.001,0.001,0.00091308,0.001,0.001,0.001,0.00091307,0.001,0.001,0.001,0.00091308,0.001,0.001,0.001,0.00091309,0.001,0.001,0.001,0.00091313,0.001,0.001,0.001,0.00091311,0.001,0.001,0.001,0.00091313,0.001,0.001,0.001,0.00091817,0.001,0.001,0.001,0.0008754,0.001,0.001,0.001,0.00054259,0.0009869,0.001,0.00098005,0.00043478,0.00094337,0.001,0.00097245,0.00063124,0.00099732,0.001,0.00099307,0.00063166,0.00099016,0.001,0.00098502,0.00062754,0.00098302,0.001,0.0009782,0.00062241,0.00097286,0.001,0.00096934,0.00060332,0.00090289,0.001,0.001,0.00052899,0.001,0.001
0.001,0.001,0.001,0.001,0.001,0.001,0.001,0.001,0.001,0.001,0.001,0.001,0.001,0.001,0.001,0.001,0.001,0.001,0.001,0.001,0.001,0.001,0.001,0.001,0.001,0.001,0.001,0.001,0.001,0.001,0.001,0.001,0.001,0.001,0.001,0.001,0.001,0.001,0.001,0.001,0.001,0.001,0.001,0.001,0.001,0.001,0.001,0.001,0.001,0.001,0.001,0.001,0.001,0.001,0.001,0.001,0.001,0.001,0.001,0.001,0.001,0.001,0.001,0.001,0.001,0.001,0.001,0.001,0.001,0.001,0.001,0.001,0.001,0.001,0.00098073,0.001,0.001,0.001,0.00099182,0.001,0.001,0.001,0.00099223,0.001,0.001,0.001,0.00098454,0.001,0.001,0.001,0.00097656,0.001,0.001,0.001,0.00095076,0.001,0.001,0.001,0.001,0.001,0.001
-0.001,-0.001,-0.001,-0.001,-0.001,-0.001,-0.001,-0.001,-0.001,-0.001,-0.001,-0.001,-0.001,-0.001,-0.001,-0.001,-0.001,-0.001,-0.001,-0.001,-0.001,-0.001,-0.001,-0.001,-0.001,-0.001,-0.001,-0.001,-0.001,-0.001,-0.001,-0.001,-0.001,-0.001,-0.001,-0.001,-0.001,-0.001,-0.001,-0.001,-0.001,-0.001,-0.001,-0.001,-0.001,-0.001,-0.001,-0.001,-0.001,-0.001,-0.001,-0.001,-0.001,-0.001,-0.001,-0.001,-0.001,-0.001,-0.001,-0.001,-0.001,-0.001,-0.001,-0.001,-0.001,-0.001,-0.001,-0.001,-0.001,-0.001,-0.001,-0.001,-0.001,-0.001,-0.001,-0.001,-0.001,-0.001,-0.001,-0.001,-0.001,-0.001,-0.001,-0.001,-0.001,-0.001,-0.00099399,-0.001,-0.001,-0.001,-0.00098555,-0.001,-0.001,-0.001,-0.00095905,-0.001,-0.001,-0.001,-0.001,-0.001,-0.001
-0.001,-0.001,-0.001,-0.001,-0.001,-0.001,-0.00099364,-0.001,-0.001,-0.001,-0.00099932,-0.001,-0.001,-0.001,-0.0009995,-0.001,-0.001,-0.001,-0.00099949,-0.001,-0.001,-0.001,-0.00099949,-0.001,-0.001,-0.001,-0.00099952,-0.001,-0.001,-0.001,-0.00099953,-0.001,-0.001,-0.001,-0.00099955,-0.001,-0.001,-0.001,-0.00099954,-0.001,-0.001,-0.001,-0.00099955,-0.001,-0.001,-0.001,-0.00099959,-0.001,-0.001,-0.001,-0.00099962,-0.001,-0.001,-0.001,-0.00099957,-0.001,-0.001,-0.001,-0.00099923,-0.001,-0.001,-0.001,-0.00099236,-0.001,-0.001,-0.001,-0.001,-0.001,-0.001,-0.001,-0.001,-0.001,-0.001,-0.001,-0.00076679,-0.001,-0.001,-0.00098599,-0.00063995,-0.001,-0.001,-0.001,-0.00064521,-0.001,-0.001,-0.00099531,-0.00063756,-0.00099274,-0.001,-0.00098779,-0.00063201,-0.00098235,-0.001,-0.00097847,-0.00061184,-0.00091064,-0.001,-0.001,-0.00054828,-0.001,-0.001
0.001,0.001,0.00095305,0.001,0.001,0.001,0.00089909,0.001,0.001,0.001,0.00090471,0.001,0.001,0.001,0.00090484,0.001,0.001,0.001,0.00090482,0.001,0.001,0.001,0.00090484,0.001,0.001,0.001,0.00090488,0.001,0.001,0.001,0.00090489,0.001,0.001,0.001,0.00090493,0.001,0.001,0.001,0.00090496,0.001,0.001,0.001,0.00090495,0.001,0.001,0.001,0.00090498,0.001,0.001,0.001,0.00090503,0.001,0.001,0.001,0.00090502,0.001,0.001,0.001,0.00090494,0.001,0.001,0.001,0.00092177,0.001,0.001,0.001,0.00076699,0.001,0.001,0.001,0.00048413,0.00091509,0.001,0.00083658,0.00053037,0.00097407,0.001,0.001,0.00064092,0.0009986,0.001,0.00099008,0.00063044,0.00098851,0.001,0.00098368,0.00062659,0.00098118,0.001,0.00097629,0.0006212,0.00097098,0.001,0.00096773,0.00060264,0.00090206,0.001,0.001,0.00052765,0.001,0.001
0.001,0.001,0.001,0.001,0.001,0.001,0.001,0.001,0.001,0.001,0.001,0.001,0.001,0.001,0.001,0.001,0.001,0.001,0.001,0.001,0.001,0.001,0.001,0.001,0.001,0.001,0.001,0.001,0.001,0.001,0.001,0.001,0.001,0.001,0.001,0.001,0.001,0.001,0.001,0.001,0.001,0.001,0.001,0.001,0.001,0.001,0.001,0.001,0.001,0.001,0.001,0.001,0.001,0.001,0.001,0.001,0.001,0.001,0.001,0.001,0.001,0.001,0.001,0.001,0.001,0.001,0.001,0.001,0.001,0.001,0.001,0.001,0.001,0.001,0.00092559,0.001,0.001,0.001,0.001,0.001,0.001,0.001,0.00099001,0.001,0.001,0.001,0.00098288,0.001,0.001,0.001,0.00097471,0.001,0.001,0.001,0.00094965,0.001,0.001,0.001,0.001,0.001,0.001
-0.001,-0.001,-0.001,-0.001,-0.001,-0.001,-0.001,-0.001,-0.001,-0.001,-0.001,-0.001,-0.001,-0.001,-0.001,-0.001,-0.001,-0.001,-0.001,-0.001,-0.001,-0.001,-0.001,-0.001,-0.001,-0.001,-0.001,-0.001,-0.001,-0.001,-0.001,-0.001,-0.001,-0.001,-0.001,-0.001,-0.001,-0.001,-0.001,-0.001,-0.001,-0.001,-0.001,-0.001,-0.001,-0.001,-0.001,-0.001,-0.001,-0.001,-0.001,-0.001,-0.001,-0.001,-0.001,-0.001,-0.001,-0.001,-0.001,-0.001,-0.001,-0.001,-0.001,-0.001,-0.001,-0.001,-0.001,-0.001,-0.001,-0.001,-0.001,-0.001,-0.001,-0.001,-0.001,-0.001,-0.001,-0.001,-0.001,-0.001,-0.001,-0.001,-0.001,-0.001,-0.001,-0.001,-0.00099201,-0.001,-0.001,-0.001,-0.00098359,-0.001,-0.001,-0.001,-0.00095755,-0.001,-0.001,-0.001,-0.001,-0.001,-0.001
-0.001,-0.001,-0.001,-0.001,-0.001,-0.001,-0.00098448,-0.001,-0.001,-0.001,-0.00099019,-0.001,-0.001,-0.001,-0.00099035,-0.001,-0.001,-0.001,-0.00099033,-0.001,-0.001,-0.001,-0.00099034,-0.001,-0.001,-0.001,-0.00099037,-0.001,-0.001,-0.001,-0.00099037,-0.001,-0.001,-0.001,-0.00099038,-0.001,-0.001,-0.001,-0.0009904,-0.001,-0.001,-0.001,-0.00099041,-0.001,-0.001,-0.001,-0.00099045,-0.001,-0.001,-0.001,-0.00099045,-0.001,-0.001,-0.001,-0.00099039,-0.001,-0.001,-0.001,-0.00098993,-0.001,-0.001,-0.001,-0.00099729,-0.001,-0.001,-0.001,-0.001,-0.001,-0.001,-0.001,-0.00093577,-0.001,-0.001,-0.001,-0.00069465,-0.001,-0.001,-0.001,-0.00064914,-0.001,-0.001,-0.001,-0.00064273,-0.0009992,-0.001,-0.0009934,-0.00063628,-0.00099082,-0.001,-0.00098582,-0.00063069,-0.00098029,-0.001,-0.00097651,-0.00061075,-0.00090936,-0.001,-0.001,-0.00054648,-0.001,-0.001
0.001,0.001,0.00094193,0.001,0.001,0.001,0.00089121,0.001,0.001,0.001,0.00089684,0.001,0.001,0.001,0.00089698,0.001,0.001,0.001,0.00089693,0.001,0.001,0.001,0.00089693,0.001,0.001,0.001,0.00089696,0.001,0.001,0.001,0.00089699,0.001,0.001,0.001,0.00089703,0.001,0.001,0.001,0.00089704,0.001,0.001,0.001,0.00089703,0.001,0.001,0.001,0.00089708,0.001,0.001,0.001,0.00089714,0.001,0.001,0.001,0.00089713,0.001,0.001,0.001,0.00089702,0.001,0.001,0.001,0.00090981,0.001,0.001,0.001,0.00063538,0.001,0.001,0.001,0.00043663,0.00092703,0.001,0.00089581,0.00059084,0.00098785,0.001,0.00099922,0.00063552,0.00099444,0.001,0.00098791,0.00062944,0.00098683,0.001,0.00098209,0.00062545,0.00097926,0.001,0.00097441,0.00062009,0.00096924,0.001,0.00096626,0.00060196,0.00090113,0.001,0.001,0.00052617,0.001,0.001
0.001,0.001,0.001,0.001,0.001,0.001,0.001,0.001,0.001,0.001,0.001,0.001,0.001,0.001,0.001,0.001,0.001,0.001,0.001,0.001,0.001,0.001,0.001,0.001,0.001,0.001,0.001,0.001,0.001,0.001,0.001,0.001,0.001,0.001,0.001,0.001,0.001,0.001,0.001,0.001,0.001,0.001,0.001,0.001,0.001,0.001,0.001,0.001,0.001,0.001,0.001,0.001,0.001,0.001,0.001,0.001,0.001,0.001,0.001,0.001,0.001,0.001,0.001,0.001,0.001,0.001,0.001,0.001,0.001,0.001,0.001,0.001,0.001,0.001,0.00096121,0.001,0.001,0.001,0.00099708,0.001,0.001,0.001,0.00098799,0.001,0.001,0.001,0.00098103,0.001,0.001,0.001,0.00097293,0.001,0.001,0.001,0.00094853,0.001,0.001,0.001,0.001,0.001,0.001
-0.001,-0.001,-0.001,-0.001,-0.001,-0.001,-0.001,-0.001,-0.001,-0.001,-0.001,-0.001,-0.001,-0.001,-0.001,-0.001,-0.001,-0.001,-0.001,-0.001,-0.001,-0.001,-0.001,-0.001,-0.001,-0.001,-0.001,-0.001,-0.001,-0.001,-0.001,-0.001,-0.001,-0.001,-0.001,-0.001,-0.001,-0.001,-0.001,-0.001,-0.001,-0.001,-0.001,-0.001,-0.001,-0.001,-0.001,-0.001,-0.001,-0.001,-0.001,-0.001,-0.001,-0.001,-0.001,-0.001,-0.001,-0.001,-0.001,-0.001,-0.001,-0.001,-0.001,-0.001,-0.001,-0.001,-0.001,-0.001,-0.001,-0.001,-0.001,-0.001,-0.001,-0.001,-0.001,-0.001,-0.001,-0.001,-0.001,-0.001,-0.001,-0.001,-0.00099873,-0.001,-0.001,-0.001,-0.00099011,-0.001,-0.001,-0.001,-0.00098149,-0.001,-0.001,-0.001,-0.000956,-0.001,-0.001,-0.001,-0.001,-0.001,-0.001
-0.001,-0.001,-0.001,-0.001,-0.001,-0.001,-0.00097562,-0.001,-0.001,-0.001,-0.00098133,-0.001,-0.001,-0.001,-0.00098149,-0.001,-0.001,-0.001,-0.00098147,-0.001,-0.001,-0.001,-0.00098147,-0.001,-0.001,-0.001,-0.00098151,-0.001,-0.001,-0.001,-0.00098149,-0.001,-0.001,-0.001,-0.0009815,-0.001,-0.001,-0.001,-0.00098152,-0.001,-0.001,-0.001,-0.00098153,-0.001,-0.001,-0.001,-0.00098157,-0.001,-0.001,-0.001,-0.00098158,-0.001,-0.001,-0.001,-0.00098144,-0.001,-0.001,-0.001,-0.00097978,-0.001,-0.001,-0.001,-0.001,-0.001,-0.001,-0.001,-0.001,-0.001,-0.001,-0.001,-0.00079652,-0.001,-0.001,-0.00097901,-0.00064756,-0.001,-0.001,-0.001,-0.00064997,-0.001,-0.001,-0.001,-0.00064079,-0.00099703,-0.001,-0.0009917,-0.00063512,-0.00098891,-0.001,-0.00098385,-0.00062922,-0.00097797,-0.001,-0.00097444,-0.00060961,-0.00090814,-0.001,-0.001,-0.00054488,-0.001,-0.001
0.001,0.001,0.00093127,0.001,0.001,0.001,0.00088323,0.001,0.001,0.001,0.00088888,0.001,0.001,0.001,0.000889,0.001,0.001,0.001,0.00088893,0.001,0.001,0.001,0.00088895,0.001,0.001,0.001,0.00088901,0.001,0.001,0.001,0.00088906,0.001,0.001,0.001,0.0008891,0.001,0.001,0.001,0.00088911,0.001,0.001,0.001,0.00088913,0.001,0.001,0.001,0.00088916,0.001,0.001,0.001,0.00088919,0.001,0.001,0.001,0.00088923,0.001,0.001,0.001,0.00089167,0.001,0.001,0.001,0.00087221,0.001,0.001,0.001,0.00059369,0.001,0.001,0.001,0.00047147,0.0009581,0.001,0.00096931,0.00062944,0.00099838,0.001,0.0009952,0.00063272,0.00099177,0.001,0.00098641,0.00062854,0.000985,0.001,0.00098031,0.00062423,0.00097727,0.001,0.00097271,0.00061927,0.00096803,0.001,0.00096534,0.00060151,0.00090022,0.001,0.001,0.00052467,0.001,0.001
0.001,0.001,0.001,0.001,0.001,0.001,0.001,0.001,0.001,0.001,0.001,0.001,0.001,0.001,0.001,0.001,0.001,0.001,0.001,0.001,0.001,0.001,0.001,0.001,0.001,0.001,0.001,0.001,0.001,0.001,0.001,0.001,0.001,0.001,0.001,0.001,0.001,0.001,0.001,0.001,0.001,0.001,0.001,0.001,0.001,0.001,0.001,0.001,0.001,0.001,0.001,0.001,0.001,0.001,0.001,0.001,0.001,0.001,0.001,0.001,0.001,0.001,0.001,0.001,0.001,0.001,0.001,0.001,0.001,0.001,0.001,0.001,0.001,0.001,0.00099201,0.001,0.001,0.001,0.00099417,0.001,0.001,0.001,0.00098633,0.001,0.001,0.001,0.00097918,0.001,0.001,0.001,0.00097155,0.001,0.001,0.001,0.00094778,0.001,0.001,0.001,0.001,0.001,0.001
-0.001,-0.001,-0.001,-0.001,-0.001,-0.001,-0.001,-0.001,-0.001,-0.001,-0.001,-0.001,-0.001,-0.001,-0.001,-0.001,-0.001,-0.001,-0.001,-0.001,-0.001,-0.001,-0.001,-0.001,-0.001,-0.001,-0.001,-0.001,-0.001,-0.001,-0.001,-0.001,-0.001,-0.001,-0.001,-0.001,-0.001,-0.001,-0.001,-0.001,-0.001,-0.001,-0.001,-0.001,-0.001,-0.001,-0.001,-0.001,-0.001,-0.001,-0.001,-0.001,-0.001,-0.001,-0.001,-0.001,-0.001,-0.001,-0.001,-0.001,-0.001,-0.001,-0.001,-0.001,-0.001,-0.001,-0.001,-0.001,-0.001,-0.001,-0.001,-0.001,-0.001,-0.001,-0.001,-0.001,-0.001,-0.001,-0.001,-0.001,-0.001,-0.001,-0.00099619,-0.001,-0.001,-0.001,-0.00098822,-0.001,-0.001,-0.001,-0.00097933,-0.001,-0.001,-0.001,-0.00095428,-0.001,-0.001,-0.001,-0.001,-0.001,-0.001
-0.001,-0.001,-0.001,-0.001,-0.001,-0.001,-0.00096681,-0.001,-0.001,-0.001,-0.00097252,-0.001,-0.001,-0.001,-0.00097267,-0.001,-0.001,-0.001,-0.00097264,-0.001,-0.001,-0.001,-0.00097263,-0.001,-0.001,-0.001,-0.00097266,-0.001,-0.001,-0.001,-0.00097268,-0.001,-0.001,-0.001,-0.00097271,-0.001,-0.001,-0.001,-0.00097272,-0.001,-0.001,-0.001,-0.00097272,-0.001,-0.001,-0.001,-0.00097276,-0.001,-0.001,-0.001,-0.00097274,-0.001,-0.001,-0.001,-0.00097248,-0.001,-0.001,-0.001,-0.00096653,-0.001,-0.001,-0.001,-0.001,-0.001,-0.001,-0.001,-0.001,-0.001,-0.001,-0.001,-0.00076152,-0.001,-0.001,-0.00098634,-0.00064151,-0.001,-0.001,-0.001,-0.00064706,-0.001,-0.001,-0.00099748,-0.00063899,-0.00099496,-0.001,-0.00099001,-0.00063392,-0.00098696,-0.001,-0.00098187,-0.00062759,-0.00097567,-0.001,-0.00097226,-0.00060802,-0.00090667,-0.001,-0.001,-0.00054132,-0.001,-0.001
0.001,0.001,0.00092081,0.001,0.001,0.001,0.00087535,0.001,0.001,0.001,0.00088109,0.001,0.001,0.001,0.00088122,0.001,0.001,0.001,0.00088116,0.001,0.001,0.001,0.00088118,0.001,0.001,0.001,0.00088125,0.001,0.001,0.001,0.00088128,0.001,0.001,0.001,0.00088131,0.001,0.001,0.001,0.00088135,0.001,0.001,0.001,0.00088135,0.001,0.001,0.001,0.00088139,0.001,0.001,0.001,0.00088143,0.001,0.001,0.001,0.00088139,0.001,0.001,0.001,0.00089387,0.001,0.001,0.001,0.00078488,0.001,0.001,0.001,0.00051601,0.0009482,0.001,0.00088213,0.00053304,0.00097861,0.001,0.001,0.00064137,0.001,0.001,0.00099244,0.00063173,0.00099043,0.001,0.00098548,0.00062783,0.00098324,0.001,0.00097843,0.00062301,0.00097526,0.001,0.00097125,0.00061903,0.00096742,0.001,0.00096535,0.00060237,0.0008996,0.001,0.001,0.0005253,0.001,0.001
0.001,0.001,0.001,0.001,0.001,0.001,0.001,0.001,0.001,0.001,0.001,0.001,0.001,0.001,0.001,0.001,0.001,0.001,0.001,0.001,0.001,0.001,0.001,0.001,0.001,0.001,0.001,0.001,0.001,0.001,0.001,0.001,0.001,0.001,0.001,0.001,0.001,0.001,0.001,0.001,0.001,0.001,0.001,0.001,0.001,0.001,0.001,0.001,0.001,0.001,0.001,0.001,0.001,0.001,0.001,0.001,0.001,0.001,0.001,0.001,0.001,0.001,0.001,0.001,0.001,0.001,0.001,0.001,0.001,0.001,0.00094784,0.001,0.001,0.001,0.001,0.001,0.001,0.001,0.00099216,0.001,0.001,0.001,0.00098495,0.001,0.001,0.001,0.00097744,0.001,0.001,0.001,0.00097158,0.001,0.001,0.001,0.00095091,0.001,0.001,0.001,0.001,0.001,0.001
-0.001,-0.001,-0.001,-0.001,-0.001,-0.001,-0.001,-0.001,-0.001,-0.001,-0.001,-0.001,-0.001,-0.001,-0.001,-0.001,-0.001,-0.001,-0.001,-0.001,-0.001,-0.001,-0.001,-0.001,-0.001,-0.001,-0.001,-0.001,-0.001,-0.001,-0.001,-0.001,-0.001,-0.001,-0.001,-0.001,-0.001,-0.001,-0.001,-0.001,-0.001,-0.001,-0.001,-0.001,-0.001,-0.001,-0.001,-0.001,-0.001,-0.001,-0.001,-0.001,-0.001,-0.001,-0.001,-0.001,-0.001,-0.001,-0.001,-0.001,-0.001,-0.001,-0.001,-0.001,-0.001,-0.001,-0.001,-0.001,-0.001,-0.001,-0.001,-0.001,-0.001,-0.001,-0.001,-0.001,-0.001,-0.001,-0.001,-0.001,-0.001,-0.001,-0.0009939,-0.001,-0.001,-0.001,-0.00098598,-0.001,-0.001,-0.001,-0.00097489,-0.001,-0.001,-0.001,-0.00094532,-0.001,-0.001,-0.001,-0.001,-0.001,-0.001
-0.001,-0.001,-0.001,-0.001,-0.001,-0.001,-0.00095866,-0.001,-0.001,-0.001,-0.00096383,-0.001,-0.001,-0.001,-0.00096394,-0.001,-0.001,-0.001,-0.00096391,-0.001,-0.001,-0.001,-0.0009639,-0.001,-0.001,-0.001,-0.00096394,-0.001,-0.001,-0.001,-0.00096395,-0.001,-0.001,-0.001,-0.00096397,-0.001,-0.001,-0.001,-0.00096398,-0.001,-0.001,-0.001,-0.00096398,-0.001,-0.001,-0.001,-0.00096401,-0.001,-0.001,-0.001,-0.00096399,-0.001,-0.001,-0.001,-0.00096366,-0.001,-0.001,-0.001,-0.0009644,-0.001,-0.001,-0.001,-0.001,-0.001,-0.001,-0.001,-0.00093272,-0.001,-0.001,-0.001,-0.00070791,-0.001,-0.001,-0.001,-0.00064937,-0.001,-0.001,-0.001,-0.0006446,-0.001,-0.001,-0.00099533,-0.0006374,-0.00099282,-0.001,-0.00098786,-0.00063225,-0.00098469,-0.001,-0.00097979,-0.00062416,-0.00096742,-0.001,-0.00096471,-0.00060104,-0.00089084,-0.001,-0.001,-0.00056175,-0.001,-0.001
0.001,0.001,0.00089249,0.001,0.001,0.001,0.00086721,0.001,0.001,0.001,0.00087343,0.001,0.001,0.001,0.00087358,0.001,0.001,0.001,0.0008735,0.001,0.001,0.001,0.00087354,0.001,0.001,0.001,0.00087361,0.001,0.001,0.001,0.00087366,0.001,0.001,0.001,0.0008737,0.001,0.001,0.001,0.00087373,0.001,0.001,0.001,0.00087373,0.001,0.001,0.001,0.00087378,0.001,0.001,0.001,0.00087379,0.001,0.001,0.001,0.00087354,0.001,0.001,0.001,0.00088876,0.001,0.001,0.001,0.00066237,0.001,0.001,0.001,0.00044898,0.0009271,0.001,0.00088284,0.00058351,0.00098835,0.001,0.001,0.0006377,0.0009967,0.001,0.00098967,0.00063061,0.00098879,0.001,0.00098432,0.00062734,0.00098171,0.001,0.00097705,0.0006227,0.0009731,0.001,0.00096796,0.00061678,0.00097367,0.001,0.00096722,0.00059428,0.00092511,0.001,0.001,0.00047225,0.001,0.001
0.001,0.001,0.001,0.001,0.001,0.001,0.001,0.001,0.001,0.001,0.001,0.001,0.001,0.001,0.001,0.001,0.001,0.001,0.001,0.001,0.001,0.001,0.001,0.001,0.001,0.001,0.001,0.001,0.001,0.001,0.001,0.001,0.001,0.001,0.001,0.001,0.001,0.001,0.001,0.001,0.001,0.001,0.001,0.001,0.001,0.001,0.001,0.001,0.001,0.001,0.001,0.001,0.001,0.001,0.001,0.001,0.001,0.001,0.001,0.001,0.001,0.001,0.001,0.001,0.001,0.001,0.001,0.001,0.001,0.001,0.00095702,0.001,0.001,0.001,0.0009999,0.001,0.001,0.001,0.00099019,0.001,0.001,0.001,0.00098473,0.001,0.001,0.001,0.00097858,0.001,0.001,0.001,0.00095282,0.001,0.001,0.001,0.00087281,0.001,0.001,0.001,0.00089286,0.001,0.001
-0.001,-0.001,-0.001,-0.001,-0.001,-0.001,-0.001,-0.001,-0.001,-0.001,-0.001,-0.001,-0.001,-0.001,-0.001,-0.001,-0.001,-0.001,-0.001,-0.001,-0.001,-0.001,-0.001,-0.001,-0.001,-0.001,-0.001,-0.001,-0.001,-0.001,-0.001,-0.001,-0.001,-0.001,-0.001,-0.001,-0.001,-0.001,-0.001,-0.001,-0.001,-0.001,-0.001,-0.001,-0.001,-0.001,-0.001,-0.001,-0.001,-0.001,-0.001,-0.001,-0.001,-0.001,-0.001,-0.001,-0.001,-0.001,-0.001,-0.001,-0.001,-0.001,-0.001,-0.001,-0.001,-0.001,-0.001,-0.001,-0.001,-0.001,-0.001,-0.001,-0.001,-0.001,-0.001,-0.001,-0.001,-0.001,-0.001,-0.001,-0.001,-0.001,-0.00098934,-0.001,-0.001,-0.001,-0.00097822,-0.001,-0.001,-0.001,-0.001,-0.001,-0.001,-0.001,-0.001,-0.001,-0.001,-0.001,-0.001,-0.001,-0.001
-0.001,-0.001,-0.001,-0.001,-0.001,-0.001,-0.00095271,-0.001,-0.001,-0.001,-0.00095531,-0.001,-0.001,-0.001,-0.00095536,-0.001,-0.001,-0.001,-0.00095532,-0.001,-0.001,-0.001,-0.00095533,-0.001,-0.001,-0.001,-0.00095535,-0.001,-0.001,-0.001,-0.00095538,-0.001,-0.001,-0.001,-0.00095541,-0.001,-0.001,-0.001,-0.0009554,-0.001,-0.001,-0.001,-0.00095538,-0.001,-0.001,-0.001,-0.0009554,-0.001,-0.001,-0.001,-0.00095533,-0.001,-0.001,-0.001,-0.0009537,-0.001,-0.001,-0.001,-0.00098945,-0.001,-0.001,-0.001,-0.001,-0.001,-0.001,-0.001,-0.00081973,-0.001,-0.001,-0.00098993,-0.00065454,-0.001,-0.001,-0.001,-0.00065144,-0.001,-0.001,-0.001,-0.00064205,-0.00099911,-0.001,-0.00099345,-0.00063386,-0.00098403,-0.001,-0.00098079,-0.0006275,-0.00097103,-0.001,-0.00099781,-0.00070287,-0.001,-0.001,-0.001,-0.00094871,-0.001,-0.001,-0.001,-0.001,-0.001,-0.001
0.001,0.001,0.00076857,0.001,0.001,0.001,0.00086037,0.001,0.001,0.001,0.0008658,0.001,0.001,0.001,0.00086591,0.001,0.001,0.001,0.00086584,0.001,0.001,0.001,0.0008659,0.001,0.001,0.001,0.00086597,0.001,0.001,0.001,0.00086603,0.001,0.001,0.001,0.00086607,0.001,0.001,0.001,0.0008661,0.001,0.001,0.001,0.00086612,0.001,0.001,0.001,0.00086615,0.001,0.001,0.001,0.00086617,0.001,0.001,0.001,0.00086834,0.001,0.001,0.001,0.00085052,0.001,0.001,0.001,0.00055631,0.001,0.001,0.001,0.00045903,0.00095103,0.001,0.00096732,0.00062817,0.00099998,0.001,0.00099776,0.00063469,0.00099406,0.001,0.00098869,0.00063066,0.00098669,0.001,0.00098082,0.00062478,0.00098781,0.001,0.00097555,0.00060814,0.00099462,0.001,0.00093343,0.00048994,0.00080899,0.001,0.00065912,0.00016889,0.000347,0.001,0.00030808,-0.00018164,5.3051e-05,0.001
0.001,0.001,0.001,0.001,0.001,0.001,0.001,0.001,0.001,0.001,0.001,0.001,0.001,0.001,0.001,0.001,0.001,0.001,0.001,0.001,0.001,0.001,0.001,0.001,0.001,0.001,0.001,0.001,0.001,0.001,0.001,0.001,0.001,0.001,0.001,0.001,0.001,0.001,0.001,0.001,0.001,0.001,0.001,0.001,0.001,0.001,0.001,0.001,0.001,0.001,0.001,0.001,0.001,0.001,0.001,0.001,0.001,0.001,0.001,0.001,0.001,0.001,0.001,0.001,0.001,0.001,0.001,0.001,0.001,0.001,0.00099277,0.001,0.001,0.001,0.00099802,0.001,0.001,0.001,0.00099158,0.001,0.001,0.001,0.00096489,0.001,0.001,0.001,0.00088164,0.001,0.001,0.001,0.00070677,0.001,0.001,0.001,0.00039218,0.001,0.001,0.001,0.00015684,0.001,0.001
-0.001,-0.001,-0.001,-0.001,-0.001,-0.001,-0.001,-0.001,-0.001,-0.001,-0.001,-0.001,-0.001,-0.001,-0.001,-0.001,-0.001,-0.001,-0.001,-0.001,-0.001,-0.001,-0.001,-0.001,-0.001,-0.001,-0.001,-0.001,-0.001,-0.001,-0.001,-0.001,-0.001,-0.001,-0.001,-0.001,-0.001,-0.001,-0.001,-0.001,-0.001,-0.001,-0.001,-0.001,-0.001,-0.001,-0.001,-0.001,-0.001,-0.001,-0.001,-0.001,-0.001,-0.001,-0.001,-0.001,-0.001,-0.001,-0.001,-0.001,-0.001,-0.001,-0.001,-0.001,-0.001,-0.001,-0.001,-0.001,-0.001,-0.001,-0.001,-0.001,-0.001,-0.001,-0.001,-0.001,-0.001,-0.001,-0.00099202,-0.001,-0.001,-0.001,-0.001,-0.001,-0.001,-0.001,-0.001,-0.001,-0.001,-0.001,-0.001,-0.001,-0.001,-0.001,-0.001,-0.001,-0.001,-0.001,-0.001,-0.001,-0.001
-0.001,-0.001,-0.0009783,-0.001,-0.001,-0.001,-0.00094572,-0.001,-0.001,-0.001,-0.00094675,-0.001,-0.001,-0.001,-0.00094675,-0.001,-0.001,-0.001,-0.00094674,-0.001,-0.001,-0.001,-0.00094674,-0.001,-0.001,-0.001,-0.00094677,-0.001,-0.001,-0.001,-0.00094678,-0.001,-0.001,-0.001,-0.00094682,-0.001,-0.001,-0.001,-0.00094681,-0.001,-0.001,-0.001,-0.0009468,-0.001,-0.001,-0.001,-0.00094679,-0.001,-0.001,-0.001,-0.00094658,-0.001,-0.001,-0.001,-0.00094116,-0.001,-0.001,-0.001,-0.001,-0.001,-0.001,-0.001,-0.001,-0.001,-0.001,-0.001,-0.00076774,-0.001,-0.001,-0.00099204,-0.00064503,-0.001,-0.001,-0.001,-0.00064632,-0.00099944,-0.001,-0.00099382,-0.00063608,-0.00098457,-0.001,-0.001,-0.00071446,-0.001,-0.001,-0.001,-0.001,-0.001,-0.001,-0.001,-0.001,-0.001,-0.001,-0.001,-0.001,-0.001,-0.001,-0.001,-0.00096658,-0.001,-0.001
0.001,0.001,0.00081448,0.001,0.001,0.001,0.00085562,0.001,0.001,0.001,0.00085837,0.001,0.001,0.001,0.00085843,0.001,0.001,0.001,0.00085837,0.001,0.001,0.001,0.00085843,0.001,0.001,0.001,0.0008585,0.001,0.001,0.001,0.00085854,0.001,0.001,0.001,0.00085857,0.001,0.001,0.001,0.0008586,0.001,0.001,0.001,0.0008586,0.001,0.001,0.001,0.00085863,0.001,0.001,0.001,0.00085861,0.001,0.001,0.001,0.00086979,0.001,0.001,0.001,0.0007714,0.001,0.001,0.001,0.00050488,0.00093959,0.001,0.00088407,0.00053572,0.00098016,0.001,0.001,0.00064258,0.001,0.001,0.000993,0.00063217,0.001,0.001,0.00098894,0.00061742,0.001,0.001,0.00094679,0.00049755,0.00082356,0.001,0.00066488,9.2754e-05,0.0003065,0.001,9.2333e-05,-0.00033576,-0.00016462,0.00046665,-0.00024431,-0.00045778,-0.00026945,0.00032923,-0.00018557,-0.00032839,0.00018232,0.001
0.001,0.001,0.001,0.001,0.001,0.001,0.001,0.001,0.001,0.001,0.001,0.001,0.001,0.001,0.001,0.001,0.001,0.001,0.001,0.001,0.001,0.001,0.001,0.001,0.001,0.001,0.001,0.001,0.001,0.001,0.001,0.001,0.001,0.001,0.001,0.001,0.001,0.001,0.001,0.001,0.001,0.001,0.001,0.001,0.001,0.001,0.001,0.001,0.001,0.001,0.001,0.001,0.001,0.001,0.001,0.001,0.001,0.001,0.001,0.001,0.001,0.001,0.001,0.001,0.001,0.001,0.00095071,0.001,0.001,0.001,0.001,0.001,0.001,0.001,0.00097745,0.001,0.001,0.001,0.00089586,0.001,0.001,0.001,0.00071892,0.001,0.001,0.001,0.00037968,0.001,0.001,0.001,-2.323e-05,0.00064587,0.001,0.00060363,-3.1436e-05,0.00040725,0.001,0.0005986,-3.9889e-05,0.001,0.001
-0.001,-0.001,-0.001,-0.001,-0.001,-0.001,-0.001,-0.001,-0.001,-0.001,-0.001,-0.001,-0.001,-0.001,-0.001,-0.001,-0.001,-0.001,-0.001,-0.001,-0.001,-0.001,-0.001,-0.001,-0.001,-0.001,-0.001,-0.001,-0.001,-0.001,-0.001,-0.001,-0.001,-0.001,-0.001,-0.001,-0.001,-0.001,-0.001,-0.001,-0.001,-0.001,-0.001,-0.001,-0.001,-0.001,-0.001,-0.001,-0.001,-0.001,-0.001,-0.001,-0.001,-0.001,-0.001,-0.001,-0.001,-0.001,-0.001,-0.001,-0.001,-0.001,-0.001,-0.001,-0.001,-0.001,-0.001,-0.001,-0.001,-0.001,-0.001,-0.001,-0.001,-0.001,-0.001,-0.001,-0.001,-0.001,-0.001,-0.001,-0.001,-0.001,-0.001,-0.001,-0.001,-0.001,-0.001,-0.001,-0.001,-0.001,-0.001,-0.001,-0.001,-0.001,-0.00079534,-0.001,-0.001,-0.001,-0.00050045,-0.001,-0.001
-0.001,-0.001,-0.00093989,-0.001,-0.001,-0.001,-0.0009371,-0.001,-0.001,-0.001,-0.00093826,-0.001,-0.001,-0.001,-0.00093825,-0.001,-0.001,-0.001,-0.00093823,-0.001,-0.001,-0.001,-0.00093825,-0.001,-0.001,-0.001,-0.00093829,-0.001,-0.001,-0.001,-0.00093829,-0.001,-0.001,-0.001,-0.00093833,-0.001,-0.001,-0.001,-0.00093833,-0.001,-0.001,-0.001,-0.00093832,-0.001,-0.001,-0.001,-0.00093828,-0.001,-0.001,-0.001,-0.000938,-0.001,-0.001,-0.001,-0.00093883,-0.001,-0.001,-0.001,-0.001,-0.001,-0.001,-0.001,-0.00089381,-0.001,-0.001,-0.001,-0.00070559,-0.001,-0.001,-0.001,-0.00065005,-0.001,-0.001,-0.001,-0.00072629,-0.001,-0.001,-0.001,-0.001,-0.001,-0.001,-0.001,-0.001,-0.001,-0.001,-0.001,-0.001,-0.001,-0.001,-0.001,-0.00087711,-0.00094837,-0.001,-0.00080878,-0.00051632,-0.00060928,-0.001,-0.00056086,-0.00029305,-0.0006233,-0.001
0.001,0.001,0.00084497,0.001,0.001,0.001,0.00084941,0.001,0.001,0.001,0.000851,0.001,0.001,0.001,0.00085105,0.001,0.001,0.001,0.000851,0.001,0.001,0.001,0.00085103,0.001,0.001,0.001,0.00085109,0.001,0.001,0.001,0.00085112,0.001,0.001,0.001,0.00085113,0.001,0.001,0.001,0.00085114,0.001,0.001,0.001,0.00085114,0.001,0.001,0.001,0.00085121,0.001,0.001,0.001,0.00085108,0.001,0.001,0.001,0.00086463,0.001,0.001,0.001,0.00065183,0.001,0.001,0.001,0.00046067,0.00093759,0.001,0.00089967,0.00059212,0.00099489,0.001,0.00099985,0.0006296,0.001,0.001,0.00095598,0.00050499,0.00083922,0.001,0.00068163,8.5843e-05,0.00030914,0.001,9.0625e-05,-0.00034362,-0.00016653,0.00047576,-0.00024561,-0.00043378,-0.00023553,0.00038979,-0.00010698,-0.00014058,0.00013409,0.00072998,0.00025032,0.00012876,0.00034369,0.00089035,0.0004064,0.00014999,0.0005102,0.001
0.001,0.001,0.001,0.001,0.001,0.001,0.001,0.001,0.001,0.001,0.001,0.001,0.001,0.001,0.001,0.001,0.001,0.001,0.001,0.001,0.001,0.001,0.001,0.001,0.001,0.001,0.001,0.001,0.001,0.001,0.001,0.001,0.001,0.001,0.001,0.001,0.001,0.001,0.001,0.001,0.001,0.001,0.001,0.001,0.001,0.001,0.001,0.001,0.001,0.001,0.001,0.001,0.001,0.001,0.001,0.001,0.001,0.001,0.001,0.001,0.001,0.001,0.001,0.001,0.001,0.001,0.00096489,0.001,0.001,0.001,0.0009366,0.001,0.001,0.001,0.00074138,0.001,0.001,0.001,0.00038345,0.001,0.001,0.001,-2.9614e-05,0.00065292,0.001,0.00063231,-1.2807e-05,0.0005113,0.001,0.00056791,0.0001845,0.00075391,0.001,0.00082708,0.00035202,0.00082673,0.001,0.001,0.00027447,0.001,0.001
-0.001,-0.001,-0.001,-0.001,-0.001,-0.001,-0.001,-0.001,-0.001,-0.001,-0.001,-0.001,-0.001,-0.001,-0.001,-0.001,-0.001,-0.001,-0.001,-0.001,-0.001,-0.001,-0.001,-0.001,-0.001,-0.001,-0.001,-0.001,-0.001,-0.001,-0.001,-0.001,-0.001,-0.001,-0.001,-0.001,-0.001,-0.001,-0.001,-0.001,-0.001,-0.001,-0.001,-0.001,-0.001,-0.001,-0.001,-0.001,-0.001,-0.001,-0.001,-0.001,-0.001,-0.001,-0.001,-0.001,-0.001,-0.001,-0.001,-0.001,-0.001,-0.001,-0.001,-0.001,-0.001,-0.001,-0.001,-0.001,-0.001,-0.001,-0.001,-0.001,-0.001,-0.001,-0.001,-0.001,-0.001,-0.001,-0.001,-0.001,-0.001,-0.001,-0.001,-0.001,-0.001,-0.001,-0.00078817,-0.001,-0.001,-0.001,-0.00060723,-0.001,-0.001,-0.001,-0.00050715,-0.0009446,-0.001,-0.001,-0.00034735,-0.001,-0.001
-0.001,-0.001,-0.00093008,-0.001,-0.001,-0.001,-0.00092871,-0.001,-0.001,-0.001,-0.00092996,-0.001,-0.001,-0.001,-0.00092996,-0.001,-0.001,-0.001,-0.00092995,-0.001,-0.001,-0.001,-0.00092997,-0.001,-0.001,-0.001,-0.00093002,-0.001,-0.001,-0.001,-0.00093001,-0.001,-0.001,-0.001,-0.00093005,-0.001,-0.001,-0.001,-0.00093004,-0.001,-0.001,-0.001,-0.00093001,-0.001,-0.001,-0.001,-0.00092992,-0.001,-0.001,-0.001,-0.00092856,-0.001,-0.001,-0.001,-0.00096044,-0.001,-0.001,-0.001,-0.001,-0.001,-0.001,-0.001,-0.00080269,-0.001,-0.001,-0.00099747,-0.00066852,-0.001,-0.001,-0.001,-0.00096444,-0.001,-0.001,-0.001,-0.001,-0.001,-0.001,-0.001,-0.001,-0.001,-0.001,-0.001,-0.0008915,-0.00096099,-0.001,-0.0008071,-0.00051272,-0.00061399,-0.001,-0.00053975,-0.00035934,-0.00052652,-0.001,-0.0005068,-0.00032238,-0.00048881,-0.00099235,-0.0005034,-0.0002365,-0.00059738,-0.001
0.001,0.001,0.00083862,0.001,0.001,0.001,0.00084224,0.001,0.001,0.001,0.00084362,0.001,0.001,0.001,0.00084365,0.001,0.001,0.001,0.00084363,0.001,0.001,0.001,0.00084363,0.001,0.001,0.001,0.00084368,0.001,0.001,0.001,0.00084369,0.001,0.001,0.001,0.00084369,0.001,0.001,0.001,0.00084372,0.001,0.001,0.001,0.00084374,0.001,0.001,0.001,0.00084384,0.001,0.001,0.001,0.00084582,0.001,0.001,0.001,0.00083014,0.001,0.001,0.001,0.00055484,0.001,0.001,0.001,0.00048706,0.00097458,0.001,0.00097012,0.00060393,0.001,0.001,0.00089641,0.00021424,0.0004675,0.001,0.0002123,-0.00030622,-0.00015692,0.00046182,-0.00026612,-0.00045112,-0.00024573,0.00038151,-0.00011802,-0.00014878,0.00012955,0.00073046,0.00025342,0.00013994,0.0003706,0.00092259,0.00041606,0.00023913,0.00041592,0.00092256,0.00041928,0.00023739,0.00039201,0.00087909,0.00041035,0.00015995,0.00049849,0.001
0.001,0.001,0.001,0.001,0.001,0.001,0.001,0.001,0.001,0.001,0.001,0.001,0.001,0.001,0.001,0.001,0.001,0.001,0.001,0.001,0.001,0.001,0.001,0.001,0.001,0.001,0.001,0.001,0.001,0.001,0.001,0.001,0.001,0.001,0.001,0.001,0.001,0.001,0.001,0.001,0.001,0.001,0.001,0.001,0.001,0.001,0.001,0.001,0.001,0.001,0.001,0.001,0.001,0.001,0.001,0.001,0.001,0.001,0.001,0.001,0.001,0.001,0.001,0.001,0.001,0.001,0.00088251,0.001,0.001,0.001,0.00054861,0.001,0.001,0.001,-5.9582e-06,0.00066819,0.001,0.00061368,-2.382e-05,0.00050471,0.001,0.00056279,0.00018064,0.00075572,0.001,0.00082853,0.00037038,0.00091296,0.001,0.00093503,0.00042926,0.00092897,0.001,0.00092832,0.00041076,0.0008351,0.001,0.00098986,0.00026683,0.001,0.001
-0.001,-0.001,-0.001,-0.001,-0.001,-0.001,-0.001,-0.001,-0.001,-0.001,-0.001,-0.001,-0.001,-0.001,-0.001,-0.001,-0.001,-0.001,-0.001,-0.001,-0.001,-0.001,-0.001,-0.001,-0.001,-0.001,-0.001,-0.001,-0.001,-0.001,-0.001,-0.001,-0.001,-0.001,-0.001,-0.001,-0.001,-0.001,-0.001,-0.001,-0.001,-0.001,-0.001,-0.001,-0.001,-0.001,-0.001,-0.001,-0.001,-0.001,-0.001,-0.001,-0.001,-0.001,-0.001,-0.001,-0.001,-0.001,-0.001,-0.001,-0.001,-0.001,-0.001,-0.001,-0.001,-0.001,-0.001,-0.001,-0.001,-0.001,-0.001,-0.001,-0.001,-0.001,-0.001,-0.001,-0.001,-0.001,-0.00079402,-0.001,-0.001,-0.001,-0.00061262,-0.001,-0.001,-0.001,-0.00052051,-0.001,-0.001,-0.00099988,-0.00048515,-0.00098392,-0.001,-0.00098015,-0.00046103,-0.00089108,-0.001,-0.001,-0.00032568,-0.001,-0.001
-0.001,-0.001,-0.0009223,-0.001,-0.001,-0.001,-0.00092068,-0.001,-0.001,-0.001,-0.00092186,-0.001,-0.001,-0.001,-0.00092187,-0.001,-0.001,-0.001,-0.00092184,-0.001,-0.001,-0.001,-0.00092186,-0.001,-0.001,-0.001,-0.00092189,-0.001,-0.001,-0.001,-0.00092189,-0.001,-0.001,-0.001,-0.00092195,-0.001,-0.001,-0.001,-0.00092193,-0.001,-0.001,-0.001,-0.00092188,-0.001,-0.001,-0.001,-0.0009217,-0.001,-0.001,-0.001,-0.00091706,-0.001,-0.001,-0.001,-0.00099803,-0.001,-0.001,-0.001,-0.00096297,-0.001,-0.001,-0.001,-0.00083558,-0.001,-0.001,-0.001,-0.001,-0.001,-0.001,-0.001,-0.001,-0.001,-0.001,-0.001,-0.00095547,-0.00098558,-0.001,-0.00080624,-0.00051543,-0.00061822,-0.001,-0.00054352,-0.00036219,-0.00052955,-0.001,-0.00050805,-0.00032652,-0.00050379,-0.001,-0.00049584,-0.00031227,-0.00048686,-0.00098739,-0.00048334,-0.00029962,-0.0004602,-0.00094971,-0.00047969,-0.00022226,-0.0005765,-0.001
0.001,0.001,0.00083251,0.001,0.001,0.001,0.00083488,0.001,0.001,0.001,0.00083618,0.001,0.001,0.001,0.00083622,0.001,0.001,0.001,0.00083619,0.001,0.001,0.001,0.00083619,0.001,0.001,0.001,0.00083621,0.001,0.001,0.001,0.00083622,0.001,0.001,0.001,0.00083623,0.001,0.001,0.001,0.00083626,0.001,0.001,0.001,0.00083631,0.001,0.001,0.001,0.00083637,0.001,0.001,0.001,0.00084617,0.001,0.001,0.001,0.00076357,0.001,0.001,0.001,0.00052075,0.00097927,0.001,0.00091149,0.00041889,0.00085382,0.001,0.00071393,-5.2445e-05,0.00017501,0.001,-6.3388e-05,-0.00040221,-0.00024357,0.00035363,-0.00015651,-0.000186,0.00010956,0.00072198,0.00024987,0.00013843,0.00037085,0.00092559,0.00041687,0.00023952,0.00041755,0.00092654,0.00042267,0.00024634,0.00041587,0.00090977,0.00041611,0.00024516,0.00041305,0.00089958,0.00041158,0.00023715,0.00038947,0.00086458,0.00040677,0.00015992,0.0004904,0.001
0.001,0.001,0.001,0.001,0.001,0.001,0.001,0.001,0.001,0.001,0.001,0.001,0.001,0.001,0.001,0.001,0.001,0.001,0.001,0.001,0.001,0.001,0.001,0.001,0.001,0.001,0.001,0.001,0.001,0.001,0.001,0.001,0.001,0.001,0.001,0.001,0.001,0.001,0.001,0.001,0.001,0.001,0.001,0.001,0.001,0.001,0.001,0.001,0.001,0.001,0.001,0.001,0.001,0.001,0.001,0.001,0.001,0.001,0.001,0.001,0.001,0.001,0.00077342,0.001,0.001,0.001,0.00030796,0.001,0.001,0.001,-8.408e-05,0.00050886,0.001,0.00052529,0.00015317,0.00074256,0.001,0.00082217,0.00036891,0.00091534,0.001,0.00093803,0.00043075,0.00093432,0.001,0.0009311,0.00042858,0.00092102,0.001,0.00091655,0.00042274,0.00090737,0.001,0.00090588,0.00040311,0.00081751,0.001,0.00097114,0.00025946,0.001,0.001
-0.001,-0.001,-0.001,-0.001,-0.001,-0.001,-0.001,-0.001,-0.001,-0.001,-0.001,-0.001,-0.001,-0.001,-0.001,-0.001,-0.001,-0.001,-0.001,-0.001,-0.001,-0.001,-0.001,-0.001,-0.001,-0.001,-0.001,-0.001,-0.001,-0.001,-0.001,-0.001,-0.001,-0.001,-0.001,-0.001,-0.001,-0.001,-0.001,-0.001,-0.001,-0.001,-0.001,-0.001,-0.001,-0.001,-0.001,-0.001,-0.001,-0.001,-0.001,-0.001,-0.001,-0.001,-0.001,-0.001,-0.001,-0.001,-0.001,-0.001,-0.001,-0.001,-0.001,-0.001,-0.001,-0.001,-0.001,-0.001,-0.001,-0.001,-0.00090523,-0.001,-0.001,-0.001,-0.00064523,-0.001,-0.001,-0.001,-0.00052278,-0.001,-0.001,-0.001,-0.00048826,-0.00099043,-0.001,-0.00098221,-0.00047652,-0.00097227,-0.001,-0.00096608,-0.00046765,-0.00095436,-0.001,-0.00095172,-0.00044564,-0.00086344,-0.001,-0.001,-0.00030888,-0.001,-0.001
-0.001,-0.001,-0.00091389,-0.001,-0.001,-0.001,-0.0009125,-0.001,-0.001,-0.001,-0.00091364,-0.001,-0.001,-0.001,-0.00091363,-0.001,-0.001,-0.001,-0.00091359,-0.001,-0.001,-0.001,-0.00091361,-0.001,-0.001,-0.001,-0.00091366,-0.001,-0.001,-0.001,-0.00091367,-0.001,-0.001,-0.001,-0.00091372,-0.001,-0.001,-0.001,-0.00091369,-0.001,-0.001,-0.001,-0.00091366,-0.001,-0.001,-0.001,-0.00091339,-0.001,-0.001,-0.001,-0.00091301,-0.001,-0.001,-0.001,-0.00098494,-0.001,-0.001,-0.001,-0.001,-0.001,-0.001,-0.001,-0.001,-0.001,-0.001,-0.001,-0.001,-0.001,-0.001,-0.001,-0.0007059,-0.00074879,-0.001,-0.0005987,-0.00039201,-0.00054397,-0.001,-0.00050915,-0.00032821,-0.00050721,-0.001,-0.00049955,-0.00031496,-0.00049024,-0.00099236,-0.00048631,-0.00030616,-0.00047921,-0.00097365,-0.00047623,-0.00029931,-0.00046964,-0.00095705,-0.00046664,-0.000288,-0.00044401,-0.00092112,-0.00046334,-0.00021175,-0.00055801,-0.001
0.001,0.001,0.0008267,0.001,0.001,0.001,0.00082781,0.001,0.001,0.001,0.00082904,0.001,0.001,0.001,0.00082907,0.001,0.001,0.001,0.00082906,0.001,0.001,0.001,0.00082904,0.001,0.001,0.001,0.00082904,0.001,0.001,0.001,0.00082903,0.001,0.001,0.001,0.00082905,0.001,0.001,0.001,0.00082908,0.001,0.001,0.001,0.00082911,0.001,0.001,0.001,0.00082915,0.001,0.001,0.001,0.00084155,0.001,0.001,0.001,0.0007259,0.001,0.001,0.001,0.00028891,0.00070738,0.001,0.00048368,-0.00029112,-8.1054e-05,0.00060405,-0.00022957,-0.00038473,-0.00017044,0.00046425,4.9381e-06,-2.1807e-05,0.00026864,0.00086175,0.00037599,0.00021764,0.00040876,0.00092711,0.00042326,0.00024627,0.00041546,0.00090981,0.00041521,0.00024439,0.00041311,0.00090096,0.00041291,0.00024404,0.00041074,0.00089274,0.00041029,0.00024297,0.0004073,0.00088329,0.00040588,0.0002351,0.00038431,0.0008494,0.00040191,0.00015892,0.00048291,0.001
0.001,0.001,0.001,0.001,0.001,0.001,0.001,0.001,0.001,0.001,0.001,0.001,0.001,0.001,0.001,0.001,0.001,0.001,0.001,0.001,0.001,0.001,0.001,0.001,0.001,0.001,0.001,0.001,0.001,0.001,0.001,0.001,0.001,0.001,0.001,0.001,0.001,0.001,0.001,0.001,0.001,0.001,0.001,0.001,0.001,0.001,0.001,0.001,0.001,0.001,0.001,0.001,0.001,0.001,0.001,0.001,0.001,0.001,0.00094233,0.001,0.001,0.001,8.9695e-05,0.00080059,0.001,0.00076906,-1.4417e-05,0.00054904,0.001,0.0006249,0.00025718,0.00084513,0.001,0.0009074,0.00041589,0.00093001,0.001,0.00093257,0.00042884,0.00092205,0.001,0.00091696,0.00042295,0.00091058,0.001,0.00090656,0.00041921,0.00090092,0.001,0.00089736,0.00041521,0.00088928,0.001,0.00088838,0.00039638,0.00080139,0.001,0.00095461,0.00025496,0.001,0.001
-0.001,-0.001,-0.001,-0.001,-0.001,-0.001,-0.001,-0.001,-0.001,-0.001,-0.001,-0.001,-0.001,-0.001,-0.001,-0.001,-0.001,-0.001,-0.001,-0.001,-0.001,-0.001,-0.001,-0.001,-0.001,-0.001,-0.001,-0.001,-0.001,-0.001,-0.001,-0.001,-0.001,-0.001,-0.001,-0.001,-0.001,-0.001,-0.001,-0.001,-0.001,-0.001,-0.001,-0.001,-0.001,-0.001,-0.001,-0.001,-0.001,-0.001,-0.001,-0.001,-0.001,-0.001,-0.001,-0.001,-0.001,-0.001,-0.001,-0.001,-0.001,-0.001,-0.001,-0.001,-0.001,-0.001,-0.00077965,-0.001,-0.001,-0.001,-0.00056445,-0.001,-0.001,-0.001,-0.00049737,-0.00099891,-0.001,-0.00098715,-0.00047913,-0.00097583,-0.001,-0.00096913,-0.00047001,-0.00095962,-0.001,-0.00095357,-0.00046185,-0.00094559,-0.001,-0.00094041,-0.00045429,-0.00093022,-0.001,-0.00092824,-0.00043316,-0.00084093,-0.001,-0.00099696,-0.0002971,-0.001,-0.001
-0.001,-0.001,-0.00090597,-0.001,-0.001,-0.001,-0.00090434,-0.001,-0.001,-0.001,-0.00090544,-0.001,-0.001,-0.001,-0.00090542,-0.001,-0.001,-0.001,-0.00090537,-0.001,-0.001,-0.001,-0.00090542,-0.001,-0.001,-0.001,-0.00090548,-0.001,-0.001,-0.001,-0.00090549,-0.001,-0.001,-0.001,-0.00090553,-0.001,-0.001,-0.001,-0.00090551,-0.001,-0.001,-0.001,-0.00090558,-0.001,-0.001,-0.001,-0.00090091,-0.001,-0.001,-0.001,-0.00091336,-0.001,-0.001,-0.001,-0.001,-0.001,-0.001,-0.001,-0.001,-0.001,-0.001,-0.001,-0.001,-0.001,-0.001,-0.00087888,-0.00054056,-0.00061013,-0.001,-0.00051134,-0.00033964,-0.00051729,-0.001,-0.00050348,-0.0003191,-0.00049478,-0.00099803,-0.00048969,-0.00030858,-0.00048181,-0.0009771,-0.0004785,-0.00030123,-0.00047219,-0.00096067,-0.00046946,-0.00029529,-0.00046449,-0.00094728,-0.00046213,-0.00028996,-0.00045656,-0.00093328,-0.00045373,-0.00027905,-0.00043117,-0.00089788,-0.00045089,-0.0002051,-0.00054888,-0.001
0.001,0.001,0.00082025,0.001,0.001,0.001,0.00082085,0.001,0.001,0.001,0.00082201,0.001,0.001,0.001,0.00082204,0.001,0.001,0.001,0.00082205,0.001,0.001,0.001,0.00082203,0.001,0.001,0.001,0.00082201,0.001,0.001,0.001,0.00082201,0.001,0.001,0.001,0.00082204,0.001,0.001,0.001,0.00082206,0.001,0.001,0.001,0.00082214,0.001,0.001,0.001,0.00082647,0.001,0.001,0.001,0.00082189,0.001,0.001,0.001,0.00023668,0.00061553,0.001,0.000409,-0.00047015,-0.0001857,0.00051624,-0.00021855,-0.00026802,5.5111e-06,0.00061124,0.00016997,0.00010023,0.00035834,0.0009242,0.00042387,0.00024499,0.00041517,0.0009133,0.00041616,0.00024388,0.00041227,0.00090081,0.00041196,0.000243,0.00040975,0.00089205,0.00040929,0.00024216,0.00040702,0.00088375,0.0004064,0.00024079,0.00040346,0.00087448,0.00040284,0.00023926,0.00040026,0.00086645,0.00039911,0.00023209,0.00037888,0.00083554,0.00039638,0.00015592,0.0004681,0.001
0.001,0.001,0.001,0.001,0.001,0.001,0.001,0.001,0.001,0.001,0.001,0.001,0.001,0.001,0.001,0.001,0.001,0.001,0.001,0.001,0.001,0.001,0.001,0.001,0.001,0.001,0.001,0.001,0.001,0.001,0.001,0.001,0.001,0.001,0.001,0.001,0.001,0.001,0.001,0.001,0.001,0.001,0.001,0.001,0.001,0.001,0.001,0.001,0.001,0.001,0.001,0.001,0.001,0.001,0.00099681,0.001,0.001,0.001,-4.0113e-06,0.00069043,0.001,0.00066216,6.588e-05,0.00065597,0.001,0.00073561,0.00033496,0.00089698,0.001,0.00093356,0.00042941,0.00092506,0.001,0.00091989,0.00042343,0.00091149,0.001,0.00090689,0.00041885,0.00090094,0.001,0.00089693,0.00041507,0.00089152,0.001,0.00088777,0.00041124,0.000882,0.001,0.00087881,0.00040739,0.00087166,0.001,0.00087131,0.0003894,0.00078655,0.001,0.00093932,0.00025202,0.001,0.001
-0.001,-0.001,-0.001,-0.001,-0.001,-0.001,-0.001,-0.001,-0.001,-0.001,-0.001,-0.001,-0.001,-0.001,-0.001,-0.001,-0.001,-0.001,-0.001,-0.001,-0.001,-0.001,-0.001,-0.001,-0.001,-0.001,-0.001,-0.001,-0.001,-0.001,-0.001,-0.001,-0.001,-0.001,-0.001,-0.001,-0.001,-0.001,-0.001,-0.001,-0.001,-0.001,-0.001,-0.001,-0.001,-0.001,-0.001,-0.001,-0.001,-0.001,-0.001,-0.001,-0.001,-0.001,-0.001,-0.001,-0.001,-0.001,-0.001,-0.001,-0.001,-0.001,-0.000716,-0.001,-0.001,-0.001,-0.00051816,-0.001,-0.001,-0.00099468,-0.00048268,-0.00098094,-0.001,-0.00097374,-0.00047246,-0.00096292,-0.001,-0.00095622,-0.00046334,-0.00094737,-0.001,-0.00094174,-0.00045592,-0.00093453,-0.001,-0.00092944,-0.00044917,-0.0009218,-0.001,-0.0009173,-0.00044251,-0.00090864,-0.001,-0.00090764,-0.00042318,-0.00082315,-0.001,-0.00097887,-0.00029094,-0.001,-0.001
-0.001,-0.001,-0.00089837,-0.001,-0.001,-0.001,-0.00089647,-0.001,-0.001,-0.001,-0.00089754,-0.001,-0.001,-0.001,-0.0008975,-0.001,-0.001,-0.001,-0.00089749,-0.001,-0.001,-0.001,-0.00089752,-0.001,-0.001,-0.001,-0.00089758,-0.001,-0.001,-0.001,-0.0008976,-0.001,-0.001,-0.001,-0.00089764,-0.001,-0.001,-0.001,-0.00089808,-0.001,-0.001,-0.001,-0.00088729,-0.001,-0.001,-0.001,-0.00092547,-0.001,-0.001,-0.001,-0.001,-0.001,-0.001,-0.001,-0.001,-0.001,-0.001,-0.001,-0.001,-0.001,-0.001,-0.00080721,-0.00048932,-0.00057112,-0.00097935,-0.00048662,-0.00031803,-0.00049959,-0.001,-0.00049409,-0.00031166,-0.00048563,-0.00098317,-0.00048215,-0.00030371,-0.00047467,-0.00096382,-0.0004714,-0.00029662,-0.00046571,-0.00094865,-0.00046321,-0.00029135,-0.00045885,-0.00093644,-0.00045654,-0.00028636,-0.00045137,-0.00092315,-0.00044922,-0.00028148,-0.00044477,-0.00091178,-0.00044269,-0.00027239,-0.0004222,-0.00088064,-0.0004424,-0.00020059,-0.00053709,-0.001
0.001,0.001,0.00081365,0.001,0.001,0.001,0.00081377,0.001,0.001,0.001,0.00081488,0.001,0.001,0.001,0.00081492,0.001,0.001,0.001,0.00081491,0.001,0.001,0.001,0.00081487,0.001,0.001,0.001,0.00081487,0.001,0.001,0.001,0.00081487,0.001,0.001,0.001,0.0008149,0.001,0.001,0.001,0.00081436,0.001,0.001,0.001,0.00082517,0.001,0.001,0.001,0.00077437,0.001,0.001,0.001,1.646e-05,0.00034597,0.001,0.0001303,-0.00069428,-0.00046644,0.00012085,-0.00040485,-0.00034994,-1.7363e-06,0.0006389,0.00021197,0.00013133,0.00037543,0.000925,0.00042907,0.0002501,0.0004147,0.00090264,0.00041183,0.00024208,0.00040847,0.00089098,0.00040786,0.00024095,0.00040603,0.00088322,0.00040563,0.00024016,0.00040312,0.00087462,0.00040231,0.00023838,0.00039915,0.00086498,0.00039858,0.00023711,0.00039709,0.00085905,0.00039665,0.00023607,0.00039397,0.0008513,0.00039239,0.00022791,0.00037114,0.00081847,0.0003885,0.00015187,0.0004552,0.001
0.001,0.001,0.001,0.001,0.001,0.001,0.001,0.001,0.001,0.001,0.001,0.001,0.001,0.001,0.001,0.001,0.001,0.001,0.001,0.001,0.001,0.001,0.001,0.001,0.001,0.001,0.001,0.001,0.001,0.001,0.001,0.001,0.001,0.001,0.001,0.001,0.001,0.001,0.001,0.001,0.001,0.001,0.001,0.001,0.001,0.001,0.001,0.001,0.001,0.001,0.00077467,0.001,0.001,0.001,-0.00020601,0.00039308,0.001,0.00035147,3.3004e-05,0.00064966,0.001,0.00076583,0.0003528,0.00090164,0.001,0.00092964,0.00042893,0.00091621,0.001,0.00090887,0.00041898,0.00090111,0.001,0.0008966,0.00041453,0.00089137,0.001,0.00088747,0.00041084,0.00088201,0.001,0.00087818,0.00040686,0.00087243,0.001,0.00086918,0.00040356,0.00086521,0.001,0.00086248,0.00040021,0.00085559,0.001,0.0008551,0.00038187,0.00077036,0.001,0.0009226,0.00024871,0.001,0.001
-0.001,-0.001,-0.001,-0.001,-0.001,-0.001,-0.001,-0.001,-0.001,-0.001,-0.001,-0.001,-0.001,-0.001,-0.001,-0.001,-0.001,-0.001,-0.001,-0.001,-0.001,-0.001,-0.001,-0.001,-0.001,-0.001,-0.001,-0.001,-0.001,-0.001,-0.001,-0.001,-0.001,-0.001,-0.001,-0.001,-0.001,-0.001,-0.001,-0.001,-0.001,-0.001,-0.001,-0.001,-0.001,-0.001,-0.001,-0.001,-0.001,-0.001,-0.001,-0.001,-0.001,-0.001,-0.001,-0.001,-0.001,-0.001,-0.00071122,-0.001,-0.001,-0.001,-0.00050769,-0.001,-0.001,-0.00097828,-0.00047282,-0.00096512,-0.001,-0.00095886,-0.00046471,-0.00094944,-0.001,-0.00094348,-0.00045704,-0.00093606,-0.001,-0.00093089,-0.00045044,-0.00092386,-0.001,-0.00091888,-0.00044383,-0.00091125,-0.001,-0.00090677,-0.00043781,-0.00090127,-0.001,-0.00089776,-0.0004328,-0.00089035,-0.001,-0.00088964,-0.00041404,-0.00080529,-0.001,-0.00096058,-0.00028621,-0.001,-0.001
-0.001,-0.001,-0.00089083,-0.001,-0.001,-0.001,-0.00088872,-0.001,-0.001,-0.001,-0.00088977,-0.001,-0.001,-0.001,-0.00088973,-0.001,-0.001,-0.001,-0.00088974,-0.001,-0.001,-0.001,-0.00088976,-0.001,-0.001,-0.001,-0.00088982,-0.001,-0.001,-0.001,-0.00088983,-0.001,-0.001,-0.001,-0.00089021,-0.001,-0.001,-0.001,-0.00087731,-0.001,-0.001,-0.001,-0.00099721,-0.001,-0.001,-0.001,-0.001,-0.001,-0.001,-0.001,-0.001,-0.001,-0.001,-0.001,-0.001,-0.00097582,-0.001,-0.00068472,-0.00043782,-0.00055063,-0.0009803,-0.00048485,-0.00031227,-0.0004892,-0.00098905,-0.00048324,-0.00030344,-0.00047527,-0.00096653,-0.00047268,-0.00029739,-0.00046664,-0.00095024,-0.00046422,-0.00029219,-0.00045983,-0.00093785,-0.00045779,-0.00028791,-0.0004536,-0.00092604,-0.00045128,-0.00028289,-0.00044591,-0.00091245,-0.00044381,-0.00027829,-0.00044046,-0.00090325,-0.00043912,-0.00027525,-0.00043583,-0.00089429,-0.00043381,-0.00026625,-0.00041239,-0.00086155,-0.00043265,-0.000195,-0.00052216,-0.001
0.001,0.001,0.00080704,0.001,0.001,0.001,0.00080672,0.001,0.001,0.001,0.00080777,0.001,0.001,0.001,0.0008078,0.001,0.001,0.001,0.0008078,0.001,0.001,0.001,0.00080779,0.001,0.001,0.001,0.00080778,0.001,0.001,0.001,0.00080781,0.001,0.001,0.001,0.0008073,0.001,0.001,0.001,0.00082315,0.001,0.001,0.001,0.00067623,0.001,0.001,0.001,-0.00025464,2.619e-05,0.001,-0.00023596,-0.00081077,-0.0006115,-9.2986e-05,-0.00044201,-0.00033945,6.7959e-05,0.00073173,0.0002979,0.00017866,0.00039525,0.000927,0.00042986,0.000252,0.00041705,0.00090306,0.00041436,0.00024441,0.00040875,0.00088623,0.00040712,0.00024093,0.00040371,0.00087531,0.00040255,0.00023835,0.000399,0.00086484,0.00039783,0.00023571,0.00039459,0.00085518,0.00039409,0.0002346,0.00039308,0.00085037,0.00039272,0.00023381,0.00039033,0.00084324,0.00038937,0.00023146,0.00038575,0.00083373,0.00038442,0.00022386,0.00036512,0.00080493,0.00038278,0.00014916,0.00044466,0.001
0.001,0.001,0.001,0.001,0.001,0.001,0.001,0.001,0.001,0.001,0.001,0.001,0.001,0.001,0.001,0.001,0.001,0.001,0.001,0.001,0.001,0.001,0.001,0.001,0.001,0.001,0.001,0.001,0.001,0.001,0.001,0.001,0.001,0.001,0.001,0.001,0.001,0.001,0.001,0.001,0.001,0.001,0.001,0.001,0.001,0.001,0.00049393,0.001,0.001,0.001,-0.00036088,0.00019823,0.001,0.00023132,2.992e-05,0.00069676,0.001,0.00083567,0.00038614,0.0009152,0.001,0.00092924,0.00042944,0.00091476,0.001,0.00090682,0.00041899,0.00089638,0.001,0.00089057,0.00041255,0.0008839,0.001,0.00087921,0.00040732,0.00087286,0.001,0.00086863,0.00040251,0.0008628,0.001,0.00085959,0.00039927,0.00085627,0.001,0.00085346,0.00039638,0.00084893,0.001,0.00084601,0.00039233,0.00083839,0.001,0.00083836,0.00037483,0.00075641,0.001,0.00090827,0.00024607,0.001,0.001
-0.001,-0.001,-0.001,-0.001,-0.001,-0.001,-0.001,-0.001,-0.001,-0.001,-0.001,-0.001,-0.001,-0.001,-0.001,-0.001,-0.001,-0.001,-0.001,-0.001,-0.001,-0.001,-0.001,-0.001,-0.001,-0.001,-0.001,-0.001,-0.001,-0.001,-0.001,-0.001,-0.001,-0.001,-0.001,-0.001,-0.001,-0.001,-0.001,-0.001,-0.001,-0.001,-0.001,-0.001,-0.001,-0.001,-0.001,-0.001,-0.001,-0.001,-0.001,-0.001,-0.001,-0.001,-0.00065333,-0.001,-0.001,-0.001,-0.00049938,-0.00099141,-0.001,-0.00097249,-0.00046881,-0.00095799,-0.001,-0.00094999,-0.00045805,-0.00093731,-0.001,-0.0009305,-0.00044925,-0.00092309,-0.001,-0.00091821,-0.00044352,-0.00091183,-0.001,-0.00090726,-0.00043788,-0.00090028,-0.001,-0.00089616,-0.00043262,-0.00089148,-0.001,-0.0008881,-0.00042849,-0.00088334,-0.001,-0.00087995,-0.00042351,-0.00087146,-0.001,-0.00087086,-0.00040491,-0.00078894,-0.001,-0.00094404,-0.00028185,-0.001,-0.001
-0.001,-0.001,-0.00088313,-0.001,-0.001,-0.001,-0.00088072,-0.001,-0.001,-0.001,-0.00088171,-0.001,-0.001,-0.001,-0.00088168,-0.001,-0.001,-0.001,-0.0008817,-0.001,-0.001,-0.001,-0.00088173,-0.001,-0.001,-0.001,-0.00088179,-0.001,-0.001,-0.001,-0.00088192,-0.001,-0.001,-0.001,-0.00087075,-0.001,-0.001,-0.001,-0.00097096,-0.001,-0.001,-0.001,-0.001,-0.001,-0.001,-0.001,-0.001,-0.001,-0.001,-0.001,-0.00090311,-0.00080327,-0.001,-0.00054255,-0.00037128,-0.00053068,-0.001,-0.00049409,-0.0003135,-0.00048715,-0.00098502,-0.00048035,-0.00030051,-0.0004706,-0.00095859,-0.00046676,-0.00029157,-0.00045793,-0.00093617,-0.00045501,-0.00028513,-0.00045083,-0.00092373,-0.00044936,-0.000282,-0.000446,-0.00091331,-0.00044427,-0.00027829,-0.00043973,-0.00090131,-0.00043809,-0.00027474,-0.00043546,-0.00089366,-0.00043437,-0.0002724,-0.00043176,-0.00088592,-0.00043027,-0.00026892,-0.00042552,-0.00087442,-0.0004234,-0.00025967,-0.00040341,-0.00084494,-0.00042444,-0.00019051,-0.00050898,-0.001
0.001,0.001,0.00080074,0.001,0.001,0.001,0.0008001,0.001,0.001,0.001,0.0008011,0.001,0.001,0.001,0.00080116,0.001,0.001,0.001,0.00080116,0.001,0.001,0.001,0.00080116,0.001,0.001,0.001,0.00080115,0.001,0.001,0.001,0.00080078,0.001,0.001,0.001,0.00081561,0.001,0.001,0.001,0.00070527,0.001,0.001,0.001,-0.00033646,-4.3659e-05,0.00078779,-0.00042077,-0.00071732,-0.00048561,0.00010335,-0.00027337,-0.00018342,0.00021179,0.00087856,0.00040046,0.00023131,0.00041164,0.00091881,0.00042228,0.00024804,0.00041459,0.00089999,0.00041349,0.00024469,0.00040922,0.00088572,0.00040848,0.0002432,0.00040619,0.00087628,0.00040513,0.00024086,0.0004002,0.00086256,0.00039829,0.00023652,0.00039354,0.0008495,0.0003923,0.00023376,0.00039016,0.00084223,0.00038926,0.00023182,0.00038642,0.00083421,0.00038521,0.00022914,0.0003821,0.00082555,0.00038143,0.00022755,0.00037991,0.00082044,0.00037896,0.00022097,0.00035963,0.00079189,0.00037631,0.00014494,0.00043444,0.001
0.001,0.001,0.001,0.001,0.001,0.001,0.001,0.001,0.001,0.001,0.001,0.001,0.001,0.001,0.001,0.001,0.001,0.001,0.001,0.001,0.001,0.001,0.001,0.001,0.001,0.001,0.001,0.001,0.001,0.001,0.001,0.001,0.001,0.001,0.001,0.001,0.001,0.001,0.001,0.001,0.001,0.001,0.00034404,0.001,0.001,0.001,-0.00032384,0.00027785,0.001,0.00036737,0.00013995,0.00079941,0.001,0.00091277,0.00042183,0.00092508,0.001,0.00092319,0.00042609,0.00091084,0.001,0.00090394,0.00041818,0.00089464,0.001,0.00088934,0.00041308,0.00088307,0.001,0.00087809,0.00040778,0.00087002,0.001,0.00086493,0.00040162,0.00085749,0.001,0.00085342,0.00039697,0.00084895,0.001,0.00084558,0.00039315,0.00084078,0.001,0.00083736,0.0003889,0.00083208,0.001,0.00082955,0.00038551,0.00082417,0.001,0.00082464,0.00036892,0.00074369,0.001,0.00089341,0.00024159,0.000977,0.001
-0.001,-0.001,-0.001,-0.001,-0.001,-0.001,-0.001,-0.001,-0.001,-0.001,-0.001,-0.001,-0.001,-0.001,-0.001,-0.001,-0.001,-0.001,-0.001,-0.001,-0.001,-0.001,-0.001,-0.001,-0.001,-0.001,-0.001,-0.001,-0.001,-0.001,-0.001,-0.001,-0.001,-0.001,-0.001,-0.001,-0.001,-0.001,-0.001,-0.001,-0.001,-0.001,-0.001,-0.001,-0.001,-0.001,-0.00094792,-0.001,-0.001,-0.001,-0.00058688,-0.001,-0.001,-0.001,-0.0004855,-0.00097955,-0.001,-0.00096756,-0.0004671,-0.00095475,-0.001,-0.00094635,-0.00045595,-0.00093349,-0.001,-0.00092598,-0.00044593,-0.00091716,-0.001,-0.0009112,-0.00043839,-0.00090284,-0.001,-0.0008974,-0.00043141,-0.00088917,-0.001,-0.00088461,-0.00042563,-0.00087947,-0.001,-0.00087614,-0.00042183,-0.00087196,-0.001,-0.00086878,-0.00041806,-0.00086333,-0.001,-0.0008603,-0.00041361,-0.00085388,-0.001,-0.00085418,-0.00039679,-0.00077453,-0.001,-0.00092822,-0.00027661,-0.001,-0.001
-0.001,-0.001,-0.00087583,-0.001,-0.001,-0.001,-0.0008731,-0.001,-0.001,-0.001,-0.00087403,-0.001,-0.001,-0.001,-0.000874,-0.001,-0.001,-0.001,-0.00087406,-0.001,-0.001,-0.001,-0.0008741,-0.001,-0.001,-0.001,-0.00087417,-0.001,-0.001,-0.001,-0.00086921,-0.001,-0.001,-0.001,-0.00090847,-0.001,-0.001,-0.001,-0.001,-0.001,-0.001,-0.001,-0.001,-0.001,-0.001,-0.001,-0.00072997,-0.00067987,-0.00093433,-0.00048217,-0.00033265,-0.00051356,-0.001,-0.00049519,-0.00031012,-0.0004821,-0.00097816,-0.00047703,-0.00029869,-0.00046854,-0.00095491,-0.00046467,-0.00029002,-0.00045584,-0.00093252,-0.00045254,-0.00028269,-0.00044713,-0.00091767,-0.00044485,-0.0002777,-0.00043973,-0.00090333,-0.0004374,-0.00027249,-0.00043177,-0.00088868,-0.00042988,-0.00026834,-0.00042702,-0.00088017,-0.00042614,-0.00026648,-0.00042418,-0.00087355,-0.00042317,-0.00026424,-0.00041979,-0.00086446,-0.00041858,-0.00026135,-0.00041564,-0.00085706,-0.00041444,-0.00025418,-0.00039593,-0.00083049,-0.00041699,-0.00018564,-0.00049742,-0.001
0.001,0.001,0.00079416,0.001,0.001,0.001,0.00079322,0.001,0.001,0.001,0.00079422,0.001,0.001,0.001,0.00079429,0.001,0.001,0.001,0.00079426,0.001,0.001,0.001,0.00079422,0.001,0.001,0.001,0.00079406,0.001,0.001,0.001,0.00080055,0.001,0.001,0.001,0.00076494,0.001,0.001,0.001,-8.1745e-05,0.00020977,0.001,-1.7122e-05,-0.00053249,-0.00030315,0.00030006,-0.00010412,-5.6341e-05,0.00029856,0.00093326,0.00043913,0.00025374,0.00041918,0.00091367,0.00041891,0.00024722,0.00041433,0.00089834,0.00041326,0.00024471,0.00040858,0.00088354,0.00040778,0.00024296,0.00040537,0.00087386,0.00040459,0.00024122,0.00040053,0.00086176,0.00039915,0.00023813,0.00039509,0.00084966,0.00039419,0.00023616,0.00039224,0.00084232,0.00039132,0.00023421,0.00038797,0.00083289,0.00038633,0.00023061,0.00038224,0.00082207,0.00038097,0.00022777,0.00037872,0.00081504,0.00037797,0.00022601,0.00037548,0.00080836,0.00037382,0.00021786,0.00035347,0.00077762,0.00036942,0.00014085,0.0004239,0.001
0.001,0.001,0.001,0.001,0.001,0.001,0.001,0.001,0.001,0.001,0.001,0.001,0.001,0.001,0.001,0.001,0.001,0.001,0.001,0.001,0.001,0.001,0.001,0.001,0.001,0.001,0.001,0.001,0.001,0.001,0.001,0.001,0.001,0.001,0.001,0.001,0.001,0.001,0.0007097,0.001,0.001,0.001,-0.00012733,0.00045541,0.001,0.00047754,0.00022018,0.00085525,0.001,0.00093973,0.00043555,0.00092791,0.001,0.00091985,0.00042499,0.00090874,0.001,0.00090215,0.00041797,0.00089293,0.001,0.0008875,0.00041267,0.0008811,0.001,0.00087633,0.0004078,0.00086896,0.001,0.00086409,0.00040234,0.00085683,0.001,0.00085282,0.00039813,0.0008482,0.001,0.00084451,0.00039408,0.000839,0.001,0.00083499,0.00038902,0.00082878,0.001,0.00082536,0.0003848,0.00082105,0.001,0.00081862,0.00038144,0.00081269,0.001,0.0008126,0.00036387,0.00073145,0.001,0.00087901,0.00023799,0.00095416,0.001
-0.001,-0.001,-0.001,-0.001,-0.001,-0.001,-0.001,-0.001,-0.001,-0.001,-0.001,-0.001,-0.001,-0.001,-0.001,-0.001,-0.001,-0.001,-0.001,-0.001,-0.001,-0.001,-0.001,-0.001,-0.001,-0.001,-0.001,-0.001,-0.001,-0.001,-0.001,-0.001,-0.001,-0.001,-0.001,-0.001,-0.001,-0.001,-0.001,-0.001,-0.001,-0.001,-0.00098889,-0.001,-0.001,-0.001,-0.00054588,-0.001,-0.001,-0.00099062,-0.00047596,-0.00097144,-0.001,-0.00096289,-0.00046382,-0.00094945,-0.001,-0.00094069,-0.00045212,-0.00092833,-0.001,-0.00092089,-0.00044231,-0.00091197,-0.001,-0.0009059,-0.00043464,-0.00089765,-0.001,-0.00089181,-0.00042707,-0.00088283,-0.001,-0.00087762,-0.00042025,-0.00087157,-0.001,-0.00086766,-0.00041559,-0.00086258,-0.001,-0.00085899,-0.0004114,-0.00085315,-0.001,-0.00084957,-0.00040688,-0.00084452,-0.001,-0.00084172,-0.00040289,-0.00083602,-0.001,-0.00083643,-0.00038671,-0.0007574,-0.001,-0.00090909,-0.00026863,-0.00099851,-0.001
-0.001,-0.001,-0.00086686,-0.001,-0.001,-0.001,-0.00086423,-0.001,-0.001,-0.001,-0.00086513,-0.001,-0.001,-0.001,-0.00086511,-0.001,-0.001,-0.001,-0.00086516,-0.001,-0.001,-0.001,-0.0008652,-0.001,-0.001,-0.001,-0.000864,-0.001,-0.001,-0.001,-0.00086269,-0.001,-0.001,-0.001,-0.001,-0.001,-0.001,-0.001,-0.001,-0.001,-0.001,-0.001,-0.00082262,-0.00073057,-0.00095922,-0.00047617,-0.00031864,-0.00050034,-0.001,-0.00048719,-0.0003026,-0.00047507,-0.00097095,-0.00047128,-0.00029323,-0.00046242,-0.00094755,-0.00045841,-0.00028423,-0.00044986,-0.00092576,-0.00044662,-0.00027707,-0.00044117,-0.00091079,-0.00043893,-0.0002721,-0.00043386,-0.00089672,-0.00043135,-0.00026652,-0.00042519,-0.00088095,-0.00042299,-0.00026161,-0.00041935,-0.00087077,-0.00041833,-0.00025924,-0.00041572,-0.00086258,-0.0004148,-0.00025699,-0.0004112,-0.00085261,-0.00040977,-0.00025373,-0.00040644,-0.00084388,-0.00040541,-0.00025122,-0.000403,-0.00083743,-0.00040197,-0.00024441,-0.00038333,-0.00081026,-0.00040384,-0.00017551,-0.00048047,-0.001
0.001,0.001,0.00079075,0.001,0.001,0.001,0.00078919,0.001,0.001,0.001,0.00079015,0.001,0.001,0.001,0.00079022,0.001,0.001,0.001,0.00079017,0.001,0.001,0.001,0.00079009,0.001,0.001,0.001,0.00079169,0.001,0.001,0.001,0.00079939,0.001,0.001,0.001,0.00017495,0.00053961,0.001,0.00032779,-0.00057628,-0.00038903,0.00014331,-0.00025085,-0.00014881,0.0002452,0.0008979,0.00043038,0.00025881,0.0004272,0.00091761,0.00042758,0.00025719,0.00042291,0.00090231,0.00042149,0.00025424,0.00041715,0.00088801,0.00041645,0.00025268,0.0004139,0.00087815,0.00041303,0.00025077,0.00040888,0.0008658,0.00040749,0.00024764,0.00040345,0.00085378,0.00040262,0.00024583,0.00040075,0.00084646,0.0003999,0.00024408,0.00039681,0.00083749,0.00039461,0.0002397,0.00039027,0.00082633,0.00038807,0.00023537,0.00038519,0.00081789,0.00038424,0.00023344,0.00038264,0.00081247,0.00038178,0.00023151,0.00037871,0.0008046,0.00037693,0.00022314,0.00035673,0.00077368,0.00037271,0.00014626,0.00042379,0.001
0.001,0.001,0.001,0.001,0.001,0.001,0.001,0.001,0.001,0.001,0.001,0.001,0.001,0.001,0.001,0.001,0.001,0.001,0.001,0.001,0.001,0.001,0.001,0.001,0.001,0.001,0.001,0.001,0.001,0.001,0.001,0.001,0.001,0.001,0.00090288,0.001,0.001,0.001,-7.2864e-05,0.00042354,0.001,0.00037354,0.00016421,0.0008257,0.001,0.00093539,0.00045,0.00094507,0.001,0.00093949,0.00044703,0.00092844,0.001,0.00092184,0.0004401,0.00091299,0.001,0.00090765,0.00043491,0.00090119,0.001,0.00089623,0.00042984,0.00088878,0.001,0.00088392,0.0004244,0.00087675,0.001,0.00087269,0.0004202,0.00086792,0.001,0.00086391,0.00041571,0.00085815,0.001,0.0008519,0.00040732,0.00084425,0.001,0.00083809,0.00039896,0.00083244,0.001,0.00082893,0.00039464,0.00082541,0.001,0.00082287,0.00039109,0.0008164,0.001,0.00081619,0.00037372,0.00073606,0.001,0.00088291,0.00025084,0.00094997,0.001
-0.001,-0.001,-0.001,-0.001,-0.001,-0.001,-0.001,-0.001,-0.001,-0.001,-0.001,-0.001,-0.001,-0.001,-0.001,-0.001,-0.001,-0.001,-0.001,-0.001,-0.001,-0.001,-0.001,-0.001,-0.001,-0.001,-0.001,-0.001,-0.001,-0.001,-0.001,-0.001,-0.001,-0.001,-0.001,-0.001,-0.001,-0.001,-0.001,-0.001,-0.001,-0.001,-0.00054331,-0.001,-0.001,-0.00093374,-0.00042435,-0.00091829,-0.001,-0.00090981,-0.0004119,-0.00089591,-0.001,-0.00088709,-0.00040003,-0.00087484,-0.001,-0.00086742,-0.00039029,-0.00085872,-0.001,-0.00085262,-0.00038269,-0.00084425,-0.001,-0.00083838,-0.00037509,-0.00082952,-0.001,-0.00082421,-0.00036817,-0.00081801,-0.001,-0.00081457,-0.00036479,-0.0008116,-0.001,-0.00081203,-0.00036872,-0.00081172,-0.001,-0.00081239,-0.00037296,-0.00080959,-0.001,-0.00080758,-0.00037162,-0.00080434,-0.001,-0.00080193,-0.00036848,-0.00079582,-0.001,-0.00079561,-0.0003512,-0.00071542,-0.001,-0.00086293,-0.00023107,-0.00094657,-0.001
-0.001,-0.001,-0.00081176,-0.001,-0.001,-0.001,-0.00080987,-0.001,-0.001,-0.001,-0.00081099,-0.001,-0.001,-0.001,-0.000811,-0.001,-0.001,-0.001,-0.00081101,-0.001,-0.001,-0.001,-0.00081089,-0.001,-0.001,-0.001,-0.00079219,-0.001,-0.001,-0.001,-0.001,-0.001,-0.001,-0.001,-0.001,-0.001,-0.001,-0.001,-0.00083059,-0.00073187,-0.00094842,-0.00043189,-0.00024897,-0.00041708,-0.00091672,-0.00038595,-0.00019816,-0.00037689,-0.0008898,-0.00037368,-0.00019026,-0.00036472,-0.00086633,-0.00036064,-0.00018108,-0.00035201,-0.00084454,-0.00034877,-0.00017389,-0.00034354,-0.00082989,-0.00034126,-0.00016898,-0.00033613,-0.00081562,-0.00033361,-0.00016335,-0.00032745,-0.00079992,-0.00032509,-0.00015824,-0.00032145,-0.00078986,-0.00032159,-0.00015834,-0.00032199,-0.00078813,-0.00033052,-0.00017308,-0.00033604,-0.00079367,-0.00034501,-0.00018849,-0.00034559,-0.0007925,-0.00034712,-0.00019106,-0.00034568,-0.00078792,-0.00034523,-0.00018977,-0.00034249,-0.00078063,-0.00034075,-0.00018138,-0.00032013,-0.00074901,-0.00033487,-0.00010367,-0.00040578,-0.001
0.001,0.001,0.0008823,0.001,0.001,0.001,0.00087821,0.001,0.001,0.001,0.00087881,0.001,0.001,0.001,0.00087884,0.001,0.001,0.001,0.00087884,0.001,0.001,0.001,0.00087909,0.001,0.001,0.001,0.00090395,0.001,0.001,0.001,0.00044703,0.00077332,0.001,0.00061272,-0.00040808,-0.00024091,0.0002145,-0.00018426,-3.193e-05,0.0003619,0.00094575,0.00057665,0.00044096,0.00060771,0.001,0.00062002,0.00046533,0.00061436,0.001,0.0006125,0.00046138,0.00060807,0.00099998,0.00060753,0.00046016,0.0006054,0.00099098,0.00060464,0.00045844,0.00060023,0.00097802,0.00059883,0.00045527,0.0005948,0.00096593,0.00059409,0.00045366,0.00059232,0.0009588,0.00059181,0.00045242,0.00058861,0.00094908,0.00058425,0.00044378,0.00057543,0.0009293,0.00055268,0.00040465,0.00053255,0.00089911,0.00050886,0.000364,0.00049985,0.00088126,0.00049325,0.00035178,0.00048978,0.0008721,0.000488,0.00034806,0.00048495,0.00086447,0.00048394,0.00034142,0.00046606,0.00083788,0.00049231,0.00027998,0.00054934,0.001
0.001,0.001,0.001,0.001,0.001,0.001,0.001,0.001,0.001,0.001,0.001,0.001,0.001,0.001,0.001,0.001,0.001,0.001,0.001,0.001,0.001,0.001,0.001,0.001,0.001,0.001,0.001,0.001,0.001,0.001,0.001,0.001,0.001,0.001,0.00038184,0.00085452,0.001,0.00077745,0.00052682,0.001,0.001,0.001,0.00084597,0.001,0.001,0.001,0.00086199,0.001,0.001,0.001,0.00085505,0.001,0.001,0.001,0.00085058,0.001,0.001,0.001,0.00084608,0.001,0.001,0.001,0.0008409,0.001,0.001,0.001,0.00083729,0.001,0.001,0.001,0.00083419,0.001,0.001,0.001,0.00081903,0.001,0.001,0.001,0.00074222,0.001,0.001,0.001,0.00066161,0.001,0.001,0.001,0.00063776,0.001,0.001,0.001,0.00063131,0.001,0.001,0.001,0.00061566,0.00096997,0.001,0.001,0.0005141,0.001,0.001
-0.001,-0.001,-0.00091995,-0.001,-0.001,-0.001,-0.00093689,-0.001,-0.001,-0.001,-0.00093886,-0.001,-0.001,-0.001,-0.00093893,-0.001,-0.001,-0.001,-0.00093896,-0.001,-0.001,-0.001,-0.00092871,-0.001,-0.001,-0.001,-0.001,-0.001,-0.001,-0.001,-0.001,-0.001,-0.001,-0.001,-0.00041362,-0.00083111,-0.001,-0.00039523,0.00012153,-0.00027934,-0.001,-0.00015658,0.00031193,-0.0001464,-0.001,-0.00013534,0.00032914,-0.0001195,-0.001,-0.00011032,0.00034243,-9.6735e-05,-0.001,-8.8899e-05,0.00035353,-7.9366e-05,-0.001,-7.2836e-05,0.00036252,-6.3005e-05,-0.001,-5.6631e-05,0.00037146,-4.6776e-05,-0.001,-4.1011e-05,0.00037971,-3.3448e-05,-0.001,-2.8494e-05,0.00038636,-2.3668e-05,-0.001,-2.6226e-05,0.00037346,-5.1709e-05,-0.001,-0.00010026,0.00025593,-0.00021274,-0.001,-0.00026042,0.00013177,-0.00030424,-0.001,-0.00031485,9.7673e-05,-0.00031763,-0.001,-0.00031674,9.6183e-05,-0.00031237,-0.001,-0.00031237,0.00011498,-0.00022123,-0.001,-0.00036403,0.00024525,-0.00039074,-0.001
-0.001,-0.00090038,-5.237e-05,-0.00084593,-0.001,-0.00086483,-4.881e-05,-0.00086323,-0.001,-0.00086456,-5.053e-05,-0.00086466,-0.001,-0.00086455,-5.0579e-05,-0.00086469,-0.001,-0.00086465,-5.0745e-05,-0.00086515,-0.001,-0.00085875,-3.847e-05,-0.00084072,-0.001,-0.00089289,-0.0001639,-0.001,-0.001,-0.001,-0.00039201,-0.001,-0.001,-0.00094297,0.00036659,0.0002095,-0.0003466,0.00044119,0.00075178,0.00054458,-0.00014565,0.00060436,0.00086585,0.00061412,-0.00012134,0.0006182,0.00087685,0.00063095,-9.3753e-05,0.00063546,0.00088878,0.00064685,-6.9163e-05,0.00065061,0.00089857,0.00065861,-5.1925e-05,0.00066148,0.0009063,0.00066961,-3.4251e-05,0.0006727,0.00091433,0.00068092,-1.6381e-05,0.00068374,0.00092164,0.00069006,-2.6818e-06,0.00069289,0.00092818,0.00069801,6.8441e-06,0.00068982,0.00091502,0.00067503,-3.1992e-05,0.00058447,0.00076662,0.0004797,-0.00018536,0.00040406,0.00061662,0.00036619,-0.00024864,0.00034901,0.00056592,0.00034701,-0.00025157,0.00034589,0.00056162,0.00034731,-0.00024632,0.00034694,0.0005658,0.00037237,-0.00021233,0.00034938,0.00062829,0.00039,-0.001
0.001,0.001,0.001,0.001,0.001,0.001,0.001,0.001,0.001,0.001,0.001,0.001,0.001,0.001,0.001,0.001,0.001,0.001,0.001,0.001,0.001,0.001,0.001,0.001,0.001,0.001,0.001,0.001,0.001,0.001,0.001,0.001,0.001,0.001,0.001,0.001,0.001,0.001,0.001,0.001,0.001,0.001,0.001,0.001,0.001,0.001,0.001,0.001,0.001,0.001,0.001,0.001,0.001,0.001,0.001,0.001,0.001,0.001,0.001,0.001,0.001,0.001,0.001,0.001,0.001,0.001,0.001,0.001,0.001,0.001,0.001,0.001,0.001,0.001,0.001,0.001,0.001,0.001,0.001,0.001,0.001,0.001,0.001,0.001,0.001,0.001,0.001,0.001,0.001,0.001,0.001,0.001,0.001,0.001,0.001,0.001,0.001,0.001,0.001,0.001,0.001
0.001,0.001,0.001,0.001,0.001,0.001,0.001,0.001,0.001,0.001,0.001,0.001,0.001,0.001,0.001,0.001,0.001,0.001,0.001,0.001,0.001,0.001,0.001,0.001,0.001,0.001,0.001,0.001,0.001,0.001,0.001,0.001,0.001,0.001,0.001,0.001,0.001,0.001,0.001,0.001,0.001,0.001,0.001,0.001,0.001,0.001,0.001,0.001,0.001,0.001,0.001,0.001,0.001,0.001,0.001,0.001,0.001,0.001,0.001,0.001,0.001,0.001,0.001,0.001,0.001,0.001,0.001,0.001,0.001,0.001,0.001,0.001,0.001,0.001,0.001,0.001,0.001,0.001,0.001,0.001,0.001,0.001,0.001,0.001,0.001,0.001,0.001,0.001,0.001,0.001,0.001,0.001,0.001,0.001,0.001,0.001,0.001,0.001,0.001,0.001,0.001
0.001,0.001,0.00090218,0.001,0.001,0.001,0.00079206,0.001,0.001,0.001,0.00079042,0.001,0.001,0.001,0.00079036,0.001,0.001,0.001,0.00079129,0.001,0.001,0.001,0.00076229,0.001,0.001,0.001,0.00092922,0.001,0.001,0.001,0.001,0.001,0.001,0.001,0.001,0.001,0.001,0.001,0.001,0.001,0.001,0.001,0.001,0.001,0.001,0.001,0.001,0.001,0.001,0.001,0.001,0.001,0.001,0.001,0.001,0.001,0.001,0.001,0.001,0.001,0.001,0.001,0.001,0.001,0.001,0.001,0.001,0.001,0.001,0.001,0.001,0.001,0.001,0.001,0.001,0.001,0.001,0.001,0.001,0.001,0.001,0.001,0.001,0.001,0.001,0.001,0.001,0.001,0.001,0.001,0.001,0.001,0.001,0.001,0.001,0.001,0.001,0.001,0.001,0.001,0.001
