9.94,2.31,9.47,6.42,5.49,7.71,8.6,3.73,8.49,1.75,7.69,6.53,7.05,3.87,7.87,1.51,1.61,9.86,7.47,1.79,7.59,6.05,1.31,1.02,4.41,1.67,2.83,3.91,1.7,9.95,9.45,5.17,2.26,2.44,1.59,1.27,0.15,3.71,8.52,2.17,8.98,9.74,8.7,9.55,7.13,0.09,4.58,2.26,3.48,5.57,4.06,1.07,1.62,8.89,2.1,6.03,0.56,4.93,9.95,2.27,8.4,2.92,7.44,4.19,5.36,2.55,5.46,9.04,9.78,7.51,4.73,2.28,7.25,6.95,5.35,4.38,0.56,3.45,6.65,4.04,9.02,4.23,5.12,4.17,3.12,7.22,0.2,3.69,5.67,3.67,9.48,7.6,6.59,0.44,1.79,5.48,6.51,0.77,8.04,9.81,8.28
6.29,5.61,5.53,3.24,4.48,3.44,3.8,7.93,3.61,7.85,0.47,7.84,6.49,4.64,0.96,3.71,8.37,8.17,2.9,2.04,1.17,0.5,2.16,1.61,2.29,1.16,1.64,3.07,2.72,1.45,4.87,9.01,0.58,3.93,2.25,5.06,7.37,9.57,6.51,0.98,0.94,0.51,2.34,7.43,5.15,3.3,4.66,7.04,5,7.57,2.61,6.17,1.59,8.29,1.31,7.41,9.45,2.95,0.48,2.17,7.93,8.87,4.7,8.51,2.8,0.47,7.1,0.17,0.04,3.61,4.67,4.51,4.12,7.01,1.94,2.8,3.84,6.61,3.36,8.84,7.7,5.97,8.53,9.29,4.26,9.84,6.7,7.23,2.8,0.7,9.4,4.25,3.1,4.1,2.76,5.9,4.57,3.38,9.6,8.14,7
7.79,2.65,4.64,8.33,8.11,0.96,2.17,8.24,4.33,4.53,5.94,3.82,3.06,8.76,8.09,2.91,8.98,8.84,9.23,3.21,8.25,3.48,6.31,5.87,9.76,2.21,3.97,3.15,5.33,5.63,3.67,3.13,8.28,1.83,1.46,9.91,2.8,7.15,8.16,0.65,1.68,7.62,4.47,8.26,6.38,6.08,1.17,8.89,4.93,3.92,2.1,6.7,0.92,1.93,6.09,0.69,7.66,3.58,7.36,3,9.21,4.55,9.65,1.01,6.38,1.11,0.93,2.7,1.78,9.09,6.87,3.46,6.71,4.87,1.72,6.62,4.47,6.42,5.51,9.4,3.86,1.13,9.62,4.79,6.58,9.24,5.48,4.24,2.82,6.36,0.76,2.04,0.91,0.41,3.05,0.81,5.04,3.98,3.52,6.82,6.59
0.39,3.8,3.31,8.78,5.53,9.93,3.26,5.47,8.96,6.18,9.33,0.09,9.33,4.12,6.67,8.57,3.12,4.43,1.39,9.48,5.2,3.43,3.91,9.13,6.49,4.73,7.7,3.99,1.77,8.04,0.59,2.16,1.85,7.42,4.47,0.9,7.35,7.73,6.37,9.83,3.91,9.22,9.92,6.76,3.35,0.11,5.33,9.99,8.06,6.73,9.48,6.78,3.68,6.91,5.92,3.69,1.64,7.14,7.69,3.41,5.18,1.8,9.1,7.03,9.22,3.57,7.93,6.57,4.82,7.82,9.92,2.25,7.05,9.84,9.02,0.4,3.47,4.35,0.39,1.53,4.6,3.39,8.32,8.29,3.83,7.76,1.98,5.47,4.9,9.67,2.41,0.08,1.47,1.51,7.12,4.21,8.6,8.57,4.3,6.94,6.4
4.22,9.19,3.45,7.58,1.73,7.37,1.05,6.09,1.28,6.11,0.69,4.68,7.95,8.98,2.03,5.71,0.97,7.5,4.13,4.16,3.43,4.21,9.16,8.46,4.85,3.37,0.58,6.95,7.68,7.52,3.35,5.42,6.72,6.8,3.01,8.45,4.17,7.58,8.06,5.45,3.69,2.28,3.65,1.64,1.26,9.2,0.87,5.75,6.71,5,3.44,3.66,2.74,2.6,2.13,1.11,9.49,2.71,8.06,0.69,0.24,1.41,6.12,0.48,1.73,9.13,2.45,9.42,6.71,0.52,8.4,3.93,2.8,5.57,9.09,7.58,4.78,9.97,6.86,5.01,8.49,0.3,8.67,1.23,2.9,0.8,5.87,5.91,7.04,3.93,6.61,7.28,5.35,6.25,1.28,0.6,8.9,3.73,0.03,9.13,7.77
8.43,3.06,4.09,4,2.16,5.2,8.78,5.65,2.06,3.79,4.14,2.36,5.99,8.9,8.78,6.79,4.77,4.69,3.83,8.7,4.82,4.63,7.57,1.07,5.91,8.18,9.97,3.17,1.73,9.11,4.46,0.16,2.17,2.08,7.68,7.85,7.28,6.47,7.02,9.34,3.78,1.17,1.7,9.77,3.59,4,0.09,8.36,8.69,3.92,0.58,3.52,2.08,1.68,4.59,1.51,9.86,8.09,4.68,5.11,7.2,2.67,5.27,2.89,4.75,2.95,4.27,2.03,2.94,1.29,4.89,6.73,5.98,6.59,0.02,9.57,4.11,0.11,1.45,2.8,7.56,2.04,9.84,9.64,3.72,7.96,1.15,7.1,6.05,9.36,2.21,6.77,5.55,1,9.66,0.3,7.47,7.45,2.33,0.42,8.75
7.22,0.67,4.73,7.33,0.69,7.83,1.44,4.33,9.28,7.76,1.89,4.84,7.61,5.05,8.56,5.57,6.2,9.18,5.14,9.08,4.91,1.91,4.63,9.43,1.57,8.45,6.91,2.55,0.78,0.85,1.3,1.52,5.04,9.55,2.37,9.25,7.38,7.33,3.58,0.19,5.1,8.99,5.03,6.23,4.04,7.12,5.32,3.77,6.3,0.46,2.85,4.74,2.37,1.01,7.69,7.46,9.46,8.12,0.01,3.77,8.97,4.83,5.29,7.53,7.91,1.19,6.79,5.29,8.52,3.89,5.48,7.14,2.89,0.52,6.89,6.93,1.16,2.21,4.22,7.46,6.19,7.08,5.72,2.08,1.61,3.42,3.07,1.07,1.54,6.6,4.84,4.04,1.44,3.66,5.09,2.87,4.85,5.4,8.16,6.89,9.3
7.17,7.56,5.71,1.21,7.97,6.16,2.37,3.71,0.39,3.35,9.9,0.99,2.6,5.51,2.6,6.02,8.58,3.67,1.08,5.18,2.04,8.64,0.14,5.7,7.26,3.01,4.07,2.66,4.7,4.48,5.48,5.39,5.56,1.19,6.6,3.54,0.88,2.49,7.25,1.27,9.36,0.67,5.78,1.96,6.18,8.38,1.5,8.28,5.57,6.11,6.99,7.61,4.75,0.65,6.83,5.53,7.19,4.42,8.2,1.89,2.43,3.68,0.8,7.99,8.4,0.92,5.05,9.28,3.41,5.82,4.07,2.77,6.5,3.37,4.74,6.2,1.75,9.76,8.01,0.84,5.87,5,1.98,4.15,5.65,8.81,9.68,2.84,6.76,7.88,8.25,9.19,5.09,9.05,0.7,3.49,9.97,9.28,6.29,6.9,8.62
3.88,9.68,5.12,7.25,7.94,4.85,9,1.22,2.86,3.36,7.1,1.38,5.34,1.25,7.03,4.16,4.45,3.4,4.44,2.34,5.17,7.15,0.95,7.75,1.37,7.96,1.24,0.65,4.25,8.15,2.8,8.13,1.35,7.92,8.9,2.81,6.29,7.9,4.03,2.67,4.78,1.13,4.05,0.13,5.9,4.61,7.81,0.36,8.01,2.25,6.22,6.7,9.4,7.17,4.45,4.29,8.65,5.7,8.47,2.9,3.85,1.27,4.55,8.72,2.71,3.45,1.53,9.01,4.87,5.56,1.68,9.65,0.22,9.26,9.78,9.64,3.87,7.59,0,1.88,3.36,9.74,8.58,2.76,0.43,6.56,0.58,9.08,2.26,9.05,1.98,9.63,0.32,0.05,8.35,3.03,3.5,9.88,5.56,1.89,8.96
0.77,1.55,2.7,0.03,1.33,2.35,3.9,2.45,2.35,5.78,5.81,5.62,7.88,2.1,6.05,4.44,2.68,5.14,0.22,1.73,0.64,9.85,5.57,4.22,1.72,8.6,7.72,5.12,7.69,9.62,4.09,8.46,4.69,0.31,8.49,9.54,2.66,2.39,1.99,8.54,1.69,1.33,4.16,9.57,3.43,3.73,7.54,9.63,2.39,1.28,4.88,3.04,4.66,0.45,7.26,6.38,2.57,8.5,1.51,0.26,1.64,9.12,8.72,6.33,9.43,7.21,5.88,5.62,3.12,1.39,4.16,4.81,2.72,1.84,7.91,9.67,5.57,8.97,9.3,7.97,0.25,4.18,4.53,4.91,4.63,5.31,4.82,0.73,7.33,6.33,0.99,8.98,8.97,3.24,8.83,1.92,3.97,8.23,7.54,7.1,9.63
5.22,1.91,5.87,0.58,3.34,5.55,6.16,2.31,4.85,7.65,2.57,2.56,5.7,1,0.71,4.53,5.82,1.44,1.86,2.15,5.96,0.84,4.64,9.2,3.2,6.57,3.17,1.43,7.63,3.79,1.06,6.38,9.23,6.94,6.96,2.57,6.01,6.64,4.89,4.38,7.81,7.46,6.94,3.51,8.46,7.66,8.04,7.81,2.62,9.91,9.96,8.58,4.27,8.13,7.78,7.47,8.22,4.48,8.91,5.85,8.27,3.49,2.23,7.5,3.95,2.72,3.6,9.96,9.36,8.49,4.35,7.18,9.47,4.81,4.21,1.45,5.99,2.26,9.26,8.62,5.69,2.75,7.2,3.48,0.88,4.99,4.48,9.1,2.99,6.91,8.47,1.26,0.4,4.23,2.29,7.88,6.95,5.89,1.36,9.83,7.9
9.23,7.01,7.37,4.05,4.75,2.34,0.04,7.01,5.13,8.66,6.22,7.88,5.87,3.22,2.28,4.38,7.7,4.9,7.37,4.61,3.37,2.15,8.54,1.12,4.44,9.94,8.07,3.85,1.3,7.91,1.75,0.54,8.44,2.64,4.59,3.19,8.51,8.15,3.72,3.64,0.34,3.46,5.04,9.73,6.69,7.32,4.11,7.91,2.22,5,2.53,9.11,7.15,4.59,0.24,5.12,8.05,8.31,8.97,9.35,9.74,4.25,3.41,1.71,0.41,8,4.9,8.92,9.68,2.15,6.08,0.02,5.61,1.12,9.75,5.82,8.44,7.38,3.74,4.18,5.9,9.79,3.3,3.05,7.9,3.54,1.69,5.95,5.37,4.19,5.3,8.64,8.44,8.72,0.35,2.37,0.24,8.77,1.3,3.44,4.44
7.38,3.46,3.58,8.51,6.73,9.4,0.47,7.63,3.14,4.66,3.53,2.93,1.48,0.11,0.83,5.02,5.32,6.78,3.91,9.51,5.61,6.07,1.47,7.85,9.94,3.85,8.09,2.24,8.67,5.06,6.68,9.57,2.04,0.26,1.6,8.78,9.67,2.08,9.93,6.33,0.26,6.99,2.79,1.74,0.62,3.62,0.28,5.94,3.93,7.71,5.46,3.06,3.79,6.93,0.91,3.73,4.3,2.52,5.97,2.97,7.58,6.18,2.55,9.63,6.44,4.15,1.93,9.63,9.75,5.38,5.97,0.01,2.37,8.76,1.75,2.99,5.9,2.03,8.94,3.35,9.75,7.92,6.41,7.06,8.37,7.32,0.79,2.68,3.37,0.29,9.17,0.95,6.47,1.72,4.1,6.43,9.4,9.55,6.07,9.15,4.94
5.56,9.17,7.31,4.32,4.44,3.83,3.74,0,6.29,7.1,3.27,4.21,3.51,0.33,2.58,4.36,4.64,8.78,7.73,8.45,7.96,2.2,4.92,3.2,9.83,4.88,2.6,9.38,0.95,1.76,4.32,0.03,4.45,1.64,4.35,2.41,8.99,8.09,5.93,5.28,5.19,9.2,3.01,2.23,3.05,5.59,6.59,1.22,7.9,7.84,9.67,5.86,3.56,8.12,9.06,3.39,3,1.67,2.78,7.47,6.95,7.1,7.5,4.92,2.26,5.37,0.85,1.25,6.98,6.79,0.05,5.7,9.51,3.06,7.93,2.57,2.18,8.04,7.31,0.08,5.88,6.98,5.94,2.96,8.62,8.52,6.36,5.14,0.19,9.14,6.13,0.66,6.24,3.63,9.1,2.03,2.52,9.96,6.8,9.51,0.27
6.86,5.21,9.78,9.92,6.66,5.87,2.1,4.7,3.18,5.7,4.1,3.69,1.64,7.06,5.83,0.17,6.94,0.98,3.88,6.08,7.11,8.07,5.85,4.27,7.17,7.88,0.31,0.65,8.2,9.82,0.92,5.06,8.55,4.23,8.51,5.21,3.62,4.13,3.43,0.33,9.84,1.05,4.02,1.48,1.64,3.37,5.17,8.58,4.35,2.58,4.67,4.99,0.65,4.04,2.78,1.34,5.44,3.09,2,3.64,2.92,6.44,8.71,4.99,4.19,0.74,3.73,7.82,4.87,7.16,8.15,4.71,8.22,5.69,9.72,3.38,9.06,4.89,1.96,6.94,7.47,0.15,1.93,1.64,4.19,8.23,2.99,9.63,1.32,8.51,6.8,7.76,8.47,9.03,2.76,2.67,9.77,6.49,0.49,4.64,7.17
2.16,9.36,8.91,7.85,9.08,2.29,6.91,7.49,4.26,3.85,8.49,7.93,9.3,0.13,2.13,7.53,6.64,5.28,8.86,5.15,5.6,6.62,7.15,4.63,2.9,9.82,4.4,2.91,3.83,2.57,0.09,5.99,5.45,9,3.84,8.05,1.3,4.27,5.54,9.08,8.13,7.55,7.01,0.95,7.69,2.66,8.49,7.85,1.47,0.87,6.53,7.07,7.49,3.68,5.23,3.92,3.5,9.63,6.83,7.33,5.72,0.44,6.84,1.17,2.97,4.2,9.22,4.27,8.47,8.29,6.87,0.12,5.84,7.4,1.08,7.05,3.59,9.57,4.91,5.06,0.44,1.44,5.65,1.45,5.12,0.88,8.89,2.14,4.04,9.25,2.99,9.76,9.69,9.83,4.46,2.66,4.03,3.68,0.45,6.02,1.97
0.84,6.15,1.34,8.25,7.23,8.39,1.84,0.32,3.3,0.42,0.76,8.26,9.59,5.73,6.9,0.48,4.63,9.04,8.04,3.88,5.55,1.32,7.09,5.38,5.78,9.76,2.93,9.47,3.73,8.96,4.96,4.58,5.11,6.3,6.35,5.86,4.7,8.19,6.18,1.52,2.13,0.46,3.31,1.72,6.19,0.21,5.72,0.82,2.78,7.28,8.22,8.33,8.61,5.32,7.24,4.39,8.6,0.17,3.86,2.33,2.65,2.35,6.91,1.28,8.65,3.26,7.14,6.87,4.97,3.32,1.92,0.62,3.78,5.23,5.87,3.5,8.96,1.59,4.32,1.74,2.4,6.07,0.08,1.01,1.39,7.32,5.4,9.99,1.01,2.79,5.84,3.67,5.14,2.76,8.47,7.31,9.54,5.62,7.71,8.04,2.46
9.63,8.66,9.77,8.38,4.53,3.27,7.34,9.65,1.11,2.61,2.05,7.18,6.21,6.58,2.09,3.53,1.98,5.6,8.06,8.29,1.45,5.25,3.43,7.73,3.73,4.27,0.79,2.87,1.98,8.83,8.85,5.13,7.5,8.62,7.03,5.55,5.41,4.37,8.72,0.05,0.5,0.77,7.23,6.71,7.35,2.85,3.76,2.86,1.97,1.83,1.15,3.42,0.6,8.11,4.67,4.33,2.38,5.47,0.72,7.88,4.3,9.58,3.01,5.32,1.72,3.56,0.88,7.14,1.45,9.6,7.19,1.96,3.9,7.94,8.67,4.77,4.31,5.96,1.15,6.29,7.79,2.31,3.23,1.91,3.94,7.91,9.77,9.84,6.9,0.49,7.72,1.2,0.07,4.25,0.05,1.8,7.81,4.45,2.46,9.26,4.05
9.65,1.22,1.47,1.11,3.42,9.77,5.43,9.38,0.92,1.72,0.69,6.75,8.47,2.6,0.69,6.38,2.37,0.53,3.28,6.39,1.77,8.01,6.46,6.02,8.06,1.78,7.35,6.03,7.76,6.62,3.6,7.41,1.36,5.08,2.05,8.3,4.85,7.48,1.2,9.29,2.72,1.89,6.05,1.19,8.02,6.74,1.1,0.39,0.8,7.9,6.78,2.57,5.91,6.77,8.6,7.49,2.07,5.95,3.52,9.84,6.09,7.13,0.77,0.98,5.73,2.82,9.28,4.1,3.82,0.49,3.39,0.06,5.9,9.44,1.26,3.92,9.71,5.88,7.84,0.51,3.78,8.14,6.6,9.7,4.91,5.2,0.71,0.51,4.68,7.76,3.87,4.29,4.89,4.64,5.27,4.14,0.99,8.08,8.24,8.33,8.57
1.63,8.4,7.99,4.6,3.18,1.92,7.83,9.06,9.76,8.34,2.84,7.9,8.46,6.06,6.34,3.67,0.3,6.85,1.87,8.06,0.72,6.16,2.95,8.88,4.96,7.09,3.39,3.04,8.85,1.73,5.13,0.48,3.65,3.12,8.6,0.35,8.56,6.43,9.41,8.32,8.29,5.77,9.75,6.76,5.36,6.09,3.95,5.66,6.46,5.82,3.72,0.7,5.5,0.19,9.58,3.98,0.8,6.5,0.54,9.65,8.23,9.19,3.65,5.4,2.32,5.78,5.75,0.88,2.21,8.68,2.73,4.03,7.97,2.48,0.79,3.33,2.09,8.26,2.51,8.55,7.6,9.75,9.25,6.62,9.94,2.35,0.61,4.26,8.85,4.67,3.91,0.6,3.87,1.09,9.52,6.19,6.87,5.27,0.59,2.6,7.47
6.84,6.63,5.45,2.84,0.94,2.3,4.93,2.72,4.82,3.48,0.32,4.57,6.25,6.95,8.04,2.13,1.08,2.3,0.98,5.75,9.74,5.11,9.62,4.35,4.63,9.33,4.74,3.43,3.45,7.34,0.9,3.81,7.5,9.87,6.66,8.44,5.7,1.59,4.69,0.52,8.6,5.01,8.61,4.85,5.48,0.17,6.98,6.56,6,1.49,5.84,9.26,0.12,8.98,3.61,4.75,8.32,8.35,1.7,5.29,5.69,2.61,9.1,6.71,6,5.76,8.68,1.7,0.88,3.37,5.74,9.48,8.38,4.36,7.85,3.87,8.05,4.84,3.95,4.05,9.85,3.31,3.31,9.97,2.3,0.44,8.24,4.14,8.79,9.95,9.43,8.01,2.56,2.05,4.72,2.08,7.82,3.4,3.79,8.7,6.77
9.53,1.7,8.68,7.41,9.55,6.07,5.47,4.39,0.02,3.04,7.76,3.34,9.88,7.73,9.16,0.32,5.98,3.3,9.12,5.93,2.73,0.65,2.01,4.78,5.37,4.09,6.12,2.3,1.4,8.34,2.59,0.94,0.04,1.27,1.87,9.6,7.34,0.86,7.51,0.89,7.43,5.28,7.75,7.31,6.53,6.91,7.63,6.03,0.21,0.27,5.48,2.94,4.44,1.01,1.24,9.82,5.11,7.37,5.64,0.03,9.23,8.23,0.97,9.28,9.51,6.37,2.4,0.37,7.23,9.91,1.26,4.66,8.71,2.53,5.49,8.77,9.44,3.13,8.32,9.65,6.92,3.81,6.11,1.37,4.82,0.88,4.71,3.45,1.77,0.35,3.49,1,8.58,7.98,3.8,1.61,4.35,6.2,1.99,5.11,9.64
6.77,3.29,1.87,9.31,8.79,0.64,8.75,5.44,8.97,1.93,2.36,6.3,1.56,7.25,1.12,2.44,1.96,4.58,4.21,5.83,1.59,8.74,7.94,9.57,2.54,9.55,7.45,8.75,5.06,6.08,1.91,1.84,9.37,3.78,4.67,8.16,4.43,6.94,3.6,6.92,8.87,9.49,3.22,0.44,6.74,7.86,6.4,2.23,5.96,4.14,8.06,7.55,2.88,6,0.65,8.94,9.08,1.62,1.21,4.14,7.7,3.12,9.5,7.07,6.91,4.17,5.24,1.34,1.12,2.36,1.78,3.51,1.85,5,7.47,8.6,2.86,7.4,0.83,8.83,1.54,2.41,9.9,7.94,1.94,0.55,6.88,1.02,2.17,8.1,8.68,3.39,1.22,8.19,0.47,1.65,5.88,9.23,2.99,0.52,5.11
8.29,7.56,6.97,3.29,8.55,9.09,9.68,5.95,3.44,2.03,7.49,9.37,1.93,8.95,1.31,6.01,9.36,2.33,1.7,7.46,1.02,5.1,2.2,2.73,9.09,3.86,2.13,1.84,0.37,6.18,6.95,8.67,3.74,7.44,5.48,2.29,0.05,8.68,8.25,3.49,4.23,9.26,2.87,9.69,1.74,4.18,5.7,1.1,0.04,0.92,8.56,4.58,9.54,4.28,7.31,8.63,1.66,2.96,3.99,2.04,9.14,0.95,4.23,2.88,1.91,3.23,8.7,1.97,5.44,6.95,8.98,9.67,9.73,1.85,9.36,1.47,9.56,8.58,2.57,3.12,3.03,4.65,7.7,2.57,2.46,5.01,4.73,4.12,7.97,8.72,9.68,0.64,3.19,7.43,3.52,5.11,4.19,2.22,7.08,9.63,2.69
9.58,2.82,2.43,1.44,5.71,7.42,4.52,4.29,0,7.64,7.32,8.17,8.86,9.9,0.63,7.39,8.15,8.28,8.88,6.87,7.96,9.52,3.59,8.92,3.05,8.7,3.11,8.79,9.3,6.26,1.49,8.88,9.08,7.44,3.84,4.79,4.86,1.88,2.61,8.38,3.04,9.93,0.08,1.9,3.35,0.71,9.29,1.5,2.51,8.18,1.9,4,7.7,5.49,2.92,4.27,7.71,9.55,3.07,0.53,5.81,8.08,2.93,4.89,9.04,6.78,3.21,7.42,2.18,5.82,9.33,5.23,5.75,9.41,7.13,2.63,3.64,6.43,7.65,6.16,8.13,9.55,0.16,5.83,8.56,3.08,0.11,6.27,2.63,6.7,0.32,1.96,8.3,3.26,6.85,7.34,3.56,3.58,4.76,5.74,9.4
7.61,0.97,8.68,7.02,1.63,1.31,0.67,1.58,2.48,0.35,9.71,2.04,0.51,9.06,4.12,7.11,2.69,0.4,3.26,9.39,0.72,5.22,1.21,3.98,5.59,8.55,7.54,9.18,6.84,6.81,2.1,4.45,7.78,0.78,1.48,2.93,5.61,5.67,4.51,8.1,6.02,4.22,3.66,0.05,3.29,7.78,7.16,5.98,1.7,3.94,8.9,5.95,2.68,0.11,3.45,8.27,2.19,4.52,0.97,9.03,1.33,6.6,7,2.63,7.38,2,5.57,6.52,7.67,0.08,8.14,7.21,7.83,5.32,7.26,4.64,6.62,7.94,4.14,1.85,1.88,3.04,7.8,8.08,6.68,4.77,6.36,8.87,9.29,0.85,1.42,4.14,7.45,1.94,0.3,8.36,3.95,5.87,8.4,5.14,9.47
0.06,5.88,0.82,5.38,3.14,5.46,5.52,4.61,3.13,7.37,0.01,9.69,5.17,8.1,6.37,3.47,7.98,8.76,2.76,8.83,3.7,0.43,9.81,5.65,0.73,8.17,3.12,0.12,0.09,1.78,9.59,0.15,7.66,3.94,9.05,4.33,9.4,4.57,8.94,6.05,1.95,2.47,5.75,0.64,0.57,2.12,4.11,2.07,4.41,6.88,0.91,1.63,0.83,4.24,0.8,1.56,5.93,3.92,1.68,6.02,5.71,4.79,9.69,3.37,8.73,8.74,1.22,1.66,3.31,0.16,7.71,5.26,6.16,3.46,5.91,6.73,9.11,0.02,2.33,7.04,0.42,6.76,8.67,4.77,1,9.48,6.33,6.93,6.92,1.53,6.47,2.63,6.33,6.16,9.53,8.58,8.42,0.75,3.76,1.73,4.44
1.48,7,0.6,8.46,6.43,0.85,1.09,9.97,3.18,8.13,3.92,9.94,0.33,8.69,4.46,9.81,8.55,1.39,0.25,0.08,1.38,6.41,9.93,1.06,9.46,2.04,9.48,3.73,5.8,1.22,8.17,0.8,1.74,2.29,2.79,1.69,6.67,3.88,5.18,9.85,5.54,9.1,3.32,5.87,1.32,7.78,9.2,9.87,2.7,9.45,3.47,7.6,5.86,6.93,8.67,5.32,8.97,1.67,9.06,8.29,2.89,0.75,9.1,8.15,6.57,1.89,9.84,3.24,9.29,8.55,6.61,4.83,7.65,3.45,0.7,8.97,1.24,9.9,2.36,7.46,2.88,9.36,8.58,2.26,6.29,7.25,1.11,8.78,8.93,3.69,7.07,5.34,4.44,9.69,7.02,4.53,5.1,0.38,7.77,4.4,8.93
7.91,9.23,0.11,1.36,3.46,9.08,6.12,3.36,4.97,7.1,9.76,4.33,5.69,2.03,4.14,6.46,3.14,2.92,5.39,6.83,3.51,4.26,4.79,3.21,1.28,9.33,8.31,5.18,0.62,6.23,4.12,8.53,5.47,4.23,3.42,8.93,6.83,9.54,5.81,5.32,0.17,5.58,3.17,5.86,1.13,7.31,2.32,4.27,3.75,1.24,4.62,7.27,9.02,9.41,4,3.82,2.26,5.83,9,2.89,2.07,3.12,4.94,1.06,0.87,8.36,9.99,7.71,1.43,9.32,6.55,1.6,8.42,9.73,0.98,9.55,7.04,6.82,7.34,4.32,8.06,1.96,5.11,0.6,4.9,2.63,4.42,7.16,8.46,3.43,0.05,4.05,0.07,8.52,5.11,4.47,6.88,5.1,2.18,1.83,7.95
8.73,6.95,6.37,1.98,1.45,5.93,2.55,8.28,3.27,6.87,9.86,5.24,1.98,0.47,0.14,4.61,4.89,0.82,6.59,1.84,0.88,0.65,5.44,2.92,5.76,9.91,3.32,4.39,5.61,5.16,2.34,7.86,5.63,8.71,9.85,7.09,4.64,2.4,8.89,1.44,9.27,8.75,0.2,4.77,2.74,0.34,2.9,1.16,1.16,9.49,3,5.56,0.14,1.96,2,9.43,1.87,5.33,3.82,1,4.01,9.68,8.87,9.64,8.39,8.72,0.25,6.56,4.64,9.14,8,7.43,1.42,8.2,2.2,4.16,2.06,8.62,5.32,6.74,8.11,1.85,5.83,1.78,3.81,7.83,4.73,9.21,3.16,8.55,0.21,7.17,8.23,9.08,0.34,0.14,1.32,0.59,0.22,5.96,3.26
1.74,3.39,4.68,9.94,9.11,8.84,5.52,7.73,4.17,5.79,9.37,6.02,1.62,4.67,3.35,2.97,9.4,2.56,9.66,1.47,2.78,6.83,3.22,5.38,0.69,3.36,6.71,1.29,7.11,6.19,4.55,8.85,3.11,2.75,8.8,2.22,1.59,7.84,3.48,5.76,3.63,6.37,5.3,8.77,1.04,2.18,5.27,0.44,4.74,4.93,1.91,1.04,5.28,8.65,6.43,5.98,2.01,3.14,0.79,2.64,9.33,8.86,1.5,5.96,1.61,3.82,8.19,6.72,1.66,5.19,2.49,8.82,1.56,1.31,1.11,2.6,3.49,6.38,6.56,1.76,4.83,1.99,2.8,0.12,0.64,9.23,9.62,6.17,5.89,0.41,8.82,8.75,2.79,0.32,4.71,7.92,4.14,6.42,4.64,9.32,1.61
0.65,1.66,3.17,5.49,2.78,9.29,8.98,2.68,9.37,0.74,7.52,1.36,7.07,7.64,5.52,6.3,0.78,1.7,5.72,4.71,4.04,4.47,7.5,4.36,2.7,8.94,2.02,9.13,3.58,1.34,0.74,4.24,3.01,7.44,9.73,9.31,0.25,2.23,1.99,9.63,6.5,9.51,4.51,3.57,0.67,0.04,3.39,4.97,1.74,9.11,9.68,5.78,7.1,7.18,3.66,9.81,6.12,5.68,8.94,3.23,0.54,3.2,0.99,7.07,4.16,4.24,6.38,4.42,6.47,1.9,7.57,6.49,4.93,2.08,3.58,5.61,2.12,0.5,0.58,3.86,3.13,3.79,3.16,0.24,4.49,6.82,3.57,4.14,6.02,2.51,7.37,0.09,9.23,8.36,7.16,3.4,6.12,7.07,1.34,2.59,8.97
8.91,2.61,3.9,0.99,6.19,3.03,3.12,0.21,7.14,0.5,3.35,0.93,7.19,3.59,5.42,7.53,7.16,9.56,3.56,3.19,0.45,7.17,5.94,2.33,4.33,2.86,8.45,4.92,4.2,4.57,3.89,6.63,7.18,1.32,7.63,6.89,7.87,4.27,7.11,8.53,8.29,0.46,2.98,5.48,7.57,8.41,3.02,8.25,1.49,0.1,1.44,5.47,7.27,0.9,7.8,5.12,3.77,6.26,0.05,7.97,0.83,7.46,4.61,1.53,2.3,5.76,1.94,0.18,3.55,9.05,8.71,1.84,3.03,1.7,0.85,4.12,3.63,7.39,2.37,8.64,7.49,7.33,7.63,8.28,8.24,5.44,3.4,2.01,5.22,3.45,3.5,9.57,4.44,8.11,1.1,6.74,7.39,3.04,6.92,0.94,5.62
9.16,6.31,2.17,4.38,7.16,6.3,1.53,8.07,8.67,3.69,5.56,6.01,1.33,3.84,7.77,0.29,0.76,9.78,5.51,7.74,3.28,5.08,2.18,4.92,6.18,8.92,2.31,2.74,9.37,6.78,1.88,2.05,3.09,7.58,9.95,3.77,7.4,5,5.36,9.59,2.21,0.92,5.6,3.54,8.28,6.89,3.83,2.56,6.67,9.34,0.3,3.48,7.94,6,8.4,4.12,8.45,4.23,0.39,1.34,1.01,5.79,3.39,7.62,3.37,6.86,4.91,4.29,5.38,0.27,3.89,7.59,4.71,3.01,1.14,6.51,9.91,8.49,9.08,6.58,1.36,2.9,0.06,9.3,8.91,1.98,6.95,7.36,6.22,0.86,8.7,0.75,6.65,5.61,1.9,3.55,5.99,6.81,7.84,1.37,0.61
1.73,8.96,8.84,4.75,3.62,5.36,8.18,2.12,7.96,4.76,7,4.38,8.35,6.3,3.29,3.85,6.77,4.17,0.07,7.63,2.87,4.35,7.81,2,6.25,4.88,1.51,6.58,2.72,2.88,7.19,7.98,1.85,9.56,6.25,8.99,8.44,4.43,1.11,6.4,2.71,8.11,0.78,4.58,7.94,7.6,8.44,4.71,1.77,2.03,2.35,8.17,6.38,3.68,3.69,6.15,8.56,5.21,2.74,4.8,8.09,3.45,2.78,3.46,3.01,2.55,2.46,1.45,0.5,7.09,1.37,6.74,8.73,5.68,1.32,6.67,6.8,3.28,4.9,2.09,8.84,0.77,0.26,8.74,4.45,7.48,4.9,3.01,2.69,1.16,7.82,4.3,4.61,4.12,1.29,1.15,6.68,3.75,6.12,0.7,4.36
1.02,7.44,3.09,0.22,2.29,9.76,7.02,5.57,4.67,9.11,7.93,8.96,2.9,6.68,3.42,0.38,1.58,6.43,6.59,2.74,4.25,0.89,0.87,1.9,5.7,2.02,8.58,2.97,1.67,2.8,7.34,2.69,0.25,0.43,2.91,6.06,3.72,3.45,1.63,1.91,2.56,3.09,0.87,8.98,9.77,4.29,2.88,4.87,4.25,9.47,7.61,2.02,3.89,2,3.92,9.59,7.55,6.02,2.57,9.22,8.83,9.91,1.91,2.6,3.86,8.34,8.66,1.1,1.79,3.81,3.01,7.87,6.9,7.41,0.38,6.67,1.7,3.26,1.54,9.47,2.74,2.67,1.5,0.15,4.68,5.42,9.74,2.23,4.97,5.83,4.97,7.32,9.26,0.4,9.92,3.13,8.74,2.1,4.23,4.05,5.91
0.77,5.44,2.82,8.18,5.82,3.01,3.4,9.09,8.08,2.88,5.35,4.27,7.9,5.5,8.95,6.84,5.24,4.7,1.81,4.6,3.19,9.13,3.86,3.59,2.57,0.51,5.85,4.67,8.27,9.9,0.59,9.04,8.87,6.93,0.74,4.69,3.46,4.14,7.3,1.54,0.54,2.65,5.82,8.44,8.15,8.29,5.29,6.92,6.52,0.62,1.52,9.71,3.28,5.38,6.83,5.85,5.9,2.68,4.05,7.69,6.11,4.64,6.73,4.98,5.09,0.99,3.19,2.07,5.13,0.5,7.14,9.2,3.15,6.48,1.16,4.83,4.77,9.97,1.75,4.81,0.6,3.27,8.05,7.4,2.17,4.88,3.25,1.59,7.56,7.3,9.28,3.67,5.46,6.01,2.17,4.07,7,5.37,6.15,5.66,5.87
6.81,8.38,2.54,3.29,9.54,7.37,1.58,9.52,9.12,6.4,3.64,5.91,7.97,1.04,8.09,2.85,7.81,9.68,3.93,8.64,8.97,1.13,7.62,8.5,3.3,1.7,9.03,8.67,1.37,4.69,8.06,8.18,6.59,0.61,4.99,6.13,7.98,6.57,9.17,0.63,6.49,2.81,6.54,4.46,7.37,4.63,7.31,5.19,7.84,4.77,3.83,0.33,5.9,4.97,8.83,9.2,6.67,7.86,7.88,1.56,6.07,5.94,3.26,2.66,0.07,8.25,2.32,8.06,4.83,1.49,2.21,4.84,7.83,8.75,9.31,5.2,6.91,0.14,3.91,8.27,4.91,1.26,8.6,0.81,6.24,7.43,3.54,6.43,8.82,4.94,8,4.89,4.4,4.78,1.08,4.48,3.04,3.4,6.06,1.39,8.41
8.27,6.23,6.24,0.54,5.54,4.97,7.45,9.21,2.4,9.24,4.12,3.67,7.84,8.46,3.43,5.28,5.52,9.86,4.1,0.46,1.38,2.51,8.38,6.17,3.59,2.86,2.73,6.99,2.44,4.12,5.41,4.23,0.35,5.17,4.78,9.42,3.66,5.75,8.63,6.07,5,6.27,3.26,2.84,8.25,6.69,1.64,3.77,0.07,5.74,7.75,1.46,8.26,6.14,1.15,5.37,2.52,3.88,2.37,8.49,8,1.3,2.72,1.87,9.99,7.5,1.29,3.66,3.26,3.44,9.73,1.78,9.72,6.51,4.62,1.49,3.2,6.27,5.27,6.79,5.53,6.54,8.25,7.31,6.2,9.4,2.69,8.73,3.28,8.58,7.22,4.8,9.88,9.94,6.68,3.39,0.97,1.49,7.05,7.75,4.94
0.3,9.53,8.18,6.81,7.67,3.19,3.53,7.46,1.98,0.33,6.52,8.53,2.1,3.83,4.73,1.51,0.04,6.98,8.31,8.62,4.2,3.12,2.02,7.67,3.32,5.42,2.16,8.33,5.99,3.43,6.79,6.3,2.96,4.97,6.63,4.15,1.69,0.17,1.62,3.67,4.02,1.66,2.2,6.12,5.49,0.46,7.63,9.06,7.44,9.47,7.68,5.17,6.11,3.23,6.36,9.43,8.65,2.04,7.76,8.16,5.47,4.56,4.46,1.95,3.05,1.1,6.1,8.26,4.79,1.24,1.94,8.81,2.9,7.66,4.93,1.92,1.64,6.09,0.98,9.09,5.56,8.66,7.78,5.19,5.41,4.14,8.14,7.58,9.7,5.9,5.75,5.17,3.98,3.73,7.12,0.56,8.35,6.74,8.82,3.14,7.99
4.28,5.47,4.41,5.47,0.41,6.33,7.11,0.02,7.31,6.2,9.1,9.5,7.5,4.29,4.91,5.16,2.43,6.02,4.86,1.85,1.77,0.03,9.36,5.5,7.15,3.44,3.86,3.9,5.78,0.52,5.41,3.59,6,9.82,9.06,9.93,6.16,6.17,3.47,6.99,5.9,2.57,0.01,3.4,0.38,8.45,8.57,6.33,4.47,3.43,1.7,6.24,3.47,1.06,5.26,4.14,8.02,2.64,1.56,7.33,3.17,6.97,0.92,9.17,6.8,9.98,2.62,6.48,6.15,6.09,6.99,5.57,8.66,7.01,8.98,2.56,5.46,7.55,8.89,9.93,4.5,0.59,9.69,7.97,5.18,4.95,5.64,6.72,7.6,7.2,4.05,0.77,4.18,4.97,3.46,4.5,8.47,6.08,0.98,8.15,2.17
7.97,3.72,4.35,8.5,2.7,6.91,3.96,3.77,5.8,7.41,8.28,9.91,7.1,9.77,5.09,5.58,5.41,1.82,6.7,2.62,9.39,0.99,0.32,7.89,4.45,8.34,6.36,4.05,9.32,4.51,9.74,0.81,8.24,4.09,2.84,4.46,4.52,6.8,8.24,3.84,4.22,0.04,3.75,4.84,9.81,2.37,0.42,8.75,7.71,7.12,4.89,7.1,8.11,5.21,4.99,6.08,3.55,4.88,0.13,6.39,9.39,3.39,0.72,1.15,7.48,3.56,5.62,5.52,3.89,7.38,9.36,1.63,7.42,3.12,9.99,7.23,5.49,0.42,5.98,6.72,1.06,0.87,3.82,2.7,9.6,2.34,8.78,6.67,7.22,2.44,6.58,0.13,5.83,7.31,1.29,6.84,4.39,0.43,2.36,1.8,7.81
1.73,6.95,8.75,8.37,6.95,9.5,7.38,0.89,9.01,4.1,5.47,9.88,7.92,8.17,3.01,3.78,0.48,3.2,1,6.44,9.79,1.14,2.27,0.62,5.95,2.63,5.01,6.38,8.52,0.34,7.71,0.25,7.29,6.46,2.14,7.76,5.96,9.52,8.65,4.97,3.62,4.13,8.38,5.06,5.82,4.91,8.85,6.3,8.11,3.37,2.74,7.9,8.03,8.54,8.52,7.5,4.69,7.06,7.4,3.21,0.92,5.11,6.98,1.73,5.09,9.12,9.5,1.06,8.64,1.67,9.55,5.78,9.32,1.45,0.85,5.15,6.36,3.22,1.45,4.48,0.11,7.72,5.9,1.67,9.78,7.95,2.69,4.47,5.01,0.1,1.21,9.45,5.21,8.19,1.18,0.31,7.32,0.68,4.89,9.48,5.88
7.96,5.27,5.2,9.42,9.64,0.35,5.78,6.38,5.33,3.78,0.01,6.57,3.21,5.2,6.35,1.16,7.9,4.34,6.17,8,5.55,9.14,3.21,7.27,0.32,7.04,4.59,4.53,5.45,7.59,0.41,3.42,6.38,5.61,6.36,9.54,9.49,2.14,5.92,8.34,9.45,9.46,4.91,2.66,4.66,4.78,3.82,2.56,2.64,3.51,0.56,8.2,2.65,7.3,5.47,6.49,7.86,3.58,1.02,3.32,1.17,4.95,0.26,1.08,0.57,6.62,0.62,3.58,2.28,6.55,1.92,1.73,9.53,0.35,7.91,4.19,5.13,5.25,6.76,7.77,2.28,7.32,9.49,4.93,4.62,8.48,4.95,6.01,2.06,5.97,9.33,6.76,0.93,9.59,1.36,5.02,9.73,1.98,8.6,2.01,2.05
4.04,7.27,1.58,4.39,5.18,5.78,3.04,3.96,2.54,4.33,6.24,3.38,7.35,4.7,1.53,5.83,9.65,7.54,1.42,9.14,6.87,1.7,0.07,9.98,3.06,8.61,9.71,5.04,0.73,5.24,7.1,8.29,2.51,2.2,2.68,1.22,7.98,9.24,5.18,4.04,7.1,1.42,7.43,4.45,9.64,8.96,3.8,9.29,0.02,5.22,8.44,0.41,0.44,2.03,3.91,3.5,4.17,3.62,2.07,4.9,2.38,2.69,3.2,4.9,4.89,9.4,9.64,6.4,2.17,4.82,0.44,9.27,9.76,7.87,7.24,9.41,0.35,1.04,2.22,3.89,9.79,0.66,4.3,0.23,6.22,8.21,3.74,0.39,5.35,9.33,8.81,7.74,2.02,2.01,6.16,0.43,4.94,5.8,6.83,7.11,4.14
7.28,9.9,7.42,8.67,7.14,0.35,2.55,8.18,2.58,6.44,1.49,6.76,0.75,1.73,2.98,2.48,8.99,6.89,7.84,8.32,5.71,9.1,0.34,7.72,8.78,4.29,2.66,8.1,1.13,3.29,2.24,8.41,3.19,3.18,7.08,3.85,3.54,3.15,2.04,6.12,9.6,3.53,2.88,3.87,8.78,9.39,6.35,7.77,6.28,7.71,6.09,1.99,0.33,9.95,3.24,9.11,4.25,9.42,7.21,5.38,6.24,9.45,7.31,9.43,6.16,7.91,3.29,9.7,1.07,8.85,5.82,4.19,5.9,2.22,8.06,4.69,5.13,7.93,2.46,1.42,9.17,2.08,6.93,9.5,5.55,3.69,8.62,3.32,6.64,5.83,2.22,2.88,8.81,9.53,5.83,4.97,7.45,9.12,4.67,2.04,1.49
4.01,6.23,0.92,9.75,7.81,5.61,4.89,5.74,1.59,9.83,8.43,7.19,0.28,7.94,2.75,3.98,6.56,9.59,4.14,2.39,1.82,7.02,4.72,1.35,2.85,9.69,2.32,5.5,7.88,4.36,0.51,1.89,4.11,1.43,5.17,5.44,7.04,3.58,4.71,2.16,3.41,3.14,9.35,7.21,1.08,5.62,1.19,1.16,5.22,8.85,7.08,0.56,5.87,1.8,1.91,2.25,1.5,7.76,7.75,2.9,5.64,8.26,8.32,9.76,3.22,3.49,5.2,3.78,7.07,9.91,5.94,4,6.58,8.82,1.21,7.66,7.96,2.41,8.83,6.7,4.78,9.43,7.26,0.66,1.23,2.7,2.91,6.25,0.46,4.18,9.16,6.1,5.96,7.48,9.38,9.18,4.49,8.11,2.97,1.56,1.54
2.43,5.56,8.12,1.25,6.77,9.31,2.74,2.7,1.66,9.44,7.49,1.09,0.23,1.67,2.32,2.93,4.58,2.1,6.91,8.76,1.26,6.53,8.24,2.26,9.44,7.43,6.75,1.07,0.4,8.31,2.61,6.35,7.39,4.26,7.61,7.68,7.09,3.87,0.39,2.27,6.83,1.4,3.36,7.06,3.07,9.2,3.51,1.17,1.3,3.94,3.45,6.08,0.48,1.69,1.86,9.92,9.12,8.61,0.99,3.04,0.44,7.12,9.4,1.35,4.9,0.53,9.04,5.51,7.92,2.95,7.78,4.75,4.35,1.14,5.34,7.42,3.87,8.85,2.11,8.69,2.8,5.56,8.3,6.8,7.25,0.16,0.24,9.9,8.78,4.75,2.94,2.74,1.87,5.86,4.1,0.3,9.91,3.14,5.81,7.83,6.09
7.12,2.59,3.96,1.78,1.45,4.9,5.65,0.3,7.01,4.35,6.62,2.57,2.65,6.94,9.82,6.33,7.18,3.24,5.11,1.93,6.19,1.38,7.33,5.57,5.48,7.63,5.49,2.14,6.96,6.84,1.75,4.08,9.43,5.71,5.87,0.88,0.61,5.04,4.71,1.14,2.91,4.85,3.71,9.08,1.8,7.05,5.42,8.98,0.3,4.05,0.92,0.01,5.43,1.77,5.58,0.91,9.4,4.59,6.57,9.88,1.44,8.32,3.97,4.39,7.55,3.36,8.8,8.16,8.4,7.03,9.3,1.32,1.88,6.53,0.4,3.68,3.59,5.82,6.19,7.41,9.88,0.63,7.42,5.31,2.4,6.52,9.75,5.32,4.64,6.32,5.2,6.08,8.17,9.17,3.99,5.72,2.53,2.79,7.41,0.94,3.34
0.23,5.78,5.23,0.29,6.18,2.43,7.4,2.01,2.14,4.81,5.41,2.77,5.75,0.72,8.69,5.79,3.99,4.01,0.43,3.84,9.22,0.03,2.01,1.91,4.03,1.25,7.97,0.34,2.18,8.91,3.69,5.94,8.21,2.44,6.23,4.39,4.87,3.63,9.92,0.54,1.96,5.33,3.31,7.71,9.58,2.01,3.5,3.57,9.54,7.46,0.93,8.76,7.49,6.46,0.68,5.04,7.72,8.65,8.91,3.42,1.08,6.12,9.36,9.29,8.56,5.59,7.2,6.95,2.74,7.13,7.49,4.7,5.98,4.33,2.41,5.56,9.86,9.44,2.66,9.4,0.42,7.11,8.17,7.91,3.58,2.37,6.48,4.82,4.54,8.91,8.24,5.62,5.03,7.61,8.43,7.11,6.72,9.15,7.58,9.47,6.28
5.08,4.17,5.79,2.93,0.11,4.87,2.79,3.07,7.53,2.19,3.49,4.65,0.36,4.92,1.75,6.25,1.4,6.57,0.79,3.83,4.81,9.93,8.86,2.42,8.36,9.49,9.15,1.04,7.08,2.14,0.84,5.68,6.31,6.63,8.61,9.94,1.51,1.4,3.01,2.56,3.59,6.5,0.73,7.48,1.43,2.48,3.73,6.35,9.05,8.05,3.71,3.87,7.98,6.09,9.81,9.87,5.59,2.48,0.91,2.67,4.62,1.75,1.87,4.46,8.39,0.48,4.4,3.42,5.4,7.42,5.98,2.51,7.44,6.72,3.51,2.39,2.72,0.77,2.27,1.78,8.82,5.98,9.17,6.8,2.07,8.98,6.67,1.18,4.99,7.58,7.37,9.61,2.86,9.24,7.59,1.25,3.24,2,8.19,8.64,2.94
4.17,4.68,3.9,4.41,8.19,9.82,7.14,8.96,2.09,2.44,7.78,1.59,1.61,8.11,7.18,4.11,4.78,8.37,9.1,5.89,5.74,2.24,8.75,8.51,9.83,3.52,1.75,5.35,1.71,3.92,1.81,5.88,8.6,5.72,3.82,6.79,9.06,0.96,9.28,1.15,6.92,7.06,6.26,8.53,5.17,6.96,2.64,3.48,8.85,5.27,9.37,8.12,7.51,1.64,6.63,0.86,5.16,8.38,6.22,6.87,2.3,8.03,2.75,4.42,7.27,0.09,1.22,9.85,4.57,0.5,4.52,1.49,1.08,0.78,0.02,9.78,7.75,6.19,3.26,0.12,4.98,6.15,8.24,2.49,7.79,4.87,3.35,2.95,6.78,3.09,9.82,2.6,4.65,6.09,7.03,5.44,6.19,1.77,5.3,0.76,2.27
9.82,5.78,6.87,0.61,5.8,6.65,1.88,5.51,3.43,2,0.49,3.1,3.77,6.5,0.89,8.64,9.86,7.36,8.94,6.47,0.7,1.55,1.12,0.32,2.1,6.57,0.03,3.87,1.87,4.31,9.66,5.21,0.09,6.53,5.82,9.42,3.19,1.22,8.45,0.14,6.75,8.95,3.25,0.52,8.97,7.66,2.68,2.35,8.55,1.63,8.83,2.77,6.7,9.95,6.61,8.8,0.04,6.64,6.19,5.43,4.48,5.85,0.65,4.57,2.38,9.99,7.51,9.09,1.22,5.97,2.76,1.49,8.44,6.01,5.53,7.41,7.19,1.73,9.77,9.26,6.88,2.12,2.04,3.58,2.07,8.65,5.9,5.64,8.82,2.09,1.07,3.3,7.94,1.72,1.39,3.85,5.24,8.91,6.46,9.98,8.4
9.22,1.47,0.36,8.75,0.52,7.77,5.95,2.25,1.06,5.21,9.14,6.7,0.77,6.24,2.3,2.95,2.15,7.94,1.77,7.76,2.53,8.59,9.23,4.26,9.98,6.6,3.02,2.41,3.06,3,0.81,2.29,4.47,1.17,1.04,8.51,2.47,0.51,0.76,7.05,9.25,3.42,3.76,0.02,9.67,6.06,2.97,5.34,4,8.26,6.62,6.53,6.85,9.37,4.31,6.84,5.97,7.33,9.25,9.04,3.85,3.59,1.33,8.32,8.28,5.89,0.35,0.75,6.41,1.12,7.81,5.66,8.06,5.09,9.2,1.25,1.15,5.7,6.59,8.67,3.96,6.74,8.72,4.34,6.11,6.56,4.7,2.09,7.41,3.95,1.13,1.27,1.06,5.98,3.11,9.35,1.87,3.47,0.1,1.8,8.11
1.43,0.98,6.17,0.04,0.19,0.95,1.19,5.89,7.54,3.38,3.37,4.28,2.11,7.71,0.4,2.19,2.41,6.01,9.6,9.89,0.66,4.39,0.95,6.64,7.51,0.3,2.03,4.5,3.93,7.36,2.61,8.88,8.34,2.3,2.45,8.53,3.25,3.64,4.42,4.32,0.55,7.8,2.12,6.18,9.03,6.04,8.37,1.45,2.05,1.49,1.34,2.71,5.89,5.81,2.87,3.4,9.64,8.43,1.42,7.09,5.79,7.55,5.97,4.13,9.85,8.42,2.67,6.63,5.59,0.61,4.47,9.66,1.93,0.11,5.84,0.97,6.16,7.73,2.42,1.73,9.22,7.28,4.45,5.11,3.09,0.84,2.03,2.73,9.27,3.45,3.34,5.06,1,9.32,9.2,4.38,1.26,5.39,4.53,0.37,6
2.52,3.55,1.46,2.63,9.39,2.43,8.79,7.12,8.37,0.53,9.87,9.17,8.5,4.98,5.78,2.86,0.54,2.04,2.14,7.51,5.38,7.2,8.52,4.7,9.92,6.42,9.49,8.83,4.47,3.38,8.36,6.99,6.94,9.82,9.62,9.85,5.77,8.42,0.5,7.66,2.47,0.37,6.83,4.49,8.87,2.61,7.35,9.41,4.65,9.49,6.93,0.04,0.22,8.97,8.26,3.66,5.39,1.27,2.5,3.38,8.18,4.38,0.37,8.64,4.2,9.99,8.49,9.97,1.93,2.51,1.15,4.4,2.88,7.98,2.41,1.76,4.11,9.77,4.69,8.77,2.78,5.14,2.33,6.52,4.11,4.11,0.19,3.02,5.39,6.21,6.4,7.09,0.59,6.77,5.73,8.31,0.29,7.74,1.8,2.22,0.26
2.95,0.15,6.66,0.93,2.56,1.94,8.56,2.33,6.64,0.85,8.64,5.3,3.18,5.16,9.42,0.82,8.87,2.44,6.21,8.6,2.37,6.82,2.71,2.66,6.07,1.02,2.95,3.81,2.82,5.18,7.59,9.29,5.33,7.78,0.22,7.89,9.72,2.31,3.75,9.88,3.16,5.91,5.19,6.35,4.59,8.13,7.17,6.99,4.09,6.9,5.59,6.46,7.24,1.83,9.13,3.31,2.85,5.6,7.12,9.2,0.78,8.24,8.49,9.63,6.02,2.24,1.05,9.26,4.55,4.8,2.67,7.71,4.23,1.38,7.58,8.82,9.51,8.27,5.81,3.6,8.69,4.93,3.59,5.93,6.76,6.24,2.76,9.61,1.84,3.41,2.33,6.15,1.65,4.35,5.78,1.19,6.59,6.83,3.97,4.66,5.15
6.64,5.89,9.38,8.02,7,1.73,1.05,8.79,7.54,8.18,7.49,5.99,1.77,6.94,2.75,1.53,9.71,5.89,3.37,3.12,8.22,9.52,8.29,6.09,8.83,9.48,2.68,5.66,6.97,0.86,0.82,3.62,0.28,3.72,5.16,7.28,5.45,6.22,9.59,6.52,4.4,7.08,2.51,9.69,7.55,5.27,1.22,0.78,4.68,8.11,7.42,6.42,1.16,5.71,2.52,9.99,8.71,8.72,5.65,5.68,9.59,9.99,2.82,3.39,7.24,7.99,4.19,2.69,7.73,3.78,2.73,5.65,4.39,5.25,5.34,1.94,4.04,0.08,2.72,8.72,1.71,0.14,5.14,2.87,9.37,1.18,2.86,8.08,9.91,2.04,7.28,9.5,5.55,0.11,6.41,2.79,8.1,0.6,9.01,5.83,4.38
1.74,5,8.77,0.51,3.86,4.23,8.07,3.94,0.47,0.31,5.65,4.13,8.98,2.05,3.5,0.16,4.91,5.1,0.07,0.47,2.39,3.09,6.03,2.5,9.5,8.82,4.12,0.1,7.83,3.47,8.01,3.1,8.47,6.78,3.61,2.33,1.02,1.69,6.27,1.49,5.52,5.44,9.15,4.5,7.49,2.65,4.67,5.93,7.76,4.74,6.4,3.67,1.36,5.95,6.17,4.38,4.78,0.29,4.49,6.13,3.76,2.5,9.23,2.23,2.8,6.37,8.08,7.34,1.58,7.87,2.36,7.1,3.31,1.51,1.61,4.33,7.68,6.28,3.78,5.44,4.54,3.7,2.63,9.42,9.66,8.8,3.81,7.96,2.61,1.82,7.61,9.89,7.84,0.37,2.12,0.64,6.74,3.72,1.51,8.32,1.59
3.87,8.94,4.91,8.9,0.55,2.76,6.58,0.35,0.06,5.55,8.42,3.76,8.18,1.36,6.94,0.51,5.17,8.42,3.12,6.99,6.04,3.02,4.83,6.41,8.66,9,6.67,2.39,0.51,4.99,3.98,7.9,7.45,2.41,6.8,8.01,8.69,6.9,1.88,8.75,5.97,3.82,2.52,4.16,5.19,2.98,8.19,0.36,1.41,1.31,0.88,7.45,7.85,5.71,7.38,0.04,8.23,4.05,2.43,2.26,9.04,9.93,0.16,0.01,5.87,0.48,1.54,4.56,7.39,3.43,3.32,3.36,0.77,9.36,1.04,5.96,5.86,9.23,9.85,7.27,4.07,0.73,4.72,1.92,9.96,2.1,1.96,8.2,6.15,7.91,0.46,8.71,1.37,4.15,2.25,7.24,4.63,3.79,5.32,5.54,7.22
8.64,2.43,8,1.52,3.47,7.48,7.39,6.23,7.33,8.18,0.3,1.58,2.91,5.74,1.55,8.53,1.23,3.27,8.21,2.66,3.73,0.44,4.03,7.88,2.69,4.79,6.04,0.01,0.12,1.58,7.23,2.28,7.53,8.75,7.33,1.01,9.76,4.72,0.76,7.09,2.9,1.06,8.68,9.33,0.32,3.75,1.39,1.55,7.02,3.12,4.22,4.27,7.08,1.77,5.68,3.3,6.57,1.72,3.31,0.21,6.82,4.06,2.49,4.36,6.34,3.34,8.89,6.1,8.06,9.65,6.71,4.49,4.23,8.91,7.34,4.55,2.66,2.25,9.63,9.68,8.89,3.85,3.96,5.98,9.14,9.64,2.8,5.71,4.88,6.11,9.44,5.22,3.69,5.46,3.1,0.03,8.8,1.99,6.13,0.39,5.16
2.85,4.88,9.39,1.76,5.74,7.47,7.95,1.52,7.1,7.63,0.41,4.47,5.11,9.91,3.61,8.27,2.71,2.85,6.67,2.34,2.29,1.9,6.04,7.75,5,6.07,6.56,0.52,5.73,6.95,5.68,8.58,5.35,8.6,3.86,4.61,6.07,1.81,6.13,6.69,2.97,6.55,1.16,1.6,9.98,4.77,9.88,2.7,1.14,0.07,5.04,3.44,1.97,4.6,4.71,0.5,0.68,4.79,1.02,6.41,1.74,6.7,8.51,0.61,8.82,5.89,5.23,4.89,1.23,4.88,1.58,4.2,4.95,6.26,9.32,4.94,4.56,9.2,1.16,5.7,9.28,9.72,2.66,4.77,4.33,7.38,5.27,5.01,2.17,6.29,4.94,7.44,6.52,6.97,8.05,5.34,2.86,6.8,3.76,4.09,5.21
8.86,1.81,0.16,5.13,4.66,5.1,9.69,3.86,9.78,5.39,6.66,9.51,8.06,4.96,3.84,8.96,3.75,2.37,1.13,3.57,7.31,2.09,0.09,7.8,3.67,8.95,0.66,0.47,2.71,8.28,9.2,1.58,3.61,9.37,0.23,8.27,7.99,9.92,5.66,7.78,8.83,5.84,7.29,0.41,4.32,4.65,9.37,8.08,7.02,4.03,1.65,7.85,6.12,1.74,5.65,9.79,4.21,9.83,3.79,0.45,8.11,2.99,2.03,5.25,2.36,5.78,7.04,3.88,9.22,2.7,1.66,8.05,2.07,2.47,8.47,6.39,0.64,1.36,4.47,7.66,5.39,6.12,9.03,5.04,1.38,4.68,4.83,5.6,8.03,2.14,6.05,9.67,8.66,1.6,4.92,4.54,0.9,5.48,8.42,0.12,8.19
3.6,8.17,3.78,6.07,0.16,0.17,6.71,5.05,8.17,7.89,0.44,7.81,0.44,9,9.2,8.64,7.36,8.32,6.68,9.5,7.89,6.35,8.16,3.01,4.79,2.71,3.91,0.27,4.65,7.55,1.98,8.26,9.24,5.76,7.85,9.41,9.46,8.09,7.98,7.63,9.5,1.94,8.96,9.95,0.95,1.68,8.59,8.31,3.52,5.27,1.33,1.41,5.14,9.5,7.94,9.93,5.73,5.37,3.73,3.9,2.92,5.71,2.16,2.17,5,0.02,5.1,4.46,1.63,3.08,5.61,1.13,5.02,4.57,1.08,9.49,9.78,9.68,7.8,3.3,8.47,9.14,8.24,3.62,2.16,6.18,7.07,1.41,5.08,0.8,5.31,1.52,0.04,1,7.21,5.04,4.54,2.31,3.02,6.17,8.91
2.15,7.3,7.46,6.72,1.91,6.95,6.5,5.11,8.28,3.33,3.58,0.94,1.57,0.72,6.62,7.75,1.32,8.03,6.35,5.64,6.86,7.88,5.68,7.86,5.09,4.24,5.92,0.93,7.26,2.09,3.36,9.41,2.92,0.82,9.66,8.35,1.3,9.68,3.46,9.58,3.01,0.56,4.04,4.58,4.81,0.66,5.86,6.13,8.69,2.21,1.77,9.07,0.09,0.98,0.46,8.71,5.22,6.38,3.16,2.49,2,6.52,1.9,4.92,0.87,5.08,3.27,2.17,4.77,6.73,5.27,7.78,0.81,9.31,5.89,5.62,9.97,1.75,5.27,2.18,3.96,7.05,4.77,7.58,1.55,5.23,9.81,6.77,1.62,2.97,9.26,3.62,3.01,4.69,2.06,3.88,9.77,5.33,6.05,4.54,5.58
4.84,5.85,9.91,4.15,1.74,5.54,7.64,7.01,4.33,3.34,4.49,1.38,8.12,2.07,2.93,3.35,5.4,3.23,8.49,1.89,2.49,2.11,4.91,0.7,7.69,8.79,0.48,3.02,8.37,8.54,2.12,3.21,7.91,5.56,0.89,3.17,1.1,8.53,0.18,5.43,1.88,4.68,0.34,3.52,0.27,6.79,6.87,5.68,0.02,5.37,7.57,6.04,1,6,0.26,8.7,4.8,4.26,5.24,3.17,6.33,0.89,9.9,4.24,6.45,4.31,7.42,1.07,6.37,1.12,0.02,1.77,5.8,0.36,5.29,9.6,0.68,2.16,5.28,4.22,1.05,6.37,3.78,2.06,2.38,4.05,4.28,0.7,8.31,9.52,7.39,4.64,0.41,0.81,2.41,0.38,5.13,3.35,1.45,1.5,4.47
1.48,3.27,3.8,5.36,8.56,3.4,9.56,4.24,8.68,3.79,5.3,8.57,7.57,7.36,4.47,5.14,1.64,5.17,6.98,4.68,6.08,1.62,8.62,6.9,7.55,9,2.03,0.9,3.98,7.05,5.38,5.46,0.32,9.18,4.34,2.4,2.58,3.91,6.64,4.78,1.22,1.94,6.87,2.31,2.82,1.35,7.46,7.98,0.04,4.44,2.67,9.65,9.58,1.29,6.55,7.14,3.81,2.1,8.04,7.79,9.15,6.94,6.77,2.99,9.64,1.12,5.39,2.22,8.55,5.55,0.52,9.77,1.02,7.4,2.08,3.84,2.27,3.06,1.83,5.83,1.02,8.02,5.48,0.61,9.31,5.55,1.27,3.12,7.65,2.83,4.44,0.32,9.78,1.21,3.31,9.42,5.85,2.22,5.17,4.4,1.3
5.69,7.69,2.32,6.61,3.3,6.16,8.88,6.36,1.51,4.72,0.91,9.53,3.72,5.04,8.84,9.28,6.31,5.49,0.45,9.14,3.45,0.78,8.92,4.66,7.61,1.87,0.52,3.36,7.04,8.44,4.66,2.73,6.14,6.98,2.87,9.44,6.66,1.75,9.32,8.18,9.99,3.75,7.71,7.24,8.79,0.08,6.52,5.1,9.09,0.49,7.77,2.54,4.79,0.21,0.72,2.41,2.08,4.76,9.29,9.12,3.21,3.95,5.38,2.87,4.45,8.25,5.83,1.11,3.52,8.67,9.29,7.04,2.43,0.53,7.8,1.22,4.13,7.84,9.85,6.74,8.33,7.62,9.28,3.13,7.83,3.52,9.06,3.44,8.29,8.35,2.56,1.5,5.82,1.46,7.89,0.27,3.23,3.72,1.38,0.28,2.39
4.2,0.84,8.34,8.25,8.64,9.57,2.38,6.48,9.42,9.12,4.81,0.56,1.92,1.46,1.91,5.44,0.52,5.35,7.25,8.87,7.92,2.27,4.69,2.9,0.16,8.48,6.14,7.4,3.39,9.94,9.8,7.59,0.78,8.14,9.36,9.42,1.23,5.26,9.42,4.17,4.38,7.75,4.73,9.82,9.22,6.65,8.78,9.74,5.52,6.04,2.14,3.44,8.31,0.35,9.87,2,8.84,9.53,9.4,2.23,9.47,2.72,3.34,3.77,4.39,2.7,6.71,5.62,7.96,6.13,3.32,5.86,3.88,1.57,9.2,3.1,1.74,1.5,6.37,7.27,7.54,8.51,0.71,9.38,8.86,4.1,4.9,1.22,3.63,4.3,3.45,3.1,0.55,0.31,0.39,4.94,6.53,7.1,4.08,8.01,3.23
7.4,7.39,0.64,8.98,6.59,3.74,0.72,1.62,0.11,7.99,9.16,2.14,2.23,2.06,1.01,6.33,6.96,5.75,3.49,4.79,9.21,0.11,8.86,3.04,0.51,3.8,3.1,7.61,1.4,1.11,4.37,8.81,8.51,5.01,1.31,8.62,2.27,5.55,0.24,5.91,7.07,2.93,8.05,9.3,8.51,2.58,9.15,9,8.34,6.16,3.79,1.07,6.28,6.17,7.63,6.79,9.97,0.73,7.92,1.37,1.85,2.29,3.7,3.88,7.3,8.53,6.02,9.58,4.09,9.79,9.01,1.16,6.24,7.06,3.98,4.75,9.65,6.65,3.75,1.51,2.82,1.06,2.58,2.62,7.23,0.21,9.41,0.72,4.47,0.85,5.62,6.32,3.15,9.32,3.72,3.97,7.86,9.74,7.07,5.47,3.05
6.08,0.15,9.29,6.67,4.13,4.05,9.84,4.3,1.32,1.35,7.12,2.39,7.45,9.74,3.14,1.18,2.67,3.87,5.65,3.53,9.49,5.49,0.2,2.33,9.21,4.17,3.71,2.48,4.77,9.18,5.53,0.85,2.85,4.83,7.52,6.98,8.88,7.36,4.81,0.2,8.71,5.45,6.11,9.68,5.2,9.26,0.87,1.39,6.65,6.52,8.44,6.14,2.02,8.64,8.47,4.75,6.34,5.71,7.23,1.11,4.89,2.77,1.96,1.27,1.12,3.01,1.77,0,3.89,6.58,3.72,2.61,2.04,3.36,5.81,0.76,6.14,6.68,2.15,2.79,6.73,4.12,8.93,2.27,2.76,0.92,7.02,2.62,6.63,4.26,3.73,5.05,0.55,9.22,9.84,1.67,5.75,1.61,5.19,9.64,8.2
2.43,5.77,0.24,5.79,1.59,4.52,5.45,1.79,6.67,8.24,8.52,4.31,0.69,4.31,7.08,1.62,1.34,3.22,1.77,9.12,0.48,0.34,9.67,9.7,0.18,4.86,8.97,1.8,3.57,8.61,3.52,6,4.39,3.76,5.32,9.5,8.28,0.77,1.29,8.47,2.54,3.34,2.79,3.23,7.65,3.39,4.85,8.99,0.13,0.15,1.63,0.61,4.01,1.3,3.83,4.2,9.68,2.8,9.52,3.25,1.42,3.04,2.78,9.33,0.32,1.62,8.83,8.6,5.91,3.64,0.59,8.45,6.98,6.9,1.69,4.64,3.81,0.06,7.15,3.95,0.21,8.79,4.56,4.23,3.61,8.4,1.95,6.82,1.2,1.47,0.07,6.14,4.51,6.37,5.47,4.83,1.51,7.82,6.95,7.43,1.47
1.06,5.88,1.97,1.49,7.57,0.13,5.3,1.16,7.29,9.25,1.37,9.6,3.82,9.12,3.21,5.74,1.07,3.55,6.94,6.06,7.15,6.61,4.09,3.52,5.6,2.44,5.04,3.43,2.91,5.99,8.42,3.98,1.87,0.39,5.47,2.97,0.53,4.29,4.13,1.34,3.55,9.02,0.94,0.89,1.67,7.67,6.63,6.26,1.23,7.09,2.33,8.38,7.22,9.94,5.42,2.83,2.39,3.98,6.26,5.3,9.97,8.2,2.8,5.37,2.11,1.79,8.34,2.64,6.09,5.99,7.5,9.64,8.53,1.96,4.05,0.2,3.16,4.2,6.47,7.91,4.81,2.32,9.81,2.04,2.26,5.23,4.87,4.65,2.74,4.65,3.48,2.71,2.85,6.28,8.08,4.96,8.08,9.94,1.13,4.17,5.93
2.15,7.33,4.47,4.12,1.38,4.67,7.28,5.58,4.66,5.19,3.91,6.98,5,5.95,9.25,3.75,4.34,7.42,6.49,8.99,0.9,2.73,5.36,0.71,0.81,3.85,2.31,0.76,4.98,6.48,0.21,0.65,7.33,4.68,4.77,2.23,2.88,5.57,7.81,1.06,4.28,5.24,8.05,2.8,1.2,0.82,6.56,5.54,1.76,6.57,8.06,6.19,9.3,3.42,6.9,3.64,0.79,9.21,4.4,5.77,9.21,4.61,9.95,6.54,2.82,4.72,2.29,9.22,3.82,0.1,0.28,8.1,8.86,1.85,0.91,0.06,2.67,0.99,9.13,7.96,1.08,7.19,4.15,3.91,4.13,4.57,7.55,4.93,7.3,5.47,4.22,6.51,3.6,4.17,6.57,9.94,2.42,8.86,9.16,6.24,2.48
9.45,4.34,1.34,1.3,8.77,4.93,7.5,3.28,4.06,8.98,7.89,4.77,3.13,1.8,8.9,1.22,2.87,7.35,8.52,8.34,1.58,8.55,5.46,5.75,8.64,5.41,8.17,7.5,4.57,7.93,3.5,7.54,2.28,8.36,2.37,4.57,6.81,3.39,1.38,4.39,2.37,9.27,9.16,9.02,1.07,1.59,0.24,3.94,8.94,2.28,5.8,0.52,0.83,1.26,9.8,9.47,6.67,1.49,0.49,4.77,9.43,7.51,5.83,5.23,9.39,1.72,3.32,6.21,5.11,4.7,0.6,1,3.97,3.29,3.54,8.56,4.88,3.78,2.5,3.82,6.06,1.82,7.87,0.41,3.09,1.19,9.88,3.28,6.2,3.89,1.57,9.15,1.4,7.41,4.38,0.8,9.13,7.71,7.01,7.77,5.93
1.13,8.77,9.91,4.42,2.32,8.47,9.3,9.62,4.5,6.65,9.21,6.32,8.04,9.62,2.93,2.75,3.03,9.74,8.95,6.92,1.31,8.11,1.85,2.24,6.01,2.65,4.9,7.24,3.18,6.19,3.18,4.31,8.48,6.61,2.26,4.32,8.6,5.08,3.95,6.62,5.25,6.68,6.47,3.29,9.82,2.92,9.56,2.85,2.66,2.04,3.3,7.5,3.67,5.15,3.26,3.2,1.32,8.16,0.45,4.5,4.35,7.15,2.33,2.84,7.28,4.59,7.16,9.4,9.68,4.63,6.03,8.45,4.83,2.5,5.27,4.66,8.94,4.83,1.03,1.61,0.39,7.85,2.63,4.06,3,5.89,7.27,7.84,7.58,1.24,2.34,1.93,8.39,8.2,8.29,9.19,2.79,8.98,8.59,5.99,7.13
8.14,7.97,1.97,4.16,3.24,6.63,3.11,8.07,1.18,4.72,8.47,9.04,0.87,6.05,5.56,6.76,3.32,3.41,4.34,4.56,9.27,9.8,6.47,7.47,1.61,9.18,3.79,0.59,7.78,3.3,7.73,5.92,1.27,3.22,0.09,4.51,3.37,6.72,6.11,4.55,4.96,8.1,3.59,5.83,4.15,2.68,2.59,1,6.09,0.46,5.56,5.36,0.26,5.56,6.36,5.39,8.26,0.15,5.99,9.56,3.45,7.24,5.49,8.25,3.98,9.1,2.76,7.35,9.34,8.87,1.9,4.3,0.49,9.02,0.13,4.65,1.7,6.24,5.65,1.31,6.7,4.73,0.19,0.48,3.81,6.55,5.88,2.08,6.7,5.39,1.64,3.68,6.15,0.65,1.93,0.13,3.27,8.21,7.48,2.61,0.61
2.9,6.91,1.1,1.92,0.56,5.75,7.14,6.81,4.92,1.97,3.51,3.18,2.17,7.52,6.99,2.24,3.4,9.07,2.47,2.31,4.24,6.15,8.46,8.41,1.6,8.59,1.69,9.81,9.59,7.82,3.94,2.49,8.26,5.05,7.94,8.82,4.32,8.6,5.63,2.77,0.58,2.67,5.95,6.27,0.19,2.94,8.51,7.11,5.54,0.98,9.42,3.3,0.65,1.4,1.71,2.25,9.99,6.92,5.59,9.58,4.75,9.53,5.59,3.01,8.1,3.53,1.83,5.95,2.14,0.99,8.72,6.24,3.66,4.67,2.51,7.37,7.61,4.54,8,6.67,5.53,0.94,9.97,9.7,2.34,5.21,5.48,2.33,2.13,1.07,5.43,6.88,4.12,1.02,3.41,2.23,8.08,5.25,8.18,0.22,9.76
0.42,6.46,6.94,5.09,2.49,4.31,6.22,7.03,5.83,6.42,6.08,6.77,6.39,5.79,9.11,1.6,1.27,4.96,3.74,2.34,0.39,4.14,9.98,4.93,7.56,5.73,3.01,6.33,7.43,6.75,6.09,7.85,3.21,6.55,2.94,9.22,0.86,2.69,6.26,6.69,9.11,2.34,3.46,9.02,8.13,6.09,0.63,2.92,1.05,7.89,8.78,4.96,5.55,8.77,3.41,3.11,4.5,6.43,2.96,5.46,6.7,2.57,3.31,3.44,9.12,9.78,2.66,3.5,5.99,8.92,0.19,5.1,4.79,7.17,4.12,2.92,6.78,8.27,5.85,7.83,9.68,4.63,2.79,5.24,6.92,9.73,1.87,4.95,9.68,4.84,0.41,6.38,7.41,7.24,9.82,0.06,7.02,2.49,3.56,3.01,4.93
7.28,1.63,9.72,7.97,5.76,6.17,4.76,7.55,2.02,2.59,0.76,0.17,8.91,9.52,0.62,8.64,1.39,5.57,8.32,9.75,5.98,8.22,0.69,3.22,8.05,0.75,3.77,4.06,4.31,0.3,8.99,1.59,1.94,8.72,9.57,1.22,4.89,4.33,8.77,0.43,0.44,3.05,4.12,2.87,2.57,4.74,5.03,3.97,0.31,3.35,7.24,9.81,1.58,7.93,3.04,3.15,2.2,0.33,7.21,6.52,0.63,6.2,1.63,2.57,8.44,4.72,7.31,3.33,2.57,9.61,3.76,3.02,2.66,1.41,5.89,5.24,6.15,0.93,2.73,6.47,7.8,3.49,6.28,2.9,1.43,2.84,6.05,7.15,3.17,3.26,7.19,7.33,2.99,8.83,9.9,1.43,3.55,7.22,8.29,6.13,6.83
5.57,2.67,3.01,6.98,2.08,8.25,3.14,6.53,4.5,9.61,4.34,8,9.41,0.76,2.95,2.26,0.34,0.1,8.95,7.12,7.3,6.28,0.11,9.65,9.71,5.07,3.2,6.93,3.36,2.85,7.28,8.93,9.04,0.29,5.92,1.13,2.07,9.06,1.18,0.09,2.19,9.04,8.09,1.6,9.81,1.04,7.38,0.15,4.67,6.34,7.27,1.97,2.62,0.91,1.62,2.33,5.98,8.34,2.78,9.34,4.72,3.58,1.79,3.76,7.4,7.71,8.41,2.99,0.29,9.6,3.08,6,8.64,4.7,7.61,1.97,5.74,8.51,5.64,0.41,4.85,2.92,5.9,1,7.35,1.04,6.85,3.33,9.39,3.16,6.19,7.63,0.26,7.98,4.91,1.18,9.22,3.33,4.17,9.51,6.45
0.78,5.52,8.61,5.48,6.65,0.59,4.74,8.68,6.23,8.68,7.06,2.67,4.58,8.06,0.02,5.63,8.43,6.87,8.54,5.11,3.06,9.69,8.9,1.05,4.6,0.08,0.27,1.45,4.26,3.3,7.9,5.04,2.34,0.04,4.04,2.51,4.15,8.78,1.2,3.9,7.46,8.26,6.58,5.57,9.84,0.12,1.2,8.27,7,3.26,6.91,3.58,2.95,5.81,8.15,7.55,5.89,8.42,2.53,3.67,5.25,3.95,2.23,7.59,3.99,6.27,0.11,8.14,8.58,1.31,2.05,6.04,3.09,2.15,1.61,2.93,5.79,6.33,1.2,6.31,3.11,1.63,9.9,6.06,7.44,8.05,7.14,6.86,0,9.67,0.53,8.77,7.14,6.29,6.36,1.14,2.56,9.99,2.8,4.66,4.82
4.85,0.71,7.91,0.52,5.84,0.84,9.84,2.18,5.57,6.15,5.29,7.2,9.57,4.88,8.17,1.15,5.54,8.55,4.67,8.73,9.08,3.44,5.87,8.89,3.32,7.01,4.98,3.32,9.82,9.64,1.66,8.19,0.35,9.58,2.24,6.2,3.94,2.08,1.9,3.03,1.75,7.19,0.24,4.85,5.59,1.93,6,1.13,0.48,0.67,9.86,3.08,7.63,9.26,1.98,0.95,9.79,6.96,7.79,9.61,6.6,9.46,1.33,0.48,2.56,7.09,0.2,6.5,9.17,2.1,3.06,4.44,2.81,3.3,9.29,8.41,8.75,8.81,3.06,2.75,3,6.45,5.83,0.63,5.71,1.33,5.11,5.5,1.81,2.9,8.64,8.42,5.88,9.97,2.42,8.44,0.58,2.62,8.47,3.27,8.24
1.53,7.71,1.05,8.35,0.53,9.46,7.1,2.86,6.05,9.85,5.87,2.5,9.2,0.02,1.73,0.54,5.13,7.23,2.35,8.04,9.39,4.29,3.92,2.88,0.23,5.89,3.46,2.85,4.36,6.73,1.09,9.41,4.45,5.67,7.76,8.5,8.65,8.38,1.36,4.7,1.75,7.23,0.72,0.95,0.78,2.45,5.01,5.91,9.69,0.89,7.47,9.08,5.18,4.92,1.97,5.42,0.81,5.43,1.79,8.69,2.17,6.41,8.1,0.14,5.6,9.38,8.64,4.25,7.76,0,8.96,9.51,0.76,9.68,3.98,1.54,5.66,2.52,0.97,5.35,3.41,8.45,7.95,2.11,6.89,3.44,1.05,1.22,2.4,2.85,9.91,8.09,2.78,1.53,8.23,8.38,4.43,0.39,2.63,2.19,3.91
5.11,5.22,8.19,8.32,2.72,3.25,3.98,5.24,4.23,2.85,2.17,6.2,4.32,4.29,3.09,1.29,5.34,4.31,3.69,8.19,7.74,1.78,4.49,9.27,3.53,2.87,3.7,7.44,9.03,9.41,4.87,7.66,8.15,3.07,9.5,4.39,6.32,7,9.64,4.07,9.85,1.81,0.27,7.7,6.1,3.36,8.99,4.97,1.19,2.68,6.68,8.93,7.98,1.18,8.2,5.03,7.57,5.42,2.47,0.12,8.35,0.86,7.79,6.5,3.93,0.81,4.42,3.78,7.82,4.06,1.37,1.19,9.39,1.65,8.89,9.02,8.53,1.4,3.99,9.73,4.08,0.67,2.18,5.58,5.37,0.39,0.61,2.95,9.33,6.6,6.59,1.21,7.47,4.38,1.23,4.92,5.2,5.65,2.22,6.54,3.23
3.6,7.73,2.63,8.77,6.63,5.17,0.82,1.55,2.68,4.07,5.64,3.35,6.26,4.74,2.25,0.17,8.88,8.72,9.5,9,5.31,4.23,6.47,9.7,5.47,4.92,8.42,1.12,0.66,8.48,4.36,7.78,6.21,0.51,0.07,6.36,5.68,0.9,7.92,8.36,4.97,7.08,5.23,1.23,1.82,7.48,1.4,4.22,6.2,4.43,3.23,1.52,8.66,9.7,4.74,4.13,8.14,6.68,8.78,2.33,5.16,3.14,0.11,4.89,7.17,0.19,1.26,2.85,1.09,2.7,4.73,9.58,9.78,9.96,0.82,5.12,0.97,5.74,9.35,0.69,3.69,2.58,2.21,2.36,5.8,0.47,0.01,3.95,0.67,8.79,9.8,9.35,5.45,9.91,4.25,2.62,3.62,9.03,8.99,8.23,1.73
3.72,7.82,1.51,7.21,2.16,6.63,8.18,7.9,9.5,8.87,5.12,2.08,4.61,7.48,7.89,8.6,7.49,5.36,9.28,9.81,5.16,2.15,5.26,8.59,6.4,1.41,2.22,8.95,0.4,0.45,0.68,4.13,8.27,5.71,1.34,3.95,5.87,3.04,5.38,5.37,1.91,0.5,7.46,0.04,7.98,8.87,8.65,8.99,4.23,1.45,2.32,2.91,3.6,1.11,1.5,3.53,2.52,7.24,2.48,2.92,7.7,3.17,0.57,9.49,2.4,1.91,3.45,8.27,4.95,8.83,7.17,0.39,9.33,4.63,0.43,7.31,7.02,9.08,9.82,4.77,4.05,2.15,7.68,7.66,6.78,2.7,1.19,9.3,9.95,3.67,5.74,1.17,0.36,6.32,0.66,2.77,1.75,4.11,4.56,0.23,2.94
1.73,0.62,5.79,9.88,4.57,6.62,6.9,7.18,6.45,1.67,1.23,2.12,2.87,8.89,8.9,9.1,3.6,1.72,2.57,0.8,7.46,3.74,1.16,3.78,7.92,7.45,5.54,5.56,2.02,9.29,8.5,3.75,9.91,7.82,3.64,8,4.44,4.06,5.18,0.89,9.26,6.42,6.53,5.65,8.83,8.95,4.75,5.96,0.67,0.84,6.76,8.14,8.1,1.44,5.44,6.03,8.9,4.5,1.59,4.44,3.79,3.61,1.71,7.22,1.43,8.87,5.23,5.88,2.94,0.41,0.29,5.72,0.35,0.35,1.37,9.19,9.3,6.13,5.15,9.98,0.49,5.43,1.64,8.6,6.87,7.08,4.63,9.29,1.59,9.74,3.73,5.38,3.35,8.97,2.61,4.79,7.84,1.36,4.19,4.3,1.77
4.48,0.02,2.13,8.35,4.92,4.84,7.66,1.05,3.51,1.16,5.06,8.94,2.8,3.66,5.81,9.88,8.29,5.11,4.99,8.03,2.36,0.38,4.91,1.33,6.51,3.22,2.7,7.87,7.41,7,3.16,5.41,0.55,8.81,3.77,5.47,3.65,1.43,0.04,7.16,6.11,5.1,6.1,8.91,2.29,5.44,2.31,0.58,4.07,7.31,2.14,6.43,1.21,7.05,1.29,1.24,0.27,3.99,2.63,1.2,4.51,5.79,6.61,8.58,4.61,3.9,7.57,8.26,5.33,7.61,8.95,4.96,6.24,8.57,3.87,8.53,4.01,6.19,2.63,1.6,7.02,8.29,8.04,8.23,8.86,2.85,2.99,2.65,6.84,5.62,3.85,4.87,1.41,3.99,3.46,9.54,7.89,4.55,1.33,6.75,2.17
0.28,1.71,1.93,8.85,9.11,3.98,6.39,8.82,6.61,7.99,5.84,8.43,9.55,7.59,7.29,2.4,0.58,9.95,2.76,9.72,7.32,7.64,1.13,1.31,4.62,4.2,2.73,9.17,5.53,9.48,4.86,5.81,4.71,0.31,8.18,3.82,4.29,8.09,2.64,4.43,9.61,8.48,2.86,9.16,9.59,3.67,1.57,3.69,7.14,7.85,3.41,4.47,5.49,8.07,9.3,3.63,2.27,2.03,6.33,7.8,5.03,1.19,7.13,9.75,1.51,5.31,3.57,9.32,6.93,9.74,3.75,6.54,1.74,0.13,5.7,1.34,3.81,0.79,5.03,0.95,8.65,1.97,8.94,7.66,0.04,8.25,4.82,2.31,0.28,1.15,0.11,8.84,2.34,7.24,8.59,7.37,6.07,5.68,0.22,3,5.42
3.97,9.54,7.17,7.63,8.77,2.03,1.44,3.08,0.58,5.91,5.25,2.55,4.86,6.44,2.59,3.11,1.26,4.9,6.91,2.41,8.53,9.27,8.27,9.29,7.86,9.17,5.37,7.07,9.39,1.89,6.01,6.88,1.44,3.18,4.51,3.73,8.73,9.47,6.81,9.32,5.39,2.07,5.39,3.77,8.51,7.99,0.4,3.29,6.41,0.83,5.7,8.47,0.11,7.49,7.76,1.49,6.66,6.65,8.56,9.57,8.55,4.58,6.46,3.51,1.28,4.49,0.76,3.54,3.97,7.57,2.86,2.88,3.16,1.77,6.65,5.19,9.76,7.05,2,9.7,1.4,7.7,1.69,1.51,8.72,9.45,3.01,8.9,9.63,5.09,8.48,1.7,3.19,4.94,5.21,4.48,9.43,9.49,1.54,6.92,0.58
7.92,9.8,3.75,9.69,9.97,2.46,2.98,0.54,4.47,2.68,1.95,5.69,4.37,3.46,7.93,7.34,9.99,6.84,0.49,8.61,5.32,2.19,1.8,3.78,0.92,9.8,6.73,0.41,1.34,3.66,1,9.26,3.46,4.75,8.96,3.44,0.73,1.94,7.5,8.72,8.14,9.45,7.94,6.03,6.44,5.87,6.89,9.95,2.71,7.39,8.56,1.55,9.58,0.37,5.33,0.51,3.69,2.07,0.92,5.04,5.73,1.92,7.82,2.71,0.19,6.78,9.67,4.45,2.24,7.18,3.17,3.9,6.63,4.63,9.93,3.07,0.51,0.35,3.03,3.22,7.74,5.11,8.3,0.84,9,3.63,1.35,2.7,5.7,5.8,1.26,4.95,1.24,9.08,7.67,4.96,9.39,7.34,9.41,5.15,4.52
6.1,9.06,4.68,0.74,2.51,1.27,4.77,2.86,4.3,1.51,0.6,2.94,9.81,4.97,1.94,3.45,6.32,8.16,2.67,5.64,9.42,7.63,6.89,2.03,5.3,1.85,1.42,6.16,1.26,0.09,4.21,0.88,9.15,8.89,5.14,5.19,0.16,9.91,8.05,7.99,1.43,2.18,0.93,1.24,7.15,6.39,8.21,6.99,4.56,0.89,2.64,3.98,8.52,3.05,6.01,7.34,4.9,0.95,7.02,9.68,1.05,1.23,4.08,3.72,0.12,9.23,2.43,3.81,9.14,4.01,1.8,4.09,9.71,6.25,5.34,0.38,6.16,3.55,7.37,0.72,7.96,3.53,8.23,6.48,6.58,7.76,7.34,5,2.24,4.37,4.68,6.81,5.6,8.77,0.53,9.25,8,6.49,3.06,0.66,0.5
8.38,4.76,0.21,4.63,3.62,0.59,4.31,0.69,1.48,5.04,8.66,8.54,3.27,8.66,5.12,1.03,6.01,3.65,6.79,0.38,8.33,3.6,5.98,0.62,7.66,5.23,8.62,4.15,1.81,2.81,4.65,0.19,1.09,8.38,8.34,4.71,2.49,2.66,5.4,7.49,1.22,7.58,6.03,4.49,6.25,4.68,9.04,2.26,8.33,5.84,2.64,0.18,9.44,2.14,0.81,0.62,0.9,2.95,4.77,2.71,5.76,2.94,6.43,6.85,1.32,4.77,5.08,7.33,0.95,4.01,4.83,2.17,1.59,4.38,0.18,7.84,2.58,2.75,3.62,0.91,2.11,9.78,1.1,5.07,1.93,5.43,5.7,2.83,8.38,0.47,9.06,4.15,6.94,5.49,4.52,1.78,3.79,9.61,9.12,8.26,3.62
7.47,3.96,5.21,1.85,4.14,6.58,4.44,0.41,0.2,8.87,2.52,9.99,3.49,7.6,5.44,8.92,6.82,1.79,7.31,7.29,0.85,4.98,4.23,9.87,9.5,9.54,7.18,9.11,8.66,5.44,2.73,6.13,2.92,7.95,1.5,0.59,8.05,9.46,1,8.25,1.86,3.53,1.76,5.35,4.65,7.2,7.8,1.47,8.99,5.11,2.28,3.37,0.09,0.04,3.24,9.59,9.58,3.94,2.23,1.76,9.38,4.96,1.41,5.83,6.43,2.91,6.42,4.48,5.9,7.42,6.26,7.76,4.47,8.02,6.63,9.12,8.75,4.43,4.11,1.26,3.06,9.92,4.63,6.67,9.96,1.39,9.79,3.06,5.33,2.02,4.82,8.24,6.98,6.23,4.07,6.94,2.66,0.49,1.42,2.08,1.43
1.2,3.36,5.91,2.75,0,8.55,5.02,7.95,6.19,6.28,4.54,6.11,4.44,1.21,9.59,5.83,1,6.17,4.69,3.02,0.99,2.93,3.53,0.74,0.52,0.47,6.92,4.53,5.41,2.53,5.96,0.14,5.89,5.39,2.89,9.41,7.47,7.91,0.89,7.18,4.19,5.43,3.29,8.63,6.64,6.4,7.99,1.17,2.57,2.68,4.19,7.08,5.61,1.24,1.34,9.65,5.23,8.26,4.18,0.65,4.31,3.66,0.79,0.21,9.06,7.2,3.14,0.05,5.11,4.03,7.23,2.82,9.46,4.04,4.98,9.63,0.44,2.97,0.8,6.53,9.17,8.51,7.13,8.3,9.76,8.47,7.95,4.99,0.25,2.13,9.16,4.57,5.79,3.47,8.3,8.37,0.67,1.44,8.42,9.3,9
9.17,2.13,8.46,3.21,0.63,1.61,7.17,7.12,2.41,7.22,6.29,0.93,4.35,4.59,0.69,2.82,2.54,9.2,6.6,8.19,8.37,4.69,3.98,5.36,2.99,5.88,6.04,7.95,7.82,5.34,6.95,7,0.99,8.94,3.73,5.14,0.55,0.91,2.26,2.97,8.13,8.55,7.42,6.01,6.66,1.63,2.35,9.2,0.83,8.95,7.39,2.72,3.64,4.9,8.09,6.63,4.3,7.65,8.11,2.12,6.51,5.06,2.64,1.03,4,6.38,6.17,8.08,0.81,8.44,4.57,8.94,0.51,1.99,8.47,7.18,3.62,0.83,6.38,7.97,9.78,7.3,4.22,6.95,5.72,5.83,7.1,0.02,3.48,5.21,5.66,3.51,0.28,8.31,4.54,7.8,8.21,0.72,9.4,9.02,9.16
3.97,1.48,3.19,9.48,9.96,0.37,6.62,0.79,0.28,4.6,4.09,7.58,2.34,1.04,6.82,8.17,8.15,0.36,5.17,3.36,6.02,8.68,7.16,7.85,3.23,8.49,6.06,3.95,7.89,8.6,6.63,5.39,0.09,9.82,4.87,3.57,0.2,1.5,4.36,0.48,9.62,1.97,1.58,1.96,3.02,1.92,0.13,1.17,2.28,8.82,8.05,1.82,7.5,8.74,3.2,0.73,7.23,2.78,8.2,8.64,1.39,4.83,4.03,5,8.18,8.91,8.57,1.9,3.93,6.45,2.38,3.55,8.42,7.48,5.51,1.44,9.4,9.16,6.13,5.2,7.98,7.71,7.02,5.48,6.45,3.74,9.74,7.2,6.53,7.94,5.84,1.44,6.3,3.4,6.44,4.48,5.83,5.01,9.9,9.76,4.98
5.8,3.31,3.4,3.28,2.34,8.37,6.2,1.5,4.5,1.4,3,2.21,1.94,2,2.18,9.21,1.74,9.38,5.74,3.21,8.75,7.18,9.51,2.15,7.14,7.51,1.5,5.67,7.41,1.26,0.65,3.21,8.09,4.05,0.01,0.43,2.42,6.21,5.45,0.45,1.13,1.97,2.66,6.59,3.97,8.37,5.8,5.72,7.75,5.06,8.93,0.02,2.24,1.96,2.17,2.9,9.47,7.19,8.57,0.4,8.45,9.22,7.13,6.54,3.28,7.14,0.49,9.22,6.87,9.46,9.67,8,1.43,5.86,8.11,5.41,4.23,7.44,4.65,5.5,2.5,7.1,5.53,8.27,9.06,1.22,1.17,2.05,8.42,9.75,2.45,0.39,2.49,3.1,0.46,9.29,0.24,4.47,8.52,7.11,3.94
1.71,8.63,8.89,7.57,0.26,7.82,5.32,7.7,2.47,4.35,0.21,9.57,9.88,2,2.15,4.62,3.17,4.2,6.56,6.44,0.17,0.48,2.46,3.27,4.46,1.75,7.03,8.93,3.79,4.14,6.39,5.51,6.29,8.81,6.6,6.56,6.63,1.93,7.78,2.63,6.28,1.51,5.72,9.68,3.51,7.88,7.82,0.21,5.6,7.91,0.17,5.78,1.91,2.63,2.57,6.37,7.91,9.61,5.3,1.7,7.27,5.22,0.73,7.09,4.03,7.34,7.17,0.66,2.79,4.95,3.29,2.59,6.47,9.02,5.79,9.98,6.9,7.13,3.71,6.02,5.04,3.89,5.32,0.47,6.52,7.9,6.84,4.43,1.03,2.15,9.66,1.82,7.37,3.91,2.43,1.4,4.77,9.6,5.58,7.56,8.08
8.88,3.67,4.55,1.42,9.46,8.05,1.84,0.12,1.77,7.86,8.68,5.66,3.19,9.16,5.7,4.61,6,3.66,9.16,1.67,6.84,0.98,2.56,0.75,6.94,7.48,5.53,6.54,3.07,6.61,4.62,5.47,3.81,2.69,6.89,6.79,0.75,8.73,6.91,6.04,0.11,5.6,5.22,3.3,4.76,0.92,1.43,4.28,8.1,0.59,5.96,4.94,5.1,8.52,9.22,2.04,9.53,4.75,8.58,2.6,4.88,6.73,8.07,8.69,9.42,8.48,5.49,3.69,0.73,2.4,9.73,4.36,1.52,8.47,1.19,6.28,9.4,2.62,4.09,1.02,3.22,0.05,9.49,8.32,2.09,8.71,3.88,1.62,6.98,2.46,7.74,1.86,2.71,9.33,4.08,5.66,1.33,9.57,9.35,2.06,5.49