-0.01,-0.01,0.01,0.01,-0.01,-0.01,0.01,0.01,-0.01,-0.01,0.01,0.01,-0.01,-0.01,0.01,0.01,-0.01,-0.01,0.01,0.01,-0.01,-0.01,0.01,0.01,-0.01,-0.01,0.01,0.01,-0.01,-0.01,0.01,0.01,-0.01,-0.01,0.01,0.01,-0.01,-0.01,0.01,0.01,-0.01,-0.01,0.01,0.01,-0.01,-0.01,0.01,0.01,-0.01,-0.01,0.01,0.01,-0.01,-0.01,0.01,0.01,-0.01,-0.01,0.01,0.01,-0.01,-0.01,0.01,0.01,-0.01,-0.01,0.01,0.01,-0.01,-0.01,0.01,0.01,-0.01,-0.01,0.01,0.01,-0.01,-0.01,0.0095925,0.01,-0.01,-0.01,0.01,0.01,-0.01,-0.01,0.01,0.01,-0.01,-0.01,0.01,0.01,-0.01,-0.01,0.01,0.01,-0.01,-0.0073008,0.01,0.01,0.01
-0.01,-0.01,0.0080047,0.01,-0.01,-0.009116,0.0090351,0.01,-0.01,-0.0090584,0.0090569,0.01,-0.01,-0.0090572,0.0090573,0.01,-0.01,-0.0090576,0.0090573,0.01,-0.01,-0.0090266,0.0091074,0.01,-0.01,-0.0093481,0.0085767,0.01,-0.01,-0.0097431,0.0072614,0.01,-0.01,-0.0083301,0.0078439,0.01,-0.01,-0.0080171,0.0080171,0.01,-0.01,-0.0080291,0.0079933,0.01,-0.01,-0.0080161,0.0079883,0.01,-0.01,-0.0080055,0.0079851,0.01,-0.01,-0.0079997,0.0079793,0.01,-0.01,-0.0079938,0.0079738,0.01,-0.01,-0.0079865,0.0079711,0.01,-0.01,-0.0079808,0.0079698,0.01,-0.01,-0.0079491,0.008022,0.01,-0.01,-0.0083545,0.0072812,0.01,-0.01,-0.0099877,0.0023529,0.01,-0.01,-0.005122,0.0036975,0.01,-0.01,-0.0041401,0.0040699,0.01,-0.01,-0.0041312,0.0040076,0.01,-0.01,-0.0040152,0.0041352,0.01,-0.0097193,-0.0011518,0.01,0.01,0.01
-0.01,-0.0059769,0.0033109,0.0078301,-0.0083308,-0.0042123,0.0041343,0.0081787,-0.0081903,-0.0041572,0.0041557,0.0081869,-0.0081873,-0.0041561,0.0041561,0.0081872,-0.0081873,-0.0041561,0.0041566,0.0081894,-0.0081812,-0.0041459,0.0041674,0.0081823,-0.0082501,-0.0042697,0.0039852,0.0079885,-0.0083125,-0.0044548,0.0035919,0.0076392,-0.0079378,-0.0040223,0.0038351,0.0077478,-0.0077984,-0.0039096,0.0039051,0.0077845,-0.0077879,-0.0039111,0.0038985,0.0077782,-0.0077844,-0.0039078,0.0038977,0.0077758,-0.0077806,-0.0039048,0.0038974,0.0077741,-0.0077782,-0.0039034,0.003896,0.0077719,-0.0077759,-0.0039019,0.0038947,0.0077698,-0.0077734,-0.0038999,0.0038944,0.0077687,-0.0077711,-0.0038977,0.0038961,0.0077734,-0.0077547,-0.0038658,0.0039437,0.0077808,-0.0080436,-0.004391,0.0030425,0.0066394,-0.0079268,-0.0052239,0.00049786,0.0034929,-0.004621,-0.0024167,0.0017842,0.0038682,-0.0040065,-0.0020268,0.0019493,0.0039126,-0.0039441,-0.002003,0.0019283,0.0038756,-0.0038767,-0.0019212,0.0020562,0.0042031,-0.0029359,0.00022657,0.0066445,0.01,0.00563
-0.01,-0.01,0.0066968,0.01,-0.01,-0.0077496,0.0076702,0.01,-0.01,-0.0076933,0.0076918,0.01,-0.01,-0.0076922,0.0076923,0.01,-0.01,-0.0076921,0.0076926,0.01,-0.01,-0.0076893,0.0076936,0.01,-0.01,-0.0077353,0.0076304,0.01,-0.01,-0.0078101,0.007514,0.01,-0.01,-0.007679,0.0076067,0.01,-0.01,-0.0076378,0.0076342,0.01,-0.01,-0.0076372,0.0076326,0.01,-0.01,-0.0076363,0.0076325,0.01,-0.01,-0.0076354,0.0076326,0.01,-0.01,-0.007635,0.0076324,0.01,-0.01,-0.0076347,0.0076322,0.01,-0.01,-0.0076342,0.0076322,0.01,-0.01,-0.0076327,0.0076351,0.01,-0.01,-0.0075691,0.0077815,0.01,-0.01,-0.0085994,0.0056829,0.01,-0.01,-0.008703,0.0018671,0.0099257,-0.01,-0.0041247,0.0037714,0.01,-0.01,-0.0039363,0.0037904,0.01,-0.01,-0.0038679,0.0037612,0.01,-0.01,-0.0037703,0.0038634,0.01,-0.0093897,-0.0014238,0.0095055,0.01,0.01
-0.01,-0.01,0.01,0.01,-0.01,-0.01,0.01,0.01,-0.01,-0.01,0.01,0.01,-0.01,-0.01,0.01,0.01,-0.01,-0.01,0.01,0.01,-0.01,-0.01,0.01,0.01,-0.01,-0.01,0.01,0.01,-0.01,-0.01,0.01,0.01,-0.01,-0.01,0.01,0.01,-0.01,-0.01,0.01,0.01,-0.01,-0.01,0.01,0.01,-0.01,-0.01,0.01,0.01,-0.01,-0.01,0.01,0.01,-0.01,-0.01,0.01,0.01,-0.01,-0.01,0.01,0.01,-0.01,-0.01,0.01,0.01,-0.01,-0.01,0.01,0.01,-0.01,-0.01,0.01,0.01,-0.01,-0.01,0.01,0.01,-0.01,-0.01,0.0076147,0.01,-0.01,-0.01,0.01,0.01,-0.01,-0.01,0.01,0.01,-0.01,-0.01,0.01,0.01,-0.01,-0.01,0.01,0.01,-0.01,-0.0074613,0.01,0.01,0.01
-0.01,-0.01,0.0066226,0.01,-0.01,-0.0076669,0.0075885,0.01,-0.01,-0.0076114,0.0076098,0.01,-0.01,-0.0076102,0.0076103,0.01,-0.01,-0.0076102,0.0076103,0.01,-0.01,-0.0076101,0.0076097,0.01,-0.01,-0.0076164,0.0076016,0.01,-0.01,-0.0076266,0.0075909,0.01,-0.01,-0.007614,0.0076028,0.01,-0.01,-0.0076082,0.007607,0.01,-0.01,-0.0076077,0.007607,0.01,-0.01,-0.0076076,0.0076071,0.01,-0.01,-0.0076075,0.0076071,0.01,-0.01,-0.0076075,0.0076071,0.01,-0.01,-0.0076074,0.0076071,0.01,-0.01,-0.0076074,0.0076072,0.01,-0.01,-0.0076061,0.0076108,0.01,-0.01,-0.0075398,0.007756,0.01,-0.01,-0.0087524,0.005393,0.01,-0.01,-0.0084693,0.0019417,0.0099225,-0.01,-0.0040055,0.0038228,0.01,-0.01,-0.0039226,0.003773,0.01,-0.01,-0.0038518,0.0037474,0.01,-0.01,-0.0037596,0.0038388,0.01,-0.0094233,-0.0015205,0.0092929,0.01,0.01
-0.01,-0.0055593,0.0029623,0.0072176,-0.0077021,-0.0038365,0.0037605,0.0075548,-0.0075661,-0.003783,0.0037814,0.0075629,-0.0075631,-0.0037818,0.0037819,0.0075631,-0.0075631,-0.0037819,0.0037819,0.0075632,-0.007563,-0.003782,0.0037815,0.0075624,-0.0075645,-0.0037843,0.0037785,0.0075591,-0.0075678,-0.0037879,0.0037752,0.0075578,-0.0075658,-0.0037839,0.0037793,0.0075613,-0.0075629,-0.0037816,0.003781,0.0075624,-0.0075624,-0.0037815,0.003781,0.0075624,-0.0075624,-0.0037814,0.0037811,0.0075624,-0.0075624,-0.0037814,0.0037812,0.0075623,-0.0075625,-0.0037813,0.0037812,0.0075623,-0.0075624,-0.0037813,0.0037812,0.0075623,-0.0075624,-0.0037813,0.0037813,0.0075625,-0.0075618,-0.0037799,0.0037848,0.0075714,-0.0075402,-0.0037352,0.0038498,0.0075484,-0.0081142,-0.0048085,0.0020067,0.0054037,-0.0067932,-0.004351,0.00064103,0.0032697,-0.0040762,-0.0020045,0.0019089,0.003855,-0.003889,-0.0019699,0.0018721,0.0037941,-0.0038292,-0.0019311,0.0018647,0.0037661,-0.0037694,-0.0018627,0.001968,0.0040373,-0.0029622,-1.0872e-05,0.0059744,0.01,0.004853
-0.01,-0.0099799,0.0065309,0.01,-0.01,-0.0075743,0.0074961,0.01,-0.01,-0.0075188,0.0075173,0.01,-0.01,-0.0075177,0.0075178,0.01,-0.01,-0.0075177,0.0075178,0.01,-0.01,-0.0075179,0.0075175,0.01,-0.01,-0.0075187,0.0075163,0.01,-0.01,-0.0075198,0.0075153,0.01,-0.01,-0.0075185,0.0075167,0.01,-0.01,-0.0075177,0.0075174,0.01,-0.01,-0.0075177,0.0075174,0.01,-0.01,-0.0075177,0.0075174,0.01,-0.01,-0.0075176,0.0075174,0.01,-0.01,-0.0075176,0.0075175,0.01,-0.01,-0.0075176,0.0075176,0.01,-0.01,-0.0075176,0.0075176,0.01,-0.01,-0.0075162,0.0075213,0.01,-0.01,-0.0074458,0.0076795,0.01,-0.01,-0.0091826,0.0040448,0.01,-0.01,-0.0071335,0.0023442,0.0098612,-0.01,-0.0038494,0.0038703,0.01,-0.01,-0.0039098,0.0037624,0.01,-0.01,-0.0038391,0.0037404,0.01,-0.01,-0.0037526,0.0038263,0.01,-0.0094141,-0.001546,0.0092086,0.01,0.01
-0.01,-0.01,0.01,0.01,-0.01,-0.01,0.01,0.01,-0.01,-0.01,0.01,0.01,-0.01,-0.01,0.01,0.01,-0.01,-0.01,0.01,0.01,-0.01,-0.01,0.01,0.01,-0.01,-0.01,0.01,0.01,-0.01,-0.01,0.01,0.01,-0.01,-0.01,0.01,0.01,-0.01,-0.01,0.01,0.01,-0.01,-0.01,0.01,0.01,-0.01,-0.01,0.01,0.01,-0.01,-0.01,0.01,0.01,-0.01,-0.01,0.01,0.01,-0.01,-0.01,0.01,0.01,-0.01,-0.01,0.01,0.01,-0.01,-0.01,0.01,0.01,-0.01,-0.01,0.01,0.01,-0.01,-0.01,0.01,0.01,-0.01,-0.01,0.0083519,0.01,-0.01,-0.01,0.01,0.01,-0.01,-0.01,0.01,0.01,-0.01,-0.01,0.01,0.01,-0.01,-0.01,0.01,0.01,-0.01,-0.0075135,0.01,0.01,0.01
-0.01,-0.0099694,0.006519,0.01,-0.01,-0.0075626,0.0074844,0.01,-0.01,-0.0075073,0.0075056,0.01,-0.01,-0.0075061,0.0075061,0.01,-0.01,-0.0075062,0.0075061,0.01,-0.01,-0.0075062,0.007506,0.01,-0.01,-0.0075063,0.0075058,0.01,-0.01,-0.0075064,0.0075057,0.01,-0.01,-0.0075063,0.0075058,0.01,-0.01,-0.0075061,0.0075059,0.01,-0.01,-0.0075061,0.007506,0.01,-0.01,-0.0075061,0.007506,0.01,-0.01,-0.007506,0.007506,0.01,-0.01,-0.007506,0.007506,0.01,-0.01,-0.007506,0.007506,0.01,-0.01,-0.0075059,0.0075063,0.01,-0.01,-0.0075033,0.0075108,0.01,-0.01,-0.0074625,0.0076218,0.01,-0.01,-0.0093075,0.0037975,0.01,-0.01,-0.0068506,0.0025212,0.0099489,-0.01,-0.0038265,0.0038783,0.01,-0.01,-0.0039066,0.003762,0.01,-0.01,-0.0038372,0.0037396,0.01,-0.01,-0.0037519,0.0038238,0.01,-0.009418,-0.0015563,0.0091861,0.01,0.01
-0.01,-0.0055101,0.0029114,0.007117,-0.0076012,-0.0037857,0.0037099,0.0074541,-0.0074654,-0.0037323,0.0037306,0.0074621,-0.0074623,-0.0037312,0.0037311,0.0074623,-0.0074623,-0.0037312,0.0037311,0.0074624,-0.0074622,-0.0037313,0.0037311,0.0074624,-0.0074622,-0.0037313,0.003731,0.0074623,-0.0074623,-0.0037313,0.003731,0.0074622,-0.0074623,-0.0037313,0.003731,0.0074623,-0.0074622,-0.0037313,0.0037311,0.0074624,-0.0074622,-0.0037313,0.0037311,0.0074624,-0.0074623,-0.0037313,0.0037312,0.0074624,-0.0074623,-0.0037313,0.0037312,0.0074623,-0.0074623,-0.0037312,0.0037312,0.0074622,-0.0074622,-0.0037311,0.0037312,0.0074622,-0.0074622,-0.003731,0.0037317,0.0074634,-0.0074596,-0.0037255,0.0037413,0.0074716,-0.0074834,-0.0037648,0.0036588,0.0072456,-0.0081238,-0.0051428,0.0011123,0.0043248,-0.0056538,-0.0033546,0.0011558,0.003484,-0.00395,-0.0019456,0.0019244,0.0038506,-0.0038695,-0.001959,0.0018691,0.0037842,-0.0038173,-0.0019243,0.0018609,0.003757,-0.0037605,-0.0018593,0.0019602,0.0040212,-0.002967,-3.6601e-05,0.0059072,0.01,0.0047296
-0.01,-0.0098807,0.0064314,0.01,-0.01,-0.0074747,0.0073966,0.01,-0.01,-0.0074193,0.0074178,0.01,-0.01,-0.0074183,0.0074183,0.01,-0.01,-0.0074183,0.0074183,0.01,-0.01,-0.0074184,0.0074182,0.01,-0.01,-0.0074183,0.0074181,0.01,-0.01,-0.0074182,0.007418,0.01,-0.01,-0.0074182,0.0074181,0.01,-0.01,-0.0074183,0.0074182,0.01,-0.01,-0.0074184,0.0074181,0.01,-0.01,-0.0074183,0.0074181,0.01,-0.01,-0.0074183,0.0074181,0.01,-0.01,-0.0074182,0.0074182,0.01,-0.01,-0.0074182,0.0074183,0.01,-0.01,-0.007418,0.007419,0.01,-0.01,-0.0074052,0.0074489,0.01,-0.01,-0.0075363,0.0071904,0.01,-0.01,-0.0093946,0.0025812,0.01,-0.01,-0.0054241,0.0031273,0.01,-0.01,-0.0038758,0.003838,0.01,-0.01,-0.0038877,0.0037573,0.01,-0.01,-0.0038281,0.0037318,0.01,-0.01,-0.0037441,0.003815,0.01,-0.0094013,-0.001567,0.0091265,0.01,0.01
-0.01,-0.01,0.01,0.01,-0.01,-0.01,0.01,0.01,-0.01,-0.01,0.01,0.01,-0.01,-0.01,0.01,0.01,-0.01,-0.01,0.01,0.01,-0.01,-0.01,0.01,0.01,-0.01,-0.01,0.01,0.01,-0.01,-0.01,0.01,0.01,-0.01,-0.01,0.01,0.01,-0.01,-0.01,0.01,0.01,-0.01,-0.01,0.01,0.01,-0.01,-0.01,0.01,0.01,-0.01,-0.01,0.01,0.01,-0.01,-0.01,0.01,0.01,-0.01,-0.01,0.01,0.01,-0.01,-0.01,0.01,0.01,-0.01,-0.01,0.01,0.01,-0.01,-0.01,0.01,0.01,-0.01,-0.01,0.0093967,0.01,-0.01,-0.01,0.0096392,0.01,-0.01,-0.01,0.01,0.01,-0.01,-0.01,0.01,0.01,-0.01,-0.01,0.01,0.01,-0.01,-0.01,0.01,0.01,-0.01,-0.0075234,0.01,0.01,0.01
-0.01,-0.0098701,0.0064198,0.01,-0.01,-0.0074634,0.0073851,0.01,-0.01,-0.007408,0.0074063,0.01,-0.01,-0.0074068,0.0074068,0.01,-0.01,-0.0074069,0.0074068,0.01,-0.01,-0.007407,0.0074067,0.01,-0.01,-0.0074069,0.0074066,0.01,-0.01,-0.0074069,0.0074066,0.01,-0.01,-0.0074069,0.0074066,0.01,-0.01,-0.0074068,0.0074066,0.01,-0.01,-0.0074068,0.0074067,0.01,-0.01,-0.0074068,0.0074067,0.01,-0.01,-0.0074067,0.0074067,0.01,-0.01,-0.0074067,0.0074067,0.01,-0.01,-0.0074067,0.0074067,0.01,-0.01,-0.0074062,0.0074081,0.01,-0.01,-0.0073886,0.0074424,0.01,-0.01,-0.0076256,0.0070304,0.01,-0.01,-0.0093856,0.0024525,0.01,-0.01,-0.0051754,0.0032923,0.01,-0.01,-0.0038766,0.003831,0.01,-0.01,-0.0038849,0.0037572,0.01,-0.01,-0.0038267,0.0037307,0.01,-0.01,-0.0037429,0.0038133,0.01,-0.0094038,-0.0015749,0.0091072,0.01,0.01
-0.01,-0.0054615,0.0028618,0.0070181,-0.0075023,-0.0037363,0.0036604,0.0073553,-0.0073665,-0.0036829,0.0036811,0.0073633,-0.0073634,-0.0036818,0.0036816,0.0073635,-0.0073633,-0.0036818,0.0036816,0.0073635,-0.0073633,-0.0036819,0.0036816,0.0073635,-0.0073633,-0.0036819,0.0036816,0.0073635,-0.0073633,-0.0036818,0.0036816,0.0073635,-0.0073633,-0.0036818,0.0036815,0.0073635,-0.0073633,-0.0036818,0.0036816,0.0073636,-0.0073634,-0.0036819,0.0036817,0.0073636,-0.0073635,-0.0036819,0.0036817,0.0073635,-0.0073635,-0.0036818,0.0036818,0.0073634,-0.0073634,-0.0036817,0.0036818,0.0073634,-0.0073634,-0.0036816,0.0036818,0.0073635,-0.0073632,-0.003681,0.0036836,0.007368,-0.0073523,-0.0036583,0.0037199,0.0073781,-0.007551,-0.0040152,0.0031061,0.0065603,-0.007697,-0.0050252,0.00059741,0.0035497,-0.0046738,-0.002495,0.0016448,0.0037328,-0.0039214,-0.0019662,0.0018964,0.0038249,-0.0038551,-0.001948,0.0018678,0.0037763,-0.0038072,-0.0019192,0.0018563,0.0037475,-0.0037513,-0.0018549,0.0019543,0.0040082,-0.0029676,-5.5378e-05,0.0058501,0.01,0.0046131
-0.01,-0.0097824,0.0063329,0.01,-0.01,-0.0073763,0.0072981,0.01,-0.01,-0.007321,0.0073193,0.01,-0.01,-0.0073199,0.0073198,0.01,-0.01,-0.0073199,0.0073198,0.01,-0.01,-0.0073199,0.0073197,0.01,-0.01,-0.0073198,0.0073196,0.01,-0.01,-0.0073197,0.0073196,0.01,-0.01,-0.0073198,0.0073196,0.01,-0.01,-0.0073198,0.0073197,0.01,-0.01,-0.0073199,0.0073197,0.01,-0.01,-0.0073199,0.0073197,0.01,-0.01,-0.0073198,0.0073197,0.01,-0.01,-0.0073197,0.0073198,0.01,-0.01,-0.0073197,0.0073199,0.01,-0.01,-0.0073188,0.0073222,0.01,-0.01,-0.00727,0.0074364,0.01,-0.01,-0.008005,0.0059544,0.01,-0.01,-0.0086407,0.0020092,0.01,-0.01,-0.0042706,0.0036932,0.01,-0.01,-0.0039291,0.0037914,0.01,-0.01,-0.0038683,0.0037529,0.01,-0.01,-0.0038191,0.0037221,0.01,-0.01,-0.0037348,0.0038046,0.01,-0.0093868,-0.0015849,0.009049,0.01,0.01
-0.01,-0.01,0.01,0.01,-0.01,-0.01,0.01,0.01,-0.01,-0.01,0.01,0.01,-0.01,-0.01,0.01,0.01,-0.01,-0.01,0.01,0.01,-0.01,-0.01,0.01,0.01,-0.01,-0.01,0.01,0.01,-0.01,-0.01,0.01,0.01,-0.01,-0.01,0.01,0.01,-0.01,-0.01,0.01,0.01,-0.01,-0.01,0.01,0.01,-0.01,-0.01,0.01,0.01,-0.01,-0.01,0.01,0.01,-0.01,-0.01,0.01,0.01,-0.01,-0.01,0.01,0.01,-0.01,-0.01,0.01,0.01,-0.01,-0.01,0.01,0.01,-0.01,-0.01,0.01,0.01,-0.01,-0.01,0.007919,0.01,-0.01,-0.01,0.01,0.01,-0.01,-0.01,0.01,0.01,-0.01,-0.01,0.01,0.01,-0.01,-0.01,0.01,0.01,-0.01,-0.01,0.01,0.01,-0.01,-0.0075315,0.01,0.01,0.01
-0.01,-0.009772,0.0063215,0.01,-0.01,-0.0073651,0.0072869,0.01,-0.01,-0.0073098,0.0073081,0.01,-0.01,-0.0073086,0.0073086,0.01,-0.01,-0.0073087,0.0073085,0.01,-0.01,-0.0073087,0.0073085,0.01,-0.01,-0.0073087,0.0073084,0.01,-0.01,-0.0073086,0.0073084,0.01,-0.01,-0.0073086,0.0073084,0.01,-0.01,-0.0073086,0.0073084,0.01,-0.01,-0.0073086,0.0073085,0.01,-0.01,-0.0073086,0.0073084,0.01,-0.01,-0.0073085,0.0073084,0.01,-0.01,-0.0073084,0.0073084,0.01,-0.01,-0.0073085,0.0073085,0.01,-0.01,-0.0073074,0.0073115,0.01,-0.01,-0.0072552,0.0074255,0.01,-0.01,-0.0081639,0.0056915,0.01,-0.01,-0.0084459,0.0020705,0.01,-0.01,-0.0041402,0.0037764,0.01,-0.01,-0.0039297,0.0037865,0.01,-0.01,-0.0038659,0.0037527,0.01,-0.01,-0.0038179,0.0037209,0.01,-0.01,-0.0037337,0.0038031,0.01,-0.0093892,-0.0015929,0.00903,0.01,0.01
-0.01,-0.0054137,0.0028128,0.0069206,-0.0074047,-0.0036875,0.0036115,0.0072577,-0.0072689,-0.0036341,0.0036323,0.0072658,-0.0072659,-0.0036329,0.0036328,0.007266,-0.0072658,-0.003633,0.0036328,0.007266,-0.0072658,-0.0036331,0.0036328,0.007266,-0.0072658,-0.003633,0.0036327,0.007266,-0.0072658,-0.003633,0.0036327,0.007266,-0.0072658,-0.003633,0.0036327,0.007266,-0.0072658,-0.003633,0.0036328,0.007266,-0.0072658,-0.003633,0.0036328,0.0072661,-0.0072659,-0.0036331,0.0036328,0.007266,-0.0072659,-0.003633,0.0036329,0.0072659,-0.0072659,-0.0036328,0.0036329,0.0072658,-0.0072659,-0.0036328,0.003633,0.007266,-0.0072654,-0.0036317,0.0036359,0.0072735,-0.0072473,-0.0035941,0.0036915,0.0072576,-0.0077188,-0.0044732,0.0021816,0.0054829,-0.0067365,-0.0042969,0.00071153,0.0033424,-0.0041394,-0.0020583,0.0018875,0.0038533,-0.0039045,-0.0019765,0.0018775,0.0038052,-0.0038415,-0.0019385,0.0018661,0.0037687,-0.0037979,-0.0019149,0.0018514,0.003738,-0.0037418,-0.0018502,0.0019491,0.0039962,-0.0029686,-7.4315e-05,0.0057939,0.01,0.0044979
-0.01,-0.0096857,0.006236,0.01,-0.01,-0.0072795,0.0072012,0.01,-0.01,-0.0072241,0.0072224,0.01,-0.01,-0.0072229,0.0072229,0.01,-0.01,-0.0072229,0.0072229,0.01,-0.01,-0.007223,0.0072227,0.01,-0.01,-0.0072229,0.0072226,0.01,-0.01,-0.0072228,0.0072226,0.01,-0.01,-0.0072229,0.0072226,0.01,-0.01,-0.0072229,0.0072228,0.01,-0.01,-0.007223,0.0072227,0.01,-0.01,-0.007223,0.0072226,0.01,-0.01,-0.0072228,0.0072226,0.01,-0.01,-0.0072228,0.0072228,0.01,-0.01,-0.0072228,0.0072229,0.01,-0.01,-0.0072216,0.007226,0.01,-0.01,-0.0071592,0.0073681,0.01,-0.01,-0.0086646,0.0042061,0.01,-0.01,-0.0070137,0.0024409,0.0099721,-0.01,-0.0038992,0.0038652,0.01,-0.01,-0.0039257,0.0037714,0.01,-0.01,-0.0038517,0.0037472,0.01,-0.01,-0.0038102,0.0037124,0.01,-0.01,-0.0037249,0.0037963,0.01,-0.0093755,-0.0016042,0.0089724,0.01,0.01
-0.01,-0.01,0.01,0.01,-0.01,-0.01,0.01,0.01,-0.01,-0.01,0.01,0.01,-0.01,-0.01,0.01,0.01,-0.01,-0.01,0.01,0.01,-0.01,-0.01,0.01,0.01,-0.01,-0.01,0.01,0.01,-0.01,-0.01,0.01,0.01,-0.01,-0.01,0.01,0.01,-0.01,-0.01,0.01,0.01,-0.01,-0.01,0.01,0.01,-0.01,-0.01,0.01,0.01,-0.01,-0.01,0.01,0.01,-0.01,-0.01,0.01,0.01,-0.01,-0.01,0.01,0.01,-0.01,-0.01,0.01,0.01,-0.01,-0.01,0.01,0.01,-0.01,-0.01,0.01,0.01,-0.01,-0.01,0.0085354,0.01,-0.01,-0.01,0.01,0.01,-0.01,-0.01,0.01,0.01,-0.01,-0.01,0.01,0.01,-0.01,-0.01,0.01,0.01,-0.01,-0.01,0.01,0.01,-0.01,-0.0075437,0.01,0.01,0.01
-0.01,-0.0096755,0.0062249,0.01,-0.01,-0.0072684,0.0071903,0.01,-0.01,-0.0072131,0.0072115,0.01,-0.01,-0.0072119,0.007212,0.01,-0.01,-0.007212,0.0072119,0.01,-0.01,-0.007212,0.0072118,0.01,-0.01,-0.007212,0.0072117,0.01,-0.01,-0.0072119,0.0072118,0.01,-0.01,-0.0072119,0.0072118,0.01,-0.01,-0.0072119,0.0072118,0.01,-0.01,-0.0072119,0.0072118,0.01,-0.01,-0.0072119,0.0072118,0.01,-0.01,-0.0072119,0.0072118,0.01,-0.01,-0.0072118,0.0072118,0.01,-0.01,-0.0072118,0.0072121,0.01,-0.01,-0.0072096,0.007216,0.01,-0.01,-0.0071731,0.0073154,0.01,-0.01,-0.0088032,0.0039432,0.01,-0.01,-0.0067265,0.0026153,0.01,-0.01,-0.0038657,0.0038805,0.01,-0.01,-0.0039231,0.0037704,0.01,-0.01,-0.0038497,0.0037466,0.01,-0.01,-0.0038091,0.0037112,0.01,-0.01,-0.0037236,0.003795,0.01,-0.0093781,-0.0016124,0.0089533,0.01,0.01
-0.01,-0.0053666,0.0027645,0.0068243,-0.0073086,-0.0036394,0.0035635,0.0071615,-0.0071727,-0.003586,0.0035843,0.0071695,-0.0071697,-0.0035849,0.0035848,0.0071697,-0.0071697,-0.0035849,0.0035848,0.0071698,-0.0071696,-0.003585,0.0035847,0.0071698,-0.0071696,-0.0035849,0.0035847,0.0071697,-0.0071695,-0.0035848,0.0035847,0.0071697,-0.0071695,-0.0035848,0.0035846,0.0071697,-0.0071696,-0.0035848,0.0035847,0.0071697,-0.0071696,-0.0035849,0.0035848,0.0071698,-0.0071696,-0.0035849,0.0035848,0.0071697,-0.0071696,-0.0035849,0.0035848,0.0071697,-0.0071696,-0.0035848,0.0035848,0.0071697,-0.0071696,-0.0035846,0.0035852,0.0071707,-0.0071672,-0.0035797,0.0035939,0.0071782,-0.0071888,-0.0036153,0.0035194,0.0069752,-0.0077622,-0.0048504,0.001235,0.0043505,-0.0055628,-0.0032807,0.0012124,0.0035279,-0.0039708,-0.0019624,0.0019252,0.003861,-0.0038852,-0.0019679,0.0018725,0.0037939,-0.0038288,-0.001931,0.0018631,0.0037603,-0.0037885,-0.0019104,0.0018465,0.0037287,-0.003732,-0.0018449,0.0019451,0.0039856,-0.0029709,-9.4078e-05,0.0057378,0.01,0.0043841
-0.01,-0.0095901,0.0061403,0.01,-0.01,-0.0071837,0.0071055,0.01,-0.01,-0.0071283,0.0071267,0.01,-0.01,-0.0071271,0.0071272,0.01,-0.01,-0.0071272,0.0071271,0.01,-0.01,-0.0071272,0.0071269,0.01,-0.01,-0.0071271,0.0071268,0.01,-0.01,-0.007127,0.0071268,0.01,-0.01,-0.007127,0.0071268,0.01,-0.01,-0.0071271,0.0071269,0.01,-0.01,-0.0071271,0.0071269,0.01,-0.01,-0.0071271,0.0071268,0.01,-0.01,-0.007127,0.0071269,0.01,-0.01,-0.0071269,0.007127,0.01,-0.01,-0.0071267,0.0071277,0.01,-0.01,-0.0071152,0.0071548,0.01,-0.01,-0.0072337,0.0069217,0.01,-0.01,-0.0089211,0.002731,0.01,-0.01,-0.0053261,0.0031991,0.01,-0.01,-0.0039003,0.003846,0.01,-0.01,-0.0039036,0.0037654,0.01,-0.01,-0.0038399,0.0037392,0.01,-0.01,-0.0038011,0.0037029,0.01,-0.01,-0.003714,0.0037899,0.01,-0.0093674,-0.0016251,0.0088955,0.01,0.01
-0.01,-0.01,0.01,0.01,-0.01,-0.01,0.01,0.01,-0.01,-0.01,0.01,0.01,-0.01,-0.01,0.01,0.01,-0.01,-0.01,0.01,0.01,-0.01,-0.01,0.01,0.01,-0.01,-0.01,0.01,0.01,-0.01,-0.01,0.01,0.01,-0.01,-0.01,0.01,0.01,-0.01,-0.01,0.01,0.01,-0.01,-0.01,0.01,0.01,-0.01,-0.01,0.01,0.01,-0.01,-0.01,0.01,0.01,-0.01,-0.01,0.01,0.01,-0.01,-0.01,0.01,0.01,-0.01,-0.01,0.01,0.01,-0.01,-0.01,0.01,0.01,-0.01,-0.01,0.0095771,0.01,-0.01,-0.01,0.0097676,0.01,-0.01,-0.01,0.01,0.01,-0.01,-0.01,0.01,0.01,-0.01,-0.01,0.01,0.01,-0.01,-0.01,0.01,0.01,-0.01,-0.01,0.01,0.01,-0.01,-0.0075601,0.01,0.01,0.01
-0.01,-0.0095799,0.0061293,0.01,-0.01,-0.0071728,0.0070946,0.01,-0.01,-0.0071175,0.0071158,0.01,-0.01,-0.0071163,0.0071163,0.01,-0.01,-0.0071163,0.0071163,0.01,-0.01,-0.0071164,0.0071162,0.01,-0.01,-0.0071163,0.0071161,0.01,-0.01,-0.0071163,0.0071162,0.01,-0.01,-0.0071162,0.0071161,0.01,-0.01,-0.0071163,0.0071162,0.01,-0.01,-0.0071163,0.0071162,0.01,-0.01,-0.0071163,0.0071161,0.01,-0.01,-0.0071162,0.0071161,0.01,-0.01,-0.0071161,0.0071162,0.01,-0.01,-0.0071157,0.0071174,0.01,-0.01,-0.0070999,0.0071484,0.01,-0.01,-0.0073142,0.006776,0.01,-0.01,-0.0089193,0.0026041,0.01,-0.01,-0.0050908,0.0033547,0.01,-0.01,-0.0038999,0.0038399,0.01,-0.01,-0.0039008,0.0037654,0.01,-0.01,-0.0038385,0.0037382,0.01,-0.01,-0.0037999,0.0037017,0.01,-0.01,-0.0037126,0.0037889,0.01,-0.0093703,-0.0016337,0.0088764,0.01,0.01
-0.01,-0.0053199,0.0027168,0.0067291,-0.0072134,-0.0035918,0.003516,0.0070663,-0.0070776,-0.0035384,0.0035368,0.0070743,-0.0070746,-0.0035373,0.0035373,0.0070745,-0.0070745,-0.0035373,0.0035373,0.0070746,-0.0070744,-0.0035374,0.0035372,0.0070745,-0.0070744,-0.0035373,0.0035372,0.0070745,-0.0070744,-0.0035373,0.0035372,0.0070745,-0.0070744,-0.0035373,0.0035371,0.0070745,-0.0070744,-0.0035373,0.0035372,0.0070745,-0.0070744,-0.0035373,0.0035372,0.0070746,-0.0070744,-0.0035374,0.0035372,0.0070745,-0.0070744,-0.0035373,0.0035372,0.0070745,-0.0070744,-0.0035372,0.0035373,0.0070746,-0.0070742,-0.0035367,0.0035389,0.0070787,-0.0070644,-0.0035162,0.0035716,0.007088,-0.0072441,-0.0038389,0.0030164,0.0063473,-0.0073802,-0.0047611,0.00073144,0.0036055,-0.0046323,-0.0024651,0.0016728,0.0037587,-0.0039371,-0.0019766,0.0019004,0.0038367,-0.0038692,-0.0019563,0.0018714,0.0037861,-0.0038182,-0.0019256,0.0018588,0.0037513,-0.0037791,-0.0019058,0.0018418,0.0037196,-0.0037221,-0.0018391,0.0019421,0.0039763,-0.0029742,-0.00011481,0.0056815,0.01,0.0042717
-0.01,-0.0094952,0.0060456,0.01,-0.01,-0.0070888,0.0070106,0.01,-0.01,-0.0070334,0.0070319,0.01,-0.01,-0.0070322,0.0070323,0.01,-0.01,-0.0070323,0.0070322,0.01,-0.01,-0.0070324,0.0070321,0.01,-0.01,-0.0070322,0.007032,0.01,-0.01,-0.0070321,0.0070321,0.01,-0.01,-0.0070322,0.007032,0.01,-0.01,-0.0070322,0.0070321,0.01,-0.01,-0.0070323,0.007032,0.01,-0.01,-0.0070323,0.0070319,0.01,-0.01,-0.0070321,0.007032,0.01,-0.01,-0.0070321,0.0070321,0.01,-0.01,-0.0070313,0.0070344,0.01,-0.01,-0.0069872,0.0071375,0.01,-0.01,-0.007652,0.0057973,0.01,-0.01,-0.0082366,0.0022081,0.01,-0.01,-0.0042747,0.0037149,0.01,-0.01,-0.0039462,0.0038014,0.01,-0.01,-0.0038826,0.0037612,0.01,-0.01,-0.0038303,0.00373,0.01,-0.01,-0.0037916,0.0036937,0.01,-0.01,-0.0037028,0.003785,0.01,-0.009362,-0.0016476,0.0088184,0.01,0.01
-0.01,-0.01,0.01,0.01,-0.01,-0.01,0.01,0.01,-0.01,-0.01,0.01,0.01,-0.01,-0.01,0.01,0.01,-0.01,-0.01,0.01,0.01,-0.01,-0.01,0.01,0.01,-0.01,-0.01,0.01,0.01,-0.01,-0.01,0.01,0.01,-0.01,-0.01,0.01,0.01,-0.01,-0.01,0.01,0.01,-0.01,-0.01,0.01,0.01,-0.01,-0.01,0.01,0.01,-0.01,-0.01,0.01,0.01,-0.01,-0.01,0.01,0.01,-0.01,-0.01,0.01,0.01,-0.01,-0.01,0.01,0.01,-0.01,-0.01,0.01,0.01,-0.01,-0.01,0.0082508,0.01,-0.01,-0.01,0.01,0.01,-0.01,-0.01,0.01,0.01,-0.01,-0.01,0.01,0.01,-0.01,-0.01,0.01,0.01,-0.01,-0.01,0.01,0.01,-0.01,-0.01,0.01,0.01,-0.01,-0.0075798,0.01,0.01,0.01
-0.01,-0.0094852,0.0060347,0.01,-0.01,-0.0070781,0.0069999,0.01,-0.01,-0.0070228,0.0070211,0.01,-0.01,-0.0070216,0.0070216,0.01,-0.01,-0.0070217,0.0070215,0.01,-0.01,-0.0070217,0.0070215,0.01,-0.01,-0.0070216,0.0070214,0.01,-0.01,-0.0070216,0.0070215,0.01,-0.01,-0.0070216,0.0070214,0.01,-0.01,-0.0070216,0.0070215,0.01,-0.01,-0.0070216,0.0070215,0.01,-0.01,-0.0070216,0.0070214,0.01,-0.01,-0.0070215,0.0070214,0.01,-0.01,-0.0070214,0.0070216,0.01,-0.01,-0.0070205,0.0070243,0.01,-0.01,-0.0069737,0.0071266,0.01,-0.01,-0.007795,0.0055587,0.01,-0.01,-0.0080586,0.0022642,0.01,-0.01,-0.0041563,0.0037902,0.01,-0.01,-0.0039467,0.0037967,0.01,-0.01,-0.00388,0.0037612,0.01,-0.01,-0.003829,0.0037289,0.01,-0.01,-0.0037904,0.0036928,0.01,-0.01,-0.0037014,0.0037842,0.01,-0.009365,-0.0016561,0.0087995,0.01,0.01
-0.01,-0.0052737,0.0026697,0.006635,-0.0071193,-0.0035448,0.003469,0.0069722,-0.0069835,-0.0034914,0.0034897,0.0069802,-0.0069804,-0.0034903,0.0034902,0.0069804,-0.0069803,-0.0034903,0.0034902,0.0069804,-0.0069803,-0.0034903,0.0034902,0.0069804,-0.0069803,-0.0034902,0.0034901,0.0069803,-0.0069803,-0.0034902,0.0034901,0.0069803,-0.0069803,-0.0034902,0.0034901,0.0069803,-0.0069803,-0.0034902,0.0034902,0.0069804,-0.0069803,-0.0034903,0.0034902,0.0069805,-0.0069803,-0.0034904,0.0034902,0.0069804,-0.0069803,-0.0034903,0.0034902,0.0069803,-0.0069803,-0.0034902,0.0034904,0.0069806,-0.0069799,-0.0034891,0.0034931,0.0069875,-0.0069639,-0.0034561,0.0035413,0.0069708,-0.0073879,-0.0042493,0.0021761,0.0053647,-0.0065021,-0.0040957,0.00083615,0.0034169,-0.0041461,-0.0020683,0.0018921,0.0038665,-0.00392,-0.0019854,0.0018819,0.0038166,-0.0038544,-0.0019459,0.00187,0.0037784,-0.0038086,-0.001921,0.0018541,0.0037419,-0.0037697,-0.0019009,0.0018376,0.0037109,-0.0037123,-0.0018333,0.0019397,0.0039675,-0.0029781,-0.00013583,0.0056255,0.01,0.0041606
-0.01,-0.0094016,0.0059521,0.01,-0.01,-0.0069953,0.0069171,0.01,-0.01,-0.0069399,0.0069383,0.01,-0.01,-0.0069387,0.0069388,0.01,-0.01,-0.0069388,0.0069387,0.01,-0.01,-0.0069388,0.0069386,0.01,-0.01,-0.0069387,0.0069385,0.01,-0.01,-0.0069387,0.0069386,0.01,-0.01,-0.0069387,0.0069385,0.01,-0.01,-0.0069387,0.0069386,0.01,-0.01,-0.0069388,0.0069385,0.01,-0.01,-0.0069388,0.0069385,0.01,-0.01,-0.0069386,0.0069385,0.01,-0.01,-0.0069385,0.0069387,0.01,-0.01,-0.0069373,0.0069422,0.01,-0.01,-0.0068831,0.0070648,0.01,-0.01,-0.0082389,0.0042061,0.01,-0.01,-0.006753,0.0025949,0.01,-0.01,-0.0039305,0.0038717,0.01,-0.01,-0.0039417,0.0037814,0.01,-0.01,-0.003865,0.003756,0.01,-0.01,-0.0038213,0.0037204,0.01,-0.01,-0.0037818,0.0036854,0.01,-0.01,-0.003692,0.0037803,0.01,-0.0093574,-0.0016702,0.008742,0.01,0.0099946
-0.01,-0.01,0.01,0.01,-0.01,-0.01,0.01,0.01,-0.01,-0.01,0.01,0.01,-0.01,-0.01,0.01,0.01,-0.01,-0.01,0.01,0.01,-0.01,-0.01,0.01,0.01,-0.01,-0.01,0.01,0.01,-0.01,-0.01,0.01,0.01,-0.01,-0.01,0.01,0.01,-0.01,-0.01,0.01,0.01,-0.01,-0.01,0.01,0.01,-0.01,-0.01,0.01,0.01,-0.01,-0.01,0.01,0.01,-0.01,-0.01,0.01,0.01,-0.01,-0.01,0.01,0.01,-0.01,-0.01,0.01,0.01,-0.01,-0.01,0.01,0.01,-0.01,-0.01,0.0087915,0.01,-0.01,-0.01,0.01,0.01,-0.01,-0.01,0.01,0.01,-0.01,-0.01,0.01,0.01,-0.01,-0.01,0.01,0.01,-0.01,-0.01,0.01,0.01,-0.01,-0.01,0.01,0.01,-0.01,-0.0075999,0.01,0.01,0.01
-0.01,-0.0093917,0.0059414,0.01,-0.01,-0.0069846,0.0069065,0.01,-0.01,-0.0069293,0.0069277,0.01,-0.01,-0.0069282,0.0069282,0.01,-0.01,-0.0069282,0.0069282,0.01,-0.01,-0.0069282,0.0069281,0.01,-0.01,-0.0069282,0.0069281,0.01,-0.01,-0.0069281,0.0069281,0.01,-0.01,-0.0069281,0.0069281,0.01,-0.01,-0.0069281,0.0069281,0.01,-0.01,-0.0069282,0.006928,0.01,-0.01,-0.0069282,0.006928,0.01,-0.01,-0.0069281,0.006928,0.01,-0.01,-0.0069281,0.0069282,0.01,-0.01,-0.0069262,0.0069321,0.01,-0.01,-0.006887,0.0070284,0.01,-0.01,-0.0083618,0.0039794,0.01,-0.01,-0.0065126,0.0027383,0.01,-0.01,-0.0038982,0.0038869,0.01,-0.01,-0.0039391,0.0037803,0.01,-0.01,-0.0038628,0.0037557,0.01,-0.01,-0.0038202,0.0037192,0.01,-0.01,-0.0037804,0.0036846,0.01,-0.01,-0.0036909,0.0037794,0.01,-0.0093604,-0.0016787,0.0087233,0.01,0.0099697
-0.01,-0.005228,0.0026231,0.0065419,-0.0070263,-0.0034983,0.0034225,0.0068791,-0.0068905,-0.0034449,0.0034433,0.0068872,-0.0068874,-0.0034438,0.0034437,0.0068874,-0.0068873,-0.0034438,0.0034437,0.0068873,-0.0068873,-0.0034437,0.0034437,0.0068873,-0.0068873,-0.0034438,0.0034437,0.0068873,-0.0068873,-0.0034437,0.0034437,0.0068873,-0.0068873,-0.0034437,0.0034437,0.0068873,-0.0068873,-0.0034437,0.0034437,0.0068874,-0.0068872,-0.0034438,0.0034437,0.0068874,-0.0068873,-0.0034439,0.0034437,0.0068874,-0.0068873,-0.0034438,0.0034438,0.0068873,-0.0068873,-0.0034437,0.003444,0.006888,-0.0068858,-0.0034406,0.0034496,0.0068944,-0.0068915,-0.0034483,0.0034226,0.006756,-0.0074447,-0.0045881,0.0013626,0.0043984,-0.0055126,-0.0032428,0.0012455,0.0035569,-0.0039862,-0.0019728,0.0019299,0.0038738,-0.0039,-0.0019766,0.0018764,0.0038044,-0.0038406,-0.0019374,0.0018677,0.0037703,-0.0037993,-0.0019166,0.0018493,0.0037325,-0.0037599,-0.0018955,0.0018343,0.0037033,-0.0037035,-0.0018282,0.0019369,0.0039588,-0.0029822,-0.0001567,0.0055702,0.01,0.0040508
-0.01,-0.009309,0.0058596,0.01,-0.01,-0.0069026,0.0068245,0.01,-0.01,-0.0068472,0.0068457,0.01,-0.01,-0.0068461,0.0068462,0.01,-0.01,-0.0068462,0.0068462,0.01,-0.01,-0.0068462,0.006846,0.01,-0.01,-0.0068461,0.0068459,0.01,-0.01,-0.006846,0.0068459,0.01,-0.01,-0.006846,0.0068459,0.01,-0.01,-0.0068461,0.006846,0.01,-0.01,-0.0068462,0.0068459,0.01,-0.01,-0.0068461,0.0068458,0.01,-0.01,-0.006846,0.0068459,0.01,-0.01,-0.0068458,0.0068464,0.01,-0.01,-0.0068395,0.0068612,0.01,-0.01,-0.0068843,0.0067763,0.01,-0.01,-0.0084956,0.0030227,0.01,-0.01,-0.0054332,0.0031747,0.01,-0.01,-0.0039087,0.0038611,0.01,-0.01,-0.0039196,0.0037735,0.01,-0.01,-0.0038508,0.0037492,0.01,-0.01,-0.0038124,0.0037107,0.01,-0.01,-0.0037711,0.003679,0.01,-0.01,-0.0036833,0.0037749,0.01,-0.0093526,-0.0016924,0.0086666,0.01,0.009729
-0.01,-0.01,0.01,0.01,-0.01,-0.01,0.01,0.01,-0.01,-0.01,0.01,0.01,-0.01,-0.01,0.01,0.01,-0.01,-0.01,0.01,0.01,-0.01,-0.01,0.01,0.01,-0.01,-0.01,0.01,0.01,-0.01,-0.01,0.01,0.01,-0.01,-0.01,0.01,0.01,-0.01,-0.01,0.01,0.01,-0.01,-0.01,0.01,0.01,-0.01,-0.01,0.01,0.01,-0.01,-0.01,0.01,0.01,-0.01,-0.01,0.01,0.01,-0.01,-0.01,0.01,0.01,-0.01,-0.01,0.01,0.01,-0.01,-0.01,0.01,0.01,-0.01,-0.01,0.0097051,0.01,-0.01,-0.01,0.01,0.01,-0.01,-0.01,0.01,0.01,-0.01,-0.01,0.01,0.01,-0.01,-0.01,0.01,0.01,-0.01,-0.01,0.01,0.01,-0.01,-0.01,0.01,0.01,-0.01,-0.0076193,0.01,0.01,0.01
-0.01,-0.0093006,0.0058482,0.01,-0.01,-0.0068922,0.006814,0.01,-0.01,-0.0068368,0.0068352,0.01,-0.01,-0.0068356,0.0068357,0.01,-0.01,-0.0068356,0.0068357,0.01,-0.01,-0.0068357,0.0068356,0.01,-0.01,-0.0068357,0.0068356,0.01,-0.01,-0.0068356,0.0068356,0.01,-0.01,-0.0068356,0.0068356,0.01,-0.01,-0.0068357,0.0068356,0.01,-0.01,-0.0068357,0.0068355,0.01,-0.01,-0.0068357,0.0068355,0.01,-0.01,-0.0068356,0.0068355,0.01,-0.01,-0.0068353,0.0068363,0.01,-0.01,-0.0068259,0.006854,0.01,-0.01,-0.0069371,0.0066721,0.01,-0.01,-0.0085104,0.002904,0.01,-0.01,-0.0052348,0.0033051,0.01,-0.01,-0.003907,0.0038563,0.01,-0.01,-0.0039167,0.0037735,0.01,-0.01,-0.0038492,0.0037484,0.01,-0.01,-0.0038113,0.0037097,0.01,-0.01,-0.0037695,0.0036787,0.01,-0.01,-0.0036824,0.0037739,0.01,-0.0093549,-0.0016994,0.0086503,0.01,0.0097024
-0.0099817,-0.0051868,0.0025752,0.0064492,-0.0069344,-0.0034523,0.0033764,0.0067871,-0.0067983,-0.0033989,0.0033972,0.0067951,-0.0067953,-0.0033978,0.0033977,0.0067953,-0.0067952,-0.0033977,0.0033977,0.0067953,-0.0067952,-0.0033977,0.0033977,0.0067953,-0.0067952,-0.0033977,0.0033977,0.0067952,-0.0067952,-0.0033977,0.0033977,0.0067952,-0.0067952,-0.0033977,0.0033977,0.0067952,-0.0067953,-0.0033977,0.0033977,0.0067953,-0.0067952,-0.0033978,0.0033977,0.0067953,-0.0067952,-0.0033979,0.0033978,0.0067953,-0.0067953,-0.0033978,0.0033978,0.0067953,-0.0067951,-0.0033973,0.0033989,0.0067981,-0.0067883,-0.0033833,0.0034214,0.006806,-0.0069036,-0.0035895,0.0030621,0.006291,-0.007184,-0.0045703,0.00090244,0.0037497,-0.0047275,-0.0025536,0.0016309,0.0037462,-0.0039511,-0.0019804,0.001909,0.0038507,-0.0038829,-0.0019647,0.0018748,0.0037955,-0.0038288,-0.0019309,0.001864,0.0037614,-0.0037899,-0.0019119,0.0018445,0.0037232,-0.0037496,-0.0018891,0.0018323,0.003697,-0.0036959,-0.0018243,0.0019333,0.0039497,-0.0029842,-0.00017308,0.0055232,0.01,0.0039329
-0.01,-0.0092264,0.0057652,0.01,-0.01,-0.006811,0.006733,0.01,-0.01,-0.0067556,0.0067542,0.01,-0.01,-0.0067545,0.0067547,0.01,-0.01,-0.0067546,0.0067546,0.01,-0.01,-0.0067546,0.0067544,0.01,-0.01,-0.0067545,0.0067544,0.01,-0.01,-0.0067544,0.0067544,0.01,-0.01,-0.0067545,0.0067544,0.01,-0.01,-0.0067545,0.0067544,0.01,-0.01,-0.0067546,0.0067544,0.01,-0.01,-0.0067545,0.0067543,0.01,-0.01,-0.0067544,0.0067544,0.01,-0.01,-0.0067538,0.0067559,0.01,-0.01,-0.0067225,0.0068293,0.01,-0.01,-0.0071676,0.005936,0.01,-0.01,-0.0080584,0.0024283,0.01,-0.01,-0.0044353,0.003656,0.01,-0.01,-0.0039517,0.0038178,0.01,-0.01,-0.0038979,0.003769,0.01,-0.01,-0.0038404,0.0037404,0.01,-0.01,-0.0038031,0.0037012,0.01,-0.01,-0.0037589,0.0036752,0.01,-0.01,-0.0036765,0.0037679,0.01,-0.0093426,-0.001705,0.0086155,0.01,0.0094206
-0.01,-0.01,0.01,0.01,-0.01,-0.01,0.01,0.01,-0.01,-0.01,0.01,0.01,-0.01,-0.01,0.01,0.01,-0.01,-0.01,0.01,0.01,-0.01,-0.01,0.01,0.01,-0.01,-0.01,0.01,0.01,-0.01,-0.01,0.01,0.01,-0.01,-0.01,0.01,0.01,-0.01,-0.01,0.01,0.01,-0.01,-0.01,0.01,0.01,-0.01,-0.01,0.01,0.01,-0.01,-0.01,0.01,0.01,-0.01,-0.01,0.01,0.01,-0.01,-0.01,0.01,0.01,-0.01,-0.01,0.01,0.01,-0.01,-0.01,0.0086868,0.01,-0.01,-0.01,0.01,0.01,-0.01,-0.01,0.01,0.01,-0.01,-0.01,0.01,0.01,-0.01,-0.01,0.01,0.01,-0.01,-0.01,0.01,0.01,-0.01,-0.01,0.01,0.01,-0.01,-0.01,0.01,0.01,-0.01,-0.0076244,0.01,0.01,0.01
-0.01,-0.009209,0.0057592,0.01,-0.01,-0.0068,0.0067229,0.01,-0.01,-0.0067452,0.0067438,0.01,-0.01,-0.0067441,0.0067442,0.01,-0.01,-0.0067441,0.0067442,0.01,-0.01,-0.0067442,0.0067441,0.01,-0.01,-0.0067441,0.006744,0.01,-0.01,-0.0067441,0.0067441,0.01,-0.01,-0.0067441,0.0067441,0.01,-0.01,-0.0067442,0.0067441,0.01,-0.01,-0.0067443,0.006744,0.01,-0.01,-0.0067442,0.0067439,0.01,-0.01,-0.0067441,0.006744,0.01,-0.01,-0.0067433,0.0067461,0.01,-0.01,-0.0067078,0.0068219,0.01,-0.01,-0.0072838,0.0057402,0.01,-0.01,-0.0079302,0.0024473,0.01,-0.01,-0.0043104,0.0037365,0.01,-0.01,-0.0039527,0.0038126,0.01,-0.01,-0.0038951,0.0037691,0.01,-0.01,-0.0038392,0.0037394,0.01,-0.01,-0.003802,0.0037003,0.01,-0.01,-0.0037546,0.0036796,0.01,-0.01,-0.0036736,0.0037748,0.01,-0.0093609,-0.001733,0.0085796,0.01,0.009403
-0.0098578,-0.0051187,0.0025424,0.0063647,-0.0068402,-0.0034054,0.0033316,0.0066964,-0.0067072,-0.0033533,0.0033518,0.0067041,-0.0067043,-0.0033523,0.0033522,0.0067043,-0.0067042,-0.0033522,0.0033522,0.0067043,-0.0067042,-0.0033522,0.0033522,0.0067043,-0.0067042,-0.0033523,0.0033522,0.0067042,-0.0067042,-0.0033522,0.0033522,0.0067042,-0.0067043,-0.0033522,0.0033523,0.0067042,-0.0067043,-0.0033523,0.0033523,0.0067043,-0.0067042,-0.0033524,0.0033523,0.0067043,-0.0067043,-0.0033524,0.0033523,0.0067043,-0.0067042,-0.0033523,0.0033524,0.0067043,-0.0067039,-0.0033514,0.0033545,0.0067101,-0.0066893,-0.0033212,0.0034006,0.0067091,-0.0070162,-0.003922,0.0023742,0.0054803,-0.0064892,-0.0040772,0.00089304,0.0034886,-0.0042208,-0.0021307,0.0018665,0.0038628,-0.0039349,-0.0019913,0.0018886,0.0038291,-0.0038673,-0.0019534,0.0018738,0.0037879,-0.0038188,-0.001926,0.0018595,0.0037521,-0.0037803,-0.0019071,0.0018401,0.0037147,-0.0037363,-0.0018753,0.001846,0.0037108,-0.0036996,-0.0018172,0.0019607,0.0039808,-0.0030517,-0.00025877,0.0054114,0.01,0.0038601
-0.01,-0.0090684,0.0057064,0.01,-0.01,-0.0067176,0.0066438,0.01,-0.01,-0.0066651,0.0066637,0.01,-0.01,-0.006664,0.0066641,0.01,-0.01,-0.0066641,0.006664,0.01,-0.01,-0.0066641,0.0066639,0.01,-0.01,-0.006664,0.0066638,0.01,-0.01,-0.0066639,0.0066639,0.01,-0.01,-0.006664,0.0066639,0.01,-0.01,-0.006664,0.0066639,0.01,-0.01,-0.006664,0.0066639,0.01,-0.01,-0.006664,0.0066638,0.01,-0.01,-0.0066639,0.0066639,0.01,-0.01,-0.006663,0.0066662,0.01,-0.01,-0.0066081,0.0067919,0.01,-0.01,-0.0076831,0.0045716,0.01,-0.01,-0.0068586,0.002606,0.01,-0.01,-0.0039874,0.0038629,0.01,-0.01,-0.0039565,0.0037919,0.01,-0.01,-0.003878,0.0037648,0.01,-0.01,-0.003831,0.0037312,0.01,-0.01,-0.0037934,0.003692,0.01,-0.01,-0.0037316,0.0037151,0.01,-0.01,-0.0036733,0.0038654,0.01,-0.0096193,-0.0019207,0.0083599,0.01,0.0093792
-0.01,-0.01,0.01,0.01,-0.01,-0.01,0.01,0.01,-0.01,-0.01,0.01,0.01,-0.01,-0.01,0.01,0.01,-0.01,-0.01,0.01,0.01,-0.01,-0.01,0.01,0.01,-0.01,-0.01,0.01,0.01,-0.01,-0.01,0.01,0.01,-0.01,-0.01,0.01,0.01,-0.01,-0.01,0.01,0.01,-0.01,-0.01,0.01,0.01,-0.01,-0.01,0.01,0.01,-0.01,-0.01,0.01,0.01,-0.01,-0.01,0.01,0.01,-0.01,-0.01,0.01,0.01,-0.01,-0.01,0.01,0.01,-0.01,-0.01,0.0088136,0.01,-0.01,-0.01,0.01,0.01,-0.01,-0.01,0.01,0.01,-0.01,-0.01,0.01,0.01,-0.01,-0.01,0.01,0.01,-0.01,-0.01,0.01,0.01,-0.01,-0.01,0.01,0.01,-0.01,-0.01,0.01,0.01,-0.01,-0.0080853,0.01,0.01,0.01
-0.01,-0.0088908,0.0057811,0.01,-0.01,-0.0067008,0.0066361,0.01,-0.01,-0.0066547,0.0066535,0.01,-0.01,-0.0066537,0.0066539,0.01,-0.01,-0.0066538,0.0066538,0.01,-0.01,-0.0066539,0.0066537,0.01,-0.01,-0.0066538,0.0066537,0.01,-0.01,-0.0066537,0.0066538,0.01,-0.01,-0.0066538,0.0066537,0.01,-0.01,-0.0066538,0.0066537,0.01,-0.01,-0.0066539,0.0066536,0.01,-0.01,-0.0066539,0.0066536,0.01,-0.01,-0.0066537,0.0066537,0.01,-0.01,-0.0066523,0.0066565,0.01,-0.01,-0.0066092,0.0067608,0.01,-0.01,-0.0078069,0.0043478,0.01,-0.01,-0.006633,0.0027331,0.01,-0.01,-0.0039431,0.0038865,0.01,-0.01,-0.0039544,0.0037903,0.01,-0.01,-0.0038754,0.0037649,0.01,-0.01,-0.0038273,0.0037348,0.01,-0.01,-0.0037909,0.0036977,0.01,-0.01,-0.0037643,0.0036717,0.01,-0.01,-0.0037313,0.0037441,0.01,-0.0095997,-0.0019682,0.0081665,0.01,0.0095864
-0.0088496,-0.0045842,0.0027169,0.0063655,-0.0067144,-0.0033465,0.003292,0.0066085,-0.0066166,-0.0033082,0.0033069,0.0066143,-0.0066144,-0.0033074,0.0033072,0.0066144,-0.0066143,-0.0033073,0.0033072,0.0066144,-0.0066143,-0.0033073,0.0033072,0.0066144,-0.0066143,-0.0033073,0.0033073,0.0066143,-0.0066144,-0.0033073,0.0033073,0.0066143,-0.0066144,-0.0033073,0.0033074,0.0066144,-0.0066144,-0.0033074,0.0033074,0.0066145,-0.0066143,-0.0033075,0.0033073,0.0066144,-0.0066143,-0.0033075,0.0033074,0.0066144,-0.0066143,-0.0033073,0.0033076,0.0066148,-0.0066131,-0.0033046,0.0033124,0.0066208,-0.0066152,-0.0033054,0.0033002,0.006517,-0.007088,-0.0042665,0.0015738,0.0045329,-0.0055388,-0.0032717,0.0012476,0.0035761,-0.0040164,-0.0019931,0.0019296,0.0038839,-0.0039155,-0.0019852,0.0018806,0.0038149,-0.0038522,-0.0019436,0.0018723,0.0037809,-0.0038061,-0.0019138,0.0018704,0.0037626,-0.0037832,-0.0019008,0.0018635,0.0037396,-0.0038085,-0.0019747,0.0017076,0.0035459,-0.0037021,-0.0019646,0.0015435,0.0034249,-0.0027749,-0.00032239,0.0046911,0.0093665,0.0048164
-0.01,-0.0078965,0.0060216,0.01,-0.01,-0.0066087,0.0065613,0.01,-0.01,-0.0065752,0.0065742,0.01,-0.01,-0.0065745,0.0065745,0.01,-0.01,-0.0065746,0.0065745,0.01,-0.01,-0.0065746,0.0065743,0.01,-0.01,-0.0065745,0.0065743,0.01,-0.01,-0.0065744,0.0065744,0.01,-0.01,-0.0065744,0.0065743,0.01,-0.01,-0.0065745,0.0065743,0.01,-0.01,-0.0065745,0.0065743,0.01,-0.01,-0.0065744,0.0065742,0.01,-0.01,-0.0065742,0.0065746,0.01,-0.01,-0.0065686,0.0065876,0.01,-0.01,-0.0066016,0.0065271,0.01,-0.01,-0.0080099,0.0032538,0.01,-0.01,-0.0054328,0.0031995,0.01,-0.01,-0.0039339,0.0038694,0.01,-0.01,-0.0039356,0.0037822,0.01,-0.01,-0.0038619,0.0037587,0.01,-0.01,-0.0038054,0.0037678,0.01,-0.01,-0.0037934,0.003781,0.01,-0.01,-0.0040084,0.0032953,0.0095322,-0.0098459,-0.0039331,0.0025139,0.0078866,-0.0073775,-0.0015597,0.006245,0.01,0.01
-0.01,-0.01,0.01,0.01,-0.01,-0.01,0.01,0.01,-0.01,-0.01,0.01,0.01,-0.01,-0.01,0.01,0.01,-0.01,-0.01,0.01,0.01,-0.01,-0.01,0.01,0.01,-0.01,-0.01,0.01,0.01,-0.01,-0.01,0.01,0.01,-0.01,-0.01,0.01,0.01,-0.01,-0.01,0.01,0.01,-0.01,-0.01,0.01,0.01,-0.01,-0.01,0.01,0.01,-0.01,-0.01,0.01,0.01,-0.01,-0.01,0.01,0.01,-0.01,-0.01,0.01,0.01,-0.01,-0.01,0.01,0.01,-0.01,-0.01,0.0097729,0.01,-0.01,-0.01,0.01,0.01,-0.01,-0.01,0.01,0.01,-0.01,-0.01,0.01,0.01,-0.01,-0.01,0.01,0.01,-0.01,-0.01,0.01,0.01,-0.01,-0.01,0.009245,0.01,-0.01,-0.01,0.0070722,0.01,-0.01,-0.0063438,0.01,0.01,0.01
-0.01,-0.0076759,0.0061176,0.01,-0.01,-0.0065905,0.0065543,0.01,-0.01,-0.0065648,0.0065642,0.01,-0.01,-0.0065643,0.0065645,0.01,-0.01,-0.0065644,0.0065644,0.01,-0.01,-0.0065644,0.0065643,0.01,-0.01,-0.0065644,0.0065643,0.01,-0.01,-0.0065643,0.0065644,0.01,-0.01,-0.0065644,0.0065643,0.01,-0.01,-0.0065644,0.0065643,0.01,-0.01,-0.0065645,0.0065642,0.01,-0.01,-0.0065644,0.0065641,0.01,-0.01,-0.0065641,0.0065649,0.01,-0.01,-0.0065557,0.0065803,0.01,-0.01,-0.0066493,0.0064307,0.01,-0.01,-0.0080422,0.0031158,0.01,-0.01,-0.0052228,0.0033361,0.01,-0.01,-0.0039292,0.0038666,0.01,-0.01,-0.0039298,0.003787,0.01,-0.01,-0.0038589,0.0037648,0.01,-0.01,-0.0038405,0.0037204,0.01,-0.01,-0.0038725,0.0036245,0.01,-0.01,-0.0040434,0.0030851,0.0092916,-0.009694,-0.0038583,0.0023433,0.0076516,-0.007157,-0.0014111,0.006138,0.01,0.01
-0.0076042,-0.0039284,0.0029451,0.0063887,-0.0065814,-0.0032851,0.003254,0.006522,-0.0065268,-0.0032633,0.0032626,0.0065255,-0.0065256,-0.0032629,0.0032628,0.0065256,-0.0065255,-0.0032628,0.0032628,0.0065255,-0.0065255,-0.0032628,0.0032629,0.0065255,-0.0065256,-0.0032628,0.0032629,0.0065255,-0.0065256,-0.0032628,0.0032629,0.0065255,-0.0065256,-0.0032629,0.0032629,0.0065255,-0.0065255,-0.0032629,0.0032629,0.0065256,-0.0065254,-0.003263,0.0032629,0.0065255,-0.0065254,-0.003263,0.0032629,0.0065256,-0.0065253,-0.0032625,0.0032639,0.006528,-0.0065193,-0.00325,0.003284,0.0065352,-0.0066208,-0.0034313,0.0029681,0.0060815,-0.0068725,-0.0043046,0.0010487,0.0038211,-0.0047043,-0.00254,0.0016497,0.0037677,-0.003968,-0.0019907,0.0019139,0.0038641,-0.0038942,-0.0019653,0.0018947,0.003826,-0.0038523,-0.001935,0.0018976,0.0038068,-0.0038818,-0.0020195,0.0017206,0.0035788,-0.0038081,-0.0021081,0.0013241,0.0030372,-0.0034198,-0.001977,0.00093221,0.0024003,-0.0027767,-0.0015711,0.00085021,0.0021993,-0.0015858,0.00030759,0.0041826,0.008306,0.0060856
-0.01,-0.0073061,0.0061468,0.01,-0.01,-0.0065068,0.006478,0.01,-0.01,-0.0064864,0.0064859,0.01,-0.01,-0.006486,0.0064861,0.01,-0.01,-0.0064861,0.006486,0.01,-0.01,-0.0064861,0.006486,0.01,-0.01,-0.006486,0.0064859,0.01,-0.01,-0.0064859,0.006486,0.01,-0.01,-0.006486,0.0064859,0.01,-0.01,-0.006486,0.0064859,0.01,-0.01,-0.006486,0.0064858,0.01,-0.01,-0.006486,0.0064858,0.01,-0.01,-0.0064854,0.0064871,0.01,-0.01,-0.0064573,0.0065527,0.01,-0.01,-0.0068531,0.0057582,0.01,-0.01,-0.0076556,0.0026102,0.01,-0.01,-0.0044213,0.0036841,0.01,-0.01,-0.0039689,0.0038288,0.01,-0.01,-0.0038957,0.003825,0.01,-0.01,-0.0038605,0.0038507,0.01,-0.01,-0.0040952,0.0033228,0.0096394,-0.01,-0.0041841,0.0020668,0.0070275,-0.0076563,-0.0033538,0.0011529,0.0045536,-0.0050189,-0.0020702,0.0012804,0.0040796,-0.0032789,0.00035291,0.0061618,0.01,0.01
-0.01,-0.01,0.01,0.01,-0.01,-0.01,0.01,0.01,-0.01,-0.01,0.01,0.01,-0.01,-0.01,0.01,0.01,-0.01,-0.01,0.01,0.01,-0.01,-0.01,0.01,0.01,-0.01,-0.01,0.01,0.01,-0.01,-0.01,0.01,0.01,-0.01,-0.01,0.01,0.01,-0.01,-0.01,0.01,0.01,-0.01,-0.01,0.01,0.01,-0.01,-0.01,0.01,0.01,-0.01,-0.01,0.01,0.01,-0.01,-0.01,0.01,0.01,-0.01,-0.01,0.01,0.01,-0.01,-0.01,0.0089632,0.01,-0.01,-0.01,0.01,0.01,-0.01,-0.01,0.01,0.01,-0.01,-0.01,0.01,0.01,-0.01,-0.01,0.01,0.01,-0.01,-0.01,0.0093495,0.01,-0.01,-0.01,0.0061665,0.01,-0.01,-0.0082886,0.0036328,0.01,-0.01,-0.0050413,0.0035419,0.01,-0.01,-0.0014256,0.01,0.01,0.01
-0.01,-0.0072424,0.0061641,0.01,-0.01,-0.0064944,0.0064689,0.01,-0.01,-0.0064763,0.0064759,0.01,-0.01,-0.006476,0.0064761,0.01,-0.01,-0.006476,0.006476,0.01,-0.01,-0.0064761,0.0064759,0.01,-0.01,-0.006476,0.0064759,0.01,-0.01,-0.0064759,0.006476,0.01,-0.01,-0.0064759,0.0064759,0.01,-0.01,-0.006476,0.0064759,0.01,-0.01,-0.006476,0.0064758,0.01,-0.01,-0.006476,0.0064758,0.01,-0.01,-0.0064752,0.0064776,0.01,-0.01,-0.0064434,0.0065454,0.01,-0.01,-0.0069563,0.005582,0.01,-0.01,-0.0075447,0.0026197,0.01,-0.01,-0.0042999,0.003763,0.01,-0.01,-0.0039659,0.0038304,0.01,-0.01,-0.0039272,0.0037792,0.01,-0.01,-0.0039415,0.0036902,0.01,-0.01,-0.0041307,0.0031077,0.0093927,-0.0099067,-0.0041072,0.0018926,0.0067893,-0.0074222,-0.003186,0.0010655,0.0043849,-0.0047807,-0.001877,0.001273,0.0039978,-0.0030904,0.00052183,0.0062104,0.01,0.01
-0.0072272,-0.0037297,0.002972,0.0063311,-0.0064809,-0.003236,0.003212,0.0064349,-0.0064385,-0.0032193,0.0032186,0.0064376,-0.0064375,-0.0032189,0.0032188,0.0064376,-0.0064375,-0.0032189,0.0032188,0.0064376,-0.0064376,-0.0032188,0.0032188,0.0064375,-0.0064376,-0.0032188,0.0032189,0.0064375,-0.0064377,-0.0032188,0.0032189,0.0064375,-0.0064376,-0.0032188,0.0032189,0.0064375,-0.0064376,-0.0032189,0.0032189,0.0064376,-0.0064375,-0.0032189,0.0032189,0.0064376,-0.0064375,-0.0032189,0.0032189,0.0064377,-0.0064372,-0.0032181,0.0032209,0.0064427,-0.0064242,-0.0031911,0.0032619,0.0064418,-0.0067149,-0.0037255,0.002349,0.0053479,-0.0062513,-0.0038739,0.0010127,0.0035548,-0.0042151,-0.0021285,0.0018811,0.0038849,-0.0039497,-0.0019899,0.001921,0.0038695,-0.0039538,-0.0020579,0.0017493,0.003641,-0.0038772,-0.0021477,0.001344,0.003086,-0.0034825,-0.0020208,0.00092653,0.002405,-0.0028601,-0.0017049,0.00061416,0.0017862,-0.0021789,-0.0012847,0.00049562,0.001406,-0.0016102,-0.00083591,0.00070144,0.0016096,-0.0007301,0.00091505,0.0042745,0.0080987,0.0063481
-0.01,-0.0071502,0.0060942,0.01,-0.01,-0.0064163,0.0063918,0.01,-0.01,-0.006399,0.0063985,0.01,-0.01,-0.0063985,0.0063986,0.01,-0.01,-0.0063986,0.0063986,0.01,-0.01,-0.0063986,0.0063985,0.01,-0.01,-0.0063986,0.0063985,0.01,-0.01,-0.0063985,0.0063986,0.01,-0.01,-0.0063986,0.0063985,0.01,-0.01,-0.0063986,0.0063985,0.01,-0.01,-0.0063986,0.0063985,0.01,-0.01,-0.0063985,0.0063984,0.01,-0.01,-0.0063976,0.0064005,0.01,-0.01,-0.0063489,0.0065121,0.01,-0.01,-0.007304,0.0045395,0.01,-0.01,-0.0065853,0.0027621,0.01,-0.01,-0.0040075,0.0038856,0.01,-0.01,-0.0039536,0.003894,0.01,-0.01,-0.0041566,0.0033835,0.0098093,-0.01,-0.0042633,0.002091,0.0071287,-0.0077772,-0.0034172,0.0011407,0.0045658,-0.0050935,-0.0021718,0.001097,0.0037064,-0.0039735,-0.0015543,0.0012917,0.0037591,-0.0038403,-0.0013936,0.0014614,0.0040781,-0.0030849,0.00050923,0.0061484,0.01,0.01
-0.01,-0.01,0.01,0.01,-0.01,-0.01,0.01,0.01,-0.01,-0.01,0.01,0.01,-0.01,-0.01,0.01,0.01,-0.01,-0.01,0.01,0.01,-0.01,-0.01,0.01,0.01,-0.01,-0.01,0.01,0.01,-0.01,-0.01,0.01,0.01,-0.01,-0.01,0.01,0.01,-0.01,-0.01,0.01,0.01,-0.01,-0.01,0.01,0.01,-0.01,-0.01,0.01,0.01,-0.01,-0.01,0.01,0.01,-0.01,-0.01,0.01,0.01,-0.01,-0.01,0.01,0.01,-0.01,-0.01,0.0090773,0.01,-0.01,-0.01,0.01,0.01,-0.01,-0.01,0.01,0.01,-0.01,-0.01,0.0095159,0.01,-0.01,-0.01,0.0062461,0.01,-0.01,-0.0084293,0.0036284,0.01,-0.01,-0.005158,0.0033368,0.01,-0.01,-0.0038051,0.0037579,0.01,-0.01,-0.0037533,0.0039206,0.01,-0.01,-0.0014323,0.01,0.01,0.01
-0.01,-0.0071342,0.0060876,0.01,-0.01,-0.0064059,0.006382,0.01,-0.01,-0.006389,0.0063885,0.01,-0.01,-0.0063886,0.0063887,0.01,-0.01,-0.0063887,0.0063887,0.01,-0.01,-0.0063887,0.0063885,0.01,-0.01,-0.0063886,0.0063885,0.01,-0.01,-0.0063885,0.0063886,0.01,-0.01,-0.0063885,0.0063885,0.01,-0.01,-0.0063886,0.0063885,0.01,-0.01,-0.0063887,0.0063885,0.01,-0.01,-0.0063886,0.0063885,0.01,-0.01,-0.0063872,0.006391,0.01,-0.01,-0.006349,0.0064836,0.01,-0.01,-0.0074125,0.0043407,0.01,-0.01,-0.0063802,0.0028806,0.01,-0.01,-0.0039729,0.0039015,0.01,-0.01,-0.0040513,0.0037387,0.01,-0.01,-0.0042303,0.0031378,0.009543,-0.01,-0.0041837,0.0019133,0.0068851,-0.0075361,-0.0032434,0.0010542,0.0043984,-0.0048396,-0.0019536,0.0011228,0.0036541,-0.0037944,-0.0013876,0.0013643,0.0037783,-0.0037741,-0.0013371,0.0014902,0.0040881,-0.003077,0.00050627,0.0061291,0.01,0.01
-0.0071093,-0.0036675,0.0029378,0.0062485,-0.0063919,-0.0031917,0.0031688,0.0063481,-0.0063514,-0.0031757,0.0031751,0.0063506,-0.0063505,-0.0031754,0.0031753,0.0063506,-0.0063505,-0.0031754,0.0031753,0.0063506,-0.0063506,-0.0031753,0.0031753,0.0063505,-0.0063506,-0.0031753,0.0031754,0.0063505,-0.0063506,-0.0031753,0.0031754,0.0063505,-0.0063506,-0.0031753,0.0031753,0.0063504,-0.0063505,-0.0031753,0.0031753,0.0063505,-0.0063505,-0.0031754,0.0031754,0.0063505,-0.0063504,-0.0031753,0.0031756,0.006351,-0.0063494,-0.0031729,0.0031799,0.0063563,-0.0063514,-0.0031738,0.0031688,0.0062638,-0.0067705,-0.0040264,0.0016366,0.0045024,-0.0053965,-0.0031444,0.0013466,0.0036524,-0.0040539,-0.0020213,0.0019332,0.0038827,-0.0040858,-0.002275,0.0014,0.0032303,-0.0036931,-0.0021872,0.00086107,0.0023981,-0.0029059,-0.0017293,0.00061913,0.0018048,-0.0022072,-0.0013064,0.00048744,0.0014011,-0.0016413,-0.00089368,0.00057667,0.0013203,-0.0013977,-0.00070265,0.00067229,0.0013633,-0.0013552,-0.0006483,0.0007788,0.0016229,-0.00069738,0.00091166,0.0042111,0.0079777,0.0062853
-0.01,-0.0070314,0.0060205,0.01,-0.01,-0.006329,0.0063056,0.01,-0.01,-0.0063124,0.006312,0.01,-0.01,-0.006312,0.0063121,0.01,-0.01,-0.0063121,0.0063121,0.01,-0.01,-0.0063121,0.0063121,0.01,-0.01,-0.0063121,0.0063121,0.01,-0.01,-0.006312,0.0063121,0.01,-0.01,-0.0063121,0.0063121,0.01,-0.01,-0.0063121,0.0063121,0.01,-0.01,-0.0063121,0.006312,0.01,-0.01,-0.0063119,0.0063122,0.01,-0.01,-0.0063069,0.0063237,0.01,-0.01,-0.0063365,0.0062692,0.01,-0.01,-0.0075846,0.0033657,0.01,-0.01,-0.0052912,0.0033438,0.01,-0.01,-0.004012,0.0039025,0.01,-0.01,-0.0046372,0.0023057,0.0078428,-0.0086118,-0.003873,0.0009563,0.0044921,-0.0051116,-0.002176,0.0011067,0.0037272,-0.0039984,-0.001569,0.0012884,0.0037611,-0.0038739,-0.0014509,0.001334,0.0037686,-0.0038115,-0.0014008,0.001337,0.0037208,-0.003717,-0.0013281,0.0014297,0.003945,-0.0029446,0.0005381,0.0060373,0.01,0.01
-0.01,-0.01,0.01,0.01,-0.01,-0.01,0.01,0.01,-0.01,-0.01,0.01,0.01,-0.01,-0.01,0.01,0.01,-0.01,-0.01,0.01,0.01,-0.01,-0.01,0.01,0.01,-0.01,-0.01,0.01,0.01,-0.01,-0.01,0.01,0.01,-0.01,-0.01,0.01,0.01,-0.01,-0.01,0.01,0.01,-0.01,-0.01,0.01,0.01,-0.01,-0.01,0.01,0.01,-0.01,-0.01,0.01,0.01,-0.01,-0.01,0.01,0.01,-0.01,-0.01,0.01,0.01,-0.01,-0.01,0.01,0.01,-0.01,-0.01,0.01,0.01,-0.01,-0.01,0.0069233,0.01,-0.01,-0.0095231,0.0033017,0.01,-0.01,-0.0051464,0.0033632,0.01,-0.01,-0.0038293,0.0037624,0.01,-0.01,-0.003821,0.003776,0.01,-0.01,-0.0038268,0.0036928,0.01,-0.01,-0.0037049,0.0037528,0.01,-0.01,-0.0013136,0.01,0.01,0.01
-0.01,-0.0070139,0.0060146,0.01,-0.01,-0.0063188,0.0062959,0.01,-0.01,-0.0063026,0.0063021,0.01,-0.01,-0.0063022,0.0063023,0.01,-0.01,-0.0063023,0.0063023,0.01,-0.01,-0.0063023,0.0063022,0.01,-0.01,-0.0063022,0.0063022,0.01,-0.01,-0.0063021,0.0063022,0.01,-0.01,-0.0063022,0.0063021,0.01,-0.01,-0.0063023,0.0063021,0.01,-0.01,-0.0063023,0.0063021,0.01,-0.01,-0.006302,0.0063027,0.01,-0.01,-0.0062945,0.0063163,0.01,-0.01,-0.0063766,0.0061844,0.01,-0.01,-0.0076077,0.0032499,0.01,-0.01,-0.0051394,0.0034157,0.01,-0.01,-0.0041334,0.003671,0.01,-0.01,-0.0046438,0.002074,0.0075714,-0.0083854,-0.0037098,0.00085862,0.0043158,-0.0048519,-0.0019518,0.0011335,0.0036738,-0.0038144,-0.0013976,0.0013634,0.0037816,-0.0038052,-0.0013909,0.0013671,0.0037829,-0.0038014,-0.0013976,0.0013326,0.0037141,-0.0037118,-0.0013267,0.0014216,0.0039336,-0.0029399,0.00053528,0.0060161,0.01,0.01
-0.0069821,-0.0036015,0.0029053,0.0061668,-0.0063041,-0.003148,0.0031261,0.0062621,-0.0062653,-0.0031327,0.0031321,0.0062645,-0.0062645,-0.0031324,0.0031323,0.0062645,-0.0062645,-0.0031323,0.0031323,0.0062645,-0.0062645,-0.0031323,0.0031323,0.0062644,-0.0062645,-0.0031323,0.0031324,0.0062644,-0.0062645,-0.0031322,0.0031323,0.0062643,-0.0062645,-0.0031322,0.0031323,0.0062643,-0.0062645,-0.0031323,0.0031324,0.0062644,-0.0062644,-0.0031324,0.0031324,0.0062645,-0.0062642,-0.003132,0.0031333,0.0062667,-0.0062591,-0.0031211,0.0031508,0.0062731,-0.0063468,-0.0032782,0.0028757,0.0058765,-0.0065688,-0.0040436,0.0011972,0.0038932,-0.004727,-0.0025986,0.0015521,0.0036233,-0.004103,-0.0023638,0.0011308,0.0028712,-0.0034693,-0.0021524,0.0005201,0.0018787,-0.0024528,-0.0015004,0.00038583,0.0013554,-0.0016556,-0.00089538,0.00058193,0.0013278,-0.0014053,-0.00070851,0.00067035,0.0013599,-0.0013776,-0.00069576,0.00066738,0.001349,-0.0013646,-0.00069233,0.00065327,0.0013296,-0.0013242,-0.00063825,0.00074761,0.0015698,-0.00065948,0.00091395,0.0041406,0.0078435,0.0062365
-0.01,-0.0069162,0.0059465,0.01,-0.01,-0.0062426,0.0062201,0.01,-0.01,-0.0062267,0.0062262,0.01,-0.01,-0.0062263,0.0062264,0.01,-0.01,-0.0062264,0.0062264,0.01,-0.01,-0.0062263,0.0062264,0.01,-0.01,-0.0062263,0.0062263,0.01,-0.01,-0.0062262,0.0062264,0.01,-0.01,-0.0062263,0.0062263,0.01,-0.01,-0.0062263,0.0062263,0.01,-0.01,-0.0062264,0.0062262,0.01,-0.01,-0.0062258,0.0062275,0.01,-0.01,-0.0062015,0.0062842,0.01,-0.01,-0.0065427,0.0055948,0.01,-0.01,-0.0072379,0.0028856,0.01,-0.01,-0.0046776,0.0033195,0.01,-0.01,-0.0047124,0.0014751,0.0061316,-0.0069754,-0.003168,0.00079963,0.0037547,-0.004257,-0.0017247,0.0012151,0.0037308,-0.003886,-0.0014512,0.0013438,0.0037881,-0.0038311,-0.0014102,0.001337,0.0037255,-0.003747,-0.0013781,0.0013166,0.0036594,-0.0036782,-0.0013529,0.0012968,0.0036044,-0.0036007,-0.0012878,0.0013854,0.0038268,-0.0028414,0.0005534,0.0059296,0.01,0.01
-0.01,-0.01,0.01,0.01,-0.01,-0.01,0.01,0.01,-0.01,-0.01,0.01,0.01,-0.01,-0.01,0.01,0.01,-0.01,-0.01,0.01,0.01,-0.01,-0.01,0.01,0.01,-0.01,-0.01,0.01,0.01,-0.01,-0.01,0.01,0.01,-0.01,-0.01,0.01,0.01,-0.01,-0.01,0.01,0.01,-0.01,-0.01,0.01,0.01,-0.01,-0.01,0.01,0.01,-0.01,-0.01,0.01,0.01,-0.01,-0.01,0.01,0.01,-0.01,-0.01,0.0094932,0.01,-0.01,-0.01,0.0096667,0.01,-0.01,-0.01,0.0048259,0.01,-0.01,-0.0075126,0.0028918,0.01,-0.01,-0.0040821,0.0036841,0.01,-0.01,-0.0038189,0.0038002,0.01,-0.01,-0.003849,0.0036996,0.01,-0.01,-0.0037649,0.0036344,0.01,-0.01,-0.003691,0.0035792,0.01,-0.01,-0.0035855,0.0036404,0.01,-0.01,-0.0012351,0.01,0.01,0.01
-0.01,-0.0069007,0.0059399,0.01,-0.01,-0.0062325,0.0062106,0.01,-0.01,-0.0062168,0.0062166,0.01,-0.01,-0.0062165,0.0062167,0.01,-0.01,-0.0062166,0.0062167,0.01,-0.01,-0.0062166,0.0062166,0.01,-0.01,-0.0062165,0.0062165,0.01,-0.01,-0.0062164,0.0062165,0.01,-0.01,-0.0062165,0.0062165,0.01,-0.01,-0.0062166,0.0062165,0.01,-0.01,-0.0062166,0.0062164,0.01,-0.01,-0.0062159,0.0062181,0.01,-0.01,-0.0061875,0.0062786,0.01,-0.01,-0.0066093,0.0054741,0.01,-0.01,-0.0072308,0.0027822,0.01,-0.01,-0.004714,0.0030983,0.0098026,-0.01,-0.0046449,0.0012821,0.0058846,-0.0066899,-0.0029166,0.00082048,0.0036856,-0.0040309,-0.0015085,0.0013187,0.003766,-0.0038125,-0.0013905,0.0013764,0.003802,-0.0038207,-0.0014067,0.0013328,0.0037191,-0.0037411,-0.0013756,0.0013105,0.0036511,-0.0036698,-0.0013473,0.0012932,0.0035976,-0.0035932,-0.0012832,0.001381,0.0038186,-0.002838,0.00054954,0.0059098,0.01,0.01
-0.0068667,-0.0035415,0.0028708,0.006085,-0.0062176,-0.0031048,0.0030838,0.0061769,-0.0061801,-0.00309,0.0030896,0.0061792,-0.0061794,-0.0030897,0.0030898,0.0061793,-0.0061794,-0.0030897,0.0030898,0.0061793,-0.0061793,-0.0030896,0.0030897,0.0061792,-0.0061793,-0.0030896,0.0030898,0.0061791,-0.0061793,-0.0030896,0.0030897,0.0061791,-0.0061793,-0.0030896,0.0030897,0.0061791,-0.0061793,-0.0030896,0.0030897,0.0061792,-0.0061792,-0.0030897,0.0030897,0.0061794,-0.0061789,-0.003089,0.0030914,0.0061839,-0.0061666,-0.0030637,0.0031311,0.0061936,-0.0063909,-0.0034636,0.0024577,0.0053583,-0.0062437,-0.0039475,0.0008124,0.0032533,-0.0043138,-0.002607,0.00073703,0.0024199,-0.0031511,-0.0019863,0.00034568,0.0015432,-0.0020458,-0.0012022,0.00044253,0.0012855,-0.0014689,-0.00074941,0.00065231,0.0013546,-0.0013842,-0.00069802,0.00067023,0.0013541,-0.0013705,-0.00069678,0.00065163,0.0013263,-0.0013442,-0.00068199,0.00064228,0.0013048,-0.0013201,-0.00066836,0.00063579,0.0012912,-0.001284,-0.00061796,0.00072847,0.0015292,-0.0006303,0.000912,0.0040759,0.0077199,0.0061758
-0.01,-0.0068106,0.0058703,0.01,-0.01,-0.0061573,0.0061356,0.01,-0.01,-0.0061419,0.0061415,0.01,-0.01,-0.0061415,0.0061417,0.01,-0.01,-0.0061416,0.0061417,0.01,-0.01,-0.0061416,0.0061417,0.01,-0.01,-0.0061415,0.0061417,0.01,-0.01,-0.0061415,0.0061417,0.01,-0.01,-0.0061415,0.0061416,0.01,-0.01,-0.0061416,0.0061416,0.01,-0.01,-0.0061416,0.0061416,0.01,-0.01,-0.0061408,0.0061431,0.01,-0.01,-0.0060949,0.0062462,0.01,-0.01,-0.0067748,0.004919,0.01,-0.01,-0.0070745,0.0019734,0.0089309,-0.01,-0.0047435,0.00077357,0.0047106,-0.0055825,-0.0024807,0.00088917,0.0035312,-0.00388,-0.0014906,0.0013086,0.0037679,-0.0038494,-0.0014214,0.0013375,0.0037379,-0.0037645,-0.0013854,0.0013188,0.0036683,-0.0036887,-0.0013583,0.001296,0.0036045,-0.0036238,-0.0013326,0.0012781,0.0035504,-0.0035669,-0.0013099,0.0012633,0.003506,-0.0035002,-0.0012505,0.0013506,0.0037287,-0.0027549,0.00056535,0.0058377,0.01,0.01
-0.01,-0.01,0.01,0.01,-0.01,-0.01,0.01,0.01,-0.01,-0.01,0.01,0.01,-0.01,-0.01,0.01,0.01,-0.01,-0.01,0.01,0.01,-0.01,-0.01,0.01,0.01,-0.01,-0.01,0.01,0.01,-0.01,-0.01,0.01,0.01,-0.01,-0.01,0.01,0.01,-0.01,-0.01,0.01,0.01,-0.01,-0.01,0.01,0.01,-0.01,-0.01,0.01,0.01,-0.01,-0.01,0.01,0.01,-0.01,-0.01,0.01,0.01,-0.01,-0.01,0.0071985,0.01,-0.01,-0.01,0.0031641,0.01,-0.01,-0.0057242,0.0030498,0.01,-0.01,-0.0036798,0.0038233,0.01,-0.01,-0.0038461,0.0037188,0.01,-0.01,-0.0037836,0.0036408,0.01,-0.01,-0.0037024,0.003582,0.01,-0.01,-0.0036353,0.0035307,0.01,-0.01,-0.0035774,0.0034845,0.01,-0.01,-0.0034848,0.0035464,0.01,-0.01,-0.001168,0.01,0.01,0.01
-0.01,-0.0067966,0.005863,0.01,-0.01,-0.0061474,0.0061261,0.01,-0.01,-0.0061322,0.0061319,0.01,-0.01,-0.0061319,0.0061321,0.01,-0.01,-0.0061319,0.006132,0.01,-0.01,-0.0061319,0.0061319,0.01,-0.01,-0.0061318,0.0061319,0.01,-0.01,-0.0061317,0.0061319,0.01,-0.01,-0.0061318,0.0061318,0.01,-0.01,-0.0061319,0.0061318,0.01,-0.01,-0.006132,0.0061317,0.01,-0.01,-0.0061279,0.0061381,0.01,-0.01,-0.0060858,0.0062353,0.01,-0.01,-0.0069716,0.004602,0.01,-0.01,-0.0070147,0.0017853,0.0086801,-0.01,-0.0045934,0.00065222,0.0045187,-0.0052841,-0.0021984,0.00098141,0.0035305,-0.0037167,-0.0013374,0.0013939,0.0038059,-0.0038192,-0.0014042,0.0013407,0.0037352,-0.0037576,-0.0013828,0.0013118,0.003659,-0.0036799,-0.0013521,0.0012923,0.0035975,-0.0036155,-0.0013271,0.0012746,0.0035439,-0.0035594,-0.0013049,0.0012601,0.0035001,-0.0034935,-0.0012463,0.001347,0.0037216,-0.0027524,0.0005612,0.0058189,0.01,0.01
-0.0067595,-0.003486,0.0028351,0.0060035,-0.0061324,-0.0030623,0.0030419,0.0060929,-0.006096,-0.0030479,0.0030476,0.0060951,-0.0060952,-0.0030476,0.0030477,0.0060951,-0.0060952,-0.0030476,0.0030477,0.0060951,-0.0060952,-0.0030476,0.0030477,0.006095,-0.0060952,-0.0030476,0.0030477,0.006095,-0.0060952,-0.0030475,0.0030477,0.006095,-0.0060952,-0.0030476,0.0030477,0.006095,-0.0060952,-0.0030476,0.0030477,0.0060951,-0.0060951,-0.0030479,0.0030471,0.0060951,-0.0060898,-0.0030378,0.0030658,0.0061191,-0.0060959,-0.0030215,0.0031106,0.006091,-0.0066395,-0.0040333,0.0013676,0.0040602,-0.0053706,-0.0035882,6.361e-05,0.0019599,-0.0030762,-0.0019634,0.00017275,0.0012832,-0.0017493,-0.00096625,0.00052605,0.0012838,-0.001381,-0.00068613,0.00067881,0.0013596,-0.0013725,-0.00069772,0.00065435,0.0013307,-0.0013492,-0.00068554,0.00064215,0.0013064,-0.0013232,-0.00067092,0.00063384,0.0012864,-0.0013013,-0.00065918,0.00062549,0.0012682,-0.001281,-0.00064737,0.00062062,0.0012578,-0.0012487,-0.00059969,0.0007127,0.0014947,-0.00060638,0.00090814,0.0040156,0.0076038,0.0061079
-0.01,-0.0067085,0.0057941,0.01,-0.01,-0.0060732,0.0060522,0.01,-0.01,-0.0060582,0.0060579,0.01,-0.01,-0.0060579,0.0060581,0.01,-0.01,-0.0060579,0.006058,0.01,-0.01,-0.0060579,0.006058,0.01,-0.01,-0.0060579,0.006058,0.01,-0.01,-0.0060579,0.0060581,0.01,-0.01,-0.0060579,0.006058,0.01,-0.01,-0.006058,0.006058,0.01,-0.01,-0.0060586,0.0060553,0.01,-0.01,-0.0060356,0.006108,0.01,-0.01,-0.006035,0.0062466,0.01,-0.01,-0.007922,0.0022077,0.0098553,-0.01,-0.0056182,0.00016004,0.0041323,-0.0052674,-0.002319,0.00089101,0.0034733,-0.0037792,-0.0014087,0.0013308,0.0037429,-0.0037861,-0.0013901,0.0013261,0.0036855,-0.0037053,-0.0013654,0.0012977,0.0036126,-0.0036334,-0.0013373,0.001278,0.0035532,-0.0035715,-0.0013127,0.0012613,0.0035019,-0.0035183,-0.0012926,0.0012438,0.0034521,-0.0034662,-0.0012711,0.0012327,0.0034165,-0.0034084,-0.0012154,0.001322,0.0036447,-0.0026825,0.00057097,0.005747,0.01,0.01
-0.01,-0.01,0.01,0.01,-0.01,-0.01,0.01,0.01,-0.01,-0.01,0.01,0.01,-0.01,-0.01,0.01,0.01,-0.01,-0.01,0.01,0.01,-0.01,-0.01,0.01,0.01,-0.01,-0.01,0.01,0.01,-0.01,-0.01,0.01,0.01,-0.01,-0.01,0.01,0.01,-0.01,-0.01,0.01,0.01,-0.01,-0.01,0.01,0.01,-0.01,-0.01,0.01,0.01,-0.01,-0.01,0.01,0.01,-0.01,-0.01,0.007738,0.01,-0.01,-0.01,0.0022229,0.01,-0.01,-0.005256,0.0031283,0.01,-0.01,-0.0036291,0.0037939,0.01,-0.01,-0.003805,0.0036569,0.01,-0.01,-0.0037223,0.0035872,0.01,-0.01,-0.0036459,0.003532,0.01,-0.01,-0.0035824,0.0034834,0.01,-0.01,-0.0035294,0.003434,0.01,-0.01,-0.0034746,0.0033977,0.01,-0.01,-0.003391,0.0034678,0.01,-0.01,-0.0011176,0.01,0.01,0.01
-0.01,-0.0066949,0.0057869,0.01,-0.01,-0.0060635,0.0060427,0.01,-0.01,-0.0060486,0.0060484,0.01,-0.01,-0.0060483,0.0060486,0.01,-0.01,-0.0060484,0.0060485,0.01,-0.01,-0.0060484,0.0060485,0.01,-0.01,-0.0060483,0.0060484,0.01,-0.01,-0.0060482,0.0060484,0.01,-0.01,-0.0060483,0.0060483,0.01,-0.01,-0.0060486,0.0060482,0.01,-0.01,-0.0060421,0.0060558,0.01,-0.01,-0.0060473,0.00607,0.01,-0.01,-0.0062569,0.0058683,0.01,-0.01,-0.0079433,0.0018374,0.0094444,-0.01,-0.0052158,0.00022518,0.0040553,-0.0049449,-0.0020159,0.0010353,0.0035226,-0.0036741,-0.0013195,0.0013822,0.003767,-0.0037761,-0.0013904,0.0013168,0.0036754,-0.0036975,-0.00136,0.0012931,0.0036049,-0.0036247,-0.0013313,0.0012745,0.0035465,-0.0035639,-0.0013077,0.0012577,0.0034956,-0.0035111,-0.0012879,0.0012406,0.0034464,-0.0034596,-0.0012668,0.0012298,0.003411,-0.0034024,-0.0012119,0.0013184,0.0036378,-0.0026804,0.0005665,0.0057284,0.01,0.01
-0.0066549,-0.0034318,0.0027993,0.0059227,-0.0060482,-0.0030203,0.0030005,0.0060097,-0.0060128,-0.0030062,0.003006,0.0060118,-0.006012,-0.0030059,0.0030061,0.0060118,-0.006012,-0.0030059,0.0030061,0.0060118,-0.006012,-0.0030059,0.0030061,0.0060118,-0.006012,-0.0030059,0.0030061,0.0060118,-0.006012,-0.0030059,0.0030061,0.0060117,-0.0060121,-0.0030059,0.0030061,0.0060117,-0.0060122,-0.0030067,0.0030048,0.0060119,-0.0060014,-0.0029856,0.0030426,0.0060512,-0.0060661,-0.0030597,0.0029579,0.0059164,-0.0063271,-0.0036489,0.0018153,0.0044945,-0.0057069,-0.0038775,-5.0863e-05,0.0019414,-0.0031922,-0.0020754,6.4264e-05,0.0011871,-0.0016903,-0.00091482,0.00054222,0.0012797,-0.0013619,-0.00067734,0.00067016,0.0013422,-0.0013541,-0.00068928,0.00064322,0.0013099,-0.0013281,-0.00067419,0.0006338,0.0012881,-0.001304,-0.00066104,0.0006253,0.0012688,-0.0012831,-0.00064985,0.00061712,0.0012509,-0.0012637,-0.00063917,0.0006104,0.0012356,-0.0012463,-0.00062904,0.00060647,0.0012274,-0.001217,-0.00058365,0.00069744,0.0014621,-0.00058476,0.00090302,0.0039562,0.0074901,0.0060391
-0.01,-0.0066083,0.0057182,0.01,-0.01,-0.0059898,0.0059695,0.01,-0.01,-0.0059752,0.0059751,0.01,-0.01,-0.0059749,0.0059752,0.01,-0.01,-0.005975,0.0059752,0.01,-0.01,-0.005975,0.0059752,0.01,-0.01,-0.005975,0.0059752,0.01,-0.01,-0.005975,0.0059752,0.01,-0.01,-0.005975,0.0059751,0.01,-0.01,-0.0059769,0.0059695,0.01,-0.01,-0.005926,0.0060905,0.01,-0.01,-0.0061418,0.0058616,0.01,-0.01,-0.0074748,0.0023618,0.0097525,-0.01,-0.0056859,-0.00015653,0.003506,-0.0046767,-0.0020327,0.00098383,0.0035062,-0.0037789,-0.0014094,0.0013105,0.0036955,-0.0037379,-0.0013746,0.0013035,0.0036274,-0.0036475,-0.0013442,0.0012783,0.0035586,-0.0035783,-0.001316,0.0012617,0.0035052,-0.0035224,-0.0012945,0.0012443,0.0034544,-0.0034704,-0.001275,0.0012268,0.0034049,-0.003419,-0.0012541,0.0012151,0.0033667,-0.0033785,-0.0012379,0.0012046,0.0033357,-0.0033266,-0.0011861,0.0012909,0.003559,-0.0026088,0.00057801,0.0056597,0.01,0.01
-0.01,-0.01,0.01,0.01,-0.01,-0.01,0.01,0.01,-0.01,-0.01,0.01,0.01,-0.01,-0.01,0.01,0.01,-0.01,-0.01,0.01,0.01,-0.01,-0.01,0.01,0.01,-0.01,-0.01,0.01,0.01,-0.01,-0.01,0.01,0.01,-0.01,-0.01,0.01,0.01,-0.01,-0.01,0.01,0.01,-0.01,-0.01,0.01,0.01,-0.01,-0.01,0.01,0.01,-0.01,-0.01,0.0077164,0.01,-0.01,-0.01,0.0014484,0.01,-0.01,-0.0043954,0.0033815,0.01,-0.01,-0.0036639,0.0037246,0.01,-0.01,-0.003761,0.0035946,0.01,-0.01,-0.0036628,0.0035342,0.01,-0.01,-0.0035892,0.0034856,0.01,-0.01,-0.0035332,0.0034362,0.01,-0.01,-0.0034814,0.003387,0.01,-0.01,-0.0034269,0.0033523,0.01,-0.01,-0.003386,0.0033186,0.01,-0.01,-0.0033103,0.0033838,0.01,-0.01,-0.0010631,0.01,0.01,0.01
-0.01,-0.0065953,0.0057108,0.01,-0.01,-0.0059802,0.0059601,0.01,-0.01,-0.0059657,0.0059656,0.01,-0.01,-0.0059655,0.0059658,0.01,-0.01,-0.0059655,0.0059657,0.01,-0.01,-0.0059655,0.0059656,0.01,-0.01,-0.0059654,0.0059656,0.01,-0.01,-0.0059654,0.0059655,0.01,-0.01,-0.0059655,0.0059655,0.01,-0.01,-0.0059603,0.0059691,0.01,-0.01,-0.0059732,0.0059974,0.01,-0.01,-0.0063759,0.0054166,0.01,-0.01,-0.007492,0.0019104,0.0092501,-0.01,-0.005172,-4.7919e-05,0.0034383,-0.0042898,-0.0016622,0.0011809,0.0035884,-0.0036807,-0.0013346,0.0013522,0.0037144,-0.0037308,-0.0013768,0.001293,0.0036165,-0.0036399,-0.0013386,0.0012741,0.0035513,-0.0035702,-0.0013103,0.001258,0.0034985,-0.003515,-0.0012896,0.0012407,0.003448,-0.0034634,-0.0012702,0.0012237,0.0033992,-0.0034126,-0.0012498,0.0012122,0.0033614,-0.0033726,-0.0012343,0.0012014,0.0033302,-0.003321,-0.0011826,0.0012874,0.0035524,-0.0026069,0.00057363,0.0056415,0.01,0.01
-0.0065529,-0.0033791,0.0027634,0.0058424,-0.0059647,-0.0029786,0.0029593,0.0059271,-0.0059301,-0.0029649,0.0029647,0.0059291,-0.0059294,-0.0029646,0.0029648,0.0059292,-0.0059294,-0.0029646,0.0029648,0.0059292,-0.0059294,-0.0029645,0.0029648,0.0059291,-0.0059294,-0.0029645,0.0029648,0.0059291,-0.0059294,-0.0029645,0.0029647,0.005929,-0.0059295,-0.002965,0.0029639,0.0059299,-0.0059183,-0.0029431,0.0030012,0.0059594,-0.0060293,-0.0031111,0.0027481,0.0056243,-0.0061833,-0.0036909,0.0014201,0.0039568,-0.0051348,-0.0034289,7.8695e-05,0.0018897,-0.0029965,-0.0019618,4.6693e-05,0.0011072,-0.0015606,-0.00080785,0.00059734,0.0013031,-0.0013564,-0.00068138,0.00065724,0.0013257,-0.0013431,-0.00068575,0.00063113,0.0012903,-0.0013103,-0.00066533,0.00062433,0.0012696,-0.0012855,-0.00065134,0.0006169,0.0012513,-0.0012653,-0.00064076,0.00060867,0.0012337,-0.0012463,-0.00063012,0.00060247,0.001219,-0.0012298,-0.00062119,0.00059665,0.0012058,-0.0012154,-0.00061336,0.00059192,0.0011978,-0.0011868,-0.0005683,0.00068283,0.0014308,-0.00056432,0.0008978,0.0038985,0.0073789,0.0059686
-0.01,-0.0065102,0.0056423,0.01,-0.01,-0.005907,0.0058873,0.01,-0.01,-0.0058928,0.0058928,0.01,-0.01,-0.0058926,0.0058929,0.01,-0.01,-0.0058926,0.0058929,0.01,-0.01,-0.0058926,0.0058929,0.01,-0.01,-0.0058926,0.0058929,0.01,-0.01,-0.0058926,0.0058929,0.01,-0.01,-0.0058941,0.0058883,0.01,-0.01,-0.0058381,0.0060202,0.01,-0.01,-0.0063009,0.0052296,0.01,-0.01,-0.0073153,0.0014175,0.0076786,-0.0092743,-0.0045964,2.1797e-05,0.0031165,-0.0040334,-0.0016876,0.0011357,0.003612,-0.0038123,-0.001414,0.0013106,0.003686,-0.0037228,-0.001373,0.0012898,0.0035997,-0.0036246,-0.0013397,0.0012581,0.0035142,-0.0035368,-0.0013018,0.0012432,0.0034575,-0.0034753,-0.0012774,0.0012265,0.0034062,-0.003422,-0.0012572,0.0012098,0.0033578,-0.0033715,-0.0012361,0.0011997,0.0033227,-0.0033344,-0.0012225,0.0011865,0.0032861,-0.0032971,-0.0012085,0.0011742,0.0032528,-0.0032429,-0.0011542,0.0012647,0.0034825,-0.0025436,0.00058186,0.0055743,0.01,0.01
-0.01,-0.01,0.01,0.01,-0.01,-0.01,0.01,0.01,-0.01,-0.01,0.01,0.01,-0.01,-0.01,0.01,0.01,-0.01,-0.01,0.01,0.01,-0.01,-0.01,0.01,0.01,-0.01,-0.01,0.01,0.01,-0.01,-0.01,0.01,0.01,-0.01,-0.01,0.01,0.01,-0.01,-0.01,0.01,0.01,-0.01,-0.01,0.01,0.01,-0.01,-0.01,0.0053044,0.01,-0.01,-0.01,0.0015106,0.01,-0.01,-0.0035785,0.003708,0.01,-0.01,-0.0037602,0.0036839,0.01,-0.01,-0.0037504,0.0035654,0.01,-0.01,-0.0036457,0.0034851,0.01,-0.01,-0.0035497,0.0034363,0.01,-0.01,-0.0034868,0.0033873,0.01,-0.01,-0.0034328,0.00334,0.01,-0.01,-0.0033783,0.0033094,0.01,-0.01,-0.0033426,0.0032724,0.01,-0.01,-0.0033056,0.0032349,0.01,-0.01,-0.003224,0.0033125,0.01,-0.01,-0.0010185,0.0099681,0.01,0.01
-0.01,-0.0064975,0.0056349,0.01,-0.01,-0.0058976,0.0058781,0.01,-0.01,-0.0058835,0.0058835,0.01,-0.01,-0.0058832,0.0058836,0.01,-0.01,-0.0058833,0.0058835,0.01,-0.01,-0.0058833,0.0058835,0.01,-0.01,-0.0058832,0.0058834,0.01,-0.01,-0.0058831,0.0058835,0.01,-0.01,-0.0058791,0.005886,0.01,-0.01,-0.0058733,0.0059413,0.01,-0.01,-0.0065977,0.0047023,0.01,-0.01,-0.0072404,0.0010438,0.0072272,-0.0087407,-0.0040992,0.00012911,0.0030567,-0.003654,-0.0013141,0.0013543,0.0037159,-0.003743,-0.0013723,0.0013306,0.0036937,-0.003718,-0.0013741,0.0012815,0.0035907,-0.0036176,-0.0013344,0.0012549,0.0035083,-0.0035303,-0.0012974,0.0012395,0.0034514,-0.0034692,-0.0012735,0.0012225,0.0033998,-0.0034156,-0.0012528,0.0012066,0.0033521,-0.0033652,-0.0012319,0.0011968,0.0033175,-0.0033288,-0.0012191,0.0011832,0.0032807,-0.0032914,-0.0012049,0.0011713,0.0032478,-0.0032374,-0.0011508,0.0012618,0.0034764,-0.0025422,0.0005769,0.005556,0.01,0.01
-0.0064528,-0.0033272,0.0027277,0.005763,-0.0058822,-0.0029374,0.0029186,0.0058455,-0.0058485,-0.002924,0.0029238,0.0058475,-0.0058479,-0.0029237,0.002924,0.0058476,-0.0058479,-0.0029237,0.002924,0.0058476,-0.0058479,-0.0029237,0.002924,0.0058476,-0.0058479,-0.0029237,0.0029239,0.0058476,-0.0058479,-0.0029238,0.0029237,0.005849,-0.0058392,-0.0029068,0.0029525,0.0058719,-0.0059206,-0.0030298,0.002761,0.0055746,-0.0062706,-0.0039366,0.00092289,0.0033664,-0.0046785,-0.0031567,-7.0598e-05,0.0015393,-0.0025122,-0.001585,0.00017888,0.0011039,-0.0014127,-0.0006936,0.00066276,0.0013387,-0.001359,-0.0006898,0.0006482,0.0013173,-0.001339,-0.00068421,0.00062615,0.0012822,-0.0013044,-0.00066405,0.00061624,0.001257,-0.0012754,-0.00064743,0.00060807,0.0012363,-0.001252,-0.00063477,0.00059961,0.0012173,-0.0012308,-0.00062263,0.00059366,0.0012022,-0.0012133,-0.00061261,0.00058885,0.0011898,-0.0011997,-0.00060616,0.00058171,0.0011762,-0.001185,-0.00059751,0.00057864,0.00117,-0.0011578,-0.00055315,0.00067006,0.0014023,-0.00054669,0.00089052,0.0038407,0.0072691,0.0058983
-0.01,-0.0064135,0.0055677,0.01,-0.01,-0.0058258,0.0058065,0.01,-0.01,-0.0058119,0.0058119,0.01,-0.01,-0.0058116,0.005812,0.01,-0.01,-0.0058117,0.005812,0.01,-0.01,-0.0058117,0.005812,0.01,-0.01,-0.0058117,0.0058119,0.01,-0.01,-0.0058123,0.0058099,0.01,-0.01,-0.0057685,0.0059115,0.01,-0.01,-0.0061168,0.0053192,0.01,-0.01,-0.0077378,0.00048267,0.0060616,-0.0077428,-0.0037945,0.00022096,0.0030519,-0.0037741,-0.0014931,0.0012468,0.0036964,-0.0038194,-0.001405,0.0013149,0.0036744,-0.003701,-0.0013667,0.0012834,0.0035839,-0.0036102,-0.0013346,0.001252,0.0034987,-0.0035227,-0.001298,0.0012337,0.0034362,-0.0034565,-0.0012727,0.0012123,0.0033741,-0.0033925,-0.001248,0.0011933,0.0033178,-0.0033331,-0.001223,0.0011824,0.0032783,-0.0032908,-0.0012064,0.0011705,0.0032419,-0.0032534,-0.0011934,0.0011559,0.0032029,-0.0032129,-0.0011758,0.00115,0.0031808,-0.0031691,-0.0011266,0.0012399,0.0034111,-0.0024845,0.00058239,0.005488,0.01,0.01
-0.01,-0.01,0.01,0.01,-0.01,-0.01,0.01,0.01,-0.01,-0.01,0.01,0.01,-0.01,-0.01,0.01,0.01,-0.01,-0.01,0.01,0.01,-0.01,-0.01,0.01,0.01,-0.01,-0.01,0.01,0.01,-0.01,-0.01,0.01,0.01,-0.01,-0.01,0.01,0.01,-0.01,-0.01,0.01,0.01,-0.01,-0.01,0.0031675,0.01,-0.01,-0.0082947,0.001919,0.01,-0.01,-0.0033542,0.0038529,0.01,-0.01,-0.0038277,0.0036431,0.01,-0.01,-0.0037266,0.0035525,0.01,-0.01,-0.0036309,0.0034704,0.01,-0.01,-0.0035374,0.0034147,0.01,-0.01,-0.0034719,0.0033525,0.01,-0.01,-0.0034061,0.0032976,0.01,-0.01,-0.0033417,0.0032635,0.01,-0.01,-0.003299,0.0032281,0.01,-0.01,-0.0032625,0.0031882,0.01,-0.01,-0.003218,0.0031665,0.01,-0.01,-0.0031498,0.0032448,0.01,-0.01,-0.00098136,0.0098041,0.01,0.01
-0.01,-0.006401,0.0055604,0.01,-0.01,-0.0058165,0.0057974,0.01,-0.01,-0.0058028,0.0058027,0.01,-0.01,-0.0058026,0.0058029,0.01,-0.01,-0.0058025,0.0058028,0.01,-0.01,-0.0058026,0.0058027,0.01,-0.01,-0.0058025,0.0058028,0.01,-0.01,-0.0058007,0.005804,0.01,-0.01,-0.0057718,0.005879,0.01,-0.01,-0.006381,0.0048775,0.01,-0.01,-0.0077286,0.00010958,0.0056432,-0.0072408,-0.0032957,0.00039682,0.0030657,-0.0034851,-0.0012143,0.0014227,0.0037876,-0.0037909,-0.0014012,0.0013097,0.0036681,-0.0036968,-0.0013651,0.0012776,0.0035761,-0.0036028,-0.001329,0.0012496,0.0034935,-0.0035161,-0.0012934,0.0012314,0.0034314,-0.0034512,-0.0012694,0.001209,0.0033689,-0.0033871,-0.0012444,0.0011905,0.0033129,-0.0033279,-0.0012196,0.0011797,0.0032735,-0.003286,-0.0012037,0.0011671,0.0032366,-0.0032484,-0.0011902,0.0011528,0.0031979,-0.0032076,-0.0011723,0.0011475,0.0031762,-0.0031644,-0.0011239,0.0012365,0.0034049,-0.0024834,0.00057731,0.0054697,0.01,0.01
-0.0063534,-0.0032759,0.0026926,0.0056847,-0.0058007,-0.0028968,0.0028784,0.0057651,-0.0057679,-0.0028838,0.0028835,0.005767,-0.0057672,-0.0028834,0.0028837,0.005767,-0.0057673,-0.0028834,0.0028837,0.0057671,-0.0057673,-0.0028834,0.0028836,0.0057671,-0.0057673,-0.0028834,0.0028837,0.0057679,-0.0057636,-0.0028762,0.002896,0.0057802,-0.0057835,-0.0028979,0.002865,0.00567,-0.006214,-0.0037827,0.0012461,0.0037265,-0.0051459,-0.0036579,-0.00053385,0.001145,-0.002248,-0.0013403,0.00029575,0.001143,-0.0013595,-0.00065542,0.00068795,0.0013553,-0.0013645,-0.00069802,0.00063893,0.0013082,-0.0013328,-0.00068011,0.00062434,0.0012773,-0.0012992,-0.00066146,0.00061342,0.0012515,-0.0012704,-0.00064517,0.00060461,0.0012299,-0.0012468,-0.00063324,0.00059378,0.0012079,-0.0012232,-0.00061973,0.0005867,0.0011905,-0.0012031,-0.00060825,0.00058122,0.0011763,-0.0011874,-0.00060027,0.00057417,0.0011618,-0.0011721,-0.00059212,0.00056813,0.0011489,-0.001157,-0.00058247,0.00056718,0.0011451,-0.0011325,-0.00054075,0.0006563,0.0013738,-0.00053018,0.0008827,0.0037829,0.00716,0.0058293
-0.01,-0.0063175,0.0054937,0.01,-0.01,-0.0057451,0.0057263,0.01,-0.01,-0.0057316,0.0057315,0.01,-0.01,-0.0057313,0.0057317,0.01,-0.01,-0.0057314,0.0057316,0.01,-0.01,-0.0057314,0.0057316,0.01,-0.01,-0.0057316,0.0057311,0.01,-0.01,-0.0057133,0.0057722,0.01,-0.01,-0.0057997,0.0056741,0.01,-0.01,-0.0075652,0.0014097,0.0078833,-0.0096577,-0.0048817,-0.00026542,0.0028634,-0.0038037,-0.0014541,0.0012797,0.0037131,-0.0037997,-0.0013923,0.0013176,0.0036659,-0.0036885,-0.0013647,0.0012753,0.0035672,-0.0035949,-0.0013283,0.0012477,0.0034854,-0.0035093,-0.0012932,0.0012282,0.0034217,-0.0034422,-0.0012674,0.0012074,0.0033605,-0.0033797,-0.0012442,0.0011858,0.0033003,-0.0033172,-0.0012182,0.001173,0.0032561,-0.0032702,-0.0012,0.0011588,0.0032139,-0.0032273,-0.0011846,0.0011428,0.00317,-0.0031821,-0.0011666,0.0011319,0.0031354,-0.0031447,-0.0011503,0.0011265,0.0031145,-0.0031031,-0.0011035,0.0012126,0.0033376,-0.0024243,0.00058362,0.0054024,0.01,0.01
-0.01,-0.01,0.01,0.01,-0.01,-0.01,0.01,0.01,-0.01,-0.01,0.01,0.01,-0.01,-0.01,0.01,0.01,-0.01,-0.01,0.01,0.01,-0.01,-0.01,0.01,0.01,-0.01,-0.01,0.01,0.01,-0.01,-0.01,0.01,0.01,-0.01,-0.01,0.01,0.01,-0.01,-0.01,0.0054852,0.01,-0.01,-0.01,0.0012261,0.01,-0.01,-0.0034072,0.0038452,0.01,-0.01,-0.0038248,0.0036278,0.01,-0.01,-0.0037134,0.003536,0.01,-0.01,-0.0036148,0.0034578,0.01,-0.01,-0.0035242,0.0034,0.01,-0.01,-0.0034572,0.0033398,0.01,-0.01,-0.0033945,0.0032797,0.01,-0.01,-0.0033273,0.0032407,0.01,-0.01,-0.0032805,0.0031993,0.01,-0.01,-0.0032382,0.0031545,0.01,-0.01,-0.0031902,0.0031225,0.01,-0.01,-0.0031501,0.0031009,0.01,-0.01,-0.0030856,0.0031725,0.01,-0.01,-0.00094208,0.0096412,0.01,0.01
-0.01,-0.0063056,0.0054863,0.01,-0.01,-0.005736,0.0057173,0.01,-0.01,-0.0057226,0.0057225,0.01,-0.01,-0.0057223,0.0057227,0.01,-0.01,-0.0057223,0.0057227,0.01,-0.01,-0.0057224,0.0057226,0.01,-0.01,-0.0057218,0.0057231,0.01,-0.01,-0.0056991,0.005766,0.01,-0.01,-0.0060058,0.0053388,0.01,-0.01,-0.0076727,0.00096595,0.0074381,-0.0091479,-0.0043411,-1.5719e-05,0.0029406,-0.003576,-0.0012475,0.0014127,0.0037839,-0.0037877,-0.0014013,0.0013029,0.0036536,-0.0036827,-0.0013603,0.0012715,0.0035608,-0.0035875,-0.0013231,0.0012452,0.0034802,-0.0035029,-0.0012888,0.0012259,0.0034171,-0.0034368,-0.001264,0.0012045,0.0033559,-0.0033745,-0.0012405,0.0011836,0.0032963,-0.0033123,-0.0012148,0.0011711,0.0032524,-0.0032663,-0.0011977,0.0011562,0.0032098,-0.0032233,-0.0011822,0.0011401,0.0031659,-0.0031778,-0.0011638,0.0011298,0.0031318,-0.0031407,-0.001148,0.0011239,0.0031105,-0.0030992,-0.0011016,0.0012091,0.0033318,-0.0024235,0.00057836,0.0053845,0.01,0.01
-0.0062574,-0.0032263,0.0026571,0.0056066,-0.0057201,-0.0028566,0.0028385,0.0056852,-0.005688,-0.0028438,0.0028435,0.005687,-0.0056873,-0.0028434,0.0028437,0.0056871,-0.0056874,-0.0028435,0.0028437,0.0056871,-0.0056874,-0.0028435,0.0028437,0.0056874,-0.0056863,-0.0028417,0.0028469,0.005693,-0.0056772,-0.0028166,0.0028909,0.0056881,-0.0060458,-0.0034914,0.0017315,0.0042756,-0.0055624,-0.0039166,-0.00042069,0.0014338,-0.0026914,-0.0017137,9.6414e-05,0.0010526,-0.0013926,-0.00066704,0.00068258,0.0013516,-0.0013616,-0.00069735,0.00063538,0.0013026,-0.0013275,-0.00067749,0.00062163,0.0012719,-0.0012938,-0.00065852,0.00061122,0.0012467,-0.0012655,-0.00064289,0.00060175,0.0012246,-0.0012415,-0.00063046,0.00059149,0.001203,-0.0012185,-0.0006178,0.00058325,0.0011844,-0.0011977,-0.00060585,0.00057734,0.0011693,-0.0011813,-0.00059774,0.00056952,0.0011535,-0.0011651,-0.00058936,0.00056237,0.0011388,-0.0011487,-0.0005797,0.00055842,0.0011281,-0.0011356,-0.00057193,0.00055621,0.0011234,-0.0011114,-0.00053115,0.00064294,0.0013474,-0.00051577,0.00087409,0.0037271,0.0070543,0.0057578
-0.01,-0.0062256,0.0054189,0.01,-0.01,-0.0056652,0.0056467,0.01,-0.01,-0.005652,0.0056518,0.01,-0.01,-0.0056516,0.005652,0.01,-0.01,-0.0056518,0.005652,0.01,-0.01,-0.0056518,0.005652,0.01,-0.01,-0.0056476,0.0056598,0.01,-0.01,-0.0055983,0.005817,0.01,-0.01,-0.0071374,0.0025346,0.009925,-0.01,-0.0059279,-0.00058606,0.0028428,-0.0040289,-0.0016329,0.0011595,0.0036182,-0.0037722,-0.0013783,0.0013162,0.003653,-0.003674,-0.0013602,0.0012692,0.0035516,-0.0035794,-0.0013225,0.0012428,0.0034712,-0.0034949,-0.0012879,0.0012234,0.0034078,-0.0034283,-0.0012626,0.0012018,0.0033456,-0.0033648,-0.0012388,0.0011809,0.003286,-0.0033031,-0.0012136,0.0011667,0.00324,-0.0032546,-0.0011945,0.0011528,0.0031979,-0.003212,-0.0011795,0.0011361,0.0031531,-0.0031667,-0.001162,0.0011229,0.0031141,-0.0031251,-0.0011445,0.0011148,0.0030854,-0.0030942,-0.0011322,0.0011065,0.0030612,-0.0030507,-0.0010855,0.0011899,0.0032777,-0.0023771,0.00058088,0.0053229,0.01,0.01
-0.01,-0.01,0.01,0.01,-0.01,-0.01,0.01,0.01,-0.01,-0.01,0.01,0.01,-0.01,-0.01,0.01,0.01,-0.01,-0.01,0.01,0.01,-0.01,-0.01,0.01,0.01,-0.01,-0.01,0.01,0.01,-0.01,-0.01,0.01,0.01,-0.01,-0.01,0.0081539,0.01,-0.01,-0.01,0.00057592,0.01,-0.01,-0.0035817,0.0037162,0.01,-0.01,-0.0037684,0.0036243,0.01,-0.01,-0.0036991,0.00352,0.01,-0.01,-0.0035987,0.003444,0.01,-0.01,-0.0035098,0.0033862,0.01,-0.01,-0.0034436,0.0033245,0.01,-0.01,-0.0033794,0.0032657,0.01,-0.01,-0.0033137,0.003224,0.01,-0.01,-0.0032647,0.0031834,0.01,-0.01,-0.0032236,0.0031374,0.01,-0.01,-0.0031764,0.0031002,0.01,-0.01,-0.003132,0.0030748,0.01,-0.01,-0.003101,0.0030474,0.01,-0.01,-0.0030347,0.0031143,0.01,-0.01,-0.00091479,0.0094955,0.01,0.01
-0.01,-0.0062156,0.0054104,0.01,-0.01,-0.0056567,0.0056378,0.01,-0.01,-0.0056432,0.0056431,0.01,-0.01,-0.0056428,0.0056433,0.01,-0.01,-0.0056429,0.0056432,0.01,-0.01,-0.0056429,0.0056435,0.01,-0.01,-0.0056275,0.0056633,0.01,-0.01,-0.0057604,0.0055537,0.01,-0.01,-0.0073237,0.0020349,0.00944,-0.01,-0.0054533,-0.00043578,0.0028377,-0.0037196,-0.0013287,0.0013534,0.003719,-0.0037447,-0.0013799,0.0013042,0.0036416,-0.0036676,-0.0013552,0.0012657,0.0035454,-0.003572,-0.0013171,0.0012404,0.0034662,-0.0034887,-0.0012837,0.001221,0.0034031,-0.0034231,-0.0012592,0.001199,0.003341,-0.0033596,-0.0012351,0.0011787,0.0032821,-0.0032984,-0.0012101,0.0011649,0.0032364,-0.0032509,-0.0011923,0.0011499,0.0031931,-0.0032097,-0.001179,0.0011319,0.0031478,-0.0031639,-0.0011601,0.0011207,0.0031106,-0.0031218,-0.0011424,0.001113,0.0030823,-0.0030909,-0.0011305,0.0011044,0.0030578,-0.0030474,-0.0010835,0.0011879,0.003274,-0.002375,0.00057836,0.0053095,0.01,0.01
-0.0061694,-0.0031838,0.0026189,0.0055279,-0.005643,-0.0028186,0.0027997,0.005607,-0.0056101,-0.0028053,0.002805,0.005609,-0.0056094,-0.0028049,0.0028053,0.0056091,-0.0056095,-0.002805,0.0028053,0.0056093,-0.0056094,-0.0028051,0.0028054,0.0056128,-0.0055907,-0.0027662,0.0028702,0.0056445,-0.005892,-0.0032845,0.0020148,0.0045891,-0.0057005,-0.0039008,-9.4514e-05,0.0018814,-0.0032104,-0.0021625,-0.0001384,0.00094829,-0.0014435,-0.00069601,0.00066171,0.0013345,-0.0013538,-0.0006913,0.0006364,0.0012999,-0.0013232,-0.0006761,0.00061972,0.0012676,-0.0012894,-0.00065644,0.00061016,0.0012431,-0.0012618,-0.00064158,0.0006001,0.0012205,-0.0012376,-0.00062912,0.00058956,0.0011986,-0.0012141,-0.00061604,0.00058174,0.0011802,-0.0011936,-0.00060454,0.00057499,0.0011641,-0.0011773,-0.00059683,0.00056591,0.001146,-0.0011655,-0.00059389,0.00055348,0.0011281,-0.0011472,-0.00058046,0.00055292,0.0011198,-0.0011304,-0.00057044,0.00055035,0.0011107,-0.0011183,-0.00056379,0.00054721,0.0011053,-0.0010935,-0.00052235,0.00063425,0.0013291,-0.00049944,0.00087286,0.0036868,0.006966,0.0056868
-0.01,-0.0061531,0.0053401,0.01,-0.01,-0.0055932,0.0055723,0.01,-0.01,-0.0055784,0.0055782,0.01,-0.01,-0.0055781,0.0055784,0.01,-0.01,-0.0055782,0.0055785,0.01,-0.01,-0.0055788,0.0055755,0.01,-0.01,-0.0054836,0.0058098,0.01,-0.01,-0.0067853,0.0032159,0.01,-0.01,-0.0063858,-0.00048757,0.0032721,-0.0045945,-0.002011,0.00095872,0.0034855,-0.0037503,-0.00137,0.0013174,0.0036453,-0.0036672,-0.00136,0.00127,0.0035443,-0.0035716,-0.0013229,0.0012422,0.0034621,-0.0034858,-0.001287,0.0012244,0.0034011,-0.0034216,-0.0012634,0.0012012,0.0033367,-0.0033563,-0.0012388,0.0011801,0.0032763,-0.0032935,-0.0012131,0.0011663,0.0032305,-0.0032451,-0.0011944,0.0011511,0.0031859,-0.0032023,-0.001181,0.001131,0.003136,-0.0031696,-0.0011787,0.0011017,0.0030863,-0.0031199,-0.001148,0.001105,0.0030657,-0.0030801,-0.0011296,0.0010992,0.0030388,-0.0030481,-0.0011172,0.0010908,0.0030148,-0.0030038,-0.0010687,0.001177,0.0032361,-0.0023242,0.00059881,0.0052857,0.01,0.01
-0.01,-0.01,0.01,0.01,-0.01,-0.01,0.01,0.01,-0.01,-0.01,0.01,0.01,-0.01,-0.01,0.01,0.01,-0.01,-0.01,0.01,0.01,-0.01,-0.01,0.01,0.01,-0.01,-0.01,0.01,0.01,-0.01,-0.01,0.00975,0.01,-0.01,-0.01,0.00077035,0.01,-0.01,-0.0042563,0.0034576,0.01,-0.01,-0.0037207,0.0036501,0.01,-0.01,-0.0037109,0.0035293,0.01,-0.01,-0.0036088,0.0034518,0.01,-0.01,-0.0035172,0.0033977,0.01,-0.01,-0.0034549,0.0033326,0.01,-0.01,-0.0033885,0.0032731,0.01,-0.01,-0.0033215,0.0032319,0.01,-0.01,-0.0032728,0.0031886,0.01,-0.01,-0.0032362,0.0031338,0.01,-0.01,-0.0032314,0.0030472,0.01,-0.01,-0.0031444,0.0030542,0.01,-0.01,-0.0030962,0.0030361,0.01,-0.01,-0.003064,0.0030089,0.01,-0.01,-0.0029939,0.0030835,0.01,-0.01,-0.00083956,0.0094731,0.01,0.01
-0.01,-0.0063386,0.0053716,0.01,-0.01,-0.0056904,0.0056604,0.01,-0.01,-0.0056693,0.0056689,0.01,-0.01,-0.0056689,0.0056692,0.01,-0.01,-0.0056689,0.0056696,0.01,-0.01,-0.00566,0.0056778,0.01,-0.01,-0.0056721,0.005751,0.01,-0.01,-0.0071351,0.0027967,0.01,-0.01,-0.0061286,-0.00037483,0.0033023,-0.0043447,-0.0017052,0.0013162,0.0037579,-0.003844,-0.00146,0.001413,0.0037785,-0.0038013,-0.0014564,0.0013656,0.0036779,-0.0037045,-0.0014176,0.0013399,0.0035975,-0.0036197,-0.0013827,0.001322,0.0035366,-0.0035566,-0.0013601,0.0012984,0.0034722,-0.0034913,-0.0013352,0.001278,0.0034127,-0.0034288,-0.0013095,0.0012647,0.0033676,-0.0033808,-0.0012911,0.0012491,0.0033201,-0.0033473,-0.0012947,0.0012019,0.0032312,-0.0033685,-0.0013857,0.0010438,0.0030939,-0.0032392,-0.0012369,0.0011271,0.0031184,-0.0031534,-0.0011808,0.0011451,0.0031042,-0.0031156,-0.0011667,0.0011363,0.0030798,-0.0030682,-0.0011117,0.0012359,0.0033314,-0.0023215,0.00068735,0.0055644,0.01,0.01
-0.0072519,-0.0039152,0.0028676,0.0061078,-0.0063391,-0.0032526,0.003213,0.0062654,-0.0062718,-0.0032249,0.0032242,0.0062698,-0.0062702,-0.0032243,0.0032245,0.0062699,-0.0062704,-0.0032247,0.0032244,0.0062731,-0.0062547,-0.0031938,0.0032752,0.0063083,-0.0064205,-0.0034721,0.0028143,0.0056845,-0.0066076,-0.0043931,0.00062245,0.0030008,-0.0043824,-0.0029732,0.00018267,0.0016692,-0.0022962,-0.0012416,0.0010714,0.0020462,-0.0020941,-0.0011483,0.0010971,0.0020389,-0.0020612,-0.0011356,0.0010781,0.0020049,-0.0020267,-0.0011152,0.0010687,0.0019803,-0.0019986,-0.0010996,0.0010594,0.0019582,-0.0019752,-0.0010881,0.0010478,0.0019353,-0.0019511,-0.0010746,0.00104,0.0019168,-0.00193,-0.0010625,0.0010343,0.0019022,-0.0019118,-0.0010516,0.0010284,0.0018814,-0.0019219,-0.0010926,0.00093962,0.0017495,-0.002048,-0.0013725,0.00046377,0.0013427,-0.0016622,-0.00092758,0.00069963,0.0014344,-0.0014986,-0.00079867,0.00076622,0.0014585,-0.0014721,-0.0007889,0.00075948,0.0014495,-0.001438,-0.0007315,0.00087606,0.0017445,-0.00067005,0.0010341,0.004624,0.0083983,0.0062001
-0.01,-0.0088531,0.006774,0.01,-0.01,-0.0074468,0.0073921,0.01,-0.01,-0.007408,0.007407,0.01,-0.01,-0.0074072,0.0074073,0.01,-0.01,-0.0074087,0.0074042,0.01,-0.01,-0.0073297,0.0075836,0.01,-0.01,-0.0080828,0.0061084,0.01,-0.01,-0.0088455,0.0017083,0.0080167,-0.0094895,-0.0045383,0.002593,0.007157,-0.007564,-0.0032785,0.0032372,0.0074955,-0.0075242,-0.0032853,0.0031828,0.0073796,-0.0074078,-0.0032393,0.0031563,0.0072949,-0.0073182,-0.0032014,0.0031392,0.0072338,-0.0072536,-0.0031773,0.0031167,0.0071702,-0.0071894,-0.0031539,0.0030942,0.0071077,-0.0071248,-0.0031272,0.0030804,0.0070614,-0.0070754,-0.0031075,0.0030674,0.007021,-0.0070285,-0.003084,0.0030637,0.0069801,-0.0070506,-0.0031867,0.0028398,0.0066247,-0.0072486,-0.0038929,0.001305,0.0048181,-0.005487,-0.0024384,0.0018644,0.0048522,-0.0049752,-0.00208,0.0020265,0.004894,-0.004915,-0.002065,0.0020008,0.0048461,-0.0048403,-0.0019837,0.0021316,0.005185,-0.0038073,0.00052917,0.0081233,0.01,0.01
-0.01,-0.01,0.01,0.01,-0.01,-0.01,0.01,0.01,-0.01,-0.01,0.01,0.01,-0.01,-0.01,0.01,0.01,-0.01,-0.01,0.01,0.01,-0.01,-0.01,0.01,0.01,-0.01,-0.01,0.01,0.01,-0.01,-0.01,0.008748,0.01,-0.01,-0.01,0.01,0.01,-0.01,-0.01,0.01,0.01,-0.01,-0.01,0.01,0.01,-0.01,-0.01,0.01,0.01,-0.01,-0.01,0.01,0.01,-0.01,-0.01,0.01,0.01,-0.01,-0.01,0.01,0.01,-0.01,-0.01,0.01,0.01,-0.01,-0.01,0.01,0.01,-0.01,-0.01,0.01,0.01,-0.01,-0.01,0.009821,0.01,-0.01,-0.01,0.0051359,0.01,-0.01,-0.0076417,0.0062082,0.01,-0.01,-0.0066522,0.0065519,0.01,-0.01,-0.0066213,0.0064631,0.01,-0.01,-0.0064776,0.0065803,0.01,-0.01,-0.0027038,0.01,0.01,0.01
