-0.013085,-0.0020606,0.0014874,0.01158,-0.011644,-0.0016328,0.0016246,0.011627,-0.011628,-0.0016269,0.0016268,0.011627,-0.011628,-0.0016268,0.0016268,0.011628,-0.011628,-0.0016269,0.0016265,0.011627,-0.011624,-0.0016191,0.0016444,0.011657,-0.011681,-0.0016957,0.0014954,0.011389,-0.011514,-0.0017543,0.0010814,0.010561,-0.010678,-0.0013193,0.0011966,0.010501,-0.010521,-0.0012338,0.0012361,0.010523,-0.010524,-0.0012384,0.0012287,0.010511,-0.010513,-0.0012338,0.0012265,0.010503,-0.010504,-0.0012303,0.0012249,0.010497,-0.010498,-0.0012281,0.0012227,0.010491,-0.010492,-0.0012259,0.0012206,0.010485,-0.010486,-0.0012234,0.0012193,0.01048,-0.010481,-0.0012215,0.0012181,0.010476,-0.010476,-0.0012161,0.0012303,0.010526,-0.010543,-0.001266,0.0011112,0.010112,-0.010274,-0.0015057,0,0.0055531,-0.0057246,-0.00038259,8.8047e-05,0.0048323,-0.0048605,-0.00015826,0.00014849,0.0048385,-0.0048423,-0.00015722,0.00013152,0.0047678,-0.0047691,-0.00013585,0.00013915,0.00476,-0.0045753,-0,0.0013105,0.0084456,0.0062223
-0.0019792,-0.0001674,0,0.0013512,-0.0014075,-0,0,0.0013912,-0.0013923,-0,0,0.001392,-0.001392,-0,0,0.001392,-0.001392,-0,0,0.0013923,-0.0013904,-0,0,0.0013953,-0.0014092,-0,0,0.0013294,-0.001398,-0,0,0.0011645,-0.001228,-0,0,0.001175,-0.0011856,-0,0,0.0011838,-0.0011845,-0,0,0.0011811,-0.0011824,-0,0,0.0011797,-0.0011807,-0,0,0.0011786,-0.0011795,-0,0,0.0011775,-0.0011783,-0,0,0.0011764,-0.0011771,-0,0,0.0011756,-0.0011762,-0,0,0.0011753,-0.0011742,-0,0,0.0011813,-0.0012003,-0,0,0.0010606,-0.001201,-0,0,0.00016624,-0.00030654,-0,0,9.4551e-05,-0.00011612,-0,0,0.0001056,-0.00010884,-0,0,9.2589e-05,-9.3138e-05,-0,0,0.00012439,-0,-0,0.00010344,0.0016575,0.00049271
-0.00013583,-0,0,0,-0,-0,0,0,-0,-0,0,0,-0,-0,0,0,-0,-0,0,0,-0,-0,0,0,-0,-0,0,0,-0,-0,0,0,-0,-0,0,0,-0,-0,0,0,-0,-0,0,0,-0,-0,0,0,-0,-0,0,0,-0,-0,0,0,-0,-0,0,0,-0,-0,0,0,-0,-0,0,0,-0,-0,0,0,-0,-0,0,0,-0,-0,0,0,-0,-0,0,0,-0,-0,0,0,-0,-0,0,0,-0,-0,0,0,-0,0,0,0.00024554,0
-0.0016653,-1.6346e-05,0,0.0010658,-0.0011197,-0,0,0.0011038,-0.001105,-0,0,0.0011047,-0.0011047,-0,0,0.0011047,-0.0011047,-0,0,0.0011048,-0.0011045,-0,0,0.0011041,-0.0011071,-0,0,0.0010976,-0.0011116,-0,0,0.0010897,-0.0011026,-0,0,0.0010952,-0.0010975,-0,0,0.0010967,-0.0010969,-0,0,0.0010966,-0.0010968,-0,0,0.0010965,-0.0010967,-0,0,0.0010965,-0.0010967,-0,0,0.0010965,-0.0010966,-0,0,0.0010964,-0.0010966,-0,0,0.0010964,-0.0010965,-0,0,0.0010973,-0.001094,-0,0,0.0011191,-0.0011605,-0,0,0.00074752,-0.0009039,-0,0,0,-0.00011158,-0,0,6.1814e-05,-7.1268e-05,-0,0,5.0244e-05,-5.4201e-05,-0,0,4.0034e-05,-4.0634e-05,-0,0,6.5155e-05,-0,-0,0,0.0013428,0.00021257
-0.011387,-0.0014885,0.0009679,0.0099961,-0.010056,-0.001101,0.0010928,0.010039,-0.01004,-0.0010952,0.001095,0.01004,-0.01004,-0.0010951,0.0010951,0.01004,-0.01004,-0.001095,0.0010951,0.01004,-0.01004,-0.001095,0.001095,0.01004,-0.010041,-0.0010967,0.0010928,0.010037,-0.010043,-0.0010995,0.0010893,0.010036,-0.010041,-0.0010955,0.0010927,0.010038,-0.010039,-0.0010939,0.0010937,0.010039,-0.010039,-0.0010939,0.0010937,0.010038,-0.010039,-0.0010938,0.0010937,0.010038,-0.010039,-0.0010938,0.0010937,0.010038,-0.010039,-0.0010938,0.0010937,0.010038,-0.010039,-0.0010938,0.0010937,0.010038,-0.010039,-0.0010938,0.0010937,0.010038,-0.010038,-0.0010937,0.001094,0.010039,-0.010035,-0.0010822,0.0011343,0.0102,-0.010257,-0.0012685,0.00064966,0.0084093,-0.008604,-0.001112,0,0.0045384,-0.0046759,-8.6207e-05,5.7915e-05,0.0046164,-0.0046238,-7.323e-05,4.3642e-05,0.0045351,-0.00454,-5.5518e-05,3.4495e-05,0.0044772,-0.0044785,-3.8721e-05,3.7922e-05,0.0044581,-0.004324,-0,0.00088783,0.0073054,0.0048224
-0.0016543,-7.2849e-06,0,0.0010545,-0.0011077,-0,0,0.0010921,-0.0010932,-0,0,0.0010929,-0.0010929,-0,0,0.0010929,-0.0010929,-0,0,0.0010929,-0.0010929,-0,0,0.0010927,-0.0010933,-0,0,0.0010919,-0.0010942,-0,0,0.0010914,-0.0010935,-0,0,0.0010923,-0.0010927,-0,0,0.0010926,-0.0010926,-0,0,0.0010926,-0.0010926,-0,0,0.0010926,-0.0010926,-0,0,0.0010926,-0.0010926,-0,0,0.0010926,-0.0010926,-0,0,0.0010926,-0.0010926,-0,0,0.0010926,-0.0010925,-0,0,0.0010935,-0.0010898,-0,0,0.0011128,-0.0011662,-0,0,0.00072144,-0.00088177,-0,0,0,-9.8365e-05,-0,0,6.3165e-05,-6.8367e-05,-0,0,4.796e-05,-5.2031e-05,-0,0,3.7964e-05,-3.8687e-05,-0,0,6.068e-05,-0,-0,0,0.0013132,0.00019332
-7.0637e-05,-0,0,0,-0,-0,0,0,-0,-0,0,0,-0,-0,0,0,-0,-0,0,0,-0,-0,0,0,-0,-0,0,0,-0,-0,0,0,-0,-0,0,0,-0,-0,0,0,-0,-0,0,0,-0,-0,0,0,-0,-0,0,0,-0,-0,0,0,-0,-0,0,0,-0,-0,0,0,-0,-0,0,0,-0,-0,0,0,-0,-0,0,0,-0,-0,0,0,-0,-0,0,0,-0,-0,0,0,-0,-0,0,0,-0,-0,0,0,-0,-0,0,0.00013806,0
-0.0016283,-0,0,0.0010283,-0.0010815,-0,0,0.0010659,-0.001067,-0,0,0.0010667,-0.0010667,-0,0,0.0010667,-0.0010667,-0,0,0.0010667,-0.0010667,-0,0,0.0010667,-0.0010668,-0,0,0.0010666,-0.0010669,-0,0,0.0010665,-0.0010668,-0,0,0.0010667,-0.0010667,-0,0,0.0010667,-0.0010667,-0,0,0.0010667,-0.0010667,-0,0,0.0010667,-0.0010667,-0,0,0.0010667,-0.0010667,-0,0,0.0010667,-0.0010667,-0,0,0.0010667,-0.0010667,-0,0,0.0010667,-0.0010667,-0,0,0.0010677,-0.0010639,-0,0,0.0010879,-0.0011649,-0,0,0.00045909,-0.00062009,-0,0,0,-6.6207e-05,-0,0,6.2405e-05,-6.4651e-05,-0,0,4.4858e-05,-4.8854e-05,-0,0,3.5603e-05,-3.636e-05,-0,0,5.7398e-05,-0,-0,0,0.0012944,0.0001658
-0.011239,-0.0014589,0.00093888,0.0098484,-0.0099081,-0.0010716,0.0010636,0.0098914,-0.0098926,-0.0010659,0.0010657,0.0098922,-0.0098923,-0.0010658,0.0010658,0.0098923,-0.0098923,-0.0010658,0.0010658,0.0098923,-0.0098923,-0.0010658,0.0010657,0.0098923,-0.0098923,-0.0010658,0.0010657,0.0098922,-0.0098924,-0.0010658,0.0010657,0.0098922,-0.0098923,-0.0010658,0.0010657,0.0098923,-0.0098923,-0.0010658,0.0010657,0.0098923,-0.0098923,-0.0010658,0.0010657,0.0098923,-0.0098923,-0.0010658,0.0010657,0.0098923,-0.0098923,-0.0010657,0.0010657,0.0098923,-0.0098923,-0.0010657,0.0010657,0.0098923,-0.0098923,-0.0010658,0.0010658,0.0098923,-0.0098923,-0.0010657,0.0010658,0.0098923,-0.0098922,-0.0010656,0.0010661,0.0098931,-0.0098885,-0.0010535,0.0011116,0.010081,-0.010183,-0.0013501,0.00028094,0.0069707,-0.0071668,-0.00074601,0,0.0044354,-0.0045246,-4.5075e-05,6.6779e-05,0.0046041,-0.0046057,-6.9466e-05,4.0084e-05,0.0045175,-0.0045223,-5.1588e-05,3.2031e-05,0.0044637,-0.0044652,-3.6293e-05,3.4161e-05,0.0044421,-0.0043136,-0,0.00086704,0.0072471,0.0046776
-0.0016267,-0,0,0.0010265,-0.0010796,-0,0,0.001064,-0.0010652,-0,0,0.0010648,-0.0010649,-0,0,0.0010649,-0.0010649,-0,0,0.0010649,-0.0010648,-0,0,0.0010649,-0.0010649,-0,0,0.0010648,-0.0010649,-0,0,0.0010648,-0.0010649,-0,0,0.0010648,-0.0010648,-0,0,0.0010649,-0.0010648,-0,0,0.0010649,-0.0010648,-0,0,0.0010649,-0.0010649,-0,0,0.0010649,-0.0010648,-0,0,0.0010648,-0.0010648,-0,0,0.0010648,-0.0010648,-0,0,0.0010649,-0.0010647,-0,0,0.0010656,-0.0010635,-0,0,0.0010798,-0.0011692,-0,0,0.00043738,-0.00059598,-0,0,0,-6.1464e-05,-0,0,6.2572e-05,-6.4152e-05,-0,0,4.4691e-05,-4.8606e-05,-0,0,3.5434e-05,-3.6201e-05,-0,0,5.6948e-05,-0,-0,0,0.0012909,0.00016295
-6.1186e-05,-0,0,0,-0,-0,0,0,-0,-0,0,0,-0,-0,0,0,-0,-0,0,0,-0,-0,0,0,-0,-0,0,0,-0,-0,0,0,-0,-0,0,0,-0,-0,0,0,-0,-0,0,0,-0,-0,0,0,-0,-0,0,0,-0,-0,0,0,-0,-0,0,0,-0,-0,0,0,-0,-0,0,0,-0,-0,0,0,-0,-0,0,0,-0,-0,0,0,-0,-0,0,0,-0,-0,0,0,-0,-0,0,0,-0,-0,0,0,-0,-0,0,0.00012594,0
-0.0016011,-0,0,0.001001,-0.0010541,-0,0,0.0010386,-0.0010397,-0,0,0.0010394,-0.0010394,-0,0,0.0010394,-0.0010394,-0,0,0.0010394,-0.0010394,-0,0,0.0010394,-0.0010394,-0,0,0.0010394,-0.0010394,-0,0,0.0010394,-0.0010394,-0,0,0.0010394,-0.0010394,-0,0,0.0010394,-0.0010394,-0,0,0.0010394,-0.0010394,-0,0,0.0010394,-0.0010394,-0,0,0.0010394,-0.0010394,-0,0,0.0010394,-0.0010394,-0,0,0.0010394,-0.0010394,-0,0,0.0010396,-0.0010389,-0,0,0.0010445,-0.0010489,-0,0,0.00098958,-0.001103,-0,0,0.00017918,-0.00032793,-0,0,2.6574e-05,-6.7339e-05,-0,0,5.7266e-05,-5.9758e-05,-0,0,4.2302e-05,-4.6008e-05,-0,0,3.3051e-05,-3.3809e-05,-0,0,5.4369e-05,-0,-0,0,0.0012751,0.00013714
-0.011094,-0.0014314,0.00091162,0.0097044,-0.0097642,-0.0010443,0.0010363,0.0097475,-0.0097486,-0.0010386,0.0010384,0.0097483,-0.0097483,-0.0010385,0.0010385,0.0097483,-0.0097483,-0.0010385,0.0010385,0.0097483,-0.0097483,-0.0010385,0.0010385,0.0097484,-0.0097483,-0.0010385,0.0010384,0.0097484,-0.0097483,-0.0010384,0.0010384,0.0097483,-0.0097483,-0.0010384,0.0010384,0.0097483,-0.0097483,-0.0010385,0.0010384,0.0097483,-0.0097483,-0.0010385,0.0010384,0.0097483,-0.0097483,-0.0010385,0.0010384,0.0097483,-0.0097483,-0.0010384,0.0010384,0.0097483,-0.0097483,-0.0010384,0.0010384,0.0097483,-0.0097483,-0.0010384,0.0010385,0.0097483,-0.0097483,-0.0010384,0.0010386,0.0097486,-0.0097475,-0.0010361,0.0010464,0.0097792,-0.0097868,-0.0010619,0.00099346,0.0096072,-0.0097527,-0.0013382,0,0.0055332,-0.005711,-0.0003614,0,0.004539,-0.0045806,-5.9806e-05,5.6858e-05,0.0045772,-0.0045803,-6.3882e-05,3.8183e-05,0.0045033,-0.0045078,-4.8758e-05,2.954e-05,0.0044502,-0.0044517,-3.3769e-05,3.1494e-05,0.0044284,-0.0043016,-0,0.00085414,0.0071996,0.0045388
-0.0015995,-0,0,0.00099918,-0.0010523,-0,0,0.0010367,-0.0010379,-0,0,0.0010375,-0.0010376,-0,0,0.0010376,-0.0010376,-0,0,0.0010376,-0.0010375,-0,0,0.0010376,-0.0010375,-0,0,0.0010376,-0.0010375,-0,0,0.0010376,-0.0010375,-0,0,0.0010376,-0.0010375,-0,0,0.0010376,-0.0010375,-0,0,0.0010376,-0.0010376,-0,0,0.0010376,-0.0010376,-0,0,0.0010376,-0.0010376,-0,0,0.0010375,-0.0010375,-0,0,0.0010376,-0.0010375,-0,0,0.0010379,-0.0010367,-0,0,0.0010417,-0.0010526,-0,0,0.00097376,-0.0010974,-0,0,0.00016546,-0.00030609,-0,0,3.5293e-05,-6.5032e-05,-0,0,5.6646e-05,-5.9522e-05,-0,0,4.2167e-05,-4.58e-05,-0,0,3.2863e-05,-3.3646e-05,-0,0,5.4018e-05,-0,-0,0,0.0012719,0.00013449
-5.1721e-05,-0,0,0,-0,-0,0,0,-0,-0,0,0,-0,-0,0,0,-0,-0,0,0,-0,-0,0,0,-0,-0,0,0,-0,-0,0,0,-0,-0,0,0,-0,-0,0,0,-0,-0,0,0,-0,-0,0,0,-0,-0,0,0,-0,-0,0,0,-0,-0,0,0,-0,-0,0,0,-0,-0,0,0,-0,-0,0,0,-0,-0,0,0,-0,-0,0,0,-0,-0,0,0,-0,-0,0,0,-0,-0,0,0,-0,-0,0,0,-0,-0,0,0.00011493,0
-0.0015742,-0,0,0.00097397,-0.0010271,-0,0,0.0010115,-0.0010126,-0,0,0.0010123,-0.0010124,-0,0,0.0010124,-0.0010123,-0,0,0.0010124,-0.0010123,-0,0,0.0010124,-0.0010123,-0,0,0.0010124,-0.0010123,-0,0,0.0010124,-0.0010123,-0,0,0.0010124,-0.0010123,-0,0,0.0010124,-0.0010123,-0,0,0.0010124,-0.0010123,-0,0,0.0010124,-0.0010123,-0,0,0.0010123,-0.0010123,-0,0,0.0010123,-0.0010123,-0,0,0.0010124,-0.0010123,-0,0,0.001013,-0.0010104,-0,0,0.0010305,-0.0010593,-0,0,0.00076555,-0.00090459,-0,0,1.709e-05,-0.00013626,-0,0,5.8808e-05,-7.2307e-05,-0,0,5.1754e-05,-5.5688e-05,-0,0,4.0013e-05,-4.3495e-05,-0,0,3.0429e-05,-3.1224e-05,-0,0,5.1458e-05,-0,-0,0,0.0012564,0.00010887
-0.01095,-0.0014042,0.00088461,0.0095618,-0.0096216,-0.0010173,0.0010092,0.0096049,-0.009606,-0.0010115,0.0010114,0.0096057,-0.0096057,-0.0010114,0.0010114,0.0096057,-0.0096057,-0.0010114,0.0010114,0.0096057,-0.0096057,-0.0010114,0.0010114,0.0096057,-0.0096057,-0.0010114,0.0010114,0.0096057,-0.0096057,-0.0010114,0.0010114,0.0096057,-0.0096057,-0.0010114,0.0010114,0.0096057,-0.0096057,-0.0010114,0.0010114,0.0096057,-0.0096057,-0.0010114,0.0010114,0.0096057,-0.0096057,-0.0010114,0.0010114,0.0096057,-0.0096057,-0.0010114,0.0010114,0.0096057,-0.0096057,-0.0010114,0.0010114,0.0096057,-0.0096057,-0.0010114,0.0010114,0.0096057,-0.0096057,-0.0010113,0.0010117,0.0096065,-0.0096028,-0.0010025,0.0010428,0.0097303,-0.0097711,-0.0011373,0.00070161,0.0084808,-0.0086547,-0.0011143,0,0.0046658,-0.0048039,-0.00011893,5.0362e-05,0.0046238,-0.0046353,-7.4793e-05,4.7174e-05,0.0045529,-0.0045578,-5.8962e-05,3.6458e-05,0.0044907,-0.0044949,-4.6341e-05,2.6887e-05,0.0044365,-0.0044379,-3.1183e-05,2.8868e-05,0.0044147,-0.0042896,-0,0.00084159,0.0071531,0.0044009
-0.0015727,-0,0,0.00097215,-0.0010253,-0,0,0.0010097,-0.0010108,-0,0,0.0010105,-0.0010105,-0,0,0.0010105,-0.0010105,-0,0,0.0010105,-0.0010105,-0,0,0.0010105,-0.0010105,-0,0,0.0010105,-0.0010105,-0,0,0.0010105,-0.0010105,-0,0,0.0010105,-0.0010105,-0,0,0.0010105,-0.0010105,-0,0,0.0010105,-0.0010105,-0,0,0.0010105,-0.0010105,-0,0,0.0010105,-0.0010105,-0,0,0.0010105,-0.0010105,-0,0,0.0010105,-0.0010105,-0,0,0.0010113,-0.0010083,-0,0,0.0010264,-0.0010666,-0,0,0.00074243,-0.0008861,-0,0,1.6817e-05,-0.00012302,-0,0,6.312e-05,-7.1118e-05,-0,0,5.1312e-05,-5.5449e-05,-0,0,3.989e-05,-4.3306e-05,-0,0,3.025e-05,-3.1052e-05,-0,0,5.1139e-05,-0,-0,0,0.0012533,0.00010626
-4.24e-05,-0,0,0,-0,-0,0,0,-0,-0,0,0,-0,-0,0,0,-0,-0,0,0,-0,-0,0,0,-0,-0,0,0,-0,-0,0,0,-0,-0,0,0,-0,-0,0,0,-0,-0,0,0,-0,-0,0,0,-0,-0,0,0,-0,-0,0,0,-0,-0,0,0,-0,-0,0,0,-0,-0,0,0,-0,-0,0,0,-0,-0,0,0,-0,-0,0,0,-0,-0,0,0,-0,-0,0,0,-0,-0,0,0,-0,-0,0,0,-0,-0,0,0.00010409,0
-0.0015478,-0,0,0.00094736,-0.0010005,-0,0,0.00098489,-0.00098602,-0,0,0.0009857,-0.00098573,-0,0,0.00098572,-0.00098573,-0,0,0.00098574,-0.00098572,-0,0,0.00098575,-0.00098571,-0,0,0.00098575,-0.00098572,-0,0,0.00098573,-0.00098571,-0,0,0.00098573,-0.00098572,-0,0,0.00098574,-0.00098572,-0,0,0.00098574,-0.00098572,-0,0,0.00098574,-0.00098571,-0,0,0.00098572,-0.00098572,-0,0,0.00098572,-0.00098572,-0,0,0.00098575,-0.00098566,-0,0,0.00098658,-0.00098322,-0,0,0.0010052,-0.0010712,-0,0,0.00045452,-0.00060071,-0,0,0,-7.5075e-05,-0,0,6.5263e-05,-6.8768e-05,-0,0,4.7752e-05,-5.1955e-05,-0,0,3.7672e-05,-4.0977e-05,-0,0,2.7821e-05,-2.8606e-05,-0,0,4.8924e-05,-0,-0,0,0.001238,8.1011e-05
-0.010809,-0.0013774,0.00085805,0.0094216,-0.0094813,-0.00099068,0.0009826,0.0094646,-0.0094658,-0.00098492,0.00098477,0.0094654,-0.0094655,-0.0009848,0.00098482,0.0094654,-0.0094655,-0.00098481,0.00098481,0.0094655,-0.0094655,-0.00098482,0.0009848,0.0094655,-0.0094654,-0.00098481,0.00098479,0.0094655,-0.0094654,-0.0009848,0.00098479,0.0094655,-0.0094654,-0.0009848,0.00098479,0.0094655,-0.0094654,-0.00098481,0.0009848,0.0094655,-0.0094654,-0.00098482,0.00098479,0.0094655,-0.0094654,-0.00098481,0.00098478,0.0094655,-0.0094654,-0.0009848,0.00098478,0.0094654,-0.0094654,-0.0009848,0.00098479,0.0094654,-0.0094654,-0.0009848,0.00098482,0.0094655,-0.0094654,-0.00098466,0.00098511,0.0094661,-0.009462,-0.00097389,0.0010257,0.0096344,-0.0097228,-0.0012345,0.00029694,0.0069044,-0.007083,-0.00072068,0,0.0044828,-0.0045687,-5.5327e-05,6.8503e-05,0.0046233,-0.004626,-7.3637e-05,4.2728e-05,0.0045331,-0.0045382,-5.4778e-05,3.4479e-05,0.0044778,-0.0044818,-4.3905e-05,2.4241e-05,0.0044227,-0.0044242,-2.8462e-05,2.6738e-05,0.004403,-0.0042794,-0,0.00082917,0.0071076,0.0042651
-0.0015462,-0,0,0.00094556,-0.00099868,-0,0,0.0009831,-0.00098424,-0,0,0.00098391,-0.00098394,-0,0,0.00098393,-0.00098394,-0,0,0.00098394,-0.00098393,-0,0,0.00098394,-0.00098392,-0,0,0.00098394,-0.00098392,-0,0,0.00098393,-0.00098392,-0,0,0.00098393,-0.00098392,-0,0,0.00098394,-0.00098393,-0,0,0.00098394,-0.00098392,-0,0,0.00098394,-0.00098392,-0,0,0.00098393,-0.00098392,-0,0,0.00098393,-0.00098392,-0,0,0.00098399,-0.0009838,-0,0,0.00098457,-0.00098272,-0,0,0.00099742,-0.0010764,-0,0,0.00043154,-0.00057608,-0,0,5.5558e-06,-6.9357e-05,-0,0,6.5844e-05,-6.8205e-05,-0,0,4.7563e-05,-5.1688e-05,-0,0,3.7529e-05,-4.0796e-05,-0,0,2.7658e-05,-2.8419e-05,-0,0,4.8645e-05,-0,-0,0,0.0012349,7.8434e-05
-3.3211e-05,-0,0,0,-0,-0,0,0,-0,-0,0,0,-0,-0,0,0,-0,-0,0,0,-0,-0,0,0,-0,-0,0,0,-0,-0,0,0,-0,-0,0,0,-0,-0,0,0,-0,-0,0,0,-0,-0,0,0,-0,-0,0,0,-0,-0,0,0,-0,-0,0,0,-0,-0,0,0,-0,-0,0,0,-0,-0,0,0,-0,-0,0,0,-0,-0,0,0,-0,-0,0,0,-0,-0,0,0,-0,-0,0,0,-0,-0,0,0,-0,-0,0,9.3374e-05,0
-0.0015216,-0,0,0.00092103,-0.00097414,-0,0,0.00095856,-0.0009597,-0,0,0.00095937,-0.00095941,-0,0,0.0009594,-0.0009594,-0,0,0.00095941,-0.00095939,-0,0,0.00095942,-0.00095938,-0,0,0.00095941,-0.00095939,-0,0,0.0009594,-0.00095939,-0,0,0.00095941,-0.00095939,-0,0,0.00095941,-0.00095939,-0,0,0.00095941,-0.00095939,-0,0,0.00095941,-0.00095939,-0,0,0.0009594,-0.00095939,-0,0,0.0009594,-0.00095938,-0,0,0.00095958,-0.00095892,-0,0,0.00096401,-0.00096796,-0,0,0.00091445,-0.0010172,-0,0,0.00017653,-0.00031231,-0,0,3.4254e-05,-7.2602e-05,-0,0,6.0691e-05,-6.3664e-05,-0,0,4.5069e-05,-4.8994e-05,-0,0,3.5181e-05,-3.8423e-05,-0,0,2.523e-05,-2.5947e-05,-0,0,4.6731e-05,-0,-0,0,0.0012197,5.3498e-05
-0.010669,-0.0013509,0.00083177,0.0092828,-0.0093425,-0.00096437,0.00095629,0.0093258,-0.009327,-0.0009586,0.00095846,0.0093266,-0.0093267,-0.00095849,0.00095851,0.0093267,-0.0093267,-0.00095849,0.0009585,0.0093267,-0.0093267,-0.0009585,0.00095848,0.0093267,-0.0093267,-0.00095849,0.00095847,0.0093267,-0.0093267,-0.00095848,0.00095848,0.0093267,-0.0093267,-0.00095848,0.00095848,0.0093267,-0.0093267,-0.0009585,0.00095848,0.0093267,-0.0093267,-0.0009585,0.00095847,0.0093267,-0.0093267,-0.0009585,0.00095846,0.0093267,-0.0093267,-0.00095848,0.00095846,0.0093267,-0.0093267,-0.00095848,0.00095848,0.0093267,-0.0093267,-0.00095845,0.00095859,0.0093269,-0.0093259,-0.00095634,0.0009657,0.0093547,-0.0093616,-0.00097967,0.00091795,0.0091997,-0.0093319,-0.0012316,0,0.0054868,-0.0056491,-0.00034279,0,0.0045712,-0.0046101,-6.6056e-05,5.9805e-05,0.0045965,-0.0046001,-6.7963e-05,4.0719e-05,0.0045184,-0.0045231,-5.1796e-05,3.208e-05,0.0044644,-0.0044684,-4.1383e-05,2.1626e-05,0.004409,-0.0044104,-2.5602e-05,2.505e-05,0.0043929,-0.0042708,-0,0.0008167,0.0070623,0.004131
-0.0015201,-0,0,0.00091926,-0.00097237,-0,0,0.0009568,-0.00095793,-0,0,0.0009576,-0.00095763,-0,0,0.00095763,-0.00095763,-0,0,0.00095763,-0.00095762,-0,0,0.00095763,-0.00095762,-0,0,0.00095763,-0.00095762,-0,0,0.00095762,-0.00095762,-0,0,0.00095763,-0.00095762,-0,0,0.00095763,-0.00095762,-0,0,0.00095763,-0.00095762,-0,0,0.00095763,-0.00095762,-0,0,0.00095762,-0.00095762,-0,0,0.00095763,-0.0009576,-0,0,0.00095794,-0.00095688,-0,0,0.00096142,-0.00097119,-0,0,0.00089994,-0.0010124,-0,0,0.00016322,-0.00029164,-0,0,4.2459e-05,-7.027e-05,-0,0,6.0149e-05,-6.3388e-05,-0,0,4.4964e-05,-4.8769e-05,-0,0,3.5024e-05,-3.8246e-05,-0,0,2.5078e-05,-2.5753e-05,-0,0,4.648e-05,-0,-0,0,0.0012167,5.0949e-05
-2.4108e-05,-0,0,0,-0,-0,0,0,-0,-0,0,0,-0,-0,0,0,-0,-0,0,0,-0,-0,0,0,-0,-0,0,0,-0,-0,0,0,-0,-0,0,0,-0,-0,0,0,-0,-0,0,0,-0,-0,0,0,-0,-0,0,0,-0,-0,0,0,-0,-0,0,0,-0,-0,0,0,-0,-0,0,0,-0,-0,0,0,-0,-0,0,0,-0,-0,0,0,-0,-0,0,0,-0,-0,0,0,-0,-0,0,0,-0,-0,0,0,-0,-0,0,8.273e-05,0
-0.0014956,-0,0,0.00089496,-0.00094807,-0,0,0.00093249,-0.00093363,-0,0,0.00093329,-0.00093334,-0,0,0.00093332,-0.00093333,-0,0,0.00093334,-0.00093332,-0,0,0.00093334,-0.00093332,-0,0,0.00093334,-0.00093333,-0,0,0.00093333,-0.00093332,-0,0,0.00093333,-0.00093332,-0,0,0.00093333,-0.00093332,-0,0,0.00093334,-0.00093331,-0,0,0.00093334,-0.00093331,-0,0,0.00093333,-0.00093331,-0,0,0.00093333,-0.00093329,-0,0,0.00093394,-0.00093156,-0,0,0.00094974,-0.00097574,-0,0,0.00071005,-0.00083632,-0,0,2.9592e-05,-0.0001385,-0,0,6.3289e-05,-7.6432e-05,-0,0,5.5035e-05,-5.9207e-05,-0,0,4.273e-05,-4.6362e-05,-0,0,3.2624e-05,-3.5843e-05,-0,0,2.2723e-05,-2.3325e-05,-0,0,4.4818e-05,-0,-0,0,0.0012016,2.6288e-05
-0.010531,-0.0013246,0.00080576,0.0091454,-0.0092051,-0.0009383,0.00093023,0.0091884,-0.0091896,-0.00093254,0.0009324,0.0091892,-0.0091893,-0.00093243,0.00093245,0.0091893,-0.0091893,-0.00093243,0.00093244,0.0091893,-0.0091893,-0.00093244,0.00093243,0.0091893,-0.0091893,-0.00093242,0.00093242,0.0091893,-0.0091893,-0.00093242,0.00093242,0.0091893,-0.0091893,-0.00093243,0.00093242,0.0091893,-0.0091893,-0.00093244,0.00093243,0.0091893,-0.0091892,-0.00093245,0.00093241,0.0091893,-0.0091892,-0.00093244,0.0009324,0.0091893,-0.0091892,-0.00093242,0.0009324,0.0091893,-0.0091892,-0.00093242,0.00093242,0.0091893,-0.0091892,-0.00093234,0.00093268,0.0091899,-0.0091866,-0.00092437,0.00096077,0.0093019,-0.0093388,-0.0010463,0.00065228,0.0081721,-0.0083299,-0.0010269,0,0.0047051,-0.0048313,-0.00012399,5.4415e-05,0.0046456,-0.0046571,-7.9227e-05,5.0245e-05,0.0045706,-0.0045759,-6.2633e-05,3.8991e-05,0.0045053,-0.0045097,-4.9234e-05,2.9513e-05,0.0044509,-0.0044548,-3.8793e-05,1.9112e-05,0.0043957,-0.0043969,-2.2727e-05,2.369e-05,0.0043842,-0.0042636,-0,0.00080418,0.0070171,0.0039983
-0.0014941,-0,0,0.00089321,-0.00094632,-0,0,0.00093075,-0.00093188,-0,0,0.00093156,-0.00093158,-0,0,0.00093158,-0.00093157,-0,0,0.00093158,-0.00093157,-0,0,0.00093158,-0.00093157,-0,0,0.00093158,-0.00093157,-0,0,0.00093158,-0.00093157,-0,0,0.00093158,-0.00093157,-0,0,0.00093158,-0.00093157,-0,0,0.00093159,-0.00093157,-0,0,0.00093158,-0.00093157,-0,0,0.00093157,-0.00093157,-0,0,0.00093159,-0.00093154,-0,0,0.00093231,-0.00092961,-0,0,0.00094588,-0.00098225,-0,0,0.00068901,-0.0008194,-0,0,2.9351e-05,-0.00012645,-0,0,6.7178e-05,-7.532e-05,-0,0,5.4596e-05,-5.8943e-05,-0,0,4.2612e-05,-4.6166e-05,-0,0,3.2447e-05,-3.567e-05,-0,0,2.2574e-05,-2.3136e-05,-0,0,4.457e-05,-0,-0,0,0.0011986,2.3769e-05
-1.5099e-05,-0,0,0,-0,-0,0,0,-0,-0,0,0,-0,-0,0,0,-0,-0,0,0,-0,-0,0,0,-0,-0,0,0,-0,-0,0,0,-0,-0,0,0,-0,-0,0,0,-0,-0,0,0,-0,-0,0,0,-0,-0,0,0,-0,-0,0,0,-0,-0,0,0,-0,-0,0,0,-0,-0,0,0,-0,-0,0,0,-0,-0,0,0,-0,-0,0,0,-0,-0,0,0,-0,-0,0,0,-0,-0,0,0,-0,-0,0,0,-0,-0,0,7.218e-05,0
-0.00147,-0,0,0.00086924,-0.00092234,-0,0,0.00090676,-0.00090791,-0,0,0.00090757,-0.00090761,-0,0,0.0009076,-0.0009076,-0,0,0.00090761,-0.00090759,-0,0,0.00090761,-0.00090759,-0,0,0.00090762,-0.0009076,-0,0,0.00090761,-0.00090759,-0,0,0.00090761,-0.00090759,-0,0,0.00090761,-0.00090759,-0,0,0.00090762,-0.00090759,-0,0,0.00090761,-0.00090759,-0,0,0.0009076,-0.00090759,-0,0,0.00090762,-0.00090754,-0,0,0.00090849,-0.00090547,-0,0,0.00092412,-0.00098384,-0,0,0.00042585,-0.00055854,-0,0,1.0061e-05,-8.1445e-05,-0,0,6.8814e-05,-7.2773e-05,-0,0,5.0923e-05,-5.5312e-05,-0,0,4.04e-05,-4.3835e-05,-0,0,3.002e-05,-3.3227e-05,-0,0,2.0324e-05,-2.0793e-05,-0,0,4.2975e-05,-0,-0,0,0.0011836,0
-0.010394,-0.0012987,0.00078009,0.0090098,-0.0090695,-0.00091258,0.00090451,0.0090528,-0.009054,-0.00090682,0.00090668,0.0090536,-0.0090537,-0.00090671,0.00090673,0.0090537,-0.0090537,-0.00090671,0.00090672,0.0090537,-0.0090537,-0.00090672,0.00090672,0.0090537,-0.0090537,-0.00090671,0.0009067,0.0090537,-0.0090537,-0.00090671,0.0009067,0.0090537,-0.0090537,-0.00090671,0.0009067,0.0090537,-0.0090537,-0.00090672,0.00090671,0.0090537,-0.0090537,-0.00090673,0.00090669,0.0090537,-0.0090536,-0.00090672,0.00090668,0.0090537,-0.0090536,-0.00090671,0.00090668,0.0090537,-0.0090536,-0.00090671,0.00090671,0.0090537,-0.0090536,-0.00090655,0.00090715,0.009055,-0.0090511,-0.0008971,0.0009426,0.0092009,-0.0092806,-0.0011314,0.00028355,0.0067307,-0.0068929,-0.00066806,0,0.0045306,-0.0046096,-6.4291e-05,7.0927e-05,0.0046431,-0.0046465,-7.7771e-05,4.5724e-05,0.0045502,-0.0045555,-5.8249e-05,3.7078e-05,0.0044924,-0.0044966,-4.6781e-05,2.687e-05,0.0044371,-0.004441,-3.6115e-05,1.675e-05,0.0043829,-0.0043839,-1.996e-05,2.2386e-05,0.0043759,-0.0042568,-0,0.00079179,0.0069724,0.0038676
-0.0014685,-0,0,0.00086751,-0.00092061,-0,0,0.00090504,-0.00090618,-0,0,0.00090585,-0.00090588,-0,0,0.00090587,-0.00090587,-0,0,0.00090587,-0.00090587,-0,0,0.00090587,-0.00090587,-0,0,0.00090588,-0.00090587,-0,0,0.00090587,-0.00090587,-0,0,0.00090587,-0.00090587,-0,0,0.00090588,-0.00090587,-0,0,0.00090588,-0.00090586,-0,0,0.00090588,-0.00090586,-0,0,0.00090587,-0.00090586,-0,0,0.00090591,-0.00090578,-0,0,0.00090663,-0.00090447,-0,0,0.00091814,-0.00098862,-0,0,0.00040613,-0.00053787,-0,0,1.677e-05,-7.6254e-05,-0,0,6.9387e-05,-7.2207e-05,-0,0,5.0728e-05,-5.503e-05,-0,0,4.0274e-05,-4.3653e-05,-0,0,2.9852e-05,-3.3043e-05,-0,0,2.0199e-05,-2.0618e-05,-0,0,4.2727e-05,-0,-0,0,0.0011807,0
-6.1973e-06,-0,0,0,-0,-0,0,0,-0,-0,0,0,-0,-0,0,0,-0,-0,0,0,-0,-0,0,0,-0,-0,0,0,-0,-0,0,0,-0,-0,0,0,-0,-0,0,0,-0,-0,0,0,-0,-0,0,0,-0,-0,0,0,-0,-0,0,0,-0,-0,0,0,-0,-0,0,0,-0,-0,0,0,-0,-0,0,0,-0,-0,0,0,-0,-0,0,0,-0,-0,0,0,-0,-0,0,0,-0,-0,0,0,-0,-0,0,0,-0,-0,0,6.1749e-05,0
-0.0014447,-0,0,0.00084377,-0.00089689,-0,0,0.00088129,-0.00088245,-0,0,0.0008821,-0.00088215,-0,0,0.00088213,-0.00088215,-0,0,0.00088214,-0.00088213,-0,0,0.00088215,-0.00088214,-0,0,0.00088216,-0.00088214,-0,0,0.00088214,-0.00088213,-0,0,0.00088214,-0.00088213,-0,0,0.00088215,-0.00088213,-0,0,0.00088215,-0.00088212,-0,0,0.00088215,-0.00088212,-0,0,0.00088214,-0.00088212,-0,0,0.00088224,-0.00088186,-0,0,0.00088472,-0.00088587,-0,0,0.00086197,-0.0009505,-0,0,0.00020801,-0.00033399,-0,0,3.5692e-05,-7.5261e-05,-0,0,6.4464e-05,-6.7486e-05,-0,0,4.7845e-05,-5.1922e-05,-0,0,3.7996e-05,-4.1304e-05,-0,0,2.7442e-05,-3.0576e-05,-0,0,1.8299e-05,-1.8621e-05,-0,0,4.1121e-05,-0,-0,0,0.0011659,0
-0.010259,-0.0012731,0.00075466,0.0088756,-0.0089353,-0.00088712,0.00087906,0.0089186,-0.0089198,-0.00088136,0.00088123,0.0089194,-0.0089195,-0.00088124,0.00088128,0.0089194,-0.0089195,-0.00088125,0.00088127,0.0089194,-0.0089194,-0.00088126,0.00088126,0.0089194,-0.0089194,-0.00088126,0.00088125,0.0089195,-0.0089194,-0.00088125,0.00088125,0.0089194,-0.0089194,-0.00088125,0.00088125,0.0089194,-0.0089194,-0.00088126,0.00088125,0.0089194,-0.0089194,-0.00088127,0.00088123,0.0089194,-0.0089194,-0.00088126,0.00088122,0.0089194,-0.0089194,-0.00088125,0.00088123,0.0089194,-0.0089194,-0.00088123,0.00088129,0.0089196,-0.008919,-0.00088009,0.00088504,0.0089339,-0.0089365,-0.00088921,0.00087252,0.0089071,-0.0090204,-0.0011409,1.6726e-05,0.0056319,-0.0057833,-0.00037591,0,0.0045805,-0.0046225,-6.7998e-05,6.4014e-05,0.0046163,-0.0046199,-7.207e-05,4.3206e-05,0.0045334,-0.0045383,-5.4684e-05,3.4884e-05,0.0044793,-0.0044833,-4.4309e-05,2.424e-05,0.0044235,-0.0044272,-3.3311e-05,1.4875e-05,0.0043719,-0.0043727,-1.769e-05,2.095e-05,0.0043675,-0.0042499,-0,0.00077958,0.0069281,0.0037382
-0.0014434,-0,0,0.00084203,-0.00089518,-0,0,0.00087959,-0.00088073,-0,0,0.0008804,-0.00088044,-0,0,0.00088042,-0.00088043,-0,0,0.00088042,-0.00088043,-0,0,0.00088043,-0.00088043,-0,0,0.00088043,-0.00088043,-0,0,0.00088042,-0.00088042,-0,0,0.00088042,-0.00088042,-0,0,0.00088043,-0.00088042,-0,0,0.00088044,-0.00088041,-0,0,0.00088043,-0.00088041,-0,0,0.00088043,-0.0008804,-0,0,0.00088062,-0.00087996,-0,0,0.00088246,-0.00088762,-0,0,0.00085114,-0.00094775,-0,0,0.00019612,-0.00031669,-0,0,4.2511e-05,-7.3163e-05,-0,0,6.3975e-05,-6.7189e-05,-0,0,4.7727e-05,-5.1681e-05,-0,0,3.7841e-05,-4.1126e-05,-0,0,2.7275e-05,-3.0373e-05,-0,0,1.8198e-05,-1.8473e-05,-0,0,4.0871e-05,-0,-0,0,0.0011631,0
-0,-0,0,0,-0,-0,0,0,-0,-0,0,0,-0,-0,0,0,-0,-0,0,0,-0,-0,0,0,-0,-0,0,0,-0,-0,0,0,-0,-0,0,0,-0,-0,0,0,-0,-0,0,0,-0,-0,0,0,-0,-0,0,0,-0,-0,0,0,-0,-0,0,0,-0,-0,0,0,-0,-0,0,0,-0,-0,0,0,-0,-0,0,0,-0,-0,0,0,-0,-0,0,0,-0,-0,0,0,-0,-0,0,0,-0,-0,0,0,-0,-0,0,5.233e-05,0
-0.001422,-0,0,0.00081851,-0.00087171,-0,0,0.00085611,-0.00085726,-0,0,0.00085691,-0.00085696,-0,0,0.00085694,-0.00085696,-0,0,0.00085696,-0.00085695,-0,0,0.00085697,-0.00085695,-0,0,0.00085697,-0.00085695,-0,0,0.00085695,-0.00085695,-0,0,0.00085696,-0.00085695,-0,0,0.00085696,-0.00085694,-0,0,0.00085697,-0.00085694,-0,0,0.00085696,-0.00085694,-0,0,0.00085696,-0.00085692,-0,0,0.00085738,-0.00085569,-0,0,0.00086874,-0.00088583,-0,0,0.0007065,-0.0008163,-0,0,6.1164e-05,-0.00016665,-0,0,6.2601e-05,-7.9011e-05,-0,0,5.8762e-05,-6.2867e-05,-0,0,4.5405e-05,-4.9161e-05,-0,0,3.5448e-05,-3.8723e-05,-0,0,2.4844e-05,-2.783e-05,-0,0,1.6644e-05,-1.6775e-05,-0,0,3.9019e-05,-0,-0,0,0.0011528,0
-0.010131,-0.0012491,0.00072923,0.0087428,-0.0088025,-0.00086193,0.00085389,0.0087858,-0.008787,-0.00085618,0.00085605,0.0087866,-0.0087867,-0.00085607,0.0008561,0.0087867,-0.0087867,-0.00085608,0.00085609,0.0087867,-0.0087867,-0.00085609,0.00085608,0.0087867,-0.0087867,-0.00085608,0.00085607,0.0087867,-0.0087867,-0.00085608,0.00085607,0.0087867,-0.0087867,-0.00085608,0.00085607,0.0087867,-0.0087867,-0.00085609,0.00085608,0.0087867,-0.0087867,-0.0008561,0.00085606,0.0087867,-0.0087867,-0.00085608,0.00085605,0.0087867,-0.0087867,-0.00085607,0.00085605,0.0087867,-0.0087866,-0.000856,0.00085624,0.0087871,-0.0087847,-0.0008503,0.00087614,0.008866,-0.0088907,-0.00093273,0.00067217,0.0081261,-0.0082637,-0.00099878,0,0.0048547,-0.0049781,-0.00016134,4.5927e-05,0.0046518,-0.0046673,-8.0659e-05,5.4444e-05,0.0045899,-0.004595,-6.6578e-05,4.1401e-05,0.0045198,-0.0045243,-5.1977e-05,3.2357e-05,0.0044658,-0.0044697,-4.1747e-05,2.1601e-05,0.0044096,-0.0044132,-3.0201e-05,1.3617e-05,0.0043628,-0.0043633,-1.5828e-05,1.9221e-05,0.0043576,-0.0042414,-0,0.00077306,0.0069082,0.0035862
-0.0014195,-0,0,0.00081706,-0.0008699,-0,0,0.00085444,-0.00085557,-0,0,0.00085523,-0.00085527,-0,0,0.00085525,-0.00085527,-0,0,0.00085526,-0.00085526,-0,0,0.00085527,-0.00085526,-0,0,0.00085527,-0.00085526,-0,0,0.00085526,-0.00085526,-0,0,0.00085526,-0.00085526,-0,0,0.00085527,-0.00085525,-0,0,0.00085527,-0.00085525,-0,0,0.00085527,-0.00085525,-0,0,0.00085527,-0.00085522,-0,0,0.00085581,-0.00085372,-0,0,0.00086562,-0.00089102,-0,0,0.00068897,-0.00080335,-0,0,5.876e-05,-0.00015451,-0,0,6.6779e-05,-7.788e-05,-0,0,5.8289e-05,-6.26e-05,-0,0,4.531e-05,-4.8965e-05,-0,0,3.5286e-05,-3.8546e-05,-0,0,2.4728e-05,-2.7506e-05,-0,0,1.702e-05,-1.6717e-05,-0,0,3.9411e-05,-0,-0,0,0.0011488,0
-0,-0,0,0,-0,-0,0,0,-0,-0,0,0,-0,-0,0,0,-0,-0,0,0,-0,-0,0,0,-0,-0,0,0,-0,-0,0,0,-0,-0,0,0,-0,-0,0,0,-0,-0,0,0,-0,-0,0,0,-0,-0,0,0,-0,-0,0,0,-0,-0,0,0,-0,-0,0,0,-0,-0,0,0,-0,-0,0,0,-0,-0,0,0,-0,-0,0,0,-0,-0,0,0,-0,-0,0,0,-0,-0,0,0,-0,-0,0,0,-0,-0,0,3.764e-05,0
-0.0013835,-0,0,0.0007951,-0.00084618,-0,0,0.00083129,-0.00083236,-0,0,0.00083204,-0.00083208,-0,0,0.00083207,-0.00083208,-0,0,0.00083209,-0.00083207,-0,0,0.00083209,-0.00083207,-0,0,0.00083209,-0.00083207,-0,0,0.00083208,-0.00083207,-0,0,0.00083208,-0.00083207,-0,0,0.00083208,-0.00083207,-0,0,0.00083209,-0.00083207,-0,0,0.00083208,-0.00083206,-0,0,0.00083208,-0.00083203,-0,0,0.00083273,-0.00082982,-0,0,0.00085048,-0.00089578,-0,0,0.00046267,-0.00058157,-0,0,1.8279e-05,-9.1702e-05,-0,0,7.1449e-05,-7.6757e-05,-0,0,5.4093e-05,-5.8581e-05,-0,0,4.3145e-05,-4.6618e-05,-0,0,3.2878e-05,-3.6093e-05,-0,0,2.2294e-05,-2.46e-05,-0,0,2.3697e-05,-2.244e-05,-0,0,6.0028e-05,-0,-0,0,0.0011121,0
-0.0099627,-0.0012096,0.00071074,0.0086146,-0.0086702,-0.00083655,0.00082925,0.0086549,-0.0086559,-0.00083131,0.00083119,0.0086556,-0.0086556,-0.00083121,0.00083123,0.0086556,-0.0086556,-0.00083122,0.00083123,0.0086556,-0.0086556,-0.00083123,0.00083122,0.0086556,-0.0086556,-0.00083122,0.00083121,0.0086556,-0.0086556,-0.00083121,0.00083121,0.0086556,-0.0086556,-0.00083122,0.00083121,0.0086556,-0.0086556,-0.00083122,0.00083121,0.0086556,-0.0086556,-0.00083123,0.0008312,0.0086556,-0.0086556,-0.00083122,0.00083119,0.0086556,-0.0086556,-0.0008312,0.0008312,0.0086556,-0.0086556,-0.00083112,0.00083138,0.0086559,-0.0086521,-0.00082148,0.00086637,0.0087981,-0.0088595,-0.0010109,0.00035415,0.0068898,-0.0070358,-0.00070071,0,0.0045737,-0.004656,-7.5351e-05,7.2195e-05,0.0046615,-0.0046661,-8.1676e-05,4.8703e-05,0.004567,-0.0045725,-6.1619e-05,3.9694e-05,0.0045071,-0.0045112,-4.9442e-05,2.9865e-05,0.0044522,-0.004456,-3.9081e-05,1.9062e-05,0.0043954,-0.0043986,-2.5162e-05,2.2388e-05,0.0043984,-0.0043986,-1.904e-05,4.3891e-05,0.0044775,-0.0043724,-0,0.00071868,0.0067492,0.003575
-0.0013556,-0,0,0.00079727,-0.0008429,-0,0,0.00082973,-0.00083066,-0,0,0.00083038,-0.00083042,-0,0,0.00083041,-0.00083042,-0,0,0.00083042,-0.00083041,-0,0,0.00083042,-0.00083041,-0,0,0.00083042,-0.00083042,-0,0,0.00083041,-0.00083041,-0,0,0.00083041,-0.00083041,-0,0,0.00083042,-0.0008304,-0,0,0.00083042,-0.0008304,-0,0,0.00083042,-0.00083039,-0,0,0.00083044,-0.00083034,-0,0,0.00083098,-0.00082871,-0,0,0.00084503,-0.00090079,-0,0,0.00044318,-0.00056196,-0,0,2.3799e-05,-8.5638e-05,-0,0,7.2484e-05,-7.613e-05,-0,0,5.3851e-05,-5.8288e-05,-0,0,4.3081e-05,-4.6312e-05,-0,0,3.3176e-05,-3.6049e-05,-0,0,2.2498e-05,-2.6663e-05,-0,0,1.9111e-05,-2.4567e-05,-0,0,4.6879e-05,-0,-0,0,0.0010922,0
-0,-0,0,0,-0,-0,0,0,-0,-0,0,0,-0,-0,0,0,-0,-0,0,0,-0,-0,0,0,-0,-0,0,0,-0,-0,0,0,-0,-0,0,0,-0,-0,0,0,-0,-0,0,0,-0,-0,0,0,-0,-0,0,0,-0,-0,0,0,-0,-0,0,0,-0,-0,0,0,-0,-0,0,0,-0,-0,0,0,-0,-0,0,0,-0,-0,0,0,-0,-0,0,0,-0,-0,0,0,-0,-0,0,0,-0,-0,0,0,-0,-0,0,0,0
-0.0010923,-0,0,0.00078524,-0.00081622,-0,0,0.00080694,-0.00080765,-0,0,0.00080744,-0.00080747,-0,0,0.00080747,-0.00080747,-0,0,0.00080748,-0.00080746,-0,0,0.00080748,-0.00080746,-0,0,0.00080748,-0.00080747,-0,0,0.00080747,-0.00080746,-0,0,0.00080747,-0.00080746,-0,0,0.00080747,-0.00080745,-0,0,0.00080747,-0.00080745,-0,0,0.00080747,-0.00080744,-0,0,0.00080755,-0.00080723,-0,0,0.00080973,-0.00081044,-0,0,0.00079224,-0.00086826,-0,0,0.00021972,-0.00033356,-0,0,4.1068e-05,-8.0864e-05,-0,0,6.8032e-05,-7.1476e-05,-0,0,5.0739e-05,-5.4909e-05,-0,0,4.0728e-05,-4.346e-05,-0,0,3.9408e-05,-4.1692e-05,-0,0,4.1788e-05,-5.4048e-05,-0,0,0,-0,-0,0,0,-0,-0,0,0.00064015,0.00039788
-0.009185,-0.00099971,0.00074357,0.0085037,-0.008534,-0.00080969,0.00080545,0.0085254,-0.0085261,-0.00080667,0.0008066,0.0085259,-0.0085259,-0.00080661,0.00080663,0.0085259,-0.0085259,-0.00080662,0.00080662,0.0085259,-0.0085259,-0.00080662,0.00080661,0.0085259,-0.0085259,-0.00080661,0.0008066,0.0085259,-0.0085259,-0.00080661,0.0008066,0.0085259,-0.0085259,-0.00080661,0.0008066,0.0085259,-0.0085259,-0.00080662,0.0008066,0.0085259,-0.0085259,-0.00080663,0.00080659,0.0085259,-0.0085259,-0.00080661,0.00080658,0.0085259,-0.0085259,-0.00080658,0.00080663,0.008526,-0.0085255,-0.00080559,0.00080987,0.0085383,-0.0085403,-0.00081273,0.00080162,0.0085251,-0.0086238,-0.0010356,5.0955e-05,0.0056535,-0.0057904,-0.00037572,0,0.0046087,-0.0046504,-7.3869e-05,6.7199e-05,0.0046363,-0.0046403,-7.616e-05,4.5937e-05,0.004549,-0.0045539,-5.7664e-05,3.7576e-05,0.0044932,-0.0044969,-4.4691e-05,3.797e-05,0.0044857,-0.0044902,-4.303e-05,4.1701e-05,0.004511,-0.0045304,-8.2223e-05,0,0.0040667,-0.0041127,-3.6917e-05,0,0.0030872,-0.0030439,-0,0.00016915,0.0042418,0.0059599
-0.0010573,-0,0,0.00078835,-0.00081259,-0,0,0.00080541,-0.00080597,-0,0,0.0008058,-0.00080583,-0,0,0.00080582,-0.00080583,-0,0,0.00080583,-0.00080582,-0,0,0.00080583,-0.00080583,-0,0,0.00080584,-0.00080583,-0,0,0.00080583,-0.00080583,-0,0,0.00080583,-0.00080582,-0,0,0.00080583,-0.00080581,-0,0,0.00080584,-0.0008058,-0,0,0.00080583,-0.0008058,-0,0,0.00080599,-0.00080541,-0,0,0.00080759,-0.00081195,-0,0,0.00078195,-0.00086667,-0,0,0.00020639,-0.00031535,-0,0,4.8149e-05,-7.8402e-05,-0,0,6.7693e-05,-7.1018e-05,-0,0,5.1099e-05,-5.4791e-05,-0,0,4.0951e-05,-4.564e-05,-0,0,3.4171e-05,-4.4831e-05,-0,0,2.5384e-05,-5.026e-05,-0,0,0,-0,-0,0,0,-0,-0,0,0.00062259,0.00042676
-0,-0,0,0,-0,-0,0,0,-0,-0,0,0,-0,-0,0,0,-0,-0,0,0,-0,-0,0,0,-0,-0,0,0,-0,-0,0,0,-0,-0,0,0,-0,-0,0,0,-0,-0,0,0,-0,-0,0,0,-0,-0,0,0,-0,-0,0,0,-0,-0,0,0,-0,-0,0,0,-0,-0,0,0,-0,-0,0,0,-0,-0,0,0,-0,-0,0,0,-0,-0,0,0,-0,-0,0,0,-0,-0,0,0,-0,-0,0,0,-0,0,0,0,0
-0.00096051,-0,0,0.00076961,-0.00078845,-0,0,0.00078282,-0.00078326,-0,0,0.00078312,-0.00078315,-0,0,0.00078314,-0.00078315,-0,0,0.00078316,-0.00078314,-0,0,0.00078316,-0.00078315,-0,0,0.00078316,-0.00078315,-0,0,0.00078314,-0.00078314,-0,0,0.00078315,-0.00078314,-0,0,0.00078315,-0.00078313,-0,0,0.00078315,-0.00078313,-0,0,0.00078315,-0.00078311,-0,0,0.00078352,-0.000782,-0,0,0.00079368,-0.00080884,-0,0,0.00064921,-0.00074724,-0,0,6.965e-05,-0.00016484,-0,0,6.7406e-05,-8.3257e-05,-0,0,6.2275e-05,-6.5944e-05,-0,0,5.7568e-05,-6.0407e-05,-0,0,6.0777e-05,-7.3925e-05,-0,0,0,-6.2283e-06,-0,0,0,-0,-0,0,0,-0,-0,0,0,-0,0,0,0.00050344,0.00054584
-0.0088573,-0.00091444,0.00073992,0.008383,-0.008403,-0.00078431,0.00078154,0.0083974,-0.0083978,-0.00078233,0.0007823,0.0083976,-0.0083977,-0.00078229,0.00078231,0.0083977,-0.0083977,-0.0007823,0.0007823,0.0083977,-0.0083977,-0.0007823,0.00078229,0.0083977,-0.0083977,-0.00078229,0.00078228,0.0083977,-0.0083977,-0.00078229,0.00078229,0.0083977,-0.0083977,-0.00078229,0.00078229,0.0083977,-0.0083977,-0.0007823,0.00078229,0.0083977,-0.0083977,-0.0007823,0.00078227,0.0083977,-0.0083977,-0.00078229,0.00078227,0.0083977,-0.0083976,-0.00078222,0.00078242,0.0083981,-0.0083959,-0.00077712,0.0008002,0.0084685,-0.0084905,-0.00085056,0.00061854,0.0078093,-0.0079326,-0.00091125,0,0.0048699,-0.0049813,-0.0001603,5.1887e-05,0.0046751,-0.00469,-8.5121e-05,5.7744e-05,0.004608,-0.0046129,-6.8007e-05,5.5104e-05,0.0045832,-0.0045883,-6.1505e-05,6.0924e-05,0.0046121,-0.0046327,-0.00010406,0,0.0041357,-0.0041958,-8.1675e-05,0,0.002769,-0.0028535,-0,0,0.0014234,-0.0014801,-0,0,0.0010197,-0.00092414,-0,0.00012386,0.0035246,0.0065777
-0.00095032,-0,0,0.00076924,-0.00078627,-0,0,0.00078122,-0.00078161,-0,0,0.00078149,-0.00078152,-0,0,0.00078151,-0.00078152,-0,0,0.00078152,-0.00078151,-0,0,0.00078152,-0.00078152,-0,0,0.00078153,-0.00078153,-0,0,0.00078152,-0.00078152,-0,0,0.00078152,-0.00078151,-0,0,0.00078152,-0.0007815,-0,0,0.00078153,-0.0007815,-0,0,0.00078153,-0.00078148,-0,0,0.000782,-0.00078014,-0,0,0.00079077,-0.00081338,-0,0,0.00063331,-0.00073579,-0,0,6.6853e-05,-0.0001532,-0,0,7.159e-05,-8.2007e-05,-0,0,6.2052e-05,-6.7813e-05,-0,0,5.232e-05,-6.3581e-05,-0,0,4.3927e-05,-7.0024e-05,-0,0,0,-0,-0,0,0,-0,-0,0,0,-0,-0,0,0,-0,0,0,0.00050165,0.00055277
-0,-0,0,0,-0,-0,0,0,-0,-0,0,0,-0,-0,0,0,-0,-0,0,0,-0,-0,0,0,-0,-0,0,0,-0,-0,0,0,-0,-0,0,0,-0,-0,0,0,-0,-0,0,0,-0,-0,0,0,-0,-0,0,0,-0,-0,0,0,-0,-0,0,0,-0,-0,0,0,-0,-0,0,0,-0,-0,0,0,-0,-0,0,0,-0,-0,0,0,-0,-0,0,0,-0,-0,0,0,-0,-0,0,0,-0,-0,0,0,-0,0,0,0,0
-0.00092511,-0,0,0.0007472,-0.00076369,-0,0,0.00075883,-0.00075919,-0,0,0.00075908,-0.0007591,-0,0,0.0007591,-0.00075911,-0,0,0.00075911,-0.0007591,-0,0,0.00075911,-0.0007591,-0,0,0.00075911,-0.00075911,-0,0,0.0007591,-0.0007591,-0,0,0.0007591,-0.00075909,-0,0,0.0007591,-0.00075909,-0,0,0.00075911,-0.00075909,-0,0,0.00075912,-0.00075905,-0,0,0.0007597,-0.0007571,-0,0,0.00077545,-0.00081571,-0,0,0.00043083,-0.00053719,-0,0,3.0721e-05,-9.692e-05,-0,0,7.7632e-05,-8.2331e-05,-0,0,7.5974e-05,-9.0281e-05,-0,0,0,-2.4339e-05,-0,0,0,-0,-0,0,0,-0,-0,0,0,-0,-0,0,0,-0,-0,0,0,-0,0,0,0.00048533,0.00053413
-0.0087219,-0.00088651,0.00071776,0.0082571,-0.0082759,-0.0007601,0.00075759,0.0082707,-0.0082711,-0.0007583,0.00075826,0.0082709,-0.008271,-0.00075826,0.00075828,0.008271,-0.008271,-0.00075827,0.00075827,0.008271,-0.008271,-0.00075827,0.00075826,0.008271,-0.008271,-0.00075826,0.00075825,0.008271,-0.008271,-0.00075826,0.00075826,0.008271,-0.008271,-0.00075826,0.00075826,0.008271,-0.008271,-0.00075827,0.00075826,0.008271,-0.008271,-0.00075827,0.00075825,0.008271,-0.0082709,-0.00075826,0.00075825,0.008271,-0.0082709,-0.00075817,0.00075841,0.0082713,-0.0082679,-0.00074962,0.00078948,0.0083976,-0.0084521,-0.00091782,0.00033454,0.0067026,-0.0068331,-0.00064438,0,0.0046188,-0.0046931,-8.2637e-05,7.7885e-05,0.0046934,-0.0046989,-8.4986e-05,7.439e-05,0.0046938,-0.0047163,-0.00012066,0,0.0042266,-0.0042885,-0.00010172,0,0.0028244,-0.0029114,-0,0,0.0014377,-0.0015001,-0,0,0.00096222,-0.0009841,-0,0,0.00099386,-0.00099567,-0,0,0.0010405,-0.00092816,-0,0.00011048,0.0034678,0.0064756
-0.00092272,-0,0,0.00074575,-0.00076199,-0,0,0.00075722,-0.00075757,-0,0,0.00075746,-0.00075748,-0,0,0.00075748,-0.00075749,-0,0,0.00075749,-0.00075748,-0,0,0.0007575,-0.00075749,-0,0,0.0007575,-0.00075749,-0,0,0.00075749,-0.00075748,-0,0,0.00075749,-0.00075748,-0,0,0.00075749,-0.00075748,-0,0,0.0007575,-0.00075748,-0,0,0.00075752,-0.00075741,-0,0,0.00075801,-0.000756,-0,0,0.00077047,-0.00081999,-0,0,0.00041349,-0.00051947,-0,0,3.6045e-05,-9.1945e-05,-0,0,7.6948e-05,-8.7149e-05,-0,0,6.0202e-05,-8.9695e-05,-0,0,0,-8.6487e-06,-0,0,0,-0,-0,0,0,-0,-0,0,0,-0,-0,0,0,-0,-0,0,0,-0,0,0,0.00048223,0.00053273
-0,-0,0,0,-0,-0,0,0,-0,-0,0,0,-0,-0,0,0,-0,-0,0,0,-0,-0,0,0,-0,-0,0,0,-0,-0,0,0,-0,-0,0,0,-0,-0,0,0,-0,-0,0,0,-0,-0,0,0,-0,-0,0,0,-0,-0,0,0,-0,-0,0,0,-0,-0,0,0,-0,-0,0,0,-0,-0,0,0,-0,-0,0,0,-0,-0,0,0,-0,-0,0,0,-0,-0,0,0,-0,-0,0,0,-0,-0,0,0,-0,0,0,0,0
-0.00089375,-0,0,0.00072391,-0.0007397,-0,0,0.00073506,-0.0007354,-0,0,0.0007353,-0.00073532,-0,0,0.00073531,-0.00073532,-0,0,0.00073532,-0.00073532,-0,0,0.00073532,-0.00073532,-0,0,0.00073532,-0.00073532,-0,0,0.00073531,-0.00073531,-0,0,0.00073531,-0.00073531,-0,0,0.00073531,-0.0007353,-0,0,0.00073532,-0.00073529,-0,0,0.0007354,-0.00073509,-0,0,0.00073735,-0.00073797,-0,0,0.00072164,-0.00078905,-0,0,0.00021369,-0.00031457,-0,0,6.0904e-05,-9.8145e-05,-0,0,7.9661e-05,-0.00011656,-0,0,0,-0,-0,0,0,-0,-0,0,0,-0,-0,0,0,-0,-0,0,0,-0,-0,0,0,-0,-0,0,0,-0,0,0,0.00045691,0.00052307
-0.0085777,-0.00085729,0.00069571,0.0081324,-0.0081503,-0.00073624,0.00073384,0.0081453,-0.0081457,-0.00073452,0.00073449,0.0081456,-0.0081456,-0.00073448,0.0007345,0.0081456,-0.0081456,-0.00073449,0.00073449,0.0081456,-0.0081456,-0.00073449,0.00073449,0.0081456,-0.0081456,-0.00073448,0.00073448,0.0081456,-0.0081456,-0.00073448,0.00073448,0.0081456,-0.0081456,-0.00073448,0.00073448,0.0081456,-0.0081456,-0.00073449,0.00073448,0.0081456,-0.0081456,-0.0007345,0.00073447,0.0081456,-0.0081456,-0.00073447,0.0007345,0.0081457,-0.0081453,-0.00073357,0.00073738,0.0081567,-0.0081584,-0.00073995,0.00072985,0.008144,-0.0082314,-0.00093729,6.4082e-05,0.0055962,-0.0057178,-0.00035104,5.5728e-06,0.0047031,-0.0047451,-9.6008e-05,7.9518e-05,0.0047363,-0.0047902,-0.00020517,0,0.003229,-0.0033335,-0,0,0.0014218,-0.0014968,-0,0,0.00097227,-0.00099421,-0,0,0.00099898,-0.0010038,-0,0,0.001,-0.0010028,-0,0,0.0009621,-0.00096225,-0,0,0.00096172,-0.00085089,-0,8.6806e-05,0.00336,0.0064236
-0.00089108,-0,0,0.0007225,-0.00073803,-0,0,0.00073346,-0.0007338,-0,0,0.0007337,-0.00073372,-0,0,0.00073372,-0.00073372,-0,0,0.00073372,-0.00073372,-0,0,0.00073372,-0.00073372,-0,0,0.00073372,-0.00073372,-0,0,0.00073372,-0.00073372,-0,0,0.00073372,-0.00073371,-0,0,0.00073373,-0.00073371,-0,0,0.00073373,-0.00073369,-0,0,0.00073387,-0.00073335,-0,0,0.00073531,-0.00073909,-0,0,0.00071256,-0.0007873,-0,0,0.00020201,-0.00030049,-0,0,6.1087e-05,-0.00010153,-0,0,5.6305e-05,-0.00010905,-0,0,0,-0,-0,0,0,-0,-0,0,0,-0,-0,0,0,-0,-0,0,0,-0,-0,0,0,-0,-0,0,0,-0,0,0,0.00045357,0.00052196
-0,-0,0,0,-0,-0,0,0,-0,-0,0,0,-0,-0,0,0,-0,-0,0,0,-0,-0,0,0,-0,-0,0,0,-0,-0,0,0,-0,-0,0,0,-0,-0,0,0,-0,-0,0,0,-0,-0,0,0,-0,-0,0,0,-0,-0,0,0,-0,-0,0,0,-0,-0,0,0,-0,-0,0,0,-0,-0,0,0,-0,-0,0,0,-0,-0,0,0,-0,-0,0,0,-0,-0,0,0,-0,-0,0,0,-0,-0,0,0,-0,0,0,0,0
-0.00086348,-0,0,0.00070078,-0.00071593,-0,0,0.00071148,-0.0007118,-0,0,0.00071171,-0.00071172,-0,0,0.00071172,-0.00071173,-0,0,0.00071172,-0.00071173,-0,0,0.00071172,-0.00071173,-0,0,0.00071172,-0.00071173,-0,0,0.00071171,-0.00071172,-0,0,0.00071172,-0.00071172,-0,0,0.00071172,-0.00071171,-0,0,0.00071173,-0.00071169,-0,0,0.00071208,-0.00071075,-0,0,0.00072089,-0.00073378,-0,0,0.00059504,-0.00068043,-0,0,9.7614e-05,-0.00019251,-0,0,5.6823e-06,-7.5957e-05,-0,0,0,-0,-0,0,0,-0,-0,0,0,-0,-0,0,0,-0,-0,0,0,-0,-0,0,0,-0,-0,0,0,-0,-0,0,0,-0,0,0,0.00043039,0.00051013
-0.0084377,-0.00082914,0.0006736,0.0080085,-0.0080258,-0.00071259,0.00071029,0.008021,-0.0080213,-0.00071093,0.00071091,0.0080212,-0.0080212,-0.0007109,0.00071093,0.0080212,-0.0080212,-0.0007109,0.00071091,0.0080212,-0.0080212,-0.00071091,0.00071091,0.0080212,-0.0080212,-0.0007109,0.0007109,0.0080212,-0.0080212,-0.00071089,0.00071091,0.0080212,-0.0080212,-0.00071089,0.0007109,0.0080212,-0.0080212,-0.00071091,0.0007109,0.0080212,-0.0080212,-0.00071091,0.00071089,0.0080212,-0.0080212,-0.00071084,0.00071105,0.0080217,-0.0080198,-0.00070642,0.00072643,0.0080825,-0.0081009,-0.00076936,0.00056918,0.0075085,-0.0076165,-0.0008228,0,0.0050027,-0.0051197,-0.00021844,0,0.0044101,-0.0045039,-0.00019141,0,0.0023287,-0.0024371,-0,0,0.0010352,-0.0010862,-0,0,0.00099693,-0.0010053,-0,0,0.00101,-0.0010128,-0,0,0.00096773,-0.00097043,-0,0,0.00093098,-0.00093331,-0,0,0.0008997,-0.00089965,-0,0,0.00090207,-0.00079279,-0,6.5002e-05,0.0032645,0.0063601
-0.00086115,-0,0,0.00069934,-0.0007143,-0,0,0.00070989,-0.00071023,-0,0,0.00071013,-0.00071016,-0,0,0.00071014,-0.00071016,-0,0,0.00071015,-0.00071015,-0,0,0.00071015,-0.00071015,-0,0,0.00071015,-0.00071016,-0,0,0.00071014,-0.00071015,-0,0,0.00071015,-0.00071014,-0,0,0.00071015,-0.00071013,-0,0,0.00071016,-0.0007101,-0,0,0.00071061,-0.00070892,-0,0,0.00071866,-0.00073645,-0,0,0.00058312,-0.00067618,-0,0,8.3706e-05,-0.00018777,-0,0,0,-6.066e-05,-0,0,0,-0,-0,0,0,-0,-0,0,0,-0,-0,0,0,-0,-0,0,0,-0,-0,0,0,-0,-0,0,0,-0,-0,0,0,-0,0,0,0.00042725,0.00050875
-0,-0,0,0,-0,-0,0,0,-0,-0,0,0,-0,-0,0,0,-0,-0,0,0,-0,-0,0,0,-0,-0,0,0,-0,-0,0,0,-0,-0,0,0,-0,-0,0,0,-0,-0,0,0,-0,-0,0,0,-0,-0,0,0,-0,-0,0,0,-0,-0,0,0,-0,-0,0,0,-0,-0,0,0,-0,-0,0,0,-0,-0,0,0,-0,-0,0,0,-0,-0,0,0,-0,-0,0,0,-0,-0,0,0,-0,-0,0,0,-0,0,0,0,0
-0.00083557,-0,0,0.00067781,-0.00069249,-0,0,0.00068817,-0.0006885,-0,0,0.0006884,-0.00068842,-0,0,0.00068841,-0.00068842,-0,0,0.00068841,-0.00068842,-0,0,0.00068841,-0.00068842,-0,0,0.00068841,-0.00068842,-0,0,0.0006884,-0.00068841,-0,0,0.0006884,-0.00068841,-0,0,0.00068841,-0.0006884,-0,0,0.00068844,-0.00068836,-0,0,0.00068886,-0.00068636,-0,0,0.00070412,-0.00073197,-0,0,0.00047463,-0.00058678,-0,0,0,-3.3771e-05,-0,0,0,-0,-0,0,0,-0,-0,0,0,-0,-0,0,0,-0,-0,0,0,-0,-0,0,0,-0,-0,0,0,-0,-0,0,0,-0,-0,0,0,-0,0,0,0.00040742,0.00049381
-0.0083039,-0.00080264,0.00065134,0.007886,-0.0079028,-0.00068924,0.00068701,0.0078981,-0.0078985,-0.00068763,0.00068762,0.0078983,-0.0078984,-0.0006876,0.00068763,0.0078984,-0.0078984,-0.0006876,0.00068763,0.0078984,-0.0078984,-0.0006876,0.00068762,0.0078984,-0.0078984,-0.0006876,0.00068761,0.0078984,-0.0078984,-0.00068759,0.00068761,0.0078984,-0.0078984,-0.0006876,0.00068761,0.0078984,-0.0078984,-0.00068761,0.00068761,0.0078984,-0.0078984,-0.00068762,0.0006876,0.0078984,-0.0078983,-0.00068747,0.00068768,0.007898,-0.0078946,-0.00067942,0.00071543,0.0080086,-0.0080474,-0.00080107,0.00041663,0.0069322,-0.0070767,-0.00075315,0,0.0039766,-0.0041562,-0.0001547,0,0.0015942,-0.0016992,-0,0,0.00091036,-0.00093947,-0,0,0.0010095,-0.0010124,-0,0,0.00097623,-0.00097906,-0,0,0.00093573,-0.00093829,-0,0,0.00090241,-0.00090466,-0,0,0.0008736,-0.00087553,-0,0,0.00084763,-0.00084731,-0,0,0.0008519,-0.00074385,-0,4.7295e-05,0.0031876,0.0062796
-0.00083346,-0,0,0.00067635,-0.00069089,-0,0,0.00068661,-0.00068694,-0,0,0.00068683,-0.00068687,-0,0,0.00068685,-0.00068687,-0,0,0.00068686,-0.00068686,-0,0,0.00068685,-0.00068686,-0,0,0.00068686,-0.00068687,-0,0,0.00068685,-0.00068686,-0,0,0.00068685,-0.00068686,-0,0,0.00068686,-0.00068685,-0,0,0.0006869,-0.00068663,-0,0,0.00068775,-0.000685,-0,0,0.00069991,-0.00074173,-0,0,0.00044488,-0.00057408,-0,0,0,-1.1038e-05,-0,0,0,-0,-0,0,0,-0,-0,0,0,-0,-0,0,0,-0,-0,0,0,-0,-0,0,0,-0,-0,0,0,-0,-0,0,0,-0,-0,0,0,-0,0,0,0.00040442,0.00049227
-0,-0,0,0,-0,-0,0,0,-0,-0,0,0,-0,-0,0,0,-0,-0,0,0,-0,-0,0,0,-0,-0,0,0,-0,-0,0,0,-0,-0,0,0,-0,-0,0,0,-0,-0,0,0,-0,-0,0,0,-0,-0,0,0,-0,-0,0,0,-0,-0,0,0,-0,-0,0,0,-0,-0,0,0,-0,-0,0,0,-0,-0,0,0,-0,-0,0,0,-0,-0,0,0,-0,-0,0,0,-0,-0,0,0,-0,-0,0,0,-0,0,0,0,0
-0.0008084,-0,0,0.0006551,-0.00066939,-0,0,0.00066519,-0.0006655,-0,0,0.00066541,-0.00066543,-0,0,0.00066542,-0.00066543,-0,0,0.00066541,-0.00066543,-0,0,0.00066541,-0.00066543,-0,0,0.00066541,-0.00066543,-0,0,0.00066541,-0.00066543,-0,0,0.00066541,-0.00066542,-0,0,0.00066543,-0.00066541,-0,0,0.00066489,-0.000664,-0,0,0.00067485,-0.0006727,-0,0,0.00069851,-0.00078378,-0,0,0,-0.00015843,-0,0,0,-0,-0,0,0,-0,-0,0,0,-0,-0,0,0,-0,-0,0,0,-0,-0,0,0,-0,-0,0,0,-0,-0,0,0,-0,-0,0,0,-0,-0,0,0,-0,0,0,0.00038505,0.00047723
-0.0081724,-0.00077667,0.00062932,0.0077651,-0.0077815,-0.00066621,0.00066404,0.0077769,-0.0077773,-0.00066465,0.00066464,0.0077772,-0.0077772,-0.00066462,0.00066465,0.0077772,-0.0077772,-0.00066462,0.00066464,0.0077772,-0.0077772,-0.00066462,0.00066464,0.0077772,-0.0077772,-0.00066462,0.00066463,0.0077772,-0.0077772,-0.00066461,0.00066464,0.0077772,-0.0077772,-0.00066462,0.00066463,0.0077772,-0.0077772,-0.00066464,0.00066463,0.0077772,-0.0077771,-0.00066464,0.00066395,0.0077734,-0.0077724,-0.00066088,0.0006762,0.0078242,-0.0078253,-0.00066741,0.00071731,0.0080426,-0.0081612,-0.00099478,0,0.0044594,-0.0046788,-0.00030797,0,0.0013809,-0.0015074,-0,0,0.00089719,-0.00092113,-0,0,0.00098861,-0.00099019,-0,0,0.00094472,-0.0009474,-0,0,0.0009068,-0.00090928,-0,0,0.00087534,-0.00087749,-0,0,0.00084801,-0.00084995,-0,0,0.00082149,-0.00082316,-0,0,0.00080007,-0.00079947,-0,0,0.00080894,-0.00070218,-0,2.9753e-05,0.0031129,0.0061987
-0.00080635,-0,0,0.00065366,-0.00066781,-0,0,0.00066364,-0.00066396,-0,0,0.00066385,-0.00066389,-0,0,0.00066387,-0.00066389,-0,0,0.00066387,-0.00066388,-0,0,0.00066387,-0.00066389,-0,0,0.00066388,-0.00066389,-0,0,0.00066387,-0.00066388,-0,0,0.00066387,-0.00066389,-0,0,0.00066396,-0.0006635,-0,0,0.00066405,-0.00066393,-0,0,0.00066796,-0.00068314,-0,0,0.00066118,-0.00077302,-0,0,0,-0.00011503,-0,0,0,-0,-0,0,0,-0,-0,0,0,-0,-0,0,0,-0,-0,0,0,-0,-0,0,0,-0,-0,0,0,-0,-0,0,0,-0,-0,0,0,-0,-0,0,0,-0,0,0,0.00038209,0.00047567
-0,-0,0,0,-0,-0,0,0,-0,-0,0,0,-0,-0,0,0,-0,-0,0,0,-0,-0,0,0,-0,-0,0,0,-0,-0,0,0,-0,-0,0,0,-0,-0,0,0,-0,-0,0,0,-0,-0,0,0,-0,-0,0,0,-0,-0,-0,0,-0,-0,0,0,-0,-0,0,0,-0,-0,0,0,-0,-0,0,0,-0,-0,0,0,-0,-0,0,0,-0,-0,0,0,-0,-0,0,0,-0,-0,0,0,-0,-0,0,0,-0,0,0,0,0
-0.00078173,-0,0,0.00063257,-0.00064649,-0,0,0.00064239,-0.00064271,-0,0,0.0006426,-0.00064264,-0,0,0.00064261,-0.00064264,-0,0,0.00064261,-0.00064264,-0,0,0.00064261,-0.00064264,-0,0,0.00064262,-0.00064264,-0,0,0.00064261,-0.00064264,-0,0,0.00064261,-0.00064266,-0,0,0.00064165,-0.00063985,-0,0,0.00066391,-0.00066827,-0,0,0.00062719,-0.00070717,-0,0,0,-0.00014212,-0,-0,0,-0,-0,0,0,-0,-0,0,0,-0,-0,0,0,-0,-0,0,0,-0,-0,0,0,-0,-0,0,0,-0,-0,0,0,-0,-0,0,0,-0,-0,0,0,-0,-0,0,0,-0,0,0,0.00036333,0.00046032
-0.0080426,-0.0007511,0.00060742,0.0076453,-0.0076612,-0.00064337,0.00064127,0.0076568,-0.0076571,-0.00064185,0.00064185,0.007657,-0.007657,-0.00064182,0.00064186,0.007657,-0.007657,-0.00064183,0.00064185,0.007657,-0.007657,-0.00064183,0.00064184,0.007657,-0.007657,-0.00064182,0.00064184,0.007657,-0.007657,-0.00064181,0.00064184,0.007657,-0.007657,-0.00064182,0.00064184,0.007657,-0.007657,-0.00064206,0.00064033,0.0076499,-0.0076481,-0.00063366,0.00066972,0.0077736,-0.0077845,-0.00068284,0.00062203,0.0076653,-0.0077829,-0.00090156,0,0.0043327,-0.0045466,-0.00029748,0,0.0010422,-0.0011664,-0,0,0.00091388,-0.00093007,-0,0,0.00096247,-0.00096484,-0,0,0.00091383,-0.00091662,-0,0,0.00087825,-0.00088058,-0,0,0.0008498,-0.00085183,-0,0,0.00082292,-0.00082483,-0,0,0.00079656,-0.00079823,-0,0,0.00077613,-0.00077751,-0,0,0.00075728,-0.0007566,-0,0,0.00076507,-0.00065965,-0,1.3031e-05,0.0030413,0.0061161
-0.00077975,-0,0,0.00063113,-0.00064493,-0,0,0.00064086,-0.00064117,-0,0,0.00064107,-0.00064111,-0,0,0.00064108,-0.00064111,-0,0,0.00064109,-0.0006411,-0,0,0.00064109,-0.0006411,-0,0,0.00064109,-0.00064111,-0,0,0.00064108,-0.0006411,-0,0,0.00064118,-0.00064075,-0,0,0.00064024,-0.00064164,-0,0,0.00065162,-0.00067777,-0,0,0.000582,-0.00069271,-0,0,0,-8.7689e-05,-0,-0,0,-0,-0,0,0,-0,-0,0,0,-0,-0,0,0,-0,-0,0,0,-0,-0,0,0,-0,-0,0,0,-0,-0,0,0,-0,-0,0,0,-0,-0,0,0,-0,-0,0,0,-0,0,0,0.00036042,0.00045873
-0,-0,0,0,-0,-0,0,0,-0,-0,0,0,-0,-0,0,0,-0,-0,0,0,-0,-0,0,0,-0,-0,0,0,-0,-0,0,0,-0,-0,0,0,-0,-0,0,0,-0,-0,0,0,-0,-0,0,0,-0,-0,0,0,-0,-0,0,0,-0,-0,0,0,-0,-0,0,0,-0,-0,0,0,-0,-0,0,0,-0,-0,0,0,-0,-0,0,0,-0,-0,0,0,-0,-0,0,0,-0,-0,0,0,-0,-0,0,0,-0,0,0,0,0
-0.00075557,-0,0,0.00061018,-0.00062377,-0,0,0.00061975,-0.00062007,-0,0,0.00061996,-0.00062,-0,0,0.00061997,-0.00062,-0,0,0.00061997,-0.00062,-0,0,0.00061997,-0.00062,-0,0,0.00061997,-0.00061999,-0,0,0.00061996,-0.00062002,-0,0,0.00061925,-0.00061709,-0,0,0.00064228,-0.00065786,-0,0,0.00050402,-0.00060722,-0,0,0,-0,-0,0,0,-0,-0,0,0,-0,-0,0,0,-0,-0,0,0,-0,-0,0,0,-0,-0,0,0,-0,-0,0,0,-0,-0,0,0,-0,-0,0,0,-0,-0,0,0,-0,-0,0,0,-0,-0,0,0,-0,0,0,0.00034224,0.00044296
-0.0079144,-0.00072591,0.00058561,0.0075262,-0.0075418,-0.0006207,0.00061866,0.0075374,-0.0075377,-0.00061921,0.00061922,0.0075376,-0.0075377,-0.00061919,0.00061923,0.0075376,-0.0075377,-0.00061919,0.00061923,0.0075376,-0.0075377,-0.0006192,0.00061922,0.0075377,-0.0075377,-0.00061919,0.00061921,0.0075377,-0.0075377,-0.00061918,0.00061921,0.0075377,-0.0075376,-0.00061939,0.00061791,0.0075316,-0.0075291,-0.00060972,0.00065154,0.0076713,-0.0076986,-0.00070446,0.00046611,0.007042,-0.0071903,-0.00082308,0,0.0032293,-0.0034319,-3.0062e-05,0,0.00077042,-0.00085997,-0,0,0.00096292,-0.00096991,-0,0,0.00095387,-0.00095706,-0,0,0.00090071,-0.00090399,-0,0,0.00085591,-0.00085863,-0,0,0.00082497,-0.00082711,-0,0,0.00079746,-0.00079938,-0,0,0.00077164,-0.00077326,-0,0,0.00075289,-0.00075428,-0,0,0.00073348,-0.00073482,-0,0,0.00071346,-0.00071266,-0,0,0.00072599,-0.00062179,-0,0,0.0029729,0.0060313
-0.00075364,-0,0,0.00060876,-0.00062221,-0,0,0.00061824,-0.00061855,-0,0,0.00061844,-0.00061849,-0,0,0.00061846,-0.00061849,-0,0,0.00061846,-0.00061849,-0,0,0.00061847,-0.00061849,-0,0,0.00061847,-0.00061849,-0,0,0.00061855,-0.0006182,-0,0,0.00061786,-0.00061813,-0,0,0.00063039,-0.00067101,-0,0,0.00045259,-0.00058593,-0,0,0,-0,-0,0,0,-0,-0,0,0,-0,-0,0,0,-0,-0,0,0,-0,-0,0,0,-0,-0,0,0,-0,-0,0,0,-0,-0,0,0,-0,-0,0,0,-0,-0,0,0,-0,-0,0,0,-0,-0,0,0,-0,0,0,0.00033936,0.00044137
-0,-0,0,0,-0,-0,0,0,-0,-0,0,0,-0,-0,0,0,-0,-0,0,0,-0,-0,0,0,-0,-0,0,0,-0,-0,0,0,-0,-0,0,0,-0,-0,0,0,-0,-0,0,0,-0,-0,-0,0,-0,-0,0,0,-0,-0,0,0,-0,-0,0,0,-0,-0,0,0,-0,-0,0,0,-0,-0,0,0,-0,-0,0,0,-0,-0,0,0,-0,-0,0,0,-0,-0,0,0,-0,-0,0,0,-0,-0,0,0,-0,0,0,0,0
-0.00072978,-0,0,0.00058819,-0.00060143,-0,0,0.00059752,-0.00059783,-0,0,0.00059772,-0.00059776,-0,0,0.00059773,-0.00059777,-0,0,0.00059773,-0.00059776,-0,0,0.00059773,-0.00059777,-0,0,0.00059773,-0.00059778,-0,0,0.0005975,-0.0005956,-0,0,0.00061492,-0.00062635,-0,0,0.00050789,-0.00062809,-0,0,0,-0,-0,0,0,-0,-0,0,0,-0,-0,0,0,-0,-0,0,0,-0,-0,0,0,-0,-0,0,0,-0,-0,0,0,-0,-0,0,0,-0,-0,0,0,-0,-0,0,0,-0,-0,0,0,-0,-0,0,0,-0,-0,0,0,-0,0,0,0.00032124,0.0004261
-0.0077883,-0.0007011,0.00056421,0.0074093,-0.0074245,-0.00059844,0.00059645,0.0074202,-0.0074206,-0.000597,0.000597,0.0074204,-0.0074205,-0.00059697,0.00059701,0.0074205,-0.0074205,-0.00059697,0.000597,0.0074205,-0.0074205,-0.00059697,0.000597,0.0074205,-0.0074205,-0.00059696,0.00059699,0.0074205,-0.0074205,-0.00059708,0.00059631,0.0074173,-0.0074147,-0.00058922,0.00062248,0.0075226,-0.007543,-0.00066107,0.00048734,0.0070782,-0.0072475,-0.00089548,0,0.0024201,-0.0026303,-0,0,0.00072732,-0.00079171,-0,0,0.00099505,-0.00099757,-0,0,0.00094191,-0.00094538,-0,0,0.00089285,-0.00089613,-0,0,0.00084817,-0.00085099,-0,0,0.00081463,-0.00081705,-0,0,0.00078139,-0.00078364,-0,0,0.00075109,-0.00075294,-0,0,0.00072972,-0.00073122,-0,0,0.00071019,-0.00071162,-0,0,0.00068948,-0.00069068,-0,0,0.00067527,-0.00067424,-0,0,0.00068973,-0.00058692,-0,0,0.0029043,0.0059492
-0.00072786,-0,0,0.00058679,-0.0005999,-0,0,0.00059603,-0.00059634,-0,0,0.00059623,-0.00059627,-0,0,0.00059624,-0.00059627,-0,0,0.00059625,-0.00059627,-0,0,0.00059625,-0.00059627,-0,0,0.00059629,-0.00059616,-0,0,0.00059618,-0.00059482,-0,0,0.00060773,-0.00063896,-0,0,0.00046493,-0.00061402,-0,0,0,-0,-0,0,0,-0,-0,0,0,-0,-0,0,0,-0,-0,0,0,-0,-0,0,0,-0,-0,0,0,-0,-0,0,0,-0,-0,0,0,-0,-0,0,0,-0,-0,0,0,-0,-0,0,0,-0,-0,0,0,-0,-0,0,0,-0,0,0,0.00031838,0.00042454
-0,-0,0,0,-0,-0,0,0,-0,-0,0,0,-0,-0,0,0,-0,-0,0,0,-0,-0,0,0,-0,-0,0,0,-0,-0,0,0,-0,-0,0,0,-0,-0,0,0,-0,-0,-0,0,-0,-0,0,0,-0,-0,0,0,-0,-0,0,0,-0,-0,0,0,-0,-0,0,0,-0,-0,0,0,-0,-0,0,0,-0,-0,0,0,-0,-0,0,0,-0,-0,0,0,-0,-0,0,0,-0,-0,0,0,-0,-0,0,0,-0,0,0,0,0
-0.00070415,-0,0,0.00056636,-0.00057926,-0,0,0.00057545,-0.00057575,-0,0,0.00057565,-0.00057568,-0,0,0.00057565,-0.00057569,-0,0,0.00057566,-0.00057569,-0,0,0.00057566,-0.00057569,-0,0,0.00057565,-0.00057478,-0,0,0.00058271,-0.00058514,-0,0,0.00056219,-0.00065675,-0,0,0,-0,-0,-0,0,-0,-0,0,0,-0,-0,0,0,-0,-0,0,0,-0,-0,0,0,-0,-0,0,0,-0,-0,0,0,-0,-0,0,0,-0,-0,0,0,-0,-0,0,0,-0,-0,0,0,-0,-0,0,0,-0,-0,0,0,-0,-0,0,0,-0,0,0,0.00030036,0.00040942
-0.007663,-0.00067646,0.00054297,0.0072933,-0.007308,-0.00057634,0.00057439,0.0073039,-0.0073042,-0.00057492,0.00057493,0.0073041,-0.0073042,-0.0005749,0.00057494,0.0073041,-0.0073042,-0.00057491,0.00057493,0.0073041,-0.0073042,-0.00057491,0.00057493,0.0073041,-0.0073042,-0.00057493,0.00057471,0.0073031,-0.0073018,-0.00057156,0.00058513,0.0073435,-0.0073501,-0.00059242,0.00056841,0.0073333,-0.0074681,-0.00088865,0,0.0033938,-0.0036145,-8.2819e-05,0,0.00072411,-0.00081801,-0,0,0.00099422,-0.00099594,-0,0,0.00093447,-0.00093789,-0,0,0.00088476,-0.00088809,-0,0,0.00084114,-0.00084396,-0,0,0.00080708,-0.0008095,-0,0,0.00077451,-0.00077681,-0,0,0.00074247,-0.00074448,-0,0,0.00071873,-0.00072043,-0,0,0.00069618,-0.00069783,-0,0,0.00067274,-0.00067422,-0,0,0.00065408,-0.0006552,-0,0,0.0006404,-0.00063943,-0,0,0.00065256,-0.00055125,-0,0,0.0028361,0.005868
-0.00070232,-0,0,0.00056496,-0.00057775,-0,0,0.00057398,-0.00057428,-0,0,0.00057417,-0.00057422,-0,0,0.00057418,-0.00057422,-0,0,0.00057419,-0.00057421,-0,0,0.00057421,-0.00057418,-0,0,0.00057436,-0.00057305,-0,0,0.00057873,-0.00059533,-0,0,0.00052844,-0.00065265,-0,0,0,-0,-0,-0,0,-0,-0,0,0,-0,-0,0,0,-0,-0,0,0,-0,-0,0,0,-0,-0,0,0,-0,-0,0,0,-0,-0,0,0,-0,-0,0,0,-0,-0,0,0,-0,-0,0,0,-0,-0,0,0,-0,-0,0,0,-0,-0,0,0,-0,0,0,0.00029757,0.00040781
-0,-0,0,0,-0,-0,0,0,-0,-0,0,0,-0,-0,0,0,-0,-0,0,0,-0,-0,0,0,-0,-0,0,0,-0,-0,0,0,-0,-0,0,0,-0,-0,-0,0,-0,-0,0,0,-0,-0,0,0,-0,-0,0,0,-0,-0,0,0,-0,-0,0,0,-0,-0,0,0,-0,-0,0,0,-0,-0,0,0,-0,-0,0,0,-0,-0,0,0,-0,-0,0,0,-0,-0,0,0,-0,-0,0,0,-0,-0,0,0,-0,0,0,0,0
-0.00067952,-0,0,0.00054464,-0.00055728,-0,0,0.00055355,-0.00055384,-0,0,0.00055374,-0.00055377,-0,0,0.00055374,-0.00055378,-0,0,0.00055375,-0.00055378,-0,0,0.00055378,-0.00055352,-0,0,0.00055518,-0.00055312,-0,0,0.00058085,-0.0006472,-0,0,0,-0.00016447,-0,-0,0,-0,-0,0,0,-0,-0,0,0,-0,-0,0,0,-0,-0,0,0,-0,-0,0,0,-0,-0,0,0,-0,-0,0,0,-0,-0,0,0,-0,-0,0,0,-0,-0,0,0,-0,-0,0,0,-0,-0,0,0,-0,-0,0,0,-0,-0,0,0,-0,0,0,0.00028102,0.00039139
-0.0075406,-0.00065261,0.00052165,0.0071779,-0.0071925,-0.00055442,0.00055249,0.0071884,-0.0071887,-0.00055302,0.00055302,0.0071886,-0.0071887,-0.000553,0.00055303,0.0071886,-0.0071887,-0.00055301,0.00055303,0.0071886,-0.0071887,-0.00055302,0.00055299,0.0071885,-0.0071879,-0.00055211,0.00055476,0.0071937,-0.0071932,-0.00054611,0.00059836,0.007401,-0.0074985,-0.00082583,0,0.004446,-0.0046658,-0.00034925,0,0.00073951,-0.00086634,-0,0,0.00096509,-0.00097087,-0,0,0.00092709,-0.00093012,-0,0,0.00087655,-0.00087988,-0,0,0.00083362,-0.00083642,-0,0,0.0007997,-0.00080215,-0,0,0.00076663,-0.00076893,-0,0,0.00073493,-0.00073696,-0,0,0.00071033,-0.00071208,-0,0,0.00068792,-0.00068969,-0,0,0.00066425,-0.00066597,-0,0,0.00064335,-0.00064469,-0,0,0.00062781,-0.00062888,-0,0,0.00061267,-0.00061183,-0,0,0.0006228,-0.00052281,-0,0,0.002776,0.0057797
-0.00067787,-0,0,0.00054319,-0.00055586,-0,0,0.00055209,-0.0005524,-0,0,0.00055229,-0.00055234,-0,0,0.0005523,-0.00055234,-0,0,0.00055232,-0.00055233,-0,0,0.00055254,-0.00055146,-0,0,0.00055268,-0.00056117,-0,0,0.00055314,-0.00064957,-0,0,0,-0.00011765,-0,-0,0,-0,-0,0,0,-0,-0,0,0,-0,-0,0,0,-0,-0,0,0,-0,-0,0,0,-0,-0,0,0,-0,-0,0,0,-0,-0,0,0,-0,-0,0,0,-0,-0,0,0,-0,-0,0,0,-0,-0,0,0,-0,-0,0,0,-0,-0,0,0,-0,0,0,0.00027867,0.00038983
-0,-0,0,0,-0,-0,0,0,-0,-0,0,0,-0,-0,0,0,-0,-0,0,0,-0,-0,0,0,-0,-0,0,0,-0,-0,0,0,-0,-0,-0,0,-0,-0,-0,0,-0,-0,0,0,-0,-0,0,0,-0,-0,0,0,-0,-0,0,0,-0,-0,0,0,-0,-0,0,0,-0,-0,0,0,-0,-0,0,0,-0,-0,0,0,-0,-0,0,0,-0,-0,0,0,-0,-0,0,0,-0,-0,0,0,-0,-0,0,0,-0,0,0,0,0
-0.00065709,-0,0,0.00052315,-0.00053653,-0,0,0.00053247,-0.00053282,-0,0,0.0005327,-0.00053274,-0,0,0.00053271,-0.00053274,-0,0,0.00053274,-0.00053272,-0,0,0.0005324,-0.00052848,-0,0,0.00057172,-0.00062079,-0,0,0.00010996,-0.00026946,-0,-0,0,-0,-0,0,0,-0,-0,0,0,-0,-0,0,0,-0,-0,0,0,-0,-0,0,0,-0,-0,0,0,-0,-0,0,0,-0,-0,0,0,-0,-0,0,0,-0,-0,0,0,-0,-0,0,0,-0,-0,0,0,-0,-0,0,0,-0,-0,0,0,-0,-0,0,0,-0,0,0,0.00026692,0.00037388
-0.007427,-0.00063516,0.00050031,0.0070655,-0.0070821,-0.00053549,0.00053301,0.0070773,-0.0070777,-0.00053374,0.00053371,0.0070775,-0.0070776,-0.0005337,0.00053373,0.0070775,-0.0070776,-0.0005337,0.00053375,0.0070776,-0.0070774,-0.00053373,0.00053264,0.0070716,-0.0070673,-0.00051767,0.00059446,0.007334,-0.0074079,-0.00076497,0,0.0050388,-0.0052486,-0.00048459,0,0.00095608,-0.0011023,-0,0,0.00092702,-0.00094235,-0,0,0.00092414,-0.00092676,-0,0,0.00087228,-0.0008756,-0,0,0.00082867,-0.00083145,-0,0,0.00079594,-0.00079838,-0,0,0.00076181,-0.00076418,-0,0,0.00072965,-0.00073168,-0,0,0.00070508,-0.00070679,-0,0,0.00068167,-0.00068394,-0,0,0.00065725,-0.00066396,-0,0,0.00063216,-0.00063906,-0,0,0.00061833,-0.0006206,-0,0,0.00060322,-0.00060442,-0,0,0.00058813,-0.00058718,-0,0,0.0005998,-0.00049566,-0,0,0.0027355,0.0056909
-0.00067982,-0,0,0.00053259,-0.00055051,-0,0,0.00054488,-0.00054539,-0,0,0.00054522,-0.00054527,-0,0,0.00054524,-0.00054527,-0,0,0.00054544,-0.00054471,-0,0,0.00054478,-0.00054637,-0,0,0.00056691,-0.00064308,-0,0,7.4715e-05,-0.00024502,-0,-0,0,-0,-0,0,0,-0,-0,0,0,-0,-0,0,0,-0,-0,0,0,-0,-0,0,0,-0,-0,0,0,-0,-0,0,0,-0,-0,0,0,-0,-0,0,0,-0,-0,0,0,-0,-0,0,0,-0,-0,0,0,-0,-0,0,0,-0,-0,0,0,-0,-0,0,0,-0,0,0,0.00030375,0.00038697
-0,-0,0,0,-0,-0,0,0,-0,-0,0,0,-0,-0,0,0,-0,-0,0,0,-0,-0,0,0,-0,-0,0,0,-0,-0,0,0,-0,-0,0,0,-0,-0,0,0,-0,-0,0,0,-0,-0,0,0,-0,-0,0,0,-0,-0,0,0,-0,-0,0,0,-0,-0,0,0,-0,-0,0,0,-0,-0,0,0,-0,-0,0,0,-0,-0,0,0,-0,-0,0,0,-0,-0,0,0,-0,-0,0,0,-0,-0,0,0,-0,0,0,0,0
-0.0011746,-0,0,0.00086845,-0.00090455,-0,0,0.00089373,-0.00089455,-0,0,0.0008943,-0.00089435,-0,0,0.00089431,-0.0008944,-0,0,0.00089409,-0.00089051,-0,0,0.00092388,-0.00094743,-0,0,0.00065465,-0.00078981,-0,0,0,-0,-0,0,0,-0,-0,0,0,-0,-0,0,0,-0,-0,0,0,-0,-0,0,0,-0,-0,0,0,-0,-0,0,0,-0,-0,0,0,-0,-0,0,0,-0,-0,0,0,-0,-0,0,0,-0,-0,0,0,-0,-0,0,0,-0,-0,0,0,-0,-0,0,0,-0,-0,0,0,-0,0,0,0.00081295,0.00059843
-0.0098608,-0.0015379,0.0011171,0.0089586,-0.0090126,-0.0012329,0.0012257,0.0089975,-0.0089985,-0.0012277,0.0012276,0.0089982,-0.0089983,-0.0012276,0.0012276,0.0089982,-0.0089984,-0.0012279,0.0012264,0.0089932,-0.0089882,-0.0012133,0.0012734,0.0091776,-0.0092107,-0.0013576,0.00092643,0.0078837,-0.0080584,-0.0013645,0,0.0034864,-0.0036543,-0.00028217,1.644e-05,0.0029087,-0.0029403,-8.2414e-05,8.9812e-05,0.0029718,-0.0029737,-9.3657e-05,7.2323e-05,0.0029084,-0.0029118,-8.093e-05,6.4827e-05,0.0028631,-0.0028658,-7.1308e-05,5.9531e-05,0.0028303,-0.0028326,-6.503e-05,5.3154e-05,0.0027966,-0.0027988,-5.8608e-05,4.6936e-05,0.0027634,-0.0027653,-5.1703e-05,4.2812e-05,0.0027385,-0.0027401,-4.6685e-05,3.8895e-05,0.0027164,-0.0027168,-4.0358e-05,3.9376e-05,0.0027006,-0.0027124,-6.2995e-05,0,0.0025783,-0.0026927,-0.00021481,0,0.001693,-0.0018152,-0,0,0.0015938,-0.001615,-0,0,0.00159,-0.0015932,-0,0,0.001562,-0.0015626,-0,0,0.0015856,-0.001408,-0,0.00073332,0.0048141,0.0067338
