0,-6.9389e-18,0,-6.9389e-18,0,6.9389e-18,0,-6.9389e-18,0,-6.9389e-18,0,-6.9389e-18,0,-6.9389e-18,0,-6.9389e-18,0,6.9389e-18,0,6.9389e-18,0,6.9389e-18,0,6.9389e-18,0,6.9389e-18,0,-6.9389e-18,0,0,1.7347e-18,0,0,0,-0.0013748,0,0,0,-0.0016673,0,0,0,-0.0016835,0,0,0,-0.0017225,0,0,0,-0.0017516,0,0,0,-0.0017765,0,0,0,-0.0018013,0,0,0,-0.0018229,0,0,0,-0.0018407,0,0,0,-0.0018457,0,0,0,-0.0018459,0,0,0,-0.0033033,0,0,0,-0.0050793,1.7347e-18,0,1.7347e-18,-0.0053188,1.7347e-18,0,1.7347e-18,-0.005314,1.7347e-18,0,1.7347e-18,-0.0052197,1.7347e-18,1.3878e-17,1.7347e-18,-0.0040503,0,0
-6.9389e-18,1.7347e-18,-0.0030215,1.7347e-18,0,1.7347e-18,-0.0032934,1.7347e-18,0,1.7347e-18,-0.0032937,1.7347e-18,-6.9389e-18,1.7347e-18,-0.0032937,1.7347e-18,0,1.7347e-18,-0.0032943,1.7347e-18,-6.9389e-18,1.7347e-18,-0.0032637,1.7347e-18,0,1.7347e-18,-0.0034729,1.7347e-18,0,1.7347e-18,-0.0045321,-0.0008626,0,-0.0011991,-0.0055068,-0.001498,0,-0.0015529,-0.0055031,-0.0015484,0,-0.0015517,-0.0054774,-0.0015749,0,-0.001582,-0.0054342,-0.0015997,0,-0.0016052,-0.0054019,-0.0016181,0,-0.0016227,-0.0053745,-0.0016358,0,-0.0016403,-0.0053472,-0.0016531,0,-0.0016571,-0.0053233,-0.0016669,0,-0.0016703,-0.0053021,-0.0016797,0,-0.0016868,-0.005259,-0.0016918,0,-0.0016195,-0.005583,-0.0013443,0,-0.0014612,-0.0055069,-0.0043699,0,-0.0046448,-0.0039824,-0.0054368,1.7347e-18,-0.0052936,-0.0035581,-0.0053546,1.7347e-18,-0.0053553,-0.0035705,-0.0053248,1.7347e-18,-0.0053097,-0.0035018,-0.0051076,1.7347e-18,-0.0053188,-0.0035363,-0.0023073,0
0,0.0031553,0.0028974,0.003956,0,0.0039937,0.0026773,0.0039952,0,0.0039953,0.0026855,0.0039952,0,0.0039953,0.0026856,0.0039953,0,0.0039952,0.0026857,0.0039953,0,0.0040003,0.002658,0.0040175,0,0.0039803,0.0028962,0.0038007,0,0.003617,0.0039702,0.0030502,0,0.0028807,0.0050518,0.0027658,0,0.0027381,0.0052576,0.0027372,0,0.0027354,0.0052749,0.0027273,0,0.0027237,0.0052991,0.0027173,0,0.0027144,0.0053178,0.0027098,0,0.0027074,0.0053334,0.0027027,0,0.0027004,0.0053487,0.0026958,0,0.0026938,0.0053622,0.0026902,0,0.0026884,0.0053735,0.0026844,0,0.0026701,0.0054742,0.0025356,0,0.002686,0.0044519,0.004254,0,0.0045303,0.0026277,0.0044486,0.00020743,0.004174,0.0025788,0.00482,-1.7347e-18,0.0049296,0.0029216,0.004868,-1.7347e-18,0.0048446,0.0028698,0.0048215,-1.7347e-18,0.0048098,0.002818,0.0046579,8.6122e-05,0.0047009,0.0024297,0.0040626,0
0,0,0.0026195,0,0,0,0.0029594,0,0,0,0.0029598,0,0,0,0.0029598,0,0,0,0.0029598,0,0,0,0.0029643,0,0,0,0.0029219,0,0,0,0.0027267,0,0,0,0.0025476,0,0,0,0.0025164,0,0,0,0.0025139,0,0,0,0.0025101,0,0,0,0.0025071,0,0,0,0.0025046,0,0,0,0.0025022,0,0,0,0.0025,0,0,0,0.002498,0,0,0,0.0024319,0,0,0,0.0031156,0,0,0,0.0046253,-1.7347e-18,-1.3878e-17,-1.7347e-18,0.0047019,-1.7347e-18,0,-1.7347e-18,0.0049458,-1.7347e-18,0,-1.7347e-18,0.0048941,-1.7347e-18,-1.3878e-17,-1.7347e-18,0.0048072,-1.7347e-18,-1.3878e-17,-1.7347e-18,0.0033017,0,2.7756e-17
0,0,-0.0017799,0,0,0,-0.0021345,0,0,0,-0.0021353,0,0,0,-0.0021353,0,0,0,-0.0021353,0,0,0,-0.0021338,0,0,0,-0.0021516,0,0,0,-0.0022286,0,0,0,-0.0022994,0,0,0,-0.0023127,0,0,0,-0.0023139,0,0,0,-0.0023154,0,0,0,-0.0023164,0,0,0,-0.0023175,0,0,0,-0.0023185,0,0,0,-0.0023194,0,0,0,-0.0023201,0,0,0,-0.0022633,0,0,0,-0.0026481,0,0,0,-0.0045388,1.7347e-18,1.3878e-17,1.7347e-18,-0.0054437,1.7347e-18,1.3878e-17,1.7347e-18,-0.0052966,1.7347e-18,1.3878e-17,1.7347e-18,-0.0052525,1.7347e-18,1.3878e-17,1.7347e-18,-0.0051802,1.7347e-18,1.3878e-17,1.7347e-18,-0.0041447,0,0
0,-0.0013141,-0.0058277,-0.0021674,0,-0.0022152,-0.005963,-0.0022177,0,-0.0022178,-0.0059798,-0.0022178,0,-0.0022179,-0.0059802,-0.0022178,0,-0.0022178,-0.0059803,-0.0022177,0,-0.0022176,-0.0059816,-0.0022176,0,-0.0022209,-0.0059558,-0.00223,0,-0.002244,-0.0058529,-0.002267,0,-0.0022799,-0.005753,-0.0022866,0,-0.0022891,-0.0057308,-0.0022896,0,-0.0022899,-0.0057283,-0.0022902,0,-0.0022905,-0.0057261,-0.0022908,0,-0.002291,-0.0057244,-0.0022912,0,-0.0022914,-0.0057229,-0.0022916,0,-0.0022918,-0.0057215,-0.002292,0,-0.0022921,-0.0057201,-0.0022923,0,-0.0022925,-0.0057178,-0.0022926,0,-0.0022865,-0.0057741,-0.0021849,0,-0.0021528,-0.0060967,-0.0027104,0,-0.0029242,-0.0049132,-0.0057418,1.7347e-18,-0.0053394,-0.0034056,-0.0053041,1.7347e-18,-0.0052472,-0.003292,-0.0052083,1.7347e-18,-0.0051926,-0.0032583,-0.0051627,1.7347e-18,-0.0051516,-0.0032083,-0.0050095,1.7347e-18,-0.0052467,-0.0032318,-0.0043095,0
0,0.0017028,0.0051354,0.0025549,0,0.0026018,0.0051463,0.002604,0,0.0026041,0.0051609,0.0026041,0,0.0026042,0.0051612,0.0026041,0,0.0026042,0.005161,0.0026042,0,0.0026043,0.0051609,0.0026042,0,0.0026028,0.0051728,0.0025994,0,0.0025939,0.0052158,0.0025858,0,0.0025807,0.0052572,0.002578,0,0.002577,0.0052674,0.0025767,0,0.0025766,0.0052687,0.0025765,0,0.0025763,0.0052698,0.0025763,0,0.0025761,0.0052707,0.0025761,0,0.002576,0.0052713,0.0025759,0,0.0025758,0.0052718,0.0025757,0,0.0025757,0.0052724,0.0025756,0,0.0025753,0.0052724,0.002575,0,0.002568,0.0053238,0.0024489,0,0.0026535,0.0039946,0.0049895,0,0.004895,0.0026975,0.0048056,-1.7347e-18,0.0048288,0.0030648,0.0051087,-1.7347e-18,0.0051463,0.0031838,0.0051139,-1.7347e-18,0.0051006,0.0031574,0.005079,-1.7347e-18,0.0050663,0.0031049,0.0049148,-1.7347e-18,0.0050817,0.0029963,0.0044943,0
0,0,0.0021869,0,0,0,0.0025374,0,0,0,0.0025379,0,0,0,0.0025379,0,0,0,0.0025379,0,0,0,0.0025379,0,0,0,0.0025367,0,0,0,0.0025325,0,0,0,0.0025286,0,0,0,0.0025276,0,0,0,0.0025275,0,0,0,0.0025273,0,0,0,0.0025272,0,0,0,0.0025272,0,0,0,0.0025271,0,0,0,0.002527,0,0,0,0.0025263,0,0,0,0.0024678,0,0,0,0.0035924,0,0,0,0.0046842,-1.7347e-18,-1.3878e-17,-1.7347e-18,0.0050482,-1.7347e-18,0,-1.7347e-18,0.0051415,-1.7347e-18,-1.3878e-17,-1.7347e-18,0.0051016,-1.7347e-18,0,-1.7347e-18,0.0050243,-1.7347e-18,-1.3878e-17,-1.7347e-18,0.0038142,0,0
0,0,-0.0020955,0,0,0,-0.0024457,0,0,0,-0.0024463,0,0,0,-0.0024464,0,0,0,-0.0024464,0,0,0,-0.0024464,0,0,0,-0.0024468,0,0,0,-0.0024484,0,0,0,-0.0024498,0,0,0,-0.0024502,0,0,0,-0.0024503,0,0,0,-0.0024502,0,0,0,-0.0024501,0,0,0,-0.0024503,0,0,0,-0.0024504,0,0,0,-0.0024505,0,0,0,-0.0024522,0,0,0,-0.002349,0,0,0,-0.0031671,0,0,0,-0.0051402,1.7347e-18,1.3878e-17,1.7347e-18,-0.0051874,1.7347e-18,1.3878e-17,1.7347e-18,-0.0051926,1.7347e-18,1.3878e-17,1.7347e-18,-0.0051432,1.7347e-18,1.3878e-17,1.7347e-18,-0.0050677,1.7347e-18,1.3878e-17,1.7347e-18,-0.0039268,0,-2.7756e-17
0,-0.0015035,-0.0055982,-0.0023553,0,-0.0024023,-0.0056323,-0.0024047,0,-0.0024048,-0.0056479,-0.0024048,0,-0.0024048,-0.0056483,-0.0024047,0,-0.0024048,-0.0056482,-0.0024048,0,-0.0024048,-0.0056482,-0.0024048,0,-0.002405,-0.0056473,-0.0024052,0,-0.0024054,-0.0056444,-0.0024058,0,-0.0024061,-0.0056414,-0.0024063,0,-0.0024064,-0.0056406,-0.0024063,0,-0.0024064,-0.0056404,-0.0024064,0,-0.0024064,-0.0056405,-0.0024064,0,-0.0024064,-0.0056405,-0.0024064,0,-0.0024064,-0.0056405,-0.0024064,0,-0.0024064,-0.0056403,-0.0024064,0,-0.0024064,-0.0056399,-0.0024067,0,-0.0024085,-0.005627,-0.0024169,0,-0.0023845,-0.0058969,-0.0021191,0,-0.0021352,-0.0060522,-0.0036146,0,-0.0038716,-0.004441,-0.005701,1.7347e-18,-0.0050769,-0.0032207,-0.0052151,1.7347e-18,-0.0052199,-0.0032496,-0.0051736,1.7347e-18,-0.0051564,-0.0032123,-0.0051308,1.7347e-18,-0.0051187,-0.0031613,-0.0049745,1.7347e-18,-0.005178,-0.003133,-0.0043977,0
0,0.0017695,0.005173,0.0026203,0,0.0026673,0.0052033,0.0026696,0,0.0026698,0.0052185,0.0026696,0,0.0026699,0.0052187,0.0026697,0,0.0026699,0.0052186,0.0026698,0,0.0026698,0.0052188,0.0026698,0,0.0026697,0.0052194,0.0026696,0,0.0026696,0.0052207,0.0026694,0,0.0026693,0.005222,0.0026691,0,0.0026691,0.0052223,0.0026691,0,0.0026691,0.0052223,0.0026691,0,0.0026691,0.0052224,0.0026692,0,0.002669,0.0052227,0.0026691,0,0.002669,0.0052225,0.0026691,0,0.0026691,0.0052224,0.0026691,0,0.002669,0.0052228,0.0026686,0,0.0026651,0.005245,0.0026373,0,0.0026695,0.0050244,0.0029093,0,0.0031653,0.0033686,0.0046329,-1.7347e-18,0.004188,0.0026246,0.0049443,-1.7347e-18,0.005116,0.0032104,0.0051561,-1.7347e-18,0.0051432,0.0031914,0.0051192,-1.7347e-18,0.0051082,0.0031699,0.0050846,-1.7347e-18,0.0050726,0.0031192,0.0049278,-1.7347e-18,0.0050983,0.0030302,0.0045031,0
0,0,0.0022739,0,0,0,0.0026239,0,2.7756e-17,0,0.0026244,0,2.7756e-17,0,0.0026244,0,0,0,0.0026244,0,2.7756e-17,0,0.0026244,0,0,0,0.0026244,0,0,0,0.0026243,0,2.7756e-17,0,0.0026242,0,0,0,0.0026241,0,2.7756e-17,0,0.0026241,0,0,0,0.0026241,0,0,0,0.002624,0,2.7756e-17,0,0.002624,0,0,0,0.0026241,0,0,0,0.0026238,0,0,0,0.0026091,0,0,0,0.0027092,0,2.7756e-17,0,0.0042727,-1.7347e-18,0,-1.7347e-18,0.0047821,-1.7347e-18,-1.3878e-17,-1.7347e-18,0.0051519,-1.7347e-18,-1.3878e-17,-1.7347e-18,0.0051383,-1.7347e-18,-1.3878e-17,-1.7347e-18,0.0051025,-1.7347e-18,-1.3878e-17,-1.7347e-18,0.0050266,-1.7347e-18,-1.3878e-17,-1.7347e-18,0.0038387,0,2.7756e-17
0,0,-0.0022003,0,0,0,-0.0025501,0,-2.7756e-17,0,-0.0025507,0,0,0,-0.0025508,0,-2.7756e-17,0,-0.0025507,0,0,0,-0.0025507,0,0,0,-0.0025507,0,0,0,-0.0025507,0,0,0,-0.0025507,0,0,0,-0.0025507,0,0,0,-0.0025507,0,-2.7756e-17,0,-0.0025506,0,-2.7756e-17,0,-0.0025505,0,0,0,-0.0025507,0,0,0,-0.0025508,0,0,0,-0.0025509,0,0,0,-0.0025461,0,0,0,-0.0024859,0,0,0,-0.0037958,0,0,0,-0.0056617,1.7347e-18,0,1.7347e-18,-0.0051735,1.7347e-18,1.3878e-17,1.7347e-18,-0.0051743,1.7347e-18,0,1.7347e-18,-0.0051306,1.7347e-18,1.3878e-17,1.7347e-18,-0.0050559,1.7347e-18,0,1.7347e-18,-0.0039196,0,0
0,-0.0016066,-0.0055223,-0.0024572,0,-0.0025042,-0.0055615,-0.0025066,0,-0.0025067,-0.005577,-0.0025066,0,-0.0025067,-0.0055774,-0.0025066,0,-0.0025067,-0.0055773,-0.0025067,0,-0.0025067,-0.0055773,-0.0025067,0,-0.0025067,-0.0055774,-0.0025067,0,-0.0025067,-0.0055774,-0.0025067,0,-0.0025067,-0.0055773,-0.0025067,0,-0.0025067,-0.0055773,-0.0025067,0,-0.0025068,-0.0055774,-0.0025067,0,-0.0025067,-0.0055775,-0.0025067,0,-0.0025067,-0.0055775,-0.0025067,0,-0.0025067,-0.0055775,-0.0025067,0,-0.0025067,-0.0055774,-0.0025067,0,-0.0025068,-0.0055762,-0.0025074,0,-0.0025116,-0.0055488,-0.0025194,0,-0.0024548,-0.0060653,-0.002141,0,-0.0022411,-0.0056897,-0.0047463,0,-0.0050285,-0.0039257,-0.0054563,1.7347e-18,-0.0051239,-0.0032187,-0.005195,1.7347e-18,-0.0051979,-0.0032366,-0.0051607,1.7347e-18,-0.0051455,-0.0032043,-0.0051213,1.7347e-18,-0.0051094,-0.0031545,-0.0049675,1.7347e-18,-0.0051615,-0.0031206,-0.0044304,0
0,0.0018674,0.0051125,0.0027172,0,0.0027641,0.0051489,0.0027664,0,0.0027666,0.0051641,0.0027665,0,0.0027667,0.0051643,0.0027666,0,0.0027667,0.0051643,0.0027666,0,0.0027666,0.0051644,0.0027666,0,0.0027666,0.0051646,0.0027666,0,0.0027666,0.0051647,0.0027666,0,0.0027666,0.0051648,0.0027665,0,0.0027665,0.0051648,0.0027664,0,0.0027665,0.0051648,0.0027665,0,0.0027665,0.0051648,0.0027666,0,0.0027665,0.005165,0.0027665,0,0.0027665,0.0051649,0.0027665,0,0.0027665,0.0051647,0.0027665,0,0.0027664,0.005165,0.0027655,0,0.0027549,0.0052389,0.0026501,0,0.0027648,0.0044598,0.0039064,0,0.0041601,0.0028131,0.0045053,-1.7347e-18,0.0042506,0.0027685,0.005043,-1.7347e-18,0.0052065,0.0032375,0.0051563,-1.7347e-18,0.0051323,0.0031868,0.0051134,-1.7347e-18,0.0051026,0.0031658,0.0050771,-1.7347e-18,0.0050649,0.0031149,0.0049231,-1.7347e-18,0.005086,0.0030241,0.0045324,0
0,0,0.002372,0,0,0,0.0027215,0,0,0,0.0027221,0,0,0,0.0027221,0,0,0,0.0027221,0,2.7756e-17,0,0.0027221,0,0,0,0.0027221,0,0,0,0.002722,0,0,0,0.002722,0,0,0,0.002722,0,0,0,0.002722,0,2.7756e-17,0,0.0027219,0,0,0,0.0027218,0,2.7756e-17,0,0.0027219,0,0,0,0.002722,0,2.7756e-17,0,0.0027218,0,2.7756e-17,0,0.0026711,0,0,0,0.0031684,0,2.7756e-17,0,0.004911,-1.7347e-18,0,-1.7347e-18,0.0048871,-1.7347e-18,-1.3878e-17,-1.7347e-18,0.005178,-1.7347e-18,-1.3878e-17,-1.7347e-18,0.005129,-1.7347e-18,-1.3878e-17,-1.7347e-18,0.0050954,-1.7347e-18,-1.3878e-17,-1.7347e-18,0.0050196,-1.7347e-18,-1.3878e-17,-1.7347e-18,0.0038423,0,0
0,0,-0.0022998,0,0,0,-0.002649,0,0,0,-0.0026496,0,-2.7756e-17,0,-0.0026498,0,-2.7756e-17,0,-0.0026497,0,0,0,-0.0026497,0,-2.7756e-17,0,-0.0026496,0,-2.7756e-17,0,-0.0026496,0,-2.7756e-17,0,-0.0026495,0,0,0,-0.0026496,0,0,0,-0.0026496,0,-2.7756e-17,0,-0.0026496,0,0,0,-0.0026494,0,-2.7756e-17,0,-0.0026495,0,0,0,-0.0026496,0,0,0,-0.0026497,0,-2.7756e-17,0,-0.0026067,0,0,0,-0.0028196,0,0,0,-0.0044935,1.7347e-18,0,1.7347e-18,-0.0054372,1.7347e-18,0,1.7347e-18,-0.0052012,1.7347e-18,1.3878e-17,1.7347e-18,-0.0051616,1.7347e-18,1.3878e-17,1.7347e-18,-0.0051223,1.7347e-18,1.3878e-17,1.7347e-18,-0.0050476,1.7347e-18,1.3878e-17,1.7347e-18,-0.0039202,0,0
0,-0.0017074,-0.0054538,-0.0025569,0,-0.0026039,-0.0054987,-0.0026062,0,-0.0026063,-0.0055142,-0.0026062,0,-0.0026063,-0.0055146,-0.0026062,0,-0.0026063,-0.0055145,-0.0026063,0,-0.0026063,-0.0055146,-0.0026063,0,-0.0026063,-0.0055147,-0.0026063,0,-0.0026063,-0.0055147,-0.0026063,0,-0.0026063,-0.0055147,-0.0026063,0,-0.0026063,-0.0055147,-0.0026062,0,-0.0026063,-0.0055148,-0.0026063,0,-0.0026063,-0.0055148,-0.0026062,0,-0.0026062,-0.0055149,-0.0026062,0,-0.0026062,-0.0055149,-0.0026062,0,-0.0026062,-0.0055147,-0.0026063,0,-0.0026063,-0.0055135,-0.0026064,0,-0.0026028,-0.0055501,-0.00253,0,-0.0024709,-0.0061402,-0.0026517,0,-0.0028348,-0.0050554,-0.0056247,1.7347e-18,-0.0054726,-0.0034453,-0.0053115,1.7347e-18,-0.0052219,-0.0032556,-0.0051953,1.7347e-18,-0.0051811,-0.0032275,-0.0051517,1.7347e-18,-0.0051379,-0.0031989,-0.0051131,1.7347e-18,-0.0051008,-0.0031484,-0.0049602,1.7347e-18,-0.0051456,-0.0031104,-0.0044616,0
0,0.001964,0.0050505,0.0028127,0,0.0028596,0.0050928,0.0028619,0,0.0028621,0.0051081,0.002862,0,0.0028622,0.0051083,0.002862,0,0.0028622,0.0051083,0.0028621,0,0.0028621,0.0051084,0.0028621,0,0.0028621,0.0051086,0.0028621,0,0.0028621,0.0051086,0.0028621,0,0.002862,0.0051087,0.002862,0,0.002862,0.0051086,0.002862,0,0.002862,0.0051086,0.002862,0,0.002862,0.0051087,0.0028621,0,0.002862,0.0051088,0.002862,0,0.002862,0.0051087,0.0028621,0,0.002862,0.0051087,0.002862,0,0.0028618,0.0051084,0.0028615,0,0.0028541,0.0051606,0.0027427,0,0.0029421,0.0038403,0.005109,0,0.0047397,0.0026075,0.0047514,-1.7347e-18,0.0047829,0.0030516,0.0051232,-1.7347e-18,0.0051751,0.0032107,0.0051371,-1.7347e-18,0.0051219,0.0031809,0.0051053,-1.7347e-18,0.0050946,0.00316,0.0050687,-1.7347e-18,0.0050569,0.003111,0.00492,-1.7347e-18,0.005076,0.0030184,0.0045614,0
0,0,0.0024686,0,0,0,0.0028177,0,2.7756e-17,0,0.0028183,0,0,0,0.0028183,0,0,0,0.0028183,0,0,0,0.0028183,0,0,0,0.0028183,0,0,0,0.0028182,0,0,0,0.0028182,0,0,0,0.0028182,0,0,0,0.0028182,0,0,0,0.0028181,0,2.7756e-17,0,0.002818,0,0,0,0.0028181,0,2.7756e-17,0,0.0028182,0,0,0,0.0028176,0,0,0,0.0027645,0,0,0,0.0037795,0,0,0,0.0046683,-1.7347e-18,-1.3878e-17,-1.7347e-18,0.0050506,-1.7347e-18,-1.3878e-17,-1.7347e-18,0.0051615,-1.7347e-18,-1.3878e-17,-1.7347e-18,0.00512,-1.7347e-18,-1.3878e-17,-1.7347e-18,0.0050874,-1.7347e-18,-1.3878e-17,-1.7347e-18,0.0050133,-1.7347e-18,0,-1.7347e-18,0.0038475,0,0
0,0,-0.0023975,0,0,0,-0.0027462,0,0,0,-0.0027468,0,0,0,-0.002747,0,-2.7756e-17,0,-0.0027469,0,0,0,-0.002747,0,0,0,-0.0027469,0,0,0,-0.0027468,0,0,0,-0.0027467,0,0,0,-0.0027467,0,0,0,-0.0027468,0,0,0,-0.0027467,0,0,0,-0.0027466,0,0,0,-0.0027467,0,-2.7756e-17,0,-0.0027468,0,0,0,-0.0027485,0,-2.7756e-17,0,-0.0026563,0,0,0,-0.003351,0,0,0,-0.0051458,1.7347e-18,1.3878e-17,1.7347e-18,-0.00522,1.7347e-18,1.3878e-17,1.7347e-18,-0.0052,1.7347e-18,1.3878e-17,1.7347e-18,-0.0051501,1.7347e-18,1.3878e-17,1.7347e-18,-0.005114,1.7347e-18,0,1.7347e-18,-0.0050393,1.7347e-18,1.3878e-17,1.7347e-18,-0.0039224,0,0
0,-0.0018061,-0.0053873,-0.0026545,0,-0.0027015,-0.0054379,-0.0027037,0,-0.0027039,-0.0054535,-0.0027038,0,-0.0027039,-0.0054538,-0.0027038,0,-0.0027039,-0.0054538,-0.0027039,0,-0.0027039,-0.0054538,-0.0027039,0,-0.0027039,-0.0054539,-0.0027039,0,-0.0027039,-0.0054539,-0.0027038,0,-0.0027038,-0.0054539,-0.0027038,0,-0.0027039,-0.0054539,-0.0027038,0,-0.0027039,-0.0054539,-0.0027039,0,-0.0027039,-0.005454,-0.0027039,0,-0.0027038,-0.0054541,-0.0027039,0,-0.0027038,-0.005454,-0.0027039,0,-0.0027039,-0.0054535,-0.0027042,0,-0.0027058,-0.0054417,-0.0027135,0,-0.0026845,-0.0056839,-0.0024463,0,-0.002449,-0.0059086,-0.0036936,0,-0.0039268,-0.0044549,-0.0057433,1.7347e-18,-0.0051183,-0.0032446,-0.005234,1.7347e-18,-0.0052311,-0.0032563,-0.0051834,1.7347e-18,-0.0051656,-0.0032185,-0.0051427,1.7347e-18,-0.0051303,-0.0031934,-0.0051048,1.7347e-18,-0.0050924,-0.0031427,-0.0049538,1.7347e-18,-0.0051318,-0.0031015,-0.0044917,0
0,0.00206,0.0049883,0.0029077,0,0.0029545,0.0050363,0.0029568,0,0.002957,0.0050517,0.0029569,0,0.0029571,0.0050519,0.002957,0,0.0029571,0.0050519,0.0029571,0,0.002957,0.0050519,0.0029571,0,0.002957,0.0050521,0.0029571,0,0.0029571,0.0050521,0.002957,0,0.002957,0.0050522,0.002957,0,0.0029569,0.0050522,0.002957,0,0.0029569,0.0050522,0.002957,0,0.0029569,0.0050523,0.0029571,0,0.0029569,0.0050524,0.002957,0,0.0029569,0.0050523,0.002957,0,0.0029569,0.0050526,0.0029565,0,0.0029535,0.0050728,0.002928,0,0.002957,0.0048741,0.0031731,0,0.0034134,0.0033186,0.0045917,-1.7347e-18,0.0041903,0.0026291,0.004939,-1.7347e-18,0.0051232,0.0032131,0.005165,-1.7347e-18,0.0051534,0.0031984,0.0051287,-1.7347e-18,0.005117,0.0031771,0.0050977,-1.7347e-18,0.0050862,0.0031542,0.0050603,-1.7347e-18,0.0050491,0.0031074,0.0049177,-1.7347e-18,0.0050674,0.0030129,0.0045906,0
0,0,0.0025644,0,0,0,0.002913,0,0,0,0.0029136,0,2.7756e-17,0,0.0029136,0,0,0,0.0029136,0,0,0,0.0029136,0,0,0,0.0029136,0,0,0,0.0029135,0,0,0,0.0029135,0,2.7756e-17,0,0.0029135,0,0,0,0.0029136,0,0,0,0.0029135,0,0,0,0.0029134,0,0,0,0.0029134,0,2.7756e-17,0,0.0029134,0,0,0,0.0029,0,2.7756e-17,0,0.0029902,0,0,0,0.0044226,-1.7347e-18,0,-1.7347e-18,0.0048275,-1.7347e-18,0,-1.7347e-18,0.0051625,-1.7347e-18,-1.3878e-17,-1.7347e-18,0.0051485,-1.7347e-18,-1.3878e-17,-1.7347e-18,0.0051128,-1.7347e-18,0,-1.7347e-18,0.0050791,-1.7347e-18,-1.3878e-17,-1.7347e-18,0.0050073,-1.7347e-18,-1.3878e-17,-1.7347e-18,0.0038537,0,0
0,0,-0.002494,0,-2.7756e-17,0,-0.0028423,0,0,0,-0.0028429,0,0,0,-0.002843,0,0,0,-0.002843,0,0,0,-0.002843,0,0,0,-0.0028429,0,0,0,-0.0028429,0,-2.7756e-17,0,-0.0028428,0,0,0,-0.0028428,0,0,0,-0.0028429,0,0,0,-0.0028428,0,-2.7756e-17,0,-0.0028427,0,0,0,-0.0028427,0,0,0,-0.002843,0,0,0,-0.0028386,0,0,0,-0.0027839,0,0,0,-0.0039751,0,0,0,-0.0056782,1.7347e-18,1.3878e-17,1.7347e-18,-0.0051932,1.7347e-18,1.3878e-17,1.7347e-18,-0.0051858,1.7347e-18,0,1.7347e-18,-0.0051405,1.7347e-18,1.3878e-17,1.7347e-18,-0.0051055,1.7347e-18,1.3878e-17,1.7347e-18,-0.0050318,1.7347e-18,1.3878e-17,1.7347e-18,-0.0039267,0,0
0,-0.0019036,-0.0053217,-0.0027512,0,-0.002798,-0.0053779,-0.0028003,0,-0.0028004,-0.0053935,-0.0028004,0,-0.0028005,-0.0053938,-0.0028004,0,-0.0028004,-0.0053938,-0.0028004,0,-0.0028004,-0.0053938,-0.0028005,0,-0.0028004,-0.0053939,-0.0028005,0,-0.0028004,-0.0053939,-0.0028004,0,-0.0028004,-0.005394,-0.0028004,0,-0.0028004,-0.0053939,-0.0028004,0,-0.0028004,-0.005394,-0.0028004,0,-0.0028004,-0.0053941,-0.0028004,0,-0.0028004,-0.0053942,-0.0028004,0,-0.0028004,-0.005394,-0.0028004,0,-0.0028005,-0.0053928,-0.0028011,0,-0.0028049,-0.0053682,-0.0028118,0,-0.0027534,-0.0058706,-0.002469,0,-0.0025606,-0.0054959,-0.0048461,0,-0.0051036,-0.0038875,-0.0054501,1.7347e-18,-0.0051492,-0.0032344,-0.0052116,1.7347e-18,-0.0052111,-0.0032453,-0.0051714,1.7347e-18,-0.0051552,-0.0032116,-0.005134,1.7347e-18,-0.005122,-0.0031874,-0.0050959,1.7347e-18,-0.0050836,-0.0031372,-0.0049485,1.7347e-18,-0.0051198,-0.0030935,-0.0045216,0
0,0.0021553,0.0049266,0.0030018,0,0.0030486,0.0049803,0.0030509,0,0.0030511,0.0049957,0.003051,0,0.0030512,0.004996,0.0030511,0,0.0030511,0.0049959,0.0030512,0,0.0030511,0.0049959,0.0030512,0,0.0030511,0.004996,0.0030512,0,0.0030511,0.0049961,0.0030511,0,0.003051,0.0049962,0.0030511,0,0.003051,0.0049963,0.003051,0,0.003051,0.0049963,0.0030511,0,0.003051,0.0049964,0.0030511,0,0.003051,0.0049965,0.0030511,0,0.003051,0.0049965,0.003051,0,0.0030509,0.0049966,0.0030501,0,0.0030406,0.0050633,0.0029458,0,0.0030496,0.0043584,0.0040818,0,0.0043116,0.0028755,0.0045914,-1.7347e-18,0.0043628,0.0028235,0.0050708,-1.7347e-18,0.0052145,0.0032415,0.0051642,-1.7347e-18,0.0051403,0.0031921,0.0051216,-1.7347e-18,0.0051106,0.0031722,0.0050896,-1.7347e-18,0.0050778,0.0031485,0.0050522,-1.7347e-18,0.0050419,0.0031041,0.0049156,-1.7347e-18,0.0050597,0.0030076,0.0046196,0
0,0,0.0026593,0,0,0,0.0030074,0,0,0,0.003008,0,0,0,0.0030081,0,0,0,0.003008,0,0,0,0.003008,0,0,0,0.003008,0,0,0,0.003008,0,2.7756e-17,0,0.0030079,0,0,0,0.003008,0,0,0,0.003008,0,0,0,0.0030079,0,2.7756e-17,0,0.0030078,0,0,0,0.0030079,0,2.7756e-17,0,0.0030078,0,0,0,0.0029622,0,0,0,0.0034119,0,0,0,0.0050048,-1.7347e-18,0,-1.7347e-18,0.0049342,-1.7347e-18,-1.3878e-17,-1.7347e-18,0.005188,-1.7347e-18,0,-1.7347e-18,0.0051381,-1.7347e-18,-1.3878e-17,-1.7347e-18,0.0051052,-1.7347e-18,-1.3878e-17,-1.7347e-18,0.0050709,-1.7347e-18,-1.3878e-17,-1.7347e-18,0.0050019,-1.7347e-18,-1.3878e-17,-1.7347e-18,0.0038609,0,0
0,0,-0.0025896,0,0,0,-0.0029375,0,-2.7756e-17,0,-0.0029382,0,0,0,-0.0029382,0,0,0,-0.0029382,0,-2.7756e-17,0,-0.0029382,0,-2.7756e-17,0,-0.0029381,0,-2.7756e-17,0,-0.0029381,0,0,0,-0.0029381,0,0,0,-0.0029381,0,-2.7756e-17,0,-0.0029381,0,0,0,-0.002938,0,0,0,-0.0029378,0,0,0,-0.0029379,0,-2.7756e-17,0,-0.0029382,0,0,0,-0.0028991,0,0,0,-0.0030912,0,0,0,-0.0046112,1.7347e-18,0,1.7347e-18,-0.0054395,1.7347e-18,1.3878e-17,1.7347e-18,-0.0052143,1.7347e-18,1.3878e-17,1.7347e-18,-0.005172,1.7347e-18,0,1.7347e-18,-0.005132,1.7347e-18,0,1.7347e-18,-0.0050971,1.7347e-18,1.3878e-17,1.7347e-18,-0.0050253,1.7347e-18,1.3878e-17,1.7347e-18,-0.0039326,0,0
0,-0.0020006,-0.005256,-0.0028471,0,-0.0028939,-0.005318,-0.0028962,0,-0.0028962,-0.0053335,-0.0028963,0,-0.0028963,-0.0053338,-0.0028963,0,-0.0028963,-0.0053338,-0.0028963,0,-0.0028963,-0.0053338,-0.0028964,0,-0.0028963,-0.0053339,-0.0028963,0,-0.0028963,-0.0053339,-0.0028963,0,-0.0028962,-0.0053339,-0.0028963,0,-0.0028962,-0.005334,-0.0028963,0,-0.0028962,-0.005334,-0.0028963,0,-0.0028962,-0.0053342,-0.0028963,0,-0.0028962,-0.0053342,-0.0028963,0,-0.0028963,-0.005334,-0.0028963,0,-0.0028964,-0.0053325,-0.0028967,0,-0.0028933,-0.0053661,-0.0028256,0,-0.0027722,-0.0059001,-0.0029353,0,-0.0031018,-0.0049204,-0.0056366,1.7347e-18,-0.0054809,-0.003447,-0.0053217,1.7347e-18,-0.0052357,-0.0032652,-0.0052078,1.7347e-18,-0.0051921,-0.0032347,-0.0051612,1.7347e-18,-0.0051467,-0.0032057,-0.0051257,1.7347e-18,-0.0051135,-0.0031814,-0.0050871,1.7347e-18,-0.005075,-0.0031324,-0.0049447,1.7347e-18,-0.00511,-0.0030867,-0.0045514,0
0,0.0022489,0.0048667,0.0030944,0,0.003141,0.0049257,0.0031434,0,0.0031435,0.0049411,0.0031434,0,0.0031436,0.0049413,0.0031435,0,0.0031436,0.0049412,0.0031436,0,0.0031436,0.0049411,0.0031437,0,0.0031436,0.0049412,0.0031437,0,0.0031435,0.0049413,0.0031436,0,0.0031435,0.0049414,0.0031436,0,0.0031434,0.0049415,0.0031435,0,0.0031434,0.0049415,0.0031436,0,0.0031434,0.0049416,0.0031436,0,0.0031434,0.0049418,0.0031435,0,0.0031434,0.0049418,0.0031434,0,0.0031433,0.0049416,0.0031424,0,0.0031358,0.0049905,0.0030393,0,0.0032194,0.0038008,0.005179,0,0.0048026,0.0026872,0.0048121,-1.7347e-18,0.0048313,0.0030748,0.0051399,-1.7347e-18,0.0051853,0.0032172,0.0051469,-1.7347e-18,0.0051308,0.0031869,0.0051143,-1.7347e-18,0.0051033,0.0031668,0.0050812,-1.7347e-18,0.0050695,0.0031432,0.0050447,-1.7347e-18,0.0050351,0.0031007,0.004913,-1.7347e-18,0.0050515,0.0030017,0.0046482,0
0,0,0.0027529,0,0,0,0.0031005,0,0,0,0.0031011,0,0,0,0.0031011,0,0,0,0.0031011,0,2.7756e-17,0,0.0031011,0,2.7756e-17,0,0.0031011,0,2.7756e-17,0,0.003101,0,0,0,0.0031011,0,0,0,0.003101,0,0,0,0.003101,0,0,0,0.003101,0,2.7756e-17,0,0.0031009,0,0,0,0.0031009,0,2.7756e-17,0,0.0031006,0,0,0,0.0030512,0,0,0,0.0039655,0,0,0,0.0047912,-1.7347e-18,-1.3878e-17,-1.7347e-18,0.0050758,-1.7347e-18,-1.3878e-17,-1.7347e-18,0.0051716,-1.7347e-18,-1.3878e-17,-1.7347e-18,0.0051289,-1.7347e-18,-1.3878e-17,-1.7347e-18,0.0050971,-1.7347e-18,-1.3878e-17,-1.7347e-18,0.0050631,-1.7347e-18,-1.3878e-17,-1.7347e-18,0.0049965,-1.7347e-18,0,-1.7347e-18,0.0038672,0,0
-2.7756e-17,0,-0.002684,0,0,0,-0.0030314,0,0,0,-0.003032,0,0,0,-0.0030321,0,0,0,-0.0030321,0,-2.7756e-17,0,-0.0030321,0,0,0,-0.003032,0,-2.7756e-17,0,-0.003032,0,0,0,-0.0030319,0,0,0,-0.0030319,0,-2.7756e-17,0,-0.0030319,0,-2.7756e-17,0,-0.0030319,0,0,0,-0.0030317,0,0,0,-0.0030318,0,0,0,-0.0030325,0,-2.7756e-17,0,-0.0029605,0,0,0,-0.003608,0,-2.7756e-17,0,-0.0052247,1.7347e-18,0,1.7347e-18,-0.0052432,1.7347e-18,1.3878e-17,1.7347e-18,-0.0052124,1.7347e-18,1.3878e-17,1.7347e-18,-0.0051604,1.7347e-18,1.3878e-17,1.7347e-18,-0.0051237,1.7347e-18,1.3878e-17,1.7347e-18,-0.0050882,1.7347e-18,0,1.7347e-18,-0.0050186,1.7347e-18,0,1.7347e-18,-0.0039401,0,0
0,-0.0020961,-0.0051893,-0.0029415,0,-0.0029881,-0.0052594,-0.0029905,0,-0.0029905,-0.005275,-0.0029905,0,-0.0029906,-0.0052753,-0.0029905,0,-0.0029906,-0.0052752,-0.0029906,0,-0.0029906,-0.0052752,-0.0029906,0,-0.0029906,-0.0052753,-0.0029906,0,-0.0029906,-0.0052753,-0.0029906,0,-0.0029905,-0.0052753,-0.0029906,0,-0.0029905,-0.0052754,-0.0029905,0,-0.0029905,-0.0052754,-0.0029906,0,-0.0029905,-0.0052756,-0.0029906,0,-0.0029905,-0.0052756,-0.0029906,0,-0.0029906,-0.0052751,-0.0029907,0,-0.0029916,-0.0052692,-0.0029947,0,-0.002976,-0.0054286,-0.0028089,0,-0.0028249,-0.0055241,-0.0039817,0,-0.0041849,-0.0042839,-0.0056925,1.7347e-18,-0.0051635,-0.0032694,-0.0052533,1.7347e-18,-0.0052442,-0.0032658,-0.0051966,1.7347e-18,-0.0051776,-0.0032262,-0.0051522,1.7347e-18,-0.0051391,-0.0032002,-0.0051174,1.7347e-18,-0.0051049,-0.0031749,-0.0050773,1.7347e-18,-0.005066,-0.0031275,-0.0049412,1.7347e-18,-0.0051019,-0.0030823,-0.0045808,0
0,0.0023416,0.0048109,0.0031862,0,0.0032329,0.004871,0.0032352,0,0.0032354,0.0048863,0.0032353,0,0.0032355,0.0048865,0.0032353,0,0.0032355,0.0048863,0.0032355,0,0.0032355,0.0048864,0.0032356,0,0.0032354,0.0048865,0.0032355,0,0.0032354,0.0048867,0.0032354,0,0.0032353,0.0048868,0.0032354,0,0.0032353,0.0048868,0.0032354,0,0.0032353,0.0048869,0.0032354,0,0.0032353,0.004887,0.0032354,0,0.0032353,0.0048871,0.0032354,0,0.0032353,0.0048873,0.0032351,0,0.0032335,0.0048972,0.0032207,0,0.0032351,0.0048017,0.0033174,0,0.003514,0.0035616,0.004963,-1.7347e-18,0.0045753,0.0028114,0.0050056,-1.7347e-18,0.0051122,0.0032081,0.005171,-1.7347e-18,0.0051633,0.0032039,0.0051358,-1.7347e-18,0.0051236,0.0031821,0.0051063,-1.7347e-18,0.0050953,0.003161,0.0050726,-1.7347e-18,0.0050618,0.003139,0.0050394,-1.7347e-18,0.0050307,0.0030983,0.0049104,-1.7347e-18,0.0050424,0.0029928,0.004673,0
0,0,0.0028453,0,0,0,0.0031927,0,0,0,0.0031933,0,0,0,0.0031933,0,0,0,0.0031933,0,0,0,0.0031933,0,0,0,0.0031933,0,2.7756e-17,0,0.0031933,0,0,0,0.0031933,0,0,0,0.0031933,0,0,0,0.0031933,0,0,0,0.0031932,0,2.7756e-17,0,0.0031931,0,0,0,0.0031931,0,0,0,0.003186,0,0,0,0.0032192,0,0,0,0.0044315,-1.7347e-18,0,0,0.0049524,-1.7347e-18,-1.3878e-17,-1.7347e-18,0.0051656,-1.7347e-18,-1.3878e-17,-1.7347e-18,0.0051576,-1.7347e-18,0,-1.7347e-18,0.005121,-1.7347e-18,-1.3878e-17,-1.7347e-18,0.0050889,-1.7347e-18,-1.3878e-17,-1.7347e-18,0.0050565,-1.7347e-18,0,-1.7347e-18,0.0049923,-1.7347e-18,0,-1.7347e-18,0.0038765,0,0
0,0,-0.0027782,0,0,0,-0.0031244,0,-2.7756e-17,0,-0.003125,0,0,0,-0.003125,0,0,0,-0.0031251,0,-2.7756e-17,0,-0.0031251,0,-2.7756e-17,0,-0.003125,0,0,0,-0.0031249,0,-2.7756e-17,0,-0.0031249,0,0,0,-0.0031249,0,0,0,-0.0031249,0,0,0,-0.0031248,0,0,0,-0.0031247,0,0,0,-0.0031249,0,0,0,-0.0031242,0,0,0,-0.0030572,0,-2.7756e-17,0,-0.0040698,0,0,0,-0.0056394,1.7347e-18,1.3878e-17,1.7347e-18,-0.0052041,1.7347e-18,1.3878e-17,1.7347e-18,-0.0051971,1.7347e-18,1.3878e-17,1.7347e-18,-0.0051499,1.7347e-18,0,1.7347e-18,-0.0051155,1.7347e-18,1.3878e-17,1.7347e-18,-0.0050794,1.7347e-18,1.3878e-17,1.7347e-18,-0.0050116,1.7347e-18,1.3878e-17,1.7347e-18,-0.0039421,0,0
0,-0.0021943,-0.0051258,-0.0030352,0,-0.0030815,-0.0052014,-0.0030838,0,-0.003084,-0.0052168,-0.0030838,0,-0.0030841,-0.0052171,-0.0030839,0,-0.003084,-0.005217,-0.003084,0,-0.003084,-0.005217,-0.003084,0,-0.003084,-0.0052171,-0.003084,0,-0.003084,-0.0052171,-0.003084,0,-0.0030839,-0.0052172,-0.003084,0,-0.0030839,-0.0052173,-0.0030839,0,-0.0030839,-0.0052173,-0.003084,0,-0.0030839,-0.0052174,-0.003084,0,-0.0030839,-0.0052174,-0.003084,0,-0.003084,-0.0052164,-0.0030846,0,-0.0030878,-0.0051945,-0.0030978,0,-0.0030517,-0.0055855,-0.0027893,0,-0.0028624,-0.0053249,-0.004801,0,-0.0050289,-0.0038963,-0.0054609,1.7347e-18,-0.0051549,-0.0032423,-0.0052248,1.7347e-18,-0.0052241,-0.0032535,-0.005182,1.7347e-18,-0.0051648,-0.0032182,-0.0051435,1.7347e-18,-0.0051315,-0.0031946,-0.005109,1.7347e-18,-0.0050964,-0.0031679,-0.0050678,1.7347e-18,-0.0050568,-0.0031214,-0.0049369,1.7347e-18,-0.0050899,-0.0030658,-0.0046193,0
0,0.0024272,0.0047538,0.0032768,0,0.0033237,0.0048168,0.0033258,0,0.0033261,0.0048326,0.0033259,0,0.0033262,0.0048328,0.0033259,0,0.0033262,0.0048326,0.0033261,0,0.0033261,0.0048326,0.0033262,0,0.0033261,0.0048328,0.0033262,0,0.0033261,0.0048329,0.0033261,0,0.003326,0.004833,0.0033261,0,0.0033259,0.0048331,0.003326,0,0.0033259,0.0048332,0.0033261,0,0.0033259,0.0048333,0.0033261,0,0.0033259,0.0048334,0.003326,0,0.0033259,0.0048335,0.0033253,0,0.0033182,0.0048834,0.0032495,0,0.0033228,0.0043853,0.004027,0,0.004232,0.0030641,0.0047243,-1.7347e-18,0.0044699,0.0028675,0.0050879,-1.7347e-18,0.0052145,0.0032452,0.0051738,-1.7347e-18,0.0051508,0.0031984,0.00513,-1.7347e-18,0.0051187,0.0031781,0.0050985,-1.7347e-18,0.0050869,0.0031552,0.005064,-1.7347e-18,0.0050548,0.0031368,0.0050366,-1.7347e-18,0.0050299,0.0031001,0.004909,-1.7347e-18,0.0050357,0.0029962,0.0046769,0
0,0,0.0029379,0,2.7756e-17,0,0.0032839,0,0,0,0.0032843,0,0,0,0.0032843,0,0,0,0.0032844,0,0,0,0.0032844,0,2.7756e-17,0,0.0032844,0,0,0,0.0032843,0,0,0,0.0032843,0,0,0,0.0032843,0,0,0,0.0032844,0,0,0,0.0032843,0,0,0,0.0032843,0,0,0,0.0032842,0,0,0,0.0032508,0,0,0,0.0035552,0,0,0,0.0049778,-1.7347e-18,0,-1.7347e-18,0.0049804,-1.7347e-18,-1.3878e-17,-1.7347e-18,0.0051951,-1.7347e-18,0,-1.7347e-18,0.0051478,-1.7347e-18,-1.3878e-17,-1.7347e-18,0.0051142,-1.7347e-18,-1.3878e-17,-1.7347e-18,0.0050811,-1.7347e-18,-1.3878e-17,-1.7347e-18,0.0050546,-1.7347e-18,-1.3878e-17,-1.7347e-18,0.0050005,-1.7347e-18,-1.3878e-17,-1.7347e-18,0.0038824,0,0
0,0,-0.0028613,0,0,0,-0.0032161,0,0,0,-0.0032169,0,0,0,-0.003217,0,0,0,-0.003217,0,0,0,-0.0032171,0,0,0,-0.003217,0,0,0,-0.0032169,0,0,0,-0.0032169,0,0,0,-0.0032169,0,-2.7756e-17,0,-0.0032169,0,0,0,-0.0032169,0,0,0,-0.0032168,0,0,0,-0.0032169,0,0,0,-0.0031925,0,0,0,-0.0032901,0,-2.7756e-17,0,-0.0045992,1.7347e-18,0,1.7347e-18,-0.0055093,1.7347e-18,1.3878e-17,1.7347e-18,-0.0052204,1.7347e-18,0,1.7347e-18,-0.0051827,1.7347e-18,1.3878e-17,1.7347e-18,-0.0051404,1.7347e-18,1.3878e-17,1.7347e-18,-0.0051061,1.7347e-18,1.3878e-17,1.7347e-18,-0.005062,1.7347e-18,1.3878e-17,1.7347e-18,-0.0049766,1.7347e-18,1.3878e-17,1.7347e-18,-0.0039793,0,0
0,-0.0022461,-0.0051244,-0.0031197,0,-0.0031725,-0.0051465,-0.0031759,0,-0.0031764,-0.0051594,-0.0031762,0,-0.0031765,-0.0051595,-0.0031763,0,-0.0031765,-0.0051594,-0.0031764,0,-0.0031765,-0.0051593,-0.0031764,0,-0.0031764,-0.0051595,-0.0031765,0,-0.0031764,-0.0051595,-0.0031764,0,-0.0031763,-0.0051596,-0.0031764,0,-0.0031763,-0.0051596,-0.0031764,0,-0.0031763,-0.0051597,-0.0031765,0,-0.0031763,-0.0051597,-0.0031765,0,-0.0031763,-0.0051597,-0.0031765,0,-0.0031764,-0.0051586,-0.0031768,0,-0.0031767,-0.0051651,-0.003142,0,-0.0030889,-0.0056639,-0.0030847,0,-0.0032196,-0.0049025,-0.0055183,1.7347e-18,-0.0056478,-0.0035234,-0.0053483,1.7347e-18,-0.0052325,-0.0032679,-0.0052196,1.7347e-18,-0.0052059,-0.0032431,-0.005171,1.7347e-18,-0.0051553,-0.0032112,-0.0051343,1.7347e-18,-0.0051222,-0.0031872,-0.0050992,1.7347e-18,-0.0050846,-0.00315,-0.0050313,1.7347e-18,-0.0050171,-0.0030815,-0.0048649,1.7347e-18,-0.0050461,-0.0031281,-0.0045631,0
0,0.0025946,0.0046123,0.0033804,0,0.0034157,0.0047601,0.0034158,0,0.0034156,0.0047794,0.0034154,0,0.0034156,0.0047798,0.0034155,0,0.0034156,0.0047795,0.0034156,0,0.0034156,0.0047797,0.0034157,0,0.0034156,0.0047799,0.0034157,0,0.0034155,0.00478,0.0034156,0,0.0034154,0.0047801,0.0034156,0,0.0034154,0.0047802,0.0034155,0,0.0034154,0.0047802,0.0034155,0,0.0034154,0.0047804,0.0034156,0,0.0034154,0.0047804,0.0034155,0,0.0034154,0.0047798,0.0034153,0,0.003407,0.0048389,0.0033026,0,0.0034485,0.0038665,0.0050122,0,0.0050715,0.0027801,0.0048015,-1.7347e-18,0.0047701,0.0030434,0.005141,-1.7347e-18,0.0052008,0.0032273,0.0051566,-1.7347e-18,0.0051389,0.0031927,0.005123,-1.7347e-18,0.0051129,0.0031748,0.0050917,-1.7347e-18,0.0050809,0.003153,0.0050557,-1.7347e-18,0.0050455,0.0031386,0.0050674,-1.7347e-18,0.0050515,0.0031001,0.004986,-1.7347e-18,0.0050964,0.0028291,0.004368,0
0,0,0.0030831,0,0,0,0.0033754,0,0,0,0.0033743,0,0,0,0.0033743,0,0,0,0.0033743,0,2.7756e-17,0,0.0033743,0,0,0,0.0033743,0,0,0,0.0033743,0,0,0,0.0033743,0,2.7756e-17,0,0.0033743,0,0,0,0.0033744,0,0,0,0.0033743,0,2.7756e-17,0,0.0033743,0,2.7756e-17,0,0.0033742,0,0,0,0.0033247,0,0,0,0.0040393,0,0,0,0.004876,-1.7347e-18,-1.3878e-17,-1.7347e-18,0.0050664,-1.7347e-18,-1.3878e-17,-1.7347e-18,0.0051839,-1.7347e-18,0,-1.7347e-18,0.0051385,-1.7347e-18,-1.3878e-17,-1.7347e-18,0.0051113,-1.7347e-18,-1.3878e-17,-1.7347e-18,0.0050835,-1.7347e-18,-1.3878e-17,-1.7347e-18,0.0050096,-1.7347e-18,-1.3878e-17,-1.7347e-18,0.0047954,-1.7347e-18,0,-1.7347e-18,0.0034706,0,0
0,0,-0.0028663,0,0,0,-0.0033047,0,0,0,-0.0033077,0,0,0,-0.0033077,0,0,0,-0.0033078,0,0,0,-0.0033078,0,-2.7756e-17,0,-0.0033077,0,0,0,-0.0033076,0,0,0,-0.0033076,0,0,0,-0.0033076,0,0,0,-0.0033076,0,0,0,-0.0033076,0,-2.7756e-17,0,-0.0033076,0,0,0,-0.0033085,0,0,0,-0.0032419,0,-2.7756e-17,0,-0.0036969,0,0,0,-0.0051501,1.7347e-18,1.3878e-17,1.7347e-18,-0.0052794,1.7347e-18,1.3878e-17,1.7347e-18,-0.0052226,1.7347e-18,1.3878e-17,1.7347e-18,-0.0051697,1.7347e-18,0,1.7347e-18,-0.0051222,1.7347e-18,0,1.7347e-18,-0.0050721,1.7347e-18,1.3878e-17,1.7347e-18,-0.0052119,1.7347e-18,1.3878e-17,1.7347e-18,-0.0057133,1.7347e-18,1.3878e-17,1.7347e-18,-0.0053439,0,0
0,-0.0019062,-0.0055189,-0.0031486,0,-0.003256,-0.0051006,-0.0032662,0,-0.0032675,-0.0051029,-0.0032674,0,-0.0032677,-0.0051028,-0.0032675,0,-0.0032677,-0.0051027,-0.0032676,0,-0.0032676,-0.0051027,-0.0032676,0,-0.0032676,-0.0051028,-0.0032677,0,-0.0032676,-0.0051029,-0.0032676,0,-0.0032675,-0.005103,-0.0032676,0,-0.0032675,-0.005103,-0.0032676,0,-0.0032675,-0.0051029,-0.0032677,0,-0.0032675,-0.005103,-0.0032677,0,-0.0032676,-0.0051027,-0.0032679,0,-0.0032686,-0.0050968,-0.0032722,0,-0.0032551,-0.0052398,-0.0030982,0,-0.0030848,-0.0055158,-0.0038512,0,-0.004033,-0.0044023,-0.0057724,1.7347e-18,-0.0052104,-0.0032969,-0.0052727,1.7347e-18,-0.0052547,-0.0032731,-0.0052076,1.7347e-18,-0.0051879,-0.0032322,-0.005161,1.7347e-18,-0.0051442,-0.0031924,-0.0050945,1.7347e-18,-0.0050821,-0.0031515,-0.0050304,1.7347e-18,-0.0051332,-0.003424,-0.0055782,1.7347e-18,-0.0058944,-0.0042996,-0.0055738,1.7347e-18,-0.0053547,-0.0052827,-0.0035251,0
0,0.0035439,0.004171,0.0035516,0,0.0035125,0.004706,0.0035054,0,0.0035044,0.0047266,0.0035042,0,0.0035044,0.004727,0.0035042,0,0.0035044,0.0047268,0.0035044,0,0.0035043,0.0047269,0.0035044,0,0.0035043,0.0047271,0.0035044,0,0.0035042,0.0047273,0.0035043,0,0.0035042,0.0047274,0.0035043,0,0.0035041,0.0047275,0.0035042,0,0.0035042,0.0047276,0.0035043,0,0.0035042,0.0047277,0.0035043,0,0.0035042,0.0047278,0.0035041,0,0.0035026,0.0047366,0.0034914,0,0.0035041,0.0046502,0.0035734,0,0.0037625,0.003432,0.0048238,-1.7347e-18,0.0044719,0.0027494,0.0049729,-1.7347e-18,0.0051062,0.0032063,0.0051791,-1.7347e-18,0.0051753,0.0032127,0.0051458,-1.7347e-18,0.0051339,0.0031914,0.0051148,-1.7347e-18,0.0051029,0.0031758,0.0051219,-1.7347e-18,0.0050927,0.0031359,0.0051284,-1.7347e-18,0.0049286,0.0026557,0.0042309,0.00070131,0.0037643,0.0013826,0.0021492,0.0033815,0.0016252,-0.0001617,-0.00017651,0.00063246
0,0,0.0033984,0,0,0,0.003466,0,0,0,0.0034635,0,0,0,0.0034635,0,0,0,0.0034634,0,0,0,0.0034635,0,0,0,0.0034635,0,0,0,0.0034634,0,0,0,0.0034634,0,2.7756e-17,0,0.0034635,0,0,0,0.0034635,0,0,0,0.0034635,0,0,0,0.0034634,0,2.7756e-17,0,0.0034572,0,0,0,0.0034845,0,0,0,0.004568,-1.7347e-18,0,0,0.0049416,-1.7347e-18,-1.3878e-17,-1.7347e-18,0.0051725,-1.7347e-18,-1.3878e-17,-1.7347e-18,0.005173,-1.7347e-18,-1.3878e-17,-1.7347e-18,0.0051412,-1.7347e-18,0,-1.7347e-18,0.0050633,-1.7347e-18,0,-1.7347e-18,0.0048217,-1.7347e-18,-1.3878e-17,-1.7347e-18,0.0040947,0.00057065,-1.3878e-17,0.00071708,0.0029271,0.0025949,-1.3878e-17,0.0026711,0.0014693,0.0020086,-1.3878e-17
0,0,-0.0031457,0,-2.7756e-17,0,-0.003395,0,0,0,-0.0033975,0,0,0,-0.0033976,0,0,0,-0.0033976,0,0,0,-0.0033976,0,-2.7756e-17,0,-0.0033975,0,0,0,-0.0033974,0,0,0,-0.0033974,0,0,0,-0.0033974,0,-2.7756e-17,0,-0.0033975,0,-2.7756e-17,0,-0.0033974,0,0,0,-0.0033975,0,0,0,-0.003397,0,-2.7756e-17,0,-0.0033329,0,-2.7756e-17,0,-0.0042007,0,0,0,-0.0056205,1.7347e-18,1.3878e-17,1.7347e-18,-0.0052238,1.7347e-18,1.3878e-17,1.7347e-18,-0.0051981,1.7347e-18,1.3878e-17,1.7347e-18,-0.0051321,1.7347e-18,1.3878e-17,1.7347e-18,-0.0052774,1.7347e-18,1.3878e-17,1.7347e-18,-0.0059356,1.7347e-18,0,1.7347e-18,-0.0059508,-1.7347e-18,1.3878e-17,-1.7347e-18,-0.0061434,-0.0016306,1.3878e-17,-0.0016923,-0.0046335,-0.0010713,1.3878e-17
0,-0.0027274,-0.0052067,-0.0033024,0,-0.003352,-0.0050463,-0.0033572,0,-0.0033579,-0.0050465,-0.0033578,0,-0.0033581,-0.0050463,-0.0033579,0,-0.003358,-0.0050463,-0.003358,0,-0.003358,-0.0050463,-0.0033581,0,-0.003358,-0.0050464,-0.0033581,0,-0.003358,-0.0050464,-0.003358,0,-0.0033579,-0.0050466,-0.003358,0,-0.0033579,-0.0050465,-0.003358,0,-0.0033579,-0.0050465,-0.0033581,0,-0.003358,-0.0050465,-0.0033582,0,-0.0033581,-0.0050457,-0.0033586,0,-0.0033616,-0.0050257,-0.003371,0,-0.0033289,-0.0053819,-0.0030843,0,-0.0031405,-0.0052141,-0.004811,0,-0.0050175,-0.0039224,-0.0054829,1.7347e-18,-0.0051773,-0.0032564,-0.0052402,1.7347e-18,-0.0052333,-0.0032479,-0.0051594,1.7347e-18,-0.0051404,-0.0031923,-0.0050893,1.7347e-18,-0.0051933,-0.0034717,-0.0056538,1.7347e-18,-0.0059149,-0.0045872,-0.0053788,1.7347e-18,-0.005245,-0.005812,-0.0051585,1.7347e-18,-0.0051845,-0.0056865,-0.0059786,-0.00052636,-0.0060976,-0.0041255,-0.0045188,0
0,0.0034229,0.0044663,0.0035989,0,0.0035946,0.0046641,0.0035923,0,0.0035919,0.0046749,0.0035917,0,0.0035919,0.0046751,0.0035918,0,0.0035919,0.0046749,0.003592,0,0.0035918,0.0046751,0.003592,0,0.0035918,0.0046753,0.003592,0,0.0035917,0.0046754,0.0035919,0,0.0035917,0.0046755,0.0035918,0,0.0035917,0.0046756,0.0035918,0,0.0035918,0.0046756,0.0035918,0,0.0035918,0.0046757,0.0035918,0,0.0035917,0.0046758,0.0035913,0,0.0035848,0.0047207,0.0035234,0,0.0035893,0.0042712,0.004221,0,0.0044103,0.0030514,0.0047012,-1.7347e-18,0.0044804,0.0028701,0.0050954,-1.7347e-18,0.0052243,0.003252,0.0051816,-1.7347e-18,0.0051591,0.0032134,0.0051802,-1.7347e-18,0.0051512,0.0031772,0.0051919,-1.7347e-18,0.0049864,0.0026904,0.0042983,0.00058734,0.0037227,0.0011046,0.0015773,0.0041846,0.00086754,-0.00083212,-0.00085373,0.0011422,-0.0010992,-0.0015265,-0.0010355,0.00065682,-0.00052454,-0.00044572,0.00053798,0.00079486
0,0,0.0034562,0,0,0,0.0035524,0,2.7756e-17,0,0.0035516,0,0,0,0.0035516,0,0,0,0.0035516,0,0,0,0.0035516,0,2.7756e-17,0,0.0035515,0,2.7756e-17,0,0.0035515,0,0,0,0.0035515,0,0,0,0.0035516,0,0,0,0.0035516,0,0,0,0.0035516,0,0,0,0.0035515,0,0,0,0.0035217,0,0,0,0.0037937,0,2.7756e-17,0,0.0050761,-1.7347e-18,0,-1.7347e-18,0.0049949,-1.7347e-18,-1.3878e-17,-1.7347e-18,0.0052117,-1.7347e-18,-1.3878e-17,-1.7347e-18,0.0051216,-1.7347e-18,-1.3878e-17,-1.7347e-18,0.0048769,-1.7347e-18,-1.3878e-17,-1.7347e-18,0.0041402,0.00043886,0,0.00061695,0.0026461,0.0031499,-1.3878e-17,0.003367,0.0012339,0.0030962,0,0.0027619,0.00051983,0.0023291,3.4694e-18,0.002926,0.00088926,0.00318,0
0,0,-0.0033415,0,0,0,-0.0034856,0,0,0,-0.0034863,0,-2.7756e-17,0,-0.0034864,0,0,0,-0.0034864,0,0,0,-0.0034863,0,0,0,-0.0034863,0,0,0,-0.0034862,0,-2.7756e-17,0,-0.0034863,0,-2.7756e-17,0,-0.0034863,0,-2.7756e-17,0,-0.0034863,0,0,0,-0.0034862,0,-2.7756e-17,0,-0.0034863,0,0,0,-0.0034644,0,-2.7756e-17,0,-0.0035512,0,-2.7756e-17,0,-0.004724,1.7347e-18,0,1.7347e-18,-0.005508,1.7347e-18,0,1.7347e-18,-0.0052189,1.7347e-18,1.3878e-17,1.7347e-18,-0.0053493,1.7347e-18,1.3878e-17,1.7347e-18,-0.0059458,1.7347e-18,1.3878e-17,1.7347e-18,-0.0058816,1.7347e-18,1.3878e-17,1.7347e-18,-0.0059499,-0.0021625,0,-0.0023753,-0.0045598,-0.0049106,0,-0.0050822,-0.0031754,-0.0049203,0,-0.0050388,-0.0024473,-0.0028483,1.3878e-17
0,-0.0031045,-0.0049821,-0.0034251,0,-0.0034456,-0.0049872,-0.003447,0,-0.0034473,-0.0049906,-0.0034471,0,-0.0034474,-0.0049905,-0.0034472,0,-0.0034474,-0.0049904,-0.0034474,0,-0.0034473,-0.0049905,-0.0034474,0,-0.0034473,-0.0049906,-0.0034474,0,-0.0034473,-0.0049906,-0.0034474,0,-0.0034472,-0.0049907,-0.0034473,0,-0.0034472,-0.0049907,-0.0034474,0,-0.0034472,-0.0049907,-0.0034475,0,-0.0034473,-0.0049906,-0.0034476,0,-0.0034474,-0.0049897,-0.0034478,0,-0.0034477,-0.0049957,-0.0034165,0,-0.0033694,-0.0054385,-0.0033673,0,-0.0034887,-0.0047593,-0.0055525,1.7347e-18,-0.0056257,-0.0035092,-0.0053468,1.7347e-18,-0.0052386,-0.0032592,-0.0051843,1.7347e-18,-0.0052827,-0.0035208,-0.005701,1.7347e-18,-0.0058402,-0.004654,-0.0052878,-1.7347e-18,-0.0051522,-0.0059061,-0.005081,1.7347e-18,-0.0051399,-0.0055199,-0.0062637,-0.0012607,-0.0060265,-0.0036007,-0.0039386,-0.0048566,-0.0033332,-0.0020203,-0.0025175,-0.0043828,-0.0024251,-0.0016348,-0.0022481,-8.1742e-06
0,0.0033644,0.0045736,0.0036627,0,0.0036779,0.0046178,0.0036783,0,0.0036783,0.0046237,0.0036782,0,0.0036784,0.0046238,0.0036782,0,0.0036784,0.0046237,0.0036784,0,0.0036783,0.0046238,0.0036784,0,0.0036782,0.004624,0.0036784,0,0.0036782,0.0046241,0.0036783,0,0.0036782,0.0046241,0.0036783,0,0.0036782,0.0046241,0.0036782,0,0.0036782,0.0046241,0.0036783,0,0.0036782,0.0046243,0.0036783,0,0.0036781,0.0046241,0.003678,0,0.0036705,0.0046765,0.0035781,0,0.0037075,0.0038137,0.0050956,0,0.0051175,0.0028544,0.0048625,-1.7347e-18,0.0048386,0.0030808,0.0051702,-1.7347e-18,0.0052062,0.0032258,0.0052379,-1.7347e-18,0.0050271,0.0027423,0.0044141,0.00042184,0.0037676,0.0011065,0.0015886,0.0041138,0.00086734,-0.00085949,-0.00088213,0.0011623,-0.0010737,-0.001401,-0.00076199,0.001029,-0.0003067,-0.00029011,0.00087564,0.0031291,0.0013111,0.00078692,0.001744,0.0039559,0.0019925,0.0012217,0.0018276,0.00033367
2.7756e-17,0,0.0035144,0,2.7756e-17,0,0.0036385,0,2.7756e-17,0,0.0036386,0,0,0,0.0036386,0,0,0,0.0036386,0,0,0,0.0036386,0,0,0,0.0036385,0,0,0,0.0036386,0,2.7756e-17,0,0.0036386,0,0,0,0.0036386,0,0,0,0.0036387,0,2.7756e-17,0,0.0036387,0,0,0,0.0036385,0,0,0,0.0035945,0,2.7756e-17,0,0.0042289,0,0,0,0.0049836,-1.7347e-18,-1.3878e-17,-1.7347e-18,0.0051003,-1.7347e-18,0,-1.7347e-18,0.0050222,-1.7347e-18,0,-1.7347e-18,0.0042387,0.00026813,-1.3878e-17,0.00045381,0.0026375,0.0030526,-1.3878e-17,0.0032748,0.0012341,0.0031089,0,0.0027936,0.00061177,0.0025956,0,0.0027985,0.001165,0.0034687,0,0.003719,0.0017609,0.0038344,0,0.0043239,0.0018486,0.0030714,-1.3878e-17
0,0,-0.0034434,0,0,0,-0.0035738,0,0,0,-0.0035741,0,-2.7756e-17,0,-0.0035741,0,0,0,-0.0035741,0,0,0,-0.003574,0,0,0,-0.003574,0,-2.7756e-17,0,-0.003574,0,0,0,-0.0035741,0,-2.7756e-17,0,-0.0035741,0,0,0,-0.0035741,0,0,0,-0.003574,0,0,0,-0.0035747,0,0,0,-0.0035154,0,0,0,-0.00392,0,-2.7756e-17,0,-0.0052244,1.7347e-18,0,1.7347e-18,-0.0053041,1.7347e-18,1.3878e-17,1.7347e-18,-0.0058317,1.7347e-18,0,1.7347e-18,-0.0058401,1.7347e-18,1.3878e-17,1.7347e-18,-0.0060325,-0.0020389,1.3878e-17,-0.0022585,-0.0046242,-0.0048702,0,-0.0050536,-0.0031645,-0.0049798,0,-0.0046332,-0.0024623,-0.0044726,0,-0.0043423,-0.0021851,-0.0041418,0,-0.0045363,-0.0020585,-0.0030054,1.3878e-17
0,-0.0031984,-0.0049144,-0.0035153,0,-0.0035342,-0.0049314,-0.0035352,0,-0.0035354,-0.0049357,-0.0035353,0,-0.0035355,-0.0049357,-0.0035353,0,-0.0035354,-0.0049356,-0.0035354,0,-0.0035354,-0.0049357,-0.0035355,0,-0.0035354,-0.0049359,-0.0035355,0,-0.0035354,-0.0049358,-0.0035355,0,-0.0035353,-0.0049359,-0.0035354,0,-0.0035353,-0.0049359,-0.0035355,0,-0.0035354,-0.0049358,-0.0035355,0,-0.0035354,-0.0049355,-0.0035358,0,-0.0035363,-0.0049306,-0.0035395,0,-0.0035243,-0.0050576,-0.0033846,0,-0.0033731,-0.0053004,-0.0040553,0,-0.004221,-0.0042903,-0.0056985,1.7347e-18,-0.0052203,-0.0033315,-0.0053366,1.7347e-18,-0.0056757,-0.0042823,-0.0054001,1.7347e-18,-0.0052322,-0.0058079,-0.0049987,0,-0.0050344,-0.0056273,-0.0061946,-0.0011144,-0.0061342,-0.0036608,-0.0039852,-0.0048162,-0.0033478,-0.0020101,-0.0024945,-0.0043342,-0.0022601,-0.001451,-0.0022236,-0.0042751,-0.0021799,-0.0013721,-0.0021648,-0.0042776,-0.0022829,-0.0015068,-0.0021802,-0.00012264
0,0.0034678,0.0045259,0.0037489,0,0.0037634,0.0045677,0.0037638,0,0.003764,0.0045728,0.0037638,0,0.0037641,0.0045728,0.0037639,0,0.003764,0.0045728,0.003764,0,0.003764,0.0045728,0.003764,0,0.0037639,0.0045729,0.003764,0,0.0037639,0.0045729,0.0037639,0,0.0037638,0.004573,0.0037639,0,0.0037638,0.0045731,0.0037639,0,0.0037638,0.0045731,0.0037639,0,0.0037637,0.0045735,0.0037638,0,0.0037623,0.0045815,0.0037525,0,0.0037636,0.0045052,0.0038259,0,0.0039931,0.0034275,0.0048923,-1.7347e-18,0.0045856,0.0028438,0.0050621,-1.7347e-18,0.005134,0.0031406,0.0051651,-1.7347e-18,0.004604,0.0017274,0.0023905,0.0030888,0.0015171,-0.00061569,-0.00085465,0.0011087,-0.0011605,-0.0014715,-0.00082761,0.00096806,-0.00035625,-0.00032172,0.00085757,0.0031242,0.0013126,0.00080619,0.0017949,0.0040147,0.0019356,0.001138,0.0019132,0.0039774,0.0019132,0.0011149,0.0018378,0.0038476,0.0019461,0.0012158,0.0017997,0.00058502
2.7756e-17,0,0.0036061,0,0,0,0.0037246,0,0,0,0.0037247,0,0,0,0.0037247,0,2.7756e-17,0,0.0037247,0,0,0,0.0037247,0,0,0,0.0037247,0,0,0,0.0037247,0,0,0,0.0037247,0,0,0,0.0037247,0,0,0,0.0037248,0,0,0,0.0037247,0,2.7756e-17,0,0.003719,0,0,0,0.003743,0,0,0,0.0047019,-1.7347e-18,0,0,0.005027,-1.7347e-18,0,-1.7347e-18,0.0048307,-1.7347e-18,0,-1.7347e-18,0.0031375,0.0022103,-1.3878e-17,0.002487,0.0014529,0.0031583,0,0.0027251,0.00057078,0.0025693,0,0.002783,0.0011525,0.0034703,0,0.0037249,0.0017932,0.0039932,0,0.004061,0.0019641,0.0040162,0,0.0040045,0.0019059,0.0037989,0,0.0042086,0.001846,0.0032617,0
0,0,-0.0035351,0,0,0,-0.0036605,0,-2.7756e-17,0,-0.0036608,0,0,0,-0.0036608,0,0,0,-0.0036608,0,0,0,-0.0036608,0,0,0,-0.0036608,0,0,0,-0.0036608,0,0,0,-0.0036608,0,-2.7756e-17,0,-0.0036607,0,-2.7756e-17,0,-0.0036607,0,0,0,-0.0036608,0,0,0,-0.0036602,0,0,0,-0.0036051,0,0,0,-0.0043827,0,0,0,-0.0055938,1.7347e-18,0,1.7347e-18,-0.0057961,1.7347e-18,0,1.7347e-18,-0.0060905,-0.0012413,0,-0.001473,-0.0048655,-0.0048431,0,-0.0050571,-0.003184,-0.0050128,0,-0.0046631,-0.00248,-0.0044942,0,-0.0043493,-0.0022052,-0.004273,0,-0.0042209,-0.0021038,-0.0041602,0,-0.0041468,-0.0020452,-0.0039602,0,-0.0043922,-0.0020397,-0.003191,6.9389e-18
0,-0.0033001,-0.0048601,-0.0036032,0,-0.0036213,-0.0048777,-0.0036222,0,-0.0036224,-0.0048819,-0.0036223,0,-0.0036225,-0.0048819,-0.0036224,0,-0.0036224,-0.0048818,-0.0036225,0,-0.0036223,-0.0048819,-0.0036225,0,-0.0036224,-0.0048819,-0.0036225,0,-0.0036224,-0.004882,-0.0036225,0,-0.0036223,-0.0048821,-0.0036224,0,-0.0036223,-0.0048821,-0.0036225,0,-0.0036223,-0.004882,-0.0036226,0,-0.0036224,-0.0048813,-0.0036231,0,-0.0036254,-0.004864,-0.0036334,0,-0.0035976,-0.0051681,-0.0033872,0,-0.0034423,-0.0049832,-0.0049536,0,-0.0051047,-0.0041355,-0.005782,1.7347e-18,-0.0057067,-0.0050496,-0.0049362,-3.4694e-18,-0.0048655,-0.0056959,-0.005803,-0.00011027,-0.0060429,-0.0039416,-0.0040941,-0.004819,-0.0033548,-0.0020205,-0.0025102,-0.0043565,-0.0022743,-0.0014603,-0.0022328,-0.0042872,-0.0021834,-0.0013741,-0.0021765,-0.0042796,-0.0021586,-0.0013383,-0.0021227,-0.0041955,-0.0021128,-0.0013047,-0.0020622,-0.0041087,-0.0021906,-0.0014617,-0.0021391,-0.00035451
0,0.0035609,0.0044789,0.0038344,0,0.0038486,0.004517,0.0038491,0,0.0038492,0.0045218,0.0038491,0,0.0038492,0.0045219,0.0038491,0,0.0038492,0.0045218,0.0038492,0,0.0038492,0.0045218,0.0038492,0,0.0038492,0.0045219,0.0038492,0,0.0038491,0.0045219,0.0038491,0,0.0038491,0.004522,0.0038492,0,0.0038491,0.0045221,0.0038491,0,0.003849,0.0045222,0.0038491,0,0.0038489,0.0045227,0.0038485,0,0.0038427,0.0045622,0.0037897,0,0.003845,0.0041858,0.0043905,0,0.004552,0.0031543,0.0048747,-1.7347e-18,0.0044999,0.0025219,0.0045113,5.1298e-05,0.0037172,0.00067157,0.00064295,0.0033771,5.084e-06,-0.0011264,-0.00091499,0.00069054,-0.00062512,-0.00048147,0.00078331,0.0030977,0.0013028,0.0008037,0.0017991,0.0040286,0.0019412,0.0011406,0.0019191,0.0039907,0.0019231,0.0011331,0.0018829,0.0039036,0.0018788,0.0011153,0.0018622,0.0038586,0.0018573,0.0010944,0.00181,0.0037785,0.0019218,0.0012161,0.0018048,0.0007731
0,0,0.0036948,0,0,0,0.00381,0,0,0,0.0038101,0,2.7756e-17,0,0.0038102,0,0,0,0.0038102,0,0,0,0.0038102,0,0,0,0.0038101,0,2.7756e-17,0,0.0038101,0,0,0,0.0038101,0,0,0,0.0038101,0,0,0,0.0038102,0,0,0,0.00381,0,2.7756e-17,0,0.0037837,0,2.7756e-17,0,0.0040094,0,0,0,0.0051288,-1.7347e-18,0,-1.7347e-18,0.0042369,-1.7347e-18,-1.3878e-17,0.00013729,0.0021596,0.0039883,0,0.0041623,0.00091967,0.0026687,0,0.0026806,0.001068,0.0034288,0,0.0037128,0.0017928,0.0040058,0,0.0040754,0.0019705,0.0040306,0,0.0040167,0.00194,0.0039623,0,0.0039478,0.0019088,0.0039075,3.4694e-18,0.0038983,0.0018596,0.0037135,0,0.0041297,0.0018614,0.0034186,0
0,0,-0.0036262,0,0,0,-0.0037466,0,0,0,-0.0037469,0,0,0,-0.0037469,0,0,0,-0.0037469,0,0,0,-0.0037469,0,-2.7756e-17,0,-0.0037469,0,0,0,-0.0037469,0,0,0,-0.0037469,0,0,0,-0.0037469,0,0,0,-0.0037468,0,-2.7756e-17,0,-0.0037469,0,0,0,-0.0037289,0,0,0,-0.0038334,0,-2.7756e-17,0,-0.0047624,1.7347e-18,0,1.7347e-18,-0.0056513,1.7347e-18,1.3878e-17,1.7347e-18,-0.0056336,-0.0029428,0,-0.0032214,-0.0039607,-0.0055577,0,-0.004905,-0.0025977,-0.0045542,0,-0.0043538,-0.0022127,-0.0042922,0,-0.0042411,-0.0021146,-0.0041779,0,-0.0041573,-0.0020725,-0.0041091,0,-0.0040921,-0.0020378,-0.0040446,0,-0.0040324,-0.0019822,-0.0038482,-3.4694e-18,-0.0042818,-0.0020263,-0.0033564,6.9389e-18
0,-0.0034008,-0.0048036,-0.0036909,0,-0.0037079,-0.0048237,-0.0037088,0,-0.003709,-0.0048278,-0.0037088,0,-0.0037091,-0.0048278,-0.0037089,0,-0.003709,-0.0048277,-0.0037091,0,-0.003709,-0.0048277,-0.0037091,0,-0.003709,-0.0048278,-0.0037091,0,-0.003709,-0.0048279,-0.003709,0,-0.0037089,-0.004828,-0.003709,0,-0.0037089,-0.004828,-0.0037091,0,-0.0037089,-0.0048279,-0.0037091,0,-0.003709,-0.0048269,-0.0037093,0,-0.0037096,-0.0048275,-0.0036859,0,-0.0036666,-0.0050574,-0.0037959,0,-0.003841,-0.00506,-0.0051545,0,-0.0051347,-0.0057108,-0.0048804,0,-0.0049531,-0.0052484,-0.006044,-0.0023338,-0.0051657,-0.002925,-0.0030346,-0.0047449,-0.0024922,-0.0015647,-0.0022757,-0.0042953,-0.0021851,-0.0013792,-0.0021899,-0.0043043,-0.0021735,-0.0013481,-0.0021342,-0.0042128,-0.0021222,-0.0013153,-0.0020898,-0.0041364,-0.00208,-0.0012881,-0.0020517,-0.0040704,-0.0020426,-0.0012575,-0.0019939,-0.0039901,-0.0021231,-0.0014242,-0.0020995,-0.00056769
0,0.0036485,0.0044338,0.0039181,0,0.0039323,0.0044676,0.0039329,0,0.0039329,0.0044722,0.0039329,0,0.003933,0.0044723,0.0039329,0,0.003933,0.0044723,0.0039329,0,0.0039329,0.0044722,0.0039329,0,0.0039329,0.0044722,0.003933,0,0.0039329,0.0044722,0.0039329,0,0.0039329,0.0044722,0.0039329,0,0.0039329,0.0044723,0.0039329,0,0.0039328,0.0044724,0.0039329,0,0.0039326,0.0044732,0.0039328,0,0.0039251,0.0045235,0.0038413,0,0.0039226,0.0039714,0.0047726,0,0.0050086,0.0022496,0.00354,0.0012971,0.0026144,-0.00021753,-0.00056052,0.0015547,-0.00086869,-0.0011767,-0.00039554,0.0015147,0.00015558,0.00015329,0.0014254,0.0037919,0.0018005,0.0010727,0.0018982,0.0040007,0.0019304,0.0011354,0.0018829,0.0039046,0.0018765,0.0011128,0.0018615,0.0038614,0.0018596,0.0011057,0.0018463,0.0038244,0.0018442,0.0010981,0.00183,0.0037862,0.0018258,0.0010791,0.0017809,0.0037118,0.0018969,0.001219,0.001824,0.00092181
0,0,0.0037812,0,0,0,0.0038943,0,2.7756e-17,0,0.0038945,0,0,0,0.0038946,0,2.7756e-17,0,0.0038946,0,2.7756e-17,0,0.0038946,0,2.7756e-17,0,0.0038945,0,0,0,0.0038945,0,0,0,0.0038944,0,0,0,0.0038945,0,0,0,0.0038945,0,2.7756e-17,0,0.0038935,0,0,0,0.0038498,0,0,0,0.0042871,0,2.7756e-17,0,0.0037153,0.00059477,-1.3878e-17,0.00098429,0.0014837,0.0035211,0,0.0030131,0.00074079,0.0027538,0,0.0029946,0.0014041,0.003779,0,0.0039896,0.0019313,0.0040251,0,0.0040279,0.0019439,0.0039681,0,0.0039515,0.0019097,0.0039139,3.4694e-18,0.0039025,0.0018884,0.00387,3.4694e-18,0.00386,0.0018686,0.0038263,3.4694e-18,0.0038189,0.0018233,0.0036395,0,0.0040605,0.0018747,0.0034134,6.9389e-18
0,0,-0.0037145,0,-2.7756e-17,0,-0.0038317,0,-2.7756e-17,0,-0.003832,0,0,0,-0.003832,0,0,0,-0.003832,0,-2.7756e-17,0,-0.003832,0,0,0,-0.003832,0,0,0,-0.003832,0,-2.7756e-17,0,-0.003832,0,0,0,-0.003832,0,-2.7756e-17,0,-0.0038319,0,-2.7756e-17,0,-0.0038358,0,0,0,-0.0037989,0,0,0,-0.0038889,0,0,0,-0.004994,1.7347e-18,1.3878e-17,-1.7347e-18,-0.0049977,-0.0043885,0,-0.0046722,-0.0032506,-0.0048893,0,-0.0044338,-0.0023296,-0.0043787,0,-0.0042754,-0.002139,-0.0042037,0,-0.0041756,-0.0020818,-0.0041218,0,-0.0041038,-0.0020451,-0.0040572,0,-0.0040404,-0.0020115,-0.004001,0,-0.0039864,-0.0019814,-0.0039461,0,-0.0039356,-0.0019294,-0.0037554,-3.4694e-18,-0.0041928,-0.0020205,-0.0034852,0
0,-0.0034945,-0.0047499,-0.0037772,0,-0.0037937,-0.0047701,-0.0037946,0,-0.0037947,-0.0047742,-0.0037946,0,-0.0037948,-0.0047741,-0.0037947,0,-0.0037948,-0.0047739,-0.0037948,0,-0.0037947,-0.0047741,-0.0037948,0,-0.0037947,-0.0047742,-0.0037948,0,-0.0037947,-0.0047743,-0.0037948,0,-0.0037946,-0.0047744,-0.0037948,0,-0.0037946,-0.0047743,-0.0037948,0,-0.0037947,-0.0047744,-0.0037941,0,-0.0037966,-0.0047572,-0.0038144,0,-0.0038102,-0.0048139,-0.0037498,0,-0.0036195,-0.0059967,-0.0033234,0,-0.0033049,-0.0065521,-0.0050098,-1.7347e-18,-0.0053238,-0.0045511,-0.0046826,-0.0042388,-0.0037773,-0.002173,-0.0024853,-0.0042121,-0.0021601,-0.0013937,-0.0022068,-0.004308,-0.0021803,-0.0013579,-0.0021487,-0.0042346,-0.0021351,-0.001324,-0.0020997,-0.0041502,-0.0020887,-0.0012946,-0.0020595,-0.0040819,-0.0020505,-0.0012704,-0.0020272,-0.0040263,-0.0020194,-0.0012491,-0.0019957,-0.0039709,-0.001987,-0.0012201,-0.0019387,-0.0038929,-0.0020708,-0.0014017,-0.0020876,-0.00073421
0,0.0037376,0.0043864,0.004001,0,0.004015,0.0044189,0.0040155,0,0.0040156,0.0044234,0.0040155,0,0.0040156,0.0044234,0.0040155,0,0.0040156,0.0044235,0.0040155,0,0.0040156,0.0044234,0.0040156,0,0.0040156,0.0044234,0.0040156,0,0.0040156,0.0044234,0.0040156,0,0.0040155,0.0044235,0.0040156,0,0.0040155,0.0044235,0.0040155,0,0.0040153,0.0044245,0.0040178,0,0.0040141,0.0044407,0.0039697,0,0.0039715,0.0043915,0.0038491,0,0.0041532,0.0021868,0.003092,0.0014067,0.0016627,-0.00085551,-0.00090027,0.0011722,-0.00082625,-0.00079581,0.00034711,0.0025183,0.00093498,0.00063798,0.0017467,0.0040209,0.0019585,0.0011485,0.0018949,0.0039264,0.0018866,0.0011151,0.0018611,0.0038624,0.0018575,0.0011029,0.0018434,0.0038221,0.0018411,0.0010952,0.0018277,0.0037853,0.001825,0.0010862,0.0018093,0.0037448,0.0018067,0.0010776,0.0017949,0.0037129,0.0017916,0.0010618,0.0017527,0.0036514,0.0018707,0.0012138,0.0018269,0.0010775
0,0,0.0038671,0,2.7756e-17,0,0.0039776,0,0,0,0.0039778,0,0,0,0.0039779,0,2.7756e-17,0,0.0039779,0,0,0,0.0039778,0,2.7756e-17,0,0.0039777,0,2.7756e-17,0,0.0039777,0,2.7756e-17,0,0.0039777,0,0,0,0.0039778,0,0,0,0.0039763,0,2.7756e-17,0,0.0039637,0,2.7756e-17,0,0.0039806,0,0,0,0.0037172,-1.7347e-18,-1.3878e-17,0.00034845,0.00081209,0.0030912,0,0.0028251,0.00090733,0.0031169,3.4694e-18,0.0033971,0.0016654,0.0039355,0,0.0040513,0.0019572,0.0039868,0,0.003967,0.0019146,0.0039196,3.4694e-18,0.003906,0.0018884,0.003871,0,0.0038598,0.0018678,0.0038287,0,0.0038181,0.0018478,0.0037866,3.4694e-18,0.0037776,0.0018295,0.0037489,0,0.0037433,0.0017883,0.0035729,3.4694e-18,0.0039969,0.0018847,0.0032577,0
0,0,-0.0038013,0,0,0,-0.0039156,0,0,0,-0.0039159,0,-2.7756e-17,0,-0.0039159,0,0,0,-0.0039159,0,0,0,-0.0039159,0,0,0,-0.0039159,0,0,0,-0.0039159,0,0,0,-0.0039158,0,-2.7756e-17,0,-0.0039156,0,0,0,-0.0039251,0,0,0,-0.0038936,0,0,0,-0.0034773,0,0,0,-0.004245,1.7347e-18,1.3878e-17,-1.7347e-18,-0.0052353,-0.0046989,0,-0.0050737,-0.0029821,-0.0046378,0,-0.004238,-0.0021834,-0.0042503,0,-0.004199,-0.002092,-0.0041396,0,-0.0041215,-0.0020541,-0.0040692,-3.4694e-18,-0.0040506,-0.0020168,-0.0040068,-3.4694e-18,-0.0039912,-0.0019857,-0.0039547,0,-0.0039405,-0.0019574,-0.0039033,0,-0.0038905,-0.0019309,-0.0038572,-3.4694e-18,-0.0038497,-0.0018857,-0.0036804,0,-0.0041215,-0.0020239,-0.0034436,6.9389e-18
0,-0.0035863,-0.0046978,-0.0038619,0,-0.0038779,-0.0047179,-0.0038788,0,-0.0038789,-0.0047219,-0.0038788,0,-0.003879,-0.0047218,-0.0038789,0,-0.0038789,-0.0047217,-0.003879,0,-0.0038789,-0.0047218,-0.003879,0,-0.0038789,-0.004722,-0.003879,0,-0.0038789,-0.004722,-0.003879,0,-0.0038788,-0.0047221,-0.0038789,0,-0.0038786,-0.0047237,-0.0038771,0,-0.0038829,-0.0046838,-0.0039263,0,-0.0039102,-0.0048384,-0.0037857,0,-0.0035268,-0.0061349,-0.0020819,0,-0.001988,-0.0060538,-0.0041655,-3.4694e-18,-0.0046207,-0.0049409,-0.0045737,-0.004732,-0.0034045,-0.0019605,-0.0023471,-0.0041235,-0.0020805,-0.0013312,-0.0021552,-0.0042603,-0.00215,-0.0013343,-0.0021142,-0.0041745,-0.0021033,-0.0013038,-0.0020689,-0.0040946,-0.002058,-0.0012751,-0.0020314,-0.0040313,-0.0020231,-0.0012533,-0.0020023,-0.0039804,-0.0019945,-0.0012328,-0.0019706,-0.003925,-0.0019634,-0.0012133,-0.0019446,-0.0038804,-0.0019385,-0.0011912,-0.0018987,-0.0038201,-0.0020339,-0.0013874,-0.0020804,-0.00089525
0,0.0038259,0.0043386,0.0040835,0,0.0040973,0.00437,0.0040977,0,0.0040978,0.0043743,0.0040977,0,0.0040978,0.0043743,0.0040978,0,0.0040978,0.0043743,0.0040978,0,0.0040978,0.0043742,0.0040978,0,0.0040978,0.0043743,0.0040978,0,0.0040978,0.0043743,0.0040978,0,0.0040977,0.0043744,0.0040978,0,0.0040978,0.0043726,0.0041033,0,0.0040957,0.0044112,0.0039882,0,0.004017,0.0041552,0.0041955,0,0.0045845,0.0013103,0.0017812,0.0026061,0.00023647,-0.0020768,-0.0022709,-0.0002813,-0.0018108,-0.0012061,0.00033181,0.0027459,0.001137,0.00075685,0.0017962,0.0040107,0.0019614,0.0011519,0.0018773,0.0038733,0.0018598,0.0011011,0.0018396,0.0038186,0.0018366,0.0010916,0.0018248,0.0037837,0.0018228,0.0010846,0.0018087,0.0037458,0.0018053,0.0010742,0.0017887,0.0037038,0.0017863,0.0010661,0.0017773,0.0036777,0.0017755,0.0010601,0.0017637,0.0036473,0.0017591,0.0010409,0.0017158,0.0035783,0.0018355,0.0012038,0.0018287,0.0012276
0,0,0.0039522,0,0,0,0.0040603,0,0,0,0.0040604,0,0,0,0.0040606,0,2.7756e-17,0,0.0040605,0,2.7756e-17,0,0.0040605,0,0,0,0.0040604,0,0,0,0.0040603,0,2.7756e-17,0,0.0040603,0,2.7756e-17,0,0.00406,0,0,0,0.004037,0,0,0,0.004182,0,0,0,0.0030271,0.0003849,0,0.00085459,2.813e-05,0.0019946,0,0.0019537,0.00061199,0.0030778,0,0.0035107,0.0017237,0.0039368,0,0.0040217,0.0019428,0.0039408,3.4694e-18,0.0039159,0.0018905,0.0038729,0,0.0038602,0.0018669,0.0038291,3.4694e-18,0.0038183,0.0018472,0.0037873,0,0.0037765,0.0018268,0.0037451,3.4694e-18,0.0037359,0.0018096,0.0037131,3.4694e-18,0.0037054,0.0017943,0.0036788,0,0.0036727,0.0017521,0.0035018,0,0.0039283,0.0018914,0.0031088,-6.9389e-18
0,0,-0.0038871,0,0,0,-0.0039987,0,0,0,-0.003999,0,-2.7756e-17,0,-0.003999,0,0,0,-0.003999,0,0,0,-0.003999,0,-2.7756e-17,0,-0.003999,0,-2.7756e-17,0,-0.0039989,0,0,0,-0.0039988,0,-2.7756e-17,0,-0.0040102,0,0,0,-0.0039077,0,0,0,-0.0035077,0,-2.7756e-17,0,-0.0042958,1.7347e-18,0,-1.7347e-18,-0.0052529,-0.005308,0,-0.0052913,-0.002819,-0.0045734,0,-0.0042236,-0.002148,-0.0041881,0,-0.0041388,-0.0020558,-0.0040783,0,-0.0040622,-0.0020224,-0.0040146,-3.4694e-18,-0.003998,-0.0019897,-0.0039601,0,-0.0039457,-0.0019616,-0.0039101,-3.4694e-18,-0.0038961,-0.0019337,-0.0038589,-3.4694e-18,-0.0038463,-0.0019085,-0.0038186,-3.4694e-18,-0.0038088,-0.0018884,-0.0037808,-3.4694e-18,-0.003774,-0.001845,-0.0036045,-3.4694e-18,-0.0040479,-0.0020253,-0.0032884,6.9389e-18
0,-0.0036768,-0.0046462,-0.0039457,0,-0.0039613,-0.0046664,-0.0039621,0,-0.0039622,-0.0046703,-0.0039621,0,-0.0039623,-0.0046702,-0.0039623,0,-0.0039622,-0.0046702,-0.0039623,0,-0.0039622,-0.0046702,-0.0039623,0,-0.0039621,-0.0046704,-0.0039623,0,-0.0039622,-0.0046704,-0.0039622,0,-0.003962,-0.0046716,-0.0039608,0,-0.0039681,-0.0046233,-0.0040173,0,-0.0039613,-0.0050918,-0.003574,0,-0.0032764,-0.0059614,-0.0019649,0,-0.0018939,-0.005957,-0.0041253,-3.4694e-18,-0.0046453,-0.0048384,-0.0040505,-0.0052949,-0.002813,-0.0017069,-0.0022599,-0.0041251,-0.0020774,-0.0013131,-0.0021161,-0.0041941,-0.0021079,-0.0013037,-0.0020728,-0.0041064,-0.0020642,-0.0012786,-0.0020354,-0.0040381,-0.0020272,-0.0012565,-0.0020059,-0.0039859,-0.0019991,-0.0012383,-0.0019789,-0.0039364,-0.001971,-0.0012175,-0.0019462,-0.0038796,-0.0019391,-0.0011985,-0.0019232,-0.0038411,-0.0019187,-0.001186,-0.0019049,-0.0038065,-0.0018989,-0.0011642,-0.0018551,-0.0037395,-0.001992,-0.0013709,-0.0020727,-0.0010508
0,0.0039132,0.004291,0.0041654,0,0.004179,0.0043213,0.0041794,0,0.0041796,0.0043254,0.0041794,0,0.0041796,0.0043255,0.0041794,0,0.0041795,0.0043255,0.0041794,0,0.0041795,0.0043255,0.0041795,0,0.0041795,0.0043255,0.0041795,0,0.0041794,0.0043256,0.0041794,0,0.0041795,0.004324,0.0041841,0,0.004174,0.0043827,0.00405,0,0.0041359,0.0037208,0.0048441,0,0.0043329,7.7812e-05,-0.00029507,0.0031961,-0.0012975,-0.0027641,-0.0028811,-0.0010582,-0.0021805,-0.0012047,0.00065004,0.0033027,0.0015307,0.00095236,0.0018672,0.0040117,0.0019577,0.0011539,0.0018815,0.0038718,0.0018653,0.0011056,0.0018353,0.0037961,0.0018291,0.0010875,0.0018109,0.0037488,0.0018066,0.0010743,0.0017884,0.0037036,0.001784,0.0010611,0.0017673,0.0036618,0.0017652,0.001054,0.0017583,0.0036403,0.0017568,0.0010484,0.0017444,0.0036095,0.0017409,0.0010377,0.0017253,0.003572,0.0017215,0.0010207,0.0016864,0.0035199,0.0018087,0.0011967,0.0018356,0.0013713
2.7756e-17,0,0.0040364,0,0,0,0.0041423,0,0,0,0.0041424,0,0,0,0.0041426,0,0,0,0.0041425,0,0,0,0.0041425,0,0,0,0.0041423,0,2.7756e-17,0,0.0041423,0,0,0,0.0041421,0,0,0,0.0041068,0,0,0,0.0044723,0,2.7756e-17,0,0.0018726,0.002521,0,0.0029514,-9.5581e-06,0.0014009,3.4694e-18,0.0015465,0.00058907,0.003269,0,0.0037711,0.0018429,0.0039777,0,0.0040127,0.0019392,0.0039291,0,0.003903,0.0018849,0.0038474,0,0.003831,0.0018535,0.0037938,0,0.0037807,0.0018287,0.0037466,0,0.0037347,0.0018058,0.0037033,0,0.0036944,0.0017892,0.0036742,3.4694e-18,0.0036664,0.0017747,0.0036424,0,0.003634,0.0017571,0.0036048,3.4694e-18,0.0036001,0.0017181,0.0034398,0,0.003868,0.0018917,0.0029784,-6.9389e-18
-2.7756e-17,0,-0.0039723,0,0,0,-0.0040815,0,0,0,-0.0040818,0,-2.7756e-17,0,-0.0040818,0,0,0,-0.0040817,0,0,0,-0.0040817,0,0,0,-0.0040817,0,0,0,-0.0040817,0,0,0,-0.0040911,0,-2.7756e-17,0,-0.0039942,0,-2.7756e-17,0,-0.0037335,0,-2.7756e-17,0,-0.0049151,-0.00065455,1.3878e-17,-0.0011671,-0.0049736,-0.0058754,-3.4694e-18,-0.0046989,-0.0025932,-0.004498,0,-0.0042427,-0.0021266,-0.0041614,0,-0.0041188,-0.0020417,-0.0040508,0,-0.0040293,-0.0019974,-0.0039671,-3.4694e-18,-0.003948,-0.0019593,-0.0039086,-3.4694e-18,-0.0038952,-0.0019333,-0.0038612,0,-0.0038485,-0.0019083,-0.0038135,0,-0.0038019,-0.0018857,-0.0037774,-3.4694e-18,-0.0037681,-0.0018675,-0.0037435,-3.4694e-18,-0.0037339,-0.0018474,-0.0037019,-3.4694e-18,-0.0036954,-0.0018048,-0.0035352,0,-0.0039808,-0.0020204,-0.0031524,6.9389e-18
0,-0.0037663,-0.0045943,-0.0040294,0,-0.0040447,-0.004614,-0.0040455,0,-0.0040456,-0.0046178,-0.0040455,0,-0.0040457,-0.0046176,-0.0040456,0,-0.0040456,-0.0046177,-0.0040456,0,-0.0040455,-0.0046178,-0.0040457,0,-0.0040455,-0.0046179,-0.0040456,0,-0.0040455,-0.0046183,-0.0040451,0,-0.0040513,-0.0045758,-0.0040901,0,-0.0040441,-0.0049673,-0.0037073,0,-0.0034176,-0.0060787,-0.0022994,0,-0.0023206,-0.0064043,-0.0052899,1.7347e-18,-0.0058305,-0.003875,-0.0031966,-0.0042625,-0.0022268,-0.0014576,-0.0022078,-0.0042148,-0.0021255,-0.0013256,-0.0021119,-0.004179,-0.0020976,-0.0012932,-0.0020541,-0.0040742,-0.0020414,-0.0012567,-0.0020004,-0.0039805,-0.0019904,-0.0012295,-0.0019695,-0.0039279,-0.0019645,-0.0012149,-0.0019473,-0.0038837,-0.0019413,-0.0011985,-0.0019197,-0.003833,-0.0019141,-0.0011833,-0.0019011,-0.0038005,-0.0018973,-0.0011727,-0.0018844,-0.003768,-0.0018794,-0.0011585,-0.0018595,-0.0037228,-0.0018532,-0.0011358,-0.0018154,-0.0036693,-0.0019564,-0.0013582,-0.0020707,-0.0011981
0,0.003999,0.0042451,0.0042454,0,0.0042586,0.0042747,0.004259,0,0.0042592,0.0042787,0.0042591,0,0.0042592,0.0042788,0.004259,0,0.0042591,0.0042788,0.004259,0,0.0042591,0.0042788,0.004259,0,0.0042591,0.0042788,0.0042591,0,0.0042591,0.0042777,0.0042615,0,0.0042522,0.0043357,0.004155,0,0.0042207,0.0038321,0.0047495,0,0.0044145,-0.00015756,-0.001089,0.0015835,-0.0019172,-0.0025187,-0.002093,-0.00044318,-0.001244,-0.00052742,0.0012398,0.0038964,0.0019186,0.001133,0.0019069,0.0039633,0.0019179,0.0011332,0.0018686,0.0038575,0.0018598,0.0011049,0.0018351,0.0037924,0.0018318,0.0010935,0.0018176,0.0037507,0.0018135,0.0010805,0.001789,0.0036918,0.0017821,0.0010607,0.0017589,0.0036362,0.0017544,0.0010474,0.0017427,0.0036049,0.0017395,0.0010378,0.0017253,0.0035705,0.001721,0.0010256,0.0017057,0.0035336,0.0017032,0.0010181,0.0016968,0.0035145,0.0016945,0.0010052,0.0016592,0.003463,0.0017783,0.0011806,0.0018456,0.0015167
0,0,0.0041192,0,0,0,0.0042227,0,0,0,0.0042228,0,0,0,0.0042229,0,0,0,0.0042228,0,0,0,0.0042228,0,0,0,0.0042226,0,0,0,0.0042228,0,0,0,0.0041867,0,0,0,0.0044561,0,0,0,0.001561,0.0039255,-1.3878e-17,0.003064,6.3311e-05,0.0017267,0,0.0020399,0.00098125,0.0036309,0,0.0040218,0.0019522,0.003997,0,0.0039815,0.0019226,0.0039116,3.4694e-18,0.00389,0.0018797,0.0038381,0,0.0038232,0.0018522,0.0037862,0,0.0037722,0.0018258,0.0037299,0,0.0037155,0.0017974,0.0036768,3.4694e-18,0.0036654,0.0017754,0.0036403,0,0.0036309,0.0017576,0.0036057,3.4694e-18,0.003596,0.0017385,0.0035692,0,0.003562,0.0017238,0.0035425,3.4694e-18,0.0035394,0.0016887,0.0033824,0,0.0038028,0.001852,0.0028848,0
-2.7756e-17,0,-0.0040559,0,0,0,-0.0041627,0,0,0,-0.0041629,0,-2.7756e-17,0,-0.0041629,0,0,0,-0.0041628,0,0,0,-0.0041629,0,0,0,-0.0041629,0,0,0,-0.0041673,0,0,0,-0.0041166,0,-2.7756e-17,0,-0.0038913,0,0,0,-0.005324,-0.0022661,1.3878e-17,-0.0027698,-0.0042635,-0.0052937,0,-0.0043647,-0.0023765,-0.004381,0,-0.0042217,-0.0020926,-0.0041276,0,-0.0041003,-0.0020349,-0.0040376,-3.4694e-18,-0.0040147,-0.0019889,-0.0039519,0,-0.0039309,-0.001947,-0.0038858,0,-0.0038692,-0.0019143,-0.0038264,0,-0.003811,-0.0018836,-0.0037698,-3.4694e-18,-0.003757,-0.0018581,-0.0037297,0,-0.0037205,-0.0018405,-0.0036974,0,-0.0036885,-0.0018231,-0.0036613,0,-0.0036527,-0.0018051,-0.0036297,0,-0.003626,-0.0017691,-0.003473,-3.4694e-18,-0.003913,-0.0019786,-0.0030562,0
0,-0.0038537,-0.0045444,-0.004111,0,-0.004126,-0.0045635,-0.0041268,0,-0.004127,-0.0045671,-0.0041268,0,-0.004127,-0.004567,-0.0041269,0,-0.0041269,-0.0045671,-0.0041269,0,-0.0041268,-0.0045672,-0.0041269,0,-0.0041268,-0.0045674,-0.0041268,0,-0.0041296,-0.0045482,-0.0041462,0,-0.0041294,-0.0047047,-0.0039892,0,-0.0037576,-0.0063559,-0.0027245,0,-0.0027962,-0.006354,-0.0062235,-0.0017253,-0.0056994,-0.0030639,-0.0027176,-0.0039331,-0.0020087,-0.0013394,-0.0021752,-0.0042686,-0.0021468,-0.0013242,-0.0020981,-0.0041535,-0.0020847,-0.0012863,-0.0020457,-0.0040592,-0.0020329,-0.0012508,-0.001992,-0.0039658,-0.001981,-0.0012206,-0.0019551,-0.0039035,-0.0019474,-0.0011991,-0.0019226,-0.0038432,-0.0019146,-0.0011768,-0.001888,-0.0037815,-0.0018815,-0.0011588,-0.001867,-0.0037453,-0.0018639,-0.0011496,-0.0018534,-0.0037168,-0.0018497,-0.0011392,-0.0018336,-0.0036785,-0.0018294,-0.0011272,-0.0018174,-0.0036501,-0.0018142,-0.0011122,-0.001782,-0.0036079,-0.0019235,-0.0013407,-0.0020766,-0.0013447
0,0.0040849,0.0041984,0.0043254,0,0.0043384,0.0042274,0.0043388,0,0.004339,0.0042313,0.0043388,0,0.0043389,0.0042315,0.0043387,0,0.0043388,0.0042314,0.0043388,0,0.0043388,0.0042313,0.0043388,0,0.0043389,0.0042309,0.0043396,0,0.0043351,0.0042574,0.0042961,0,0.0043171,0.0040808,0.0044098,0,0.0048115,0.00095454,0.00078311,0.0042737,5.0765e-05,-0.0013093,-0.00092322,0.00074108,-0.00031847,1.3437e-05,0.0015571,0.0040941,0.0020436,0.0011945,0.001914,0.0039281,0.0018936,0.0011227,0.0018625,0.003848,0.0018563,0.001103,0.0018306,0.0037821,0.001827,0.0010908,0.0018122,0.0037392,0.0018089,0.0010797,0.0017878,0.0036866,0.0017826,0.0010641,0.0017618,0.0036345,0.0017583,0.0010532,0.0017471,0.0036026,0.0017437,0.0010433,0.0017272,0.0035625,0.0017215,0.0010276,0.001702,0.0035168,0.0016975,0.0010148,0.001686,0.0034869,0.0016833,0.0010069,0.0016731,0.0034615,0.0016684,0.00098837,0.0016284,0.0034007,0.0017457,0.0011646,0.0018538,0.0016617
0,0,0.0042014,0,0,0,0.0043026,0,0,0,0.0043027,0,0,0,0.0043028,0,0,0,0.0043027,0,0,0,0.0043026,0,0,0,0.0043026,0,0,0,0.0042844,0,0,0,0.0043713,0,0,0,0.0026578,0.0020089,0,0.0024411,0.00069812,0.0024155,3.4694e-18,0.0025086,0.0012761,0.0038117,0,0.0040936,0.0019841,0.0039935,0,0.0039609,0.0019128,0.0038987,3.4694e-18,0.0038793,0.0018754,0.003828,3.4694e-18,0.0038128,0.0018473,0.0037751,0,0.0037618,0.0018223,0.0037219,0,0.0037081,0.0017958,0.0036692,0,0.0036581,0.0017746,0.0036314,3.4694e-18,0.0036212,0.0017554,0.0035924,0,0.0035811,0.0017332,0.0035499,0,0.0035402,0.0017141,0.0035174,0,0.0035106,0.0016998,0.0034894,0,0.0034846,0.0016612,0.003325,3.4694e-18,0.0037378,0.0018143,0.0027934,6.9389e-18
0,0,-0.0041396,0,0,0,-0.0042436,0,0,0,-0.0042438,0,0,0,-0.0042437,0,0,0,-0.0042437,0,0,0,-0.0042438,0,-2.7756e-17,0,-0.0042451,0,0,0,-0.0042374,0,0,0,-0.0039703,0,0,0,-0.0049442,-0.00042491,1.3878e-17,-0.00092175,-0.0044933,-0.0053678,-3.4694e-18,-0.0042106,-0.002257,-0.0042965,0,-0.0041872,-0.00207,-0.004107,0,-0.0040868,-0.0020265,-0.0040208,-3.4694e-18,-0.0039964,-0.0019779,-0.0039356,0,-0.0039147,-0.0019367,-0.0038692,-3.4694e-18,-0.0038523,-0.0019036,-0.0038101,0,-0.0037936,-0.0018711,-0.0037493,0,-0.0037345,-0.0018418,-0.003703,0,-0.0036919,-0.0018203,-0.0036643,0,-0.003654,-0.0018003,-0.0036238,0,-0.0036136,-0.00178,-0.0035882,0,-0.0035802,-0.0017637,-0.0035598,0,-0.0035564,-0.0017292,-0.0034036,0,-0.003836,-0.0019294,-0.0029523,0
0,-0.0039433,-0.0044875,-0.0041934,0,-0.0042078,-0.0045078,-0.0042085,0,-0.0042087,-0.0045113,-0.0042086,0,-0.0042087,-0.0045113,-0.0042086,0,-0.0042087,-0.0045114,-0.0042086,0,-0.0042086,-0.0045114,-0.0042086,0,-0.0042094,-0.0045064,-0.0042133,0,-0.0042161,-0.0045047,-0.0042235,0,-0.0040318,-0.0060839,-0.002939,0,-0.0028943,-0.0066503,-0.0052637,1.7347e-18,-0.0057159,-0.0037505,-0.0029898,-0.0040513,-0.0020176,-0.0013142,-0.002148,-0.0042528,-0.0021311,-0.0013094,-0.0020823,-0.0041334,-0.002071,-0.0012741,-0.0020299,-0.0040368,-0.0020165,-0.0012373,-0.0019769,-0.0039458,-0.001966,-0.0012076,-0.0019399,-0.003883,-0.0019324,-0.0011864,-0.001908,-0.0038239,-0.0018994,-0.0011628,-0.0018706,-0.0037577,-0.001863,-0.0011418,-0.0018449,-0.0037139,-0.0018407,-0.0011294,-0.0018266,-0.0036777,-0.0018226,-0.0011173,-0.0018047,-0.0036347,-0.0017994,-0.0011026,-0.0017836,-0.0035977,-0.00178,-0.001092,-0.0017701,-0.0035731,-0.0017674,-0.0010779,-0.001734,-0.0035278,-0.0018737,-0.0013082,-0.0020665,-0.0014979
0,0.0041643,0.0041678,0.0044018,0,0.0044148,0.0041944,0.0044153,0,0.0044154,0.0041981,0.0044153,0,0.0044153,0.0041983,0.0044153,0,0.0044153,0.0041982,0.0044153,0,0.0044154,0.004198,0.0044154,0,0.004414,0.0042057,0.004407,0,0.0044022,0.0042174,0.0042578,0,0.0045637,0.0019866,0.0027813,0.0017572,0.0012369,-0.0012899,-0.0016035,-0.00022217,-0.0011985,-0.00046785,0.0013093,0.0039381,0.0019866,0.0011886,0.0019206,0.003927,0.0019049,0.0011387,0.0018751,0.0038501,0.0018687,0.0011195,0.0018447,0.0037871,0.0018415,0.0011081,0.0018261,0.0037434,0.0018226,0.0010965,0.001801,0.0036898,0.0017958,0.0010806,0.001775,0.0036379,0.0017717,0.0010702,0.0017607,0.0036061,0.0017578,0.0010614,0.0017428,0.0035687,0.0017364,0.0010452,0.0017171,0.0035233,0.0017108,0.0010295,0.0016972,0.0034888,0.0016943,0.0010213,0.0016858,0.0034658,0.0016829,0.001013,0.0016702,0.0034355,0.0016651,0.00099331,0.0016249,0.0033736,0.0017431,0.0011754,0.0018894,0.0017826
0,0,0.0042746,0,0,0,0.0043749,0,2.7756e-17,0,0.0043751,0,0,0,0.0043752,0,0,0,0.0043751,0,0,0,0.0043751,0,0,0,0.0043678,0,0,0,0.0043578,0,2.7756e-17,0,0.0037656,4.8291e-06,-1.3878e-17,0.00048379,0.00039053,0.0021401,0,0.0020749,0.0010285,0.0036678,0,0.0040533,0.0020026,0.0040203,0,0.0039959,0.0019562,0.0039343,3.4694e-18,0.0039153,0.0019199,0.0038655,3.4694e-18,0.0038505,0.0018922,0.0038127,0,0.0037988,0.0018665,0.0037584,3.4694e-18,0.0037447,0.00184,0.0037062,3.4694e-18,0.0036948,0.0018187,0.0036673,0,0.0036566,0.0017988,0.0036275,0,0.0036116,0.0017692,0.0035765,3.4694e-18,0.0035609,0.0017401,0.0035333,0,0.0035241,0.0017228,0.0035054,0,0.0034983,0.0017084,0.0034748,3.4694e-18,0.0034695,0.0016696,0.0033116,3.4694e-18,0.0037221,0.0018223,0.0027579,0
0,0,-0.0042419,0,0,0,-0.0043419,0,0,0,-0.0043418,0,0,0,-0.0043418,0,-2.7756e-17,0,-0.0043418,0,0,0,-0.0043421,0,0,0,-0.0043546,0,-2.7756e-17,0,-0.0040805,0,-2.7756e-17,0,-0.0045964,1.7347e-18,0,-1.7347e-18,-0.0045366,-0.0056829,0,-0.0043512,-0.0022976,-0.0042345,0,-0.004036,-0.0019401,-0.0039732,0,-0.0039546,-0.0018993,-0.003887,0,-0.0038623,-0.0018501,-0.003802,0,-0.0037813,-0.0018092,-0.0037366,-3.4694e-18,-0.0037197,-0.0017765,-0.0036769,-3.4694e-18,-0.0036603,-0.0017439,-0.0036166,0,-0.0036016,-0.0017143,-0.0035691,0,-0.0035591,-0.0016956,-0.0035363,0,-0.0035366,-0.0016966,-0.0035211,0,-0.003522,-0.0016986,-0.0035003,0,-0.003494,-0.0016869,-0.0034752,0,-0.0034681,-0.0016731,-0.0034459,-3.4694e-18,-0.0034406,-0.0016347,-0.0032826,-3.4694e-18,-0.0036983,-0.0018078,-0.0027831,0
0,-0.0040851,-0.0042342,-0.0043254,0,-0.0043371,-0.0042627,-0.0043371,0,-0.004337,-0.0042675,-0.0043369,0,-0.004337,-0.0042675,-0.0043369,0,-0.004337,-0.0042675,-0.004337,0,-0.004337,-0.0042672,-0.0043367,0,-0.0043481,-0.0041899,-0.0044164,0,-0.0042538,-0.005487,-0.0031909,0,-0.0030438,-0.0064667,-0.0043373,-3.4694e-18,-0.0047448,-0.0041128,-0.0031231,-0.0041002,-0.0019471,-0.0011437,-0.0019094,-0.0039756,-0.0018391,-0.0010224,-0.0018079,-0.0038868,-0.0017999,-0.00099615,-0.0017585,-0.0037903,-0.001745,-0.00095894,-0.0017052,-0.0036995,-0.0016945,-0.0009295,-0.0016693,-0.0036382,-0.0016618,-0.00090859,-0.0016372,-0.0035785,-0.0016287,-0.00088511,-0.0016001,-0.0035128,-0.0015921,-0.00086365,-0.0015737,-0.003469,-0.0015727,-0.00085807,-0.0015674,-0.003452,-0.0015899,-0.00089586,-0.0016037,-0.003463,-0.0016275,-0.00093574,-0.0016229,-0.003448,-0.0016254,-0.00093754,-0.0016164,-0.0034256,-0.0016144,-0.00093057,-0.001603,-0.0033976,-0.001598,-0.00091073,-0.001556,-0.0033325,-0.0016719,-0.001103,-0.001885,-0.0016873
0,0.0040988,0.0045997,0.0043469,0,0.0043656,0.0046062,0.0043676,0,0.004368,0.0046079,0.004368,0,0.004368,0.0046079,0.004368,0,0.004368,0.004608,0.0043679,0,0.0043677,0.0046079,0.0043713,0,0.0043543,0.0047245,0.0041321,0,0.0043753,0.0030062,0.0037221,0.00016437,0.002192,-0.00075814,-0.0014126,0.00012611,-0.0011084,-0.00022719,0.0016142,0.0041215,0.0024203,0.0017306,0.0024851,0.0043646,0.0025044,0.0017634,0.0024664,0.0042798,0.0024575,0.0017378,0.0024328,0.004215,0.0024299,0.0017271,0.002416,0.0041745,0.0024126,0.0017156,0.0023896,0.0041181,0.0023841,0.001699,0.0023632,0.0040658,0.0023601,0.0016888,0.0023491,0.0040342,0.0023469,0.001681,0.0023312,0.0039937,0.0023182,0.0016506,0.0022821,0.0039151,0.0022137,0.0015194,0.0021271,0.0037784,0.0020549,0.0013823,0.0020179,0.0037035,0.0019993,0.001343,0.0019843,0.003667,0.0019788,0.0013293,0.001966,0.0036372,0.0019634,0.0013163,0.0019352,0.0036017,0.0021024,0.0015883,0.0023119,0.0017494
2.7756e-17,0,0.0040118,0,2.7756e-17,0,0.0041431,0,2.7756e-17,0,0.0041448,0,2.7756e-17,0,0.0041449,0,0,0,0.0041449,0,0,0,0.0041427,0,0,0,0.0040809,0,0,0,0.0050593,-1.7347e-18,0,-1.7347e-18,0.0017915,0.0035824,0,0.0033668,0.002229,0.0048625,0,0.0052976,0.0033423,0.0053782,0,0.0053758,0.0033506,0.0053104,3.4694e-18,0.0052904,0.0033117,0.0052402,3.4694e-18,0.0052259,0.0032855,0.0051905,3.4694e-18,0.0051771,0.0032605,0.0051357,0,0.0051216,0.0032338,0.0050831,0,0.0050724,0.0032135,0.0050457,3.4694e-18,0.005037,0.0031968,0.0050078,0,0.0049788,0.0031397,0.0049099,0,0.0047493,0.0028485,0.0045403,0,0.0043691,0.0025382,0.0042851,0,0.0042419,0.0024547,0.0042142,0,0.0042025,0.0024308,0.0041762,0,0.0041734,0.002399,0.0040327,0,0.0045485,0.0027339,0.0036818,6.9389e-18
0,0,-0.0038073,0,0,0,-0.0040194,0,0,0,-0.0040331,0,0,0,-0.0040335,0,0,0,-0.0040334,0,-2.7756e-17,0,-0.0039955,0,-2.7756e-17,0,-0.0044648,0,0,0,-0.005102,1.7347e-18,0,1.7347e-18,-0.0017927,-0.003262,0,-0.0018755,0.00037562,-0.0012505,0,-0.00091052,0.0010184,-0.00087478,0,-0.00085307,0.0010621,-0.00078235,0,-0.00075689,0.0011133,-0.0006938,0,-0.00067196,0.0011564,-0.00062711,0,-0.00060921,0.0011913,-0.00056318,0,-0.0005453,0.0012266,-0.00049941,0,-0.00048318,0.0012589,-0.00044787,-3.4694e-18,-0.00043329,0.0012871,-0.00040476,0,-0.00042196,0.001236,-0.0005051,0,-0.00074671,0.00067743,-0.0012501,-3.4694e-18,-0.0015147,7.1113e-05,-0.0016777,0,-0.0017294,-5.725e-05,-0.0017293,-3.4694e-18,-0.0017292,-6.1055e-05,-0.0017167,-3.4694e-18,-0.001712,-1.7392e-05,-0.0015121,-3.4694e-18,-0.0017766,0.00016563,-0.00047698,0
0,-0.0020381,0.00060744,-0.0021638,0,-0.0021944,0.00040616,-0.0022275,0,-0.0022293,0.00039429,-0.0022307,0,-0.0022302,0.00039402,-0.0022307,0,-0.0022307,0.00039309,-0.0022297,0,-0.0022079,0.00045954,-0.0021481,0,-0.0023572,-0.00019968,-0.0034056,0,-0.0038002,-0.0014614,-0.0044788,1.7347e-18,-0.0032582,0.0011869,0.0019128,8.2183e-05,0.0031266,0.0042054,0.0036009,0.00099336,0.0037822,0.004592,0.0037891,0.0010735,0.0037969,0.0046105,0.0038419,0.0011943,0.0038584,0.0046525,0.0039021,0.0013038,0.0039158,0.0046867,0.003943,0.0013818,0.0039533,0.0047122,0.0039817,0.0014619,0.0039931,0.0047403,0.0040245,0.0015418,0.0040349,0.0047666,0.004058,0.0016035,0.0040694,0.0047937,0.0040906,0.0016441,0.0040483,0.0046896,0.0039119,0.0014453,0.0034292,0.0035706,0.0025449,0.00027106,0.0020139,0.0023896,0.0017364,-0.00025386,0.0016278,0.0021458,0.0016154,-0.00028812,0.0016055,0.0021242,0.0015961,-0.00029159,0.0015925,0.0021291,0.0016574,-0.0001418,0.0017815,0.0024433,0.0021122,-0.0048703
6.9389e-18,0,0.0027324,0,0,-1.7347e-18,0.00315,-1.7347e-18,0,-1.7347e-18,0.0031558,-1.7347e-18,0,-1.7347e-18,0.0031559,-1.7347e-18,0,-1.7347e-18,0.0031575,-1.7347e-18,0,-1.7347e-18,0.0030963,0,0,-1.7347e-18,0.003522,0.00022786,0,0.00065653,0.005109,0.0040231,-1.7347e-18,0.0041143,0.0056793,0.0032689,1.7347e-18,0.0030489,0.0050859,0.0029202,-1.7347e-18,0.002901,0.0050379,0.0029522,1.7347e-18,0.0029581,0.0050617,0.0029835,1.7347e-18,0.002985,0.0050712,0.0030007,-1.7347e-18,0.0030021,0.0050798,0.0030224,-1.7347e-18,0.0030245,0.0050903,0.0030439,1.7347e-18,0.0030453,0.0050979,0.0030575,1.7347e-18,0.0030583,0.0051034,0.0030703,-1.7347e-18,0.0030683,0.0051007,0.0030654,-1.7347e-18,0.0030954,0.0051895,0.0032893,-1.7347e-18,0.0036146,0.006135,0.0052937,0.0018183,0.0056431,0.0071539,0.0059891,0.0025713,0.006048,0.0067464,0.0060691,0.0026336,0.0060764,0.0066904,0.0061112,0.0027146,0.0061169,0.0066166,0.0061135,0.0026731,0.0058103,0.0063152,0.0028159,0
0,-6.9389e-18,0,-6.9389e-18,0,6.9389e-18,0,6.9389e-18,0,6.9389e-18,0,6.9389e-18,0,6.9389e-18,0,-6.9389e-18,0,6.9389e-18,0,6.9389e-18,0,6.9389e-18,0,-6.9389e-18,0,-6.9389e-18,0,6.9389e-18,0,0,0,0,-1.3878e-17,0,0.00074054,0,-1.3878e-17,0,0.00062398,0,-1.3878e-17,0,0.00060532,0,-1.3878e-17,0,0.00064128,0,-1.3878e-17,0,0.00066415,0,-1.3878e-17,0,0.0006839,0,-1.3878e-17,0,0.00070455,0,-1.3878e-17,0,0.00072181,0,-1.3878e-17,0,0.0007353,0,-1.3878e-17,0,0.0007296,0,0,0,0.00089056,0,-1.3878e-17,0,0.0026844,3.4694e-18,6.9389e-18,3.4694e-18,0.0046103,0.00026655,-6.9389e-18,0.00035585,0.004928,0.00040267,6.9389e-18,0.00041361,0.0049699,0.00050769,0,0.00051909,0.005013,0.00056435,6.9389e-18,0.00016664,0.0033996,0,-1.3878e-17
-1.3878e-17,0.0016013,0.0030416,0.0031252,-1.3878e-17,0.0032246,0.0027466,0.0032346,-1.3878e-17,0.0032359,0.0027383,0.003236,-1.3878e-17,0.0032361,0.002738,0.003236,-1.3878e-17,0.0032356,0.0027404,0.003225,-1.3878e-17,0.0032398,0.0026631,0.003587,-1.3878e-17,0.0035018,0.0031074,0.0011929,-1.3878e-17,0.00070159,0.0045996,0,2.7756e-17,0,0.0023979,0,2.7756e-17,0,0.0019931,0,2.7756e-17,0,0.00197,0,2.7756e-17,0,0.0019246,0,2.7756e-17,0,0.0018899,0,2.7756e-17,0,0.0018604,0,2.7756e-17,0,0.0018314,0,0,0,0.0018058,0,2.7756e-17,0,0.0017845,0,0,0,0.0017388,0,2.7756e-17,0,0.0019075,0,0,0,0.004005,-1.7347e-18,0,4.0648e-05,0.0061483,0.0015525,0,0.0016226,0.0059696,0.00162,0,0.0016258,0.0059682,0.0017245,0,0.0017325,0.0059078,0.0018022,0,0.00173,0.0054157,0.00055557,-1.3878e-17
